"CUST0341"	"Female"	"17.0"	"0.0"	"true"	"12.19"	"2"	"Bad"	"447.0"	"Foodie"	"false"	"Customer 341"	"user_341"	"False"	"8.0"	"10"
"CUST0198"	"Male"	"24.0"	"7.0"	"false"	"7.47"	"3"	"Bad"	"810.0"	"Shopaholic"	"true"	"Customer 198"	"user_198"	"True"	"3.0"	"8"
"CUST0248"	"Male"	"18.0"	"2.0"	"true"	"5.14"	"4"	"Good"	"778.0"	"Loves photography, music, and exploring new cultures"	"false"	"Customer 248"	"user_248"	"True"	"0.0"	"6"
"CUST0179"	"Male"	"47.0"	"10.0"	"true"	"14.97"	"2"	"Bad"	"64.0"	"Shopaholic"	"true"	"Customer 179"	"user_179"	"True"	"0.0"	"Default"
"CUST0042"	"Female"	"55.0"	"0.0"	"false"	"13.64"	"2"	"Bad"	"629.0"	"Shopaholic and proud"	"true"	"Customer 42"	"customer42"	"True"	"10.0"	"4"
"CUST0375"	"Male"	"27.0"	"9.0"	"true"	"7.63"	"5"	"Good"	"89.0"	"Fitness fanatic with a love for outdoor adventures"	"true"	"Customer 375"	"customer375"	"True"	"1.0"	"4"
"CUST0068"	"Male"	"28.0"	"0.0"	"true"	"18.67"	"1"	"Bad"	"975.0"	"Shopaholic"	"true"	"Customer 68"	"user_68"	"False"	"10.0"	"Default"
"CUST0388"	"Female"	"27.0"	"1.0"	"false"	"16.58"	"4"	"Good"	"529.0"	"Passionate about sustainable living and healthy eating"	"false"	"Customer 388"	"user_388"	"True"	"0.0"	"4"
"CUST0225"	"Female"	"27.0"	"2.0"	"true"	"14.82"	"4"	"Good"	"235.0"	"Fitness fanatic with a love for outdoor adventures"	"true"	"Customer 225"	"customer225"	"True"	"9.0"	"1"
"CUST0423"	"Female"	"36.0"	"1.0"	"false"	"16.82"	"3"	"Bad"	"499.0"	"Shopaholic"	"true"	"Customer 423"	"user_423"	"True"	"8.0"	"7"
"CUST0497"	"Male"	"29.0"	"10.0"	"true"	"5.42"	"5"	"Good"	"140.0"	"Loves photography, music, and exploring new cultures"	"false"	"Customer 497"	"user_497"	"True"	"2.0"	"3"
"CUST0597"	"Female"	"28.0"	"3.0"	"true"	"19.42"	"1"	"Bad"	"88.0"	"Shopaholic"	"true"	"Customer 597"	"user_597"	"False"	"10.0"	"Default"
"CUST0470"	"Female"	"44.0"	"9.0"	"true"	"2.14"	"2"	"Bad"	"237.0"	"Shopaholic"	"true"	"Customer 470"	"user_470"	"False"	"6.0"	"Default"
"CUST0194"	"Male"	"26.0"	"8.0"	"true"	"16.87"	"1"	"Bad"	"650.0"	"Foodie"	"false"	"Customer 194"	"user_194"	"False"	"10.0"	"Default"
"CUST0316"	"Male"	"57.0"	"4.0"	"true"	"6.94"	"2"	"Bad"	"916.0"	"Enjoying the small moments"	"false"	"Customer 316"	"user_316"	"True"	"4.0"	"Default"
"CUST0529"	"Female"	"58.0"	"4.0"	"true"	"5.59"	"1"	"Bad"	"750.0"	"Foodie"	"false"	"Customer 529"	"user_529"	"False"	"10.0"	"Default"
"CUST0381"	"Female"	"64.0"	"4.0"	"false"	"1.13"	"4"	"Good"	"926.0"	"Fitness fanatic with a love for outdoor adventures"	"true"	"Customer 381"	"user_381"	"True"	"0.0"	"6"
"CUST0533"	"Male"	"59.0"	"0.0"	"true"	"9.29"	"2"	"Bad"	"685.0"	"Enjoying"	"false"	"Customer 533"	"user_533"	"False"	"7.0"	"12"
"CUST0525"	"Male"	"46.0"	"9.0"	"false"	"17.25"	"1"	"Bad"	"281.0"	"Foodie"	"false"	"Customer 525"	"user_525"	"False"	"8.0"	"Default"
"CUST0112"	"Male"	"41.0"	"9.0"	"false"	"5.61"	"5"	"Good"	"964.0"	"Tech geek who loves exploring cutting-edge solutions"	"true"	"Customer 112"	"user_112"	"True"	"1.0"	"8"
"CUST0415"	"Male"	"32.0"	"7.0"	"true"	"13.43"	"1"	"Bad"	"180.0"	"Traveler and dreamer"	"false"	"Customer 415"	"user_415"	"False"	"1.0"	"Default"
"CUST0023"	"Male"	"56.0"	"8.0"	"true"	"11.04"	"4"	"Good"	"943.0"	"Creative thinker who enjoys innovation and challenges"	"false"	"Customer 23"	"user_23"	"True"	"8.0"	"8"
"CUST0458"	"Male"	"44.0"	"4.0"	"true"	"8.15"	"1"	"Bad"	"832.0"	"Fitness"	"true"	"Customer 458"	"user_458"	"False"	"9.0"	"Default"
"CUST0575"	"Male"	"29.0"	"5.0"	"true"	"2.64"	"1"	"Bad"	"403.0"	"Always learning"	"false"	"Customer 575"	"user_575"	"True"	"8.0"	"Default"
"CUST0485"	"Male"	"32.0"	"4.0"	"true"	"18.13"	"3"	"Bad"	"579.0"	"Enjoying"	"false"	"Customer 485"	"customer485"	"True"	"1.0"	"2"
"CUST0400"	"Female"	"28.0"	"6.0"	"false"	"106284.7114"	"2"	"Bad"	"819.0"	"Love"	"false"	"Customer 400"	"user_400"	"False"	"9.0"	"Default"
"CUST0247"	"Male"	"27.0"	"2.0"	"true"	"1.02"	"1"	"Bad"	"945.0"	"Love"	"false"	"Customer 247"	"user_247"	"False"	"6.0"	"5"
"CUST0374"	"Female"	"57.0"	"8.0"	"true"	"7.38"	"2"	"Bad"	"295.0"	"Foodie"	"false"	"Customer 374"	"user_374"	"False"	"5.0"	"Default"
"CUST0231"	"Male"	"38.0"	"3.0"	"false"	"13.05"	"2"	"Bad"	"607.0"	"Tech geek"	"true"	"Customer 231"	"user_231"	"False"	"8.0"	"Default"
"CUST0276"	"Male"	"48.0"	"5.0"	"false"	"4.78"	"4"	"Good"	"728.0"	"Avid reader, tech enthusiast, and fitness lover"	"false"	"Customer 276"	"user_276"	"True"	"9.0"	"10"
"CUST0352"	"Female"	"51.0"	"1.0"	"true"	"12.22"	"3"	"Bad"	"514.0"	"Shopaholic"	"true"	"Customer 352"	"user_352"	"True"	"3.0"	"8"
"CUST0404"	"Male"	"63.0"	"10.0"	"false"	"2.46"	"1"	"Bad"	"100.0"	"Always learning"	"false"	"Customer 404"	"user_404"	"False"	"4.0"	"Default"
"CUST0098"	"Male"	"27.0"	"10.0"	"true"	"12.6"	"2"	"Bad"	"237.0"	"Love"	"false"	"Customer 98"	"user_98"	"False"	"10.0"	"4"
"CUST0106"	"Female"	"62.0"	"2.0"	"false"	"10.32"	"5"	"Good"	"419.0"	"Loves photography, music, and exploring new cultures"	"false"	"Customer 106"	"customer106"	"True"	"3.0"	"7"
"CUST0025"	"Female"	"58.0"	"6.0"	"false"	"19.56"	"1"	"Bad"	"419.0"	"Enjoying the small moments"	"false"	"Customer 25"	"user_25"	"True"	"1.0"	"8"
"CUST0376"	"Female"	"58.0"	"7.0"	"true"	"8.58"	"2"	"Bad"	"98.0"	"Traveler"	"false"	"Customer 376"	"user_376"	"False"	"7.0"	"Default"
"CUST0164"	"Male"	"50.0"	"3.0"	"false"	"2.52"	"2"	"Bad"	"63.0"	"Traveler"	"false"	"Customer 164"	"user_164"	"True"	"2.0"	"Default"
"CUST0186"	"Male"	"38.0"	"0.0"	"true"	"8.22"	"1"	"Bad"	"671.0"	"Adventure seeker"	"false"	"Customer 186"	"user_186"	"False"	"1.0"	"Default"
"CUST0083"	"Female"	"52.0"	"8.0"	"true"	"12.68"	"1"	"Bad"	"962.0"	"Foodie"	"false"	"Customer 83"	"user_83"	"False"	"0.0"	"3"
"CUST0419"	"Female"	"23.0"	"6.0"	"false"	"13.27"	"4"	"Good"	"172.0"	"Avid reader, tech enthusiast, and fitness lover"	"false"	"Customer 419"	"user_419"	"True"	"3.0"	"4"
"CUST0560"	"Female"	"22.0"	"10.0"	"false"	"16.87"	"1"	"Bad"	"396.0"	"Foodie"	"false"	"Customer 560"	"user_560"	"False"	"10.0"	"Default"
"CUST0175"	"Male"	"48.0"	"0.0"	"false"	"5.14"	"1"	"Bad"	"985.0"	"Love"	"false"	"Customer 175"	"user_175"	"False"	"4.0"	"10"
"CUST0142"	"Female"	"18.0"	"8.0"	"true"	"2.28"	"4"	"Good"	"886.0"	"Loves exploring new cuisines and traveling the world"	"false"	"Customer 142"	"user_142"	"True"	"2.0"	"7"
"CUST0337"	"Female"	"62.0"	"9.0"	"true"	"7.94"	"1"	"Bad"	"225.0"	"Foodie"	"false"	"Customer 337"	"user_337"	"False"	"1.0"	"Default"
"CUST0465"	"Male"	"56.0"	"1.0"	"false"	"4.49"	"1"	"Bad"	"728.0"	"Shopaholic"	"true"	"Customer 465"	"user_465"	"False"	"10.0"	"Default"
"CUST0208"	"Female"	"31.0"	"0.0"	"false"	"19.17"	"1"	"Bad"	"145.0"	"Traveler and dreamer"	"false"	"Customer 208"	"user_208"	"True"	"9.0"	"Default"
"CUST0045"	"Male"	"43.0"	"9.0"	"false"	"4.47"	"1"	"Bad"	"877.0"	"Always learning"	"false"	"Customer 45"	"user_45"	"True"	"8.0"	"Default"
"CUST0187"	"Female"	"21.0"	"10.0"	"true"	"2.62"	"1"	"Bad"	"190.0"	"Shopaholic and proud"	"true"	"Customer 187"	"user_187"	"True"	"6.0"	"Default"
"CUST0074"	"Male"	"60.0"	"2.0"	"false"	"15.62"	"2"	"Bad"	"971.0"	"Shopaholic"	"true"	"Customer 74"	"user_74"	"False"	"0.0"	"Default"
"CUST0535"	"Female"	"41.0"	"5.0"	"true"	"3.44"	"2"	"Bad"	"462.0"	"Enjoying"	"false"	"Customer 535"	"user_535"	"False"	"8.0"	"11"
"CUST0014"	"Male"	"33.0"	"0.0"	"true"	"14.38"	"2"	"Bad"	"255.0"	"Shopaholic"	"true"	"Customer 14"	"customer14"	"False"	"5.0"	"Default"
"CUST0082"	"Female"	"21.0"	"9.0"	"false"	"11.19"	"2"	"Bad"	"659.0"	"Fitness"	"true"	"Customer 82"	"user_82"	"False"	"1.0"	"Default"
"CUST0158"	"Male"	"26.0"	"3.0"	"false"	"18.09"	"4"	"Good"	"72.0"	"Tech geek who loves exploring cutting-edge solutions"	"true"	"Customer 158"	"user_158"	"True"	"8.0"	"9"
"CUST0428"	"Female"	"32.0"	"1.0"	"false"	"4.8"	"1"	"Bad"	"986.0"	"Passionate about photography"	"false"	"Customer 428"	"user_428"	"True"	"8.0"	"Default"
"CUST0281"	"Female"	"28.0"	"0.0"	"true"	"10.35"	"4"	"Good"	"681.0"	"Tech geek who loves exploring cutting-edge solutions"	"true"	"Customer 281"	"customer281"	"True"	"8.0"	"8"
"CUST0366"	"Male"	"56.0"	"8.0"	"true"	"5.48"	"2"	"Bad"	"895.0"	"Shopaholic and proud"	"true"	"Customer 366"	"user_366"	"True"	"5.0"	"Default"
"CUST0523"	"Female"	"63.0"	"2.0"	"true"	"9.9"	"1"	"Bad"	"744.0"	"Food lover"	"false"	"Customer 523"	"customer523"	"False"	"10.0"	"Default"
"CUST0457"	"Male"	"41.0"	"10.0"	"false"	"8.07"	"2"	"Bad"	"130.0"	"Enjoying"	"false"	"Customer 457"	"user_457"	"False"	"1.0"	"Default"
"CUST0278"	"Male"	"53.0"	"4.0"	"true"	"7.74"	"1"	"Bad"	"117.0"	"Enjoying"	"false"	"Customer 278"	"user_278"	"False"	"9.0"	"Default"
"CUST0448"	"Male"	"25.0"	"4.0"	"false"	"16.94"	"1"	"Bad"	"938.0"	"Love"	"false"	"Customer 448"	"user_448"	"False"	"7.0"	"8"
"CUST0003"	"Female"	"19.0"	"7.0"	"true"	"17.05"	"1"	"Bad"	"600.0"	"Love"	"false"	"Customer 3"	"user_3"	"False"	"3.0"	"Default"
"CUST0584"	"Male"	"23.0"	"2.0"	"false"	"9.07"	"1"	"Bad"	"553.0"	"Bookworm"	"false"	"Customer 584"	"user_584"	"True"	"1.0"	"3"
"CUST0053"	"Male"	"18.0"	"5.0"	"true"	"13.38"	"1"	"Bad"	"940.0"	"Love"	"false"	"Customer 53"	"user_53"	"False"	"7.0"	"8"
"CUST0480"	"Male"	"59.0"	"1.0"	"true"	"5.43"	"2"	"Bad"	"899.0"	"Shopaholic"	"true"	"Customer 480"	"user_480"	"False"	"6.0"	"Default"
"CUST0050"	"Female"	"40.0"	"10.0"	"false"	"17.22"	"3"	"Bad"	"436.0"	"Traveler"	"false"	"Customer 50"	"customer50"	"True"	"9.0"	"4"
"CUST0417"	"Male"	"31.0"	"7.0"	"false"	"16.26"	"2"	"Bad"	"575.0"	"Always learning"	"false"	"Customer 417"	"user_417"	"False"	"6.0"	"Default"
"CUST0059"	"Female"	"57.0"	"8.0"	"true"	"10.99"	"4"	"Good"	"510.0"	"Passionate about sustainable living and healthy eating"	"false"	"Customer 59"	"user_59"	"True"	"8.0"	"4"
"CUST0532"	"Female"	"41.0"	"7.0"	"true"	"1.84"	"4"	"Good"	"109.0"	"Passionate about sustainable living and healthy eating"	"false"	"Customer 532"	"user_532"	"True"	"4.0"	"8"
"CUST0091"	"Male"	"23.0"	"2.0"	"false"	"2.04"	"1"	"Bad"	"547.0"	"Love"	"false"	"Customer 91"	"user_91"	"False"	"0.0"	"Default"
"CUST0266"	"Male"	"62.0"	"7.0"	"false"	"4.78"	"4"	"Good"	"626.0"	"Tech geek who loves exploring cutting-edge solutions"	"true"	"Customer 266"	"user_266"	"True"	"5.0"	"1"
"CUST0071"	"Female"	"34.0"	"5.0"	"false"	"2.0"	"3"	"Bad"	"98.0"	"Love"	"false"	"Customer 71"	"user_71"	"True"	"3.0"	"12"
"CUST0307"	"Female"	"33.0"	"8.0"	"false"	"2.87"	"1"	"Bad"	"473.0"	"Shopaholic and proud"	"true"	"Customer 307"	"user_307"	"True"	"3.0"	"1"
"CUST0391"	"Female"	"42.0"	"4.0"	"true"	"4.23"	"5"	"Good"	"307.0"	"Avid reader, tech enthusiast, and fitness lover"	"false"	"Customer 391"	"user_391"	"True"	"10.0"	"3"
"CUST0073"	"Male"	"45.0"	"0.0"	"true"	"17.06"	"1"	"Bad"	"864.0"	"Love"	"false"	"Customer 73"	"user_73"	"False"	"6.0"	"Default"
"CUST0514"	"Male"	"37.0"	"9.0"	"false"	"4.48"	"2"	"Bad"	"664.0"	"Love"	"false"	"Customer 514"	"customer514"	"False"	"8.0"	"9"
"CUST0200"	"Male"	"55.0"	"1.0"	"false"	"14.68"	"1"	"Bad"	"612.0"	"Shopaholic"	"true"	"Customer 200"	"user_200"	"False"	"5.0"	"11"
"CUST0170"	"Male"	"30.0"	"2.0"	"true"	"5.81"	"1"	"Bad"	"226.0"	"Always learning"	"false"	"Customer 170"	"user_170"	"True"	"7.0"	"Default"
"CUST0182"	"Female"	"20.0"	"4.0"	"true"	"1.13"	"2"	"Bad"	"119.0"	"Fitness"	"true"	"Customer 182"	"user_182"	"False"	"5.0"	"Default"
"CUST0290"	"Male"	"53.0"	"0.0"	"true"	"16.29"	"4"	"Good"	"657.0"	"Avid reader, tech enthusiast, and fitness lover"	"false"	"Customer 290"	"user_290"	"True"	"8.0"	"6"
"CUST0545"	"Female"	"29.0"	"3.0"	"false"	"10.93"	"1"	"Bad"	"134.0"	"Enjoying"	"false"	"Customer 545"	"user_545"	"False"	"9.0"	"5"
"CUST0600"	"Female"	"24.0"	"4.0"	"false"	"4.87"	"2"	"Bad"	"127.0"	"Traveler and dreamer"	"false"	"Customer 600"	"user_600"	"True"	"9.0"	"Default"
"CUST0243"	"Female"	"38.0"	"10.0"	"true"	"2.24"	"1"	"Bad"	"11.0"	"Adventure seeker"	"false"	"Customer 243"	"user_243"	"True"	"7.0"	"Default"
"CUST0329"	"Male"	"34.0"	"7.0"	"false"	"19.0"	"4"	"Good"	"181.0"	"Loves photography, music, and exploring new cultures"	"false"	"Customer 329"	"customer329"	"True"	"9.0"	"11"
"CUST0443"	"Male"	"62.0"	"6.0"	"true"	"14.55"	"2"	"Bad"	"263.0"	"Love exploring new places"	"false"	"Customer 443"	"user_443"	"False"	"4.0"	"Default"
"CUST0502"	"Male"	"47.0"	"5.0"	"true"	"16.97"	"1"	"Bad"	"777.0"	"Bookworm"	"false"	"Customer 502"	"user_502"	"True"	"6.0"	"4"
"CUST0347"	"Female"	"62.0"	"7.0"	"true"	"4.76"	"1"	"Bad"	"328.0"	"Foodie"	"false"	"Customer 347"	"customer347"	"False"	"5.0"	"Default"
"CUST0294"	"Female"	"38.0"	"6.0"	"false"	"12.74"	"2"	"Bad"	"67.0"	"Love"	"false"	"Customer 294"	"user_294"	"False"	"3.0"	"Default"
"CUST0295"	"Male"	"40.0"	"3.0"	"false"	"7.11"	"2"	"Bad"	"30.0"	"Traveler"	"false"	"Customer 295"	"user_295"	"False"	"5.0"	"7"
"CUST0251"	"Male"	"50.0"	"1.0"	"true"	"2.65"	"1"	"Bad"	"766.0"	"Foodie"	"false"	"Customer 251"	"user_251"	"False"	"6.0"	"9"
"CUST0229"	"Female"	"20.0"	"1.0"	"true"	"10.36"	"2"	"Bad"	"726.0"	"Foodie"	"false"	"Customer 229"	"customer229"	"True"	"7.0"	"11"
"CUST0060"	"Male"	"39.0"	"2.0"	"true"	"2.94"	"2"	"Bad"	"572.0"	"Foodie"	"false"	"Customer 60"	"user_60"	"False"	"2.0"	"Default"
"CUST0280"	"Female"	"40.0"	"0.0"	"true"	"5.75"	"4"	"Good"	"816.0"	"Creative thinker who enjoys innovation and challenges"	"false"	"Customer 280"	"customer280"	"True"	"3.0"	"12"
"CUST0219"	"Male"	"20.0"	"4.0"	"false"	"6.93"	"4"	"Good"	"985.0"	"Loves photography, music, and exploring new cultures"	"false"	"Customer 219"	"user_219"	"True"	"3.0"	"11"
"CUST0331"	"Female"	"24.0"	"5.0"	"true"	"18.63"	"5"	"Good"	"158.0"	"Fitness fanatic with a love for outdoor adventures"	"true"	"Customer 331"	"user_331"	"True"	"1.0"	"5"
"CUST0183"	"Female"	"63.0"	"4.0"	"true"	"1.42"	"1"	"Bad"	"695.0"	"Passionate about photography"	"false"	"Customer 183"	"user_183"	"True"	"4.0"	"Default"
"CUST0402"	"Male"	"64.0"	"10.0"	"false"	"18.7"	"1"	"Bad"	"353.0"	"Enjoying the small moments"	"false"	"Customer 402"	"user_402"	"True"	"2.0"	"Default"
"CUST0201"	"Male"	"54.0"	"5.0"	"true"	"5.05"	"2"	"Bad"	"66.0"	"Fitness"	"true"	"Customer 201"	"customer201"	"False"	"3.0"	"6"
"CUST0551"	"Male"	"45.0"	"9.0"	"false"	"17.8"	"5"	"Good"	"955.0"	"Fitness fanatic with a love for outdoor adventures"	"true"	"Customer 551"	"customer551"	"True"	"4.0"	"4"
"CUST0439"	"Female"	"49.0"	"10.0"	"false"	"5.87"	"2"	"Bad"	"418.0"	"Traveler and dreamer"	"false"	"Customer 439"	"customer439"	"True"	"6.0"	"4"
"CUST0361"	"Male"	"42.0"	"7.0"	"true"	"1.62"	"5"	"Good"	"508.0"	"Fitness fanatic with a love for outdoor adventures"	"true"	"Customer 361"	"user_361"	"True"	"8.0"	"4"
"CUST0511"	"Female"	"47.0"	"5.0"	"true"	"12.38"	"3"	"Bad"	"806.0"	"Love"	"false"	"Customer 511"	"user_511"	"True"	"6.0"	"3"
"CUST0516"	"Male"	"31.0"	"7.0"	"false"	"4.73"	"1"	"Bad"	"938.0"	"Fitness"	"true"	"Customer 516"	"user_516"	"False"	"10.0"	"Default"
"CUST0119"	"Male"	"31.0"	"3.0"	"true"	"14.63"	"2"	"Bad"	"251.0"	"Fitness"	"true"	"Customer 119"	"user_119"	"False"	"9.0"	"Default"
"CUST0065"	"Male"	"30.0"	"3.0"	"true"	"4.31"	"2"	"Bad"	"684.0"	"Fitness"	"true"	"Customer 65"	"user_65"	"False"	"0.0"	"2"
"CUST0058"	"Female"	"61.0"	"9.0"	"true"	"3.76"	"1"	"Bad"	"524.0"	"Enjoying"	"false"	"Customer 58"	"user_58"	"False"	"7.0"	"Default"
"CUST0289"	"Female"	"17.0"	"7.0"	"false"	"10.58"	"4"	"Good"	"963.0"	"Always learning and sharing my experiences"	"false"	"Customer 289"	"customer289"	"True"	"4.0"	"9"
"CUST0346"	"Male"	"48.0"	"0.0"	"true"	"15.46"	"3"	"Bad"	"449.0"	"Fitness"	"true"	"Customer 346"	"user_346"	"True"	"4.0"	"5"
"CUST0254"	"Male"	"60.0"	"5.0"	"false"	"5.99"	"1"	"Bad"	"267.0"	"Traveler"	"false"	"Customer 254"	"user_254"	"False"	"0.0"	"Default"
"CUST0238"	"Male"	"38.0"	"0.0"	"false"	"8.73"	"4"	"Good"	"734.0"	"Passionate about sustainable living and healthy eating"	"false"	"Customer 238"	"user_238"	"True"	"6.0"	"11"
"CUST0437"	"Male"	"42.0"	"2.0"	"true"	"15.66"	"2"	"Bad"	"450.0"	"Traveler"	"false"	"Customer 437"	"user_437"	"False"	"5.0"	"Default"
"CUST0037"	"Male"	"18.0"	"2.0"	"true"	"1.13"	"2"	"Bad"	"457.0"	"Enjoying"	"false"	"Customer 37"	"user_37"	"False"	"10.0"	"Default"
"CUST0203"	"Male"	"37.0"	"5.0"	"false"	"12.49"	"4"	"Good"	"166.0"	"Loves photography, music, and exploring new cultures"	"false"	"Customer 203"	"customer203"	"True"	"5.0"	"10"
"CUST0064"	"Female"	"56.0"	"9.0"	"false"	"8.58"	"5"	"Good"	"834.0"	"Always learning and sharing my experiences"	"false"	"Customer 64"	"user_64"	"True"	"4.0"	"1"
"CUST0399"	"Male"	"26.0"	"2.0"	"true"	"10.78"	"4"	"Good"	"393.0"	"Foodie, traveler, and passionate about personal growth"	"false"	"Customer 399"	"user_399"	"True"	"4.0"	"2"
"CUST0429"	"Female"	"27.0"	"0.0"	"true"	"15.55"	"2"	"Bad"	"399.0"	"Food lover"	"false"	"Customer 429"	"user_429"	"True"	"9.0"	"1"
"CUST0586"	"Male"	"62.0"	"10.0"	"true"	"6.29"	"1"	"Bad"	"841.0"	"Music lover"	"false"	"Customer 586"	"customer586"	"False"	"6.0"	"12"
"CUST0027"	"Female"	"57.0"	"5.0"	"false"	"1.91"	"5"	"Good"	"311.0"	"Creative thinker who enjoys innovation and challenges"	"false"	"Customer 27"	"user_27"	"True"	"2.0"	"10"
"CUST0394"	"Female"	"45.0"	"1.0"	"true"	"11.94"	"1"	"Bad"	"638.0"	"Love"	"false"	"Customer 394"	"user_394"	"False"	"6.0"	"Default"
"CUST0477"	"Male"	"52.0"	"2.0"	"true"	"3.49"	"1"	"Bad"	"293.0"	"Enjoying"	"false"	"Customer 477"	"user_477"	"False"	"9.0"	"12"
"CUST0176"	"Female"	"52.0"	"7.0"	"true"	"12.57"	"2"	"Bad"	"398.0"	"Traveler"	"false"	"Customer 176"	"user_176"	"False"	"3.0"	"Default"
"CUST0036"	"Male"	"33.0"	"1.0"	"true"	"13.66"	"2"	"Bad"	"477.0"	"Enjoying the small moments"	"false"	"Customer 36"	"user_36"	"True"	"7.0"	"8"
"CUST0426"	"Female"	"62.0"	"7.0"	"true"	"4.77"	"4"	"Good"	"646.0"	"Avid reader, tech enthusiast, and fitness lover"	"false"	"Customer 426"	"user_426"	"True"	"0.0"	"8"
"CUST0378"	"Male"	"17.0"	"1.0"	"false"	"6.31"	"2"	"Bad"	"842.0"	"Foodie"	"false"	"Customer 378"	"user_378"	"False"	"7.0"	"Default"
"CUST0233"	"Female"	"46.0"	"3.0"	"true"	"9.94"	"1"	"Bad"	"958.0"	"Bookworm"	"false"	"Customer 233"	"user_233"	"False"	"8.0"	"Default"
"CUST0044"	"Female"	"47.0"	"1.0"	"false"	"13.03"	"2"	"Bad"	"706.0"	"Music lover"	"false"	"Customer 44"	"customer44"	"False"	"0.0"	"Default"
"CUST0149"	"Female"	"33.0"	"5.0"	"false"	"2.6"	"2"	"Bad"	"226.0"	"Fitness"	"true"	"Customer 149"	"user_149"	"False"	"8.0"	"Default"
"CUST0564"	"Female"	"37.0"	"4.0"	"true"	"9.58"	"2"	"Bad"	"45.0"	"Love exploring new places"	"false"	"Customer 564"	"user_564"	"False"	"4.0"	"Default"
"CUST0436"	"Female"	"21.0"	"9.0"	"true"	"10.82"	"4"	"Good"	"859.0"	"Adventure seeker and nature enthusiast"	"false"	"Customer 436"	"user_436"	"True"	"1.0"	"7"
"CUST0330"	"Male"	"39.0"	"5.0"	"true"	"11.22"	"4"	"Good"	"267.0"	"Tech geek who loves exploring cutting-edge solutions"	"true"	"Customer 330"	"user_330"	"True"	"4.0"	"6"
"CUST0487"	"Female"	"35.0"	"3.0"	"true"	"18.77"	"1"	"Bad"	"378.0"	"Love"	"false"	"Customer 487"	"user_487"	"False"	"7.0"	"Default"
"CUST0261"	"Male"	"26.0"	"10.0"	"true"	"2.4"	"5"	"Good"	"64.0"	"Fitness fanatic with a love for outdoor adventures"	"true"	"Customer 261"	"customer261"	"True"	"3.0"	"9"
"CUST0504"	"Male"	"26.0"	"5.0"	"true"	"5.64"	"2"	"Bad"	"243.0"	"Traveler"	"false"	"Customer 504"	"user_504"	"False"	"7.0"	"8"
"CUST0383"	"Female"	"56.0"	"7.0"	"false"	"14.04"	"3"	"Bad"	"889.0"	"Fitness"	"true"	"Customer 383"	"user_383"	"True"	"0.0"	"4"
"CUST0057"	"Female"	"48.0"	"10.0"	"false"	"1.79"	"2"	"Bad"	"934.0"	"Foodie"	"false"	"Customer 57"	"user_57"	"False"	"8.0"	"11"
"CUST0370"	"Female"	"38.0"	"6.0"	"true"	"7.72"	"4"	"Good"	"587.0"	"Fitness fanatic with a love for outdoor adventures"	"true"	"Customer 370"	"customer370"	"True"	"4.0"	"4"
"CUST0503"	"Female"	"53.0"	"7.0"	"false"	"14.46"	"1"	"Bad"	"349.0"	"Always learning"	"false"	"Customer 503"	"user_503"	"False"	"6.0"	"1"
"CUST0048"	"Female"	"58.0"	"4.0"	"false"	"10.41"	"2"	"Bad"	"116.0"	"Foodie"	"false"	"Customer 48"	"user_48"	"False"	"9.0"	"Default"
"CUST0325"	"Female"	"35.0"	"2.0"	"true"	"102162.445"	"3"	"Bad"	"206.0"	"Enjoying"	"false"	"Customer 325"	"user_325"	"True"	"6.0"	"7"
"CUST0562"	"Male"	"62.0"	"1.0"	"true"	"5.2"	"1"	"Bad"	"75.0"	"Love"	"false"	"Customer 562"	"user_562"	"False"	"2.0"	"Default"
"CUST0308"	"Male"	"50.0"	"4.0"	"true"	"8.24"	"1"	"Bad"	"18.0"	"Love exploring new places"	"false"	"Customer 308"	"user_308"	"True"	"10.0"	"Default"
"CUST0228"	"Female"	"30.0"	"2.0"	"false"	"17.22"	"3"	"Bad"	"1.0"	"Shopaholic"	"true"	"Customer 228"	"user_228"	"True"	"2.0"	"8"
"CUST0205"	"Female"	"58.0"	"10.0"	"true"	"1.19"	"3"	"Bad"	"308.0"	"Enjoying"	"false"	"Customer 205"	"user_205"	"True"	"6.0"	"4"
"CUST0167"	"Male"	"33.0"	"0.0"	"false"	"15.7"	"4"	"Good"	"453.0"	"Avid reader, tech enthusiast, and fitness lover"	"false"	"Customer 167"	"user_167"	"True"	"2.0"	"1"
"CUST0493"	"Male"	"51.0"	"1.0"	"false"	"7.01"	"1"	"Bad"	"423.0"	"Fitness"	"true"	"Customer 493"	"user_493"	"False"	"0.0"	"4"
"CUST0267"	"Male"	"26.0"	"0.0"	"false"	"13.94"	"3"	"Bad"	"610.0"	"Fitness"	"true"	"Customer 267"	"user_267"	"True"	"8.0"	"7"
"CUST0521"	"Male"	"18.0"	"2.0"	"true"	"5.81"	"2"	"Bad"	"153.0"	"Fitness"	"true"	"Customer 521"	"user_521"	"False"	"6.0"	"7"
"CUST0501"	"Female"	"50.0"	"4.0"	"true"	"19.13"	"1"	"Bad"	"760.0"	"Fitness"	"true"	"Customer 501"	"user_501"	"False"	"3.0"	"Default"
"CUST0478"	"Female"	"38.0"	"1.0"	"false"	"2.11"	"3"	"Bad"	"273.0"	"Traveler"	"false"	"Customer 478"	"user_478"	"True"	"10.0"	"1"
"CUST0122"	"Female"	"59.0"	"0.0"	"false"	"16.92"	"4"	"Good"	"136.0"	"Adventure seeker and nature enthusiast"	"false"	"Customer 122"	"user_122"	"True"	"2.0"	"8"
"CUST0445"	"Female"	"21.0"	"6.0"	"false"	"13.1"	"5"	"Good"	"277.0"	"Creative thinker who enjoys innovation and challenges"	"false"	"Customer 445"	"user_445"	"True"	"4.0"	"11"
"CUST0140"	"Female"	"19.0"	"0.0"	"false"	"18.62"	"3"	"Bad"	"522.0"	"Traveler"	"false"	"Customer 140"	"user_140"	"True"	"1.0"	"11"
"CUST0354"	"Male"	"33.0"	"9.0"	"true"	"6.71"	"5"	"Good"	"965.0"	"Foodie, traveler, and passionate about personal growth"	"false"	"Customer 354"	"user_354"	"True"	"0.0"	"1"
"CUST0565"	"Female"	"49.0"	"5.0"	"false"	"18.5"	"3"	"Bad"	"56.0"	"Traveler"	"false"	"Customer 565"	"customer565"	"True"	"3.0"	"9"
"CUST0256"	"Female"	"54.0"	"4.0"	"false"	"15.3"	"2"	"Bad"	"502.0"	"Enjoying the small moments"	"false"	"Customer 256"	"user_256"	"True"	"9.0"	"11"
"CUST0481"	"Male"	"26.0"	"1.0"	"true"	"13.46"	"5"	"Good"	"135.0"	"Avid reader, tech enthusiast, and fitness lover"	"false"	"Customer 481"	"user_481"	"True"	"7.0"	"4"
"CUST0009"	"Female"	"49.0"	"4.0"	"false"	"11.13"	"2"	"Bad"	"662.0"	"Shopaholic and proud"	"true"	"Customer 9"	"user_9"	"False"	"1.0"	"Default"
"CUST0154"	"Male"	"20.0"	"0.0"	"true"	"6.9"	"2"	"Bad"	"390.0"	"Traveler"	"false"	"Customer 154"	"user_154"	"False"	"9.0"	"5"
"CUST0202"	"Female"	"33.0"	"4.0"	"false"	"7.11"	"1"	"Bad"	"440.0"	"Foodie"	"false"	"Customer 202"	"user_202"	"False"	"0.0"	"Default"
"CUST0300"	"Female"	"55.0"	"8.0"	"true"	"13.31"	"1"	"Bad"	"535.0"	"Enjoying the small moments"	"false"	"Customer 300"	"user_300"	"True"	"8.0"	"6"
"CUST0067"	"Female"	"20.0"	"8.0"	"true"	"17.6"	"1"	"Bad"	"624.0"	"Food lover"	"false"	"Customer 67"	"user_67"	"False"	"6.0"	"Default"
"CUST0422"	"Female"	"41.0"	"1.0"	"false"	"8.85"	"1"	"Bad"	"497.0"	"Traveler"	"false"	"Customer 422"	"user_422"	"False"	"0.0"	"Default"
"CUST0171"	"Male"	"44.0"	"0.0"	"true"	"11.2"	"2"	"Bad"	"722.0"	"Enjoying the small moments"	"false"	"Customer 171"	"customer171"	"False"	"10.0"	"2"
"CUST0283"	"Female"	"37.0"	"2.0"	"false"	"11.08"	"2"	"Bad"	"202.0"	"Shopaholic"	"true"	"Customer 283"	"user_283"	"False"	"9.0"	"Default"
"CUST0396"	"Male"	"55.0"	"1.0"	"true"	"3.66"	"5"	"Good"	"330.0"	"Foodie, traveler, and passionate about personal growth"	"false"	"Customer 396"	"user_396"	"True"	"9.0"	"11"
"CUST0567"	"Male"	"32.0"	"9.0"	"true"	"4.4"	"1"	"Bad"	"243.0"	"Traveler"	"false"	"Customer 567"	"user_567"	"False"	"8.0"	"7"
"CUST0518"	"Female"	"40.0"	"8.0"	"true"	"12.86"	"1"	"Bad"	"468.0"	"Fitness enthusiast"	"true"	"Customer 518"	"user_518"	"True"	"5.0"	"Default"
"CUST0115"	"Female"	"19.0"	"1.0"	"true"	"17.1"	"5"	"Good"	"399.0"	"Always learning and sharing my experiences"	"false"	"Customer 115"	"user_115"	"True"	"0.0"	"11"
"CUST0377"	"Male"	"30.0"	"1.0"	"false"	"19.21"	"5"	"Good"	"389.0"	"Fitness fanatic with a love for outdoor adventures"	"true"	"Customer 377"	"user_377"	"True"	"0.0"	"8"
"CUST0438"	"Female"	"36.0"	"7.0"	"true"	"8.03"	"5"	"Good"	"958.0"	"Fitness fanatic with a love for outdoor adventures"	"true"	"Customer 438"	"user_438"	"True"	"6.0"	"11"
"CUST0117"	"Female"	"60.0"	"4.0"	"false"	"7.5"	"2"	"Bad"	"569.0"	"Food lover"	"false"	"Customer 117"	"user_117"	"True"	"7.0"	"Default"
"CUST0185"	"Male"	"57.0"	"4.0"	"false"	"5.61"	"2"	"Bad"	"286.0"	"Shopaholic"	"true"	"Customer 185"	"user_185"	"False"	"8.0"	"Default"
"CUST0528"	"Male"	"25.0"	"8.0"	"false"	"10.58"	"2"	"Bad"	"776.0"	"Shopaholic"	"true"	"Customer 528"	"user_528"	"True"	"5.0"	"12"
"CUST0240"	"Male"	"36.0"	"4.0"	"false"	"10.8"	"1"	"Bad"	"894.0"	"Passionate about photography"	"false"	"Customer 240"	"customer240"	"True"	"2.0"	"Default"
"CUST0432"	"Male"	"30.0"	"2.0"	"false"	"16.48"	"1"	"Bad"	"0.0"	"Enjoying"	"false"	"Customer 432"	"user_432"	"False"	"7.0"	"8"
"CUST0145"	"Male"	"21.0"	"7.0"	"false"	"13.63"	"5"	"Good"	"228.0"	"Always learning and sharing my experiences"	"false"	"Customer 145"	"customer145"	"True"	"0.0"	"3"
"CUST0495"	"Male"	"18.0"	"5.0"	"true"	"16.77"	"2"	"Bad"	"835.0"	"Enjoying"	"false"	"Customer 495"	"user_495"	"False"	"8.0"	"Default"
"CUST0092"	"Male"	"33.0"	"6.0"	"false"	"14.04"	"2"	"Bad"	"30.0"	"Traveler"	"false"	"Customer 92"	"user_92"	"True"	"8.0"	"Default"
"CUST0353"	"Male"	"50.0"	"8.0"	"true"	"1.62"	"2"	"Bad"	"848.0"	"Enjoying"	"false"	"Customer 353"	"user_353"	"False"	"0.0"	"Default"
"CUST0293"	"Male"	"51.0"	"9.0"	"true"	"11.25"	"2"	"Bad"	"269.0"	"Love"	"false"	"Customer 293"	"customer293"	"False"	"1.0"	"Default"
"CUST0086"	"Male"	"54.0"	"7.0"	"true"	"15.28"	"1"	"Bad"	"820.0"	"Music lover"	"false"	"Customer 86"	"user_86"	"False"	"7.0"	"Default"
"CUST0218"	"Male"	"54.0"	"2.0"	"false"	"17.22"	"3"	"Bad"	"166.0"	"Enjoying"	"false"	"Customer 218"	"user_218"	"True"	"7.0"	"4"
"CUST0130"	"Female"	"34.0"	"5.0"	"true"	"7.09"	"2"	"Bad"	"813.0"	"Traveler"	"false"	"Customer 130"	"user_130"	"False"	"5.0"	"Default"
"CUST0078"	"Female"	"24.0"	"9.0"	"true"	"13.64"	"5"	"Good"	"482.0"	"Creative thinker who enjoys innovation and challenges"	"false"	"Customer 78"	"user_78"	"True"	"5.0"	"3"
"CUST0407"	"Female"	"20.0"	"6.0"	"true"	"14.39"	"1"	"Bad"	"324.0"	"Tech geek"	"true"	"Customer 407"	"user_407"	"False"	"7.0"	"12"
"CUST0466"	"Male"	"45.0"	"0.0"	"false"	"2.19"	"1"	"Bad"	"251.0"	"Adventure seeker"	"false"	"Customer 466"	"customer466"	"False"	"9.0"	"Default"
"CUST0085"	"Male"	"32.0"	"6.0"	"false"	"6.59"	"5"	"Good"	"583.0"	"Foodie, traveler, and passionate about personal growth"	"false"	"Customer 85"	"user_85"	"True"	"5.0"	"11"
"CUST0052"	"Female"	"56.0"	"7.0"	"false"	"6.28"	"4"	"Good"	"502.0"	"Tech geek who loves exploring cutting-edge solutions"	"true"	"Customer 52"	"user_52"	"True"	"9.0"	"11"
"CUST0379"	"Female"	"26.0"	"9.0"	"true"	"14.41"	"1"	"Bad"	"178.0"	"Shopaholic"	"true"	"Customer 379"	"user_379"	"False"	"6.0"	"2"
"CUST0152"	"Male"	"31.0"	"4.0"	"true"	"7.11"	"1"	"Bad"	"869.0"	"Shopaholic"	"true"	"Customer 152"	"customer152"	"False"	"0.0"	"Default"
"CUST0589"	"Female"	"36.0"	"4.0"	"true"	"11.26"	"5"	"Good"	"670.0"	"Adventure seeker and nature enthusiast"	"false"	"Customer 589"	"user_589"	"True"	"7.0"	"9"
"CUST0583"	"Female"	"54.0"	"2.0"	"false"	"3.1"	"1"	"Bad"	"290.0"	"Love exploring new places"	"false"	"Customer 583"	"user_583"	"False"	"2.0"	"9"
"CUST0509"	"Male"	"46.0"	"5.0"	"false"	"1.66"	"4"	"Good"	"36.0"	"Fitness fanatic with a love for outdoor adventures"	"true"	"Customer 509"	"user_509"	"True"	"5.0"	"10"
"CUST0128"	"Male"	"40.0"	"10.0"	"true"	"1.87"	"1"	"Bad"	"826.0"	"Shopaholic and proud"	"true"	"Customer 128"	"user_128"	"False"	"9.0"	"Default"
"CUST0358"	"Female"	"28.0"	"7.0"	"true"	"8.46"	"2"	"Bad"	"822.0"	"Foodie"	"false"	"Customer 358"	"user_358"	"False"	"10.0"	"11"
"CUST0548"	"Female"	"44.0"	"0.0"	"true"	"17.46"	"1"	"Bad"	"651.0"	"Shopaholic"	"true"	"Customer 548"	"user_548"	"False"	"3.0"	"Default"
"CUST0494"	"Male"	"48.0"	"1.0"	"true"	"2.94"	"1"	"Bad"	"391.0"	"Passionate about photography"	"false"	"Customer 494"	"user_494"	"False"	"1.0"	"Default"
"CUST0530"	"Male"	"44.0"	"7.0"	"false"	"1.82"	"4"	"Good"	"126.0"	"Adventure seeker and nature enthusiast"	"false"	"Customer 530"	"user_530"	"True"	"6.0"	"6"
"CUST0108"	"Male"	"17.0"	"6.0"	"true"	"12.72"	"1"	"Bad"	"506.0"	"Foodie"	"false"	"Customer 108"	"user_108"	"True"	"9.0"	"6"
"CUST0129"	"Male"	"48.0"	"7.0"	"false"	"10.4"	"2"	"Bad"	"979.0"	"Love"	"false"	"Customer 129"	"customer129"	"False"	"1.0"	"8"
"CUST0491"	"Female"	"17.0"	"3.0"	"false"	"14.86"	"2"	"Bad"	"8.0"	"Fitness"	"true"	"Customer 491"	"customer491"	"False"	"9.0"	"Default"
"CUST0084"	"Male"	"64.0"	"9.0"	"true"	"18.14"	"3"	"Bad"	"929.0"	"Love"	"false"	"Customer 84"	"user_84"	"True"	"2.0"	"9"
"CUST0066"	"Male"	"20.0"	"8.0"	"true"	"18.79"	"5"	"Good"	"284.0"	"Fitness fanatic with a love for outdoor adventures"	"true"	"Customer 66"	"user_66"	"True"	"0.0"	"10"
"CUST0296"	"Male"	"53.0"	"7.0"	"false"	"7.72"	"5"	"Good"	"387.0"	"Creative thinker who enjoys innovation and challenges"	"false"	"Customer 296"	"customer296"	"True"	"5.0"	"9"
"CUST0253"	"Male"	"54.0"	"3.0"	"true"	"14.91"	"3"	"Bad"	"836.0"	"Traveler"	"false"	"Customer 253"	"user_253"	"True"	"1.0"	"1"
"CUST0124"	"Female"	"24.0"	"5.0"	"true"	"10.67"	"2"	"Bad"	"944.0"	"Foodie"	"false"	"Customer 124"	"user_124"	"False"	"2.0"	"Default"
"CUST0561"	"Male"	"57.0"	"1.0"	"false"	"12.62"	"4"	"Good"	"697.0"	"Always learning and sharing my experiences"	"false"	"Customer 561"	"user_561"	"True"	"0.0"	"4"
"CUST0216"	"Male"	"35.0"	"1.0"	"true"	"8.67"	"1"	"Bad"	"599.0"	"Enjoying"	"false"	"Customer 216"	"customer216"	"False"	"8.0"	"Default"
"CUST0595"	"Male"	"36.0"	"10.0"	"true"	"15.93"	"4"	"Good"	"54.0"	"Foodie, traveler, and passionate about personal growth"	"false"	"Customer 595"	"customer595"	"True"	"5.0"	"7"
"CUST0079"	"Female"	"56.0"	"10.0"	"false"	"15.99"	"1"	"Bad"	"956.0"	"Love"	"false"	"Customer 79"	"user_79"	"False"	"1.0"	"Default"
"CUST0184"	"Female"	"19.0"	"4.0"	"true"	"15.32"	"1"	"Bad"	"355.0"	"Shopaholic"	"true"	"Customer 184"	"user_184"	"False"	"7.0"	"8"
"CUST0195"	"Male"	"62.0"	"7.0"	"false"	"11.12"	"3"	"Bad"	"458.0"	"Enjoying"	"false"	"Customer 195"	"user_195"	"True"	"9.0"	"12"
"CUST0061"	"Male"	"33.0"	"9.0"	"true"	"9.5"	"2"	"Bad"	"284.0"	"Tech geek"	"true"	"Customer 61"	"user_61"	"True"	"0.0"	"Default"
"CUST0237"	"Female"	"43.0"	"3.0"	"false"	"4.52"	"1"	"Bad"	"381.0"	"Shopaholic and proud"	"true"	"Customer 237"	"user_237"	"False"	"6.0"	"5"
"CUST0468"	"Male"	"32.0"	"1.0"	"true"	"16.14"	"5"	"Good"	"108.0"	"Adventure seeker and nature enthusiast"	"false"	"Customer 468"	"user_468"	"True"	"6.0"	"12"
"CUST0541"	"Male"	"51.0"	"8.0"	"true"	"4.32"	"2"	"Bad"	"520.0"	"Traveler"	"false"	"Customer 541"	"user_541"	"False"	"4.0"	"6"
"CUST0157"	"Female"	"46.0"	"6.0"	"true"	"18.23"	"1"	"Bad"	"905.0"	"Shopaholic"	"true"	"Customer 157"	"user_157"	"False"	"8.0"	"Default"
"CUST0166"	"Male"	"39.0"	"5.0"	"false"	"15.61"	"1"	"Bad"	"766.0"	"Shopaholic"	"true"	"Customer 166"	"user_166"	"False"	"8.0"	"Default"
"CUST0075"	"Female"	"52.0"	"9.0"	"true"	"2.26"	"1"	"Bad"	"832.0"	"Enjoying"	"false"	"Customer 75"	"customer75"	"False"	"7.0"	"3"
"CUST0172"	"Female"	"44.0"	"9.0"	"true"	"6.04"	"1"	"Bad"	"87.0"	"Traveler"	"false"	"Customer 172"	"user_172"	"False"	"1.0"	"Default"
"CUST0594"	"Male"	"31.0"	"3.0"	"true"	"19.49"	"5"	"Good"	"430.0"	"Adventure seeker and nature enthusiast"	"false"	"Customer 594"	"customer594"	"True"	"2.0"	"4"
"CUST0390"	"Female"	"43.0"	"8.0"	"true"	"18.07"	"3"	"Bad"	"460.0"	"Shopaholic"	"true"	"Customer 390"	"user_390"	"True"	"4.0"	"10"
"CUST0582"	"Male"	"61.0"	"6.0"	"false"	"3.86"	"3"	"Bad"	"412.0"	"Fitness"	"true"	"Customer 582"	"user_582"	"True"	"10.0"	"12"
"CUST0236"	"Female"	"40.0"	"8.0"	"false"	"1.51"	"4"	"Good"	"118.0"	"Avid reader, tech enthusiast, and fitness lover"	"false"	"Customer 236"	"customer236"	"True"	"10.0"	"4"
"CUST0002"	"Male"	"48.0"	"10.0"	"false"	"6.09"	"1"	"Bad"	"340.0"	"Traveler"	"false"	"Customer 2"	"user_2"	"False"	"2.0"	"Default"
"CUST0522"	"Male"	"42.0"	"6.0"	"true"	"18.4"	"1"	"Bad"	"693.0"	"Shopaholic"	"true"	"Customer 522"	"user_522"	"True"	"8.0"	"11"
"CUST0524"	"Female"	"28.0"	"9.0"	"true"	"7.71"	"4"	"Good"	"861.0"	"Foodie, traveler, and passionate about personal growth"	"false"	"Customer 524"	"user_524"	"True"	"5.0"	"9"
"CUST0277"	"Male"	"47.0"	"2.0"	"false"	"15.97"	"3"	"Bad"	"151.0"	"Love"	"false"	"Customer 277"	"customer277"	"True"	"5.0"	"1"
"CUST0100"	"Female"	"20.0"	"4.0"	"true"	"18.84"	"1"	"Bad"	"158.0"	"Fitness"	"true"	"Customer 100"	"user_100"	"False"	"3.0"	"Default"
"CUST0088"	"Female"	"49.0"	"0.0"	"false"	"4.28"	"2"	"Bad"	"54.0"	"Fitness"	"true"	"Customer 88"	"user_88"	"False"	"2.0"	"Default"
"CUST0069"	"Male"	"48.0"	"2.0"	"false"	"8.62"	"2"	"Bad"	"564.0"	"Music lover"	"false"	"Customer 69"	"customer69"	"True"	"5.0"	"Default"
"CUST0235"	"Female"	"63.0"	"2.0"	"true"	"4.12"	"2"	"Bad"	"934.0"	"Enjoying"	"false"	"Customer 235"	"user_235"	"False"	"3.0"	"Default"
"CUST0459"	"Female"	"45.0"	"1.0"	"true"	"6.53"	"1"	"Bad"	"685.0"	"Foodie"	"false"	"Customer 459"	"user_459"	"False"	"10.0"	"Default"
"CUST0450"	"Female"	"39.0"	"4.0"	"false"	"7.25"	"3"	"Bad"	"613.0"	"Fitness"	"true"	"Customer 450"	"user_450"	"True"	"8.0"	"10"
"CUST0434"	"Male"	"32.0"	"1.0"	"false"	"15.81"	"1"	"Bad"	"364.0"	"Love"	"false"	"Customer 434"	"user_434"	"False"	"6.0"	"Default"
"CUST0257"	"Male"	"24.0"	"5.0"	"false"	"1.17"	"2"	"Bad"	"394.0"	"Love"	"false"	"Customer 257"	"user_257"	"False"	"1.0"	"Default"
"CUST0223"	"Female"	"43.0"	"1.0"	"true"	"7.8"	"1"	"Bad"	"721.0"	"Traveler"	"false"	"Customer 223"	"user_223"	"False"	"5.0"	"Default"
"CUST0571"	"Male"	"64.0"	"6.0"	"true"	"19.87"	"1"	"Bad"	"549.0"	"Love"	"false"	"Customer 571"	"user_571"	"False"	"7.0"	"Default"
"CUST0174"	"Female"	"26.0"	"5.0"	"false"	"1.08"	"3"	"Bad"	"620.0"	"Enjoying"	"false"	"Customer 174"	"customer174"	"True"	"8.0"	"11"
"CUST0291"	"Male"	"56.0"	"9.0"	"true"	"11.02"	"2"	"Bad"	"852.0"	"Love"	"false"	"Customer 291"	"user_291"	"False"	"7.0"	"Default"
"CUST0099"	"Male"	"33.0"	"0.0"	"true"	"2.97"	"5"	"Good"	"767.0"	"Fitness fanatic with a love for outdoor adventures"	"true"	"Customer 99"	"user_99"	"True"	"3.0"	"7"
"CUST0230"	"Female"	"17.0"	"9.0"	"false"	"8.17"	"5"	"Good"	"894.0"	"Avid reader, tech enthusiast, and fitness lover"	"false"	"Customer 230"	"user_230"	"True"	"1.0"	"10"
"CUST0031"	"Female"	"29.0"	"0.0"	"false"	"11.73"	"3"	"Bad"	"956.0"	"Love"	"false"	"Customer 31"	"user_31"	"True"	"5.0"	"8"
"CUST0127"	"Male"	"24.0"	"8.0"	"false"	"8.23"	"3"	"Bad"	"488.0"	"Love"	"false"	"Customer 127"	"customer127"	"True"	"10.0"	"6"
"CUST0318"	"Male"	"49.0"	"5.0"	"true"	"9.98"	"2"	"Bad"	"752.0"	"Love"	"false"	"Customer 318"	"user_318"	"False"	"5.0"	"8"
"CUST0449"	"Female"	"41.0"	"6.0"	"false"	"14.84"	"3"	"Bad"	"182.0"	"Love"	"false"	"Customer 449"	"user_449"	"True"	"7.0"	"11"
"CUST0554"	"Male"	"64.0"	"2.0"	"true"	"14.36"	"2"	"Bad"	"558.0"	"Fitness enthusiast"	"true"	"Customer 554"	"user_554"	"False"	"4.0"	"Default"
"CUST0273"	"Male"	"42.0"	"10.0"	"false"	"14.36"	"5"	"Good"	"736.0"	"Tech geek who loves exploring cutting-edge solutions"	"true"	"Customer 273"	"user_273"	"True"	"8.0"	"10"
"CUST0111"	"Female"	"53.0"	"5.0"	"true"	"11.03"	"3"	"Bad"	"256.0"	"Shopaholic"	"true"	"Customer 111"	"customer111"	"True"	"8.0"	"2"
"CUST0371"	"Male"	"29.0"	"6.0"	"true"	"6.79"	"2"	"Bad"	"114.0"	"Shopaholic"	"true"	"Customer 371"	"customer371"	"False"	"2.0"	"Default"
"CUST0224"	"Female"	"34.0"	"5.0"	"false"	"9.55"	"2"	"Bad"	"472.0"	"Traveler"	"false"	"Customer 224"	"user_224"	"False"	"7.0"	"6"
"CUST0269"	"Male"	"37.0"	"7.0"	"false"	"16.16"	"1"	"Bad"	"472.0"	"Bookworm"	"false"	"Customer 269"	"user_269"	"False"	"5.0"	"3"
"CUST0285"	"Male"	"42.0"	"6.0"	"false"	"16.32"	"3"	"Bad"	"917.0"	"Enjoying"	"false"	"Customer 285"	"user_285"	"True"	"8.0"	"1"
"CUST0028"	"Male"	"36.0"	"8.0"	"true"	"9.54"	"1"	"Bad"	"981.0"	"Love"	"false"	"Customer 28"	"user_28"	"False"	"10.0"	"Default"
"CUST0456"	"Female"	"52.0"	"3.0"	"true"	"14.41"	"2"	"Bad"	"806.0"	"Shopaholic"	"true"	"Customer 456"	"user_456"	"False"	"10.0"	"6"
"CUST0263"	"Male"	"32.0"	"8.0"	"true"	"114863.8691"	"1"	"Bad"	"288.0"	"Enjoying"	"false"	"Customer 263"	"user_263"	"False"	"5.0"	"Default"
"CUST0250"	"Female"	"55.0"	"1.0"	"false"	"15.11"	"2"	"Bad"	"290.0"	"Shopaholic"	"true"	"Customer 250"	"customer250"	"False"	"1.0"	"Default"
"CUST0165"	"Female"	"31.0"	"5.0"	"false"	"15.06"	"3"	"Bad"	"81.0"	"Traveler"	"false"	"Customer 165"	"user_165"	"True"	"1.0"	"8"
"CUST0315"	"Male"	"59.0"	"3.0"	"true"	"3.75"	"1"	"Bad"	"878.0"	"Bookworm"	"false"	"Customer 315"	"user_315"	"True"	"0.0"	"Default"
"CUST0049"	"Female"	"18.0"	"9.0"	"false"	"6.16"	"2"	"Bad"	"865.0"	"Enjoying the small moments"	"false"	"Customer 49"	"user_49"	"False"	"6.0"	"10"
"CUST0579"	"Male"	"38.0"	"5.0"	"true"	"1.79"	"1"	"Bad"	"467.0"	"Love exploring new places"	"false"	"Customer 579"	"user_579"	"True"	"3.0"	"Default"
"CUST0420"	"Female"	"37.0"	"5.0"	"true"	"6.04"	"4"	"Good"	"885.0"	"Foodie, traveler, and passionate about personal growth"	"false"	"Customer 420"	"user_420"	"True"	"1.0"	"2"
"CUST0483"	"Female"	"52.0"	"5.0"	"true"	"10.08"	"4"	"Good"	"630.0"	"Loves exploring new cuisines and traveling the world"	"false"	"Customer 483"	"user_483"	"True"	"3.0"	"4"
"CUST0282"	"Male"	"23.0"	"4.0"	"true"	"2.83"	"5"	"Good"	"418.0"	"Always learning and sharing my experiences"	"false"	"Customer 282"	"customer282"	"True"	"1.0"	"4"
"CUST0268"	"Female"	"36.0"	"3.0"	"false"	"15.33"	"2"	"Bad"	"899.0"	"Always learning"	"false"	"Customer 268"	"user_268"	"False"	"9.0"	"10"
"CUST0409"	"Female"	"32.0"	"10.0"	"false"	"6.04"	"2"	"Bad"	"758.0"	"Food lover"	"false"	"Customer 409"	"user_409"	"False"	"2.0"	"Default"
"CUST0211"	"Female"	"58.0"	"3.0"	"false"	"9.48"	"2"	"Bad"	"671.0"	"Adventure seeker"	"false"	"Customer 211"	"user_211"	"True"	"3.0"	"Default"
"CUST0125"	"Female"	"24.0"	"10.0"	"false"	"3.45"	"5"	"Good"	"723.0"	"Fitness fanatic with a love for outdoor adventures"	"true"	"Customer 125"	"user_125"	"True"	"0.0"	"4"
"CUST0507"	"Male"	"27.0"	"2.0"	"false"	"5.92"	"3"	"Bad"	"332.0"	"Foodie"	"false"	"Customer 507"	"user_507"	"True"	"9.0"	"5"
"CUST0538"	"Male"	"42.0"	"7.0"	"false"	"8.97"	"4"	"Good"	"865.0"	"Avid reader, tech enthusiast, and fitness lover"	"false"	"Customer 538"	"user_538"	"True"	"0.0"	"5"
"CUST0592"	"Female"	"50.0"	"0.0"	"false"	"4.59"	"1"	"Bad"	"359.0"	"Shopaholic and proud"	"true"	"Customer 592"	"customer592"	"True"	"5.0"	"Default"
"CUST0143"	"Male"	"60.0"	"6.0"	"false"	"17.83"	"4"	"Good"	"812.0"	"Fitness fanatic with a love for outdoor adventures"	"true"	"Customer 143"	"user_143"	"True"	"9.0"	"3"
"CUST0460"	"Male"	"31.0"	"2.0"	"true"	"8.11"	"5"	"Good"	"300.0"	"Avid reader, tech enthusiast, and fitness lover"	"false"	"Customer 460"	"user_460"	"True"	"8.0"	"8"
"CUST0062"	"Female"	"45.0"	"10.0"	"true"	"8.78"	"3"	"Bad"	"882.0"	"Foodie"	"false"	"Customer 62"	"user_62"	"True"	"5.0"	"2"
"CUST0519"	"Female"	"56.0"	"6.0"	"false"	"4.57"	"1"	"Bad"	"983.0"	"Foodie"	"false"	"Customer 519"	"user_519"	"False"	"6.0"	"Default"
"CUST0288"	"Female"	"32.0"	"3.0"	"false"	"2.22"	"1"	"Bad"	"523.0"	"Love"	"false"	"Customer 288"	"customer288"	"False"	"4.0"	"Default"
"CUST0387"	"Male"	"43.0"	"10.0"	"false"	"8.74"	"2"	"Bad"	"745.0"	"Fitness"	"true"	"Customer 387"	"user_387"	"False"	"4.0"	"Default"
"CUST0406"	"Female"	"26.0"	"3.0"	"false"	"6.23"	"1"	"Bad"	"520.0"	"Food lover"	"false"	"Customer 406"	"user_406"	"True"	"10.0"	"3"
"CUST0151"	"Female"	"41.0"	"9.0"	"false"	"3.26"	"5"	"Good"	"32.0"	"Always learning and sharing my experiences"	"false"	"Customer 151"	"user_151"	"True"	"2.0"	"6"
"CUST0574"	"Female"	"58.0"	"8.0"	"false"	"1.31"	"2"	"Bad"	"164.0"	"Foodie"	"false"	"Customer 574"	"user_574"	"False"	"7.0"	"2"
"CUST0163"	"Male"	"42.0"	"10.0"	"true"	"7.89"	"1"	"Bad"	"592.0"	"Shopaholic"	"true"	"Customer 163"	"user_163"	"False"	"9.0"	"Default"
"CUST0217"	"Male"	"17.0"	"1.0"	"true"	"13.68"	"4"	"Good"	"986.0"	"Always learning and sharing my experiences"	"false"	"Customer 217"	"user_217"	"True"	"6.0"	"2"
"CUST0035"	"Female"	"64.0"	"9.0"	"true"	"2.73"	"1"	"Bad"	"516.0"	"Traveler and dreamer"	"false"	"Customer 35"	"user_35"	"True"	"4.0"	"Default"
"CUST0221"	"Male"	"43.0"	"0.0"	"true"	"3.47"	"1"	"Bad"	"655.0"	"Tech geek"	"true"	"Customer 221"	"user_221"	"False"	"7.0"	"Default"
"CUST0087"	"Male"	"21.0"	"4.0"	"true"	"14.98"	"2"	"Bad"	"569.0"	"Love exploring new places"	"false"	"Customer 87"	"user_87"	"False"	"8.0"	"Default"
"CUST0284"	"Female"	"57.0"	"7.0"	"false"	"17.4"	"2"	"Bad"	"145.0"	"Love"	"false"	"Customer 284"	"user_284"	"False"	"9.0"	"Default"
"CUST0303"	"Male"	"45.0"	"9.0"	"true"	"13.86"	"4"	"Good"	"966.0"	"Passionate about sustainable living and healthy eating"	"false"	"Customer 303"	"user_303"	"True"	"8.0"	"1"
"CUST0356"	"Male"	"43.0"	"10.0"	"false"	"5.16"	"4"	"Good"	"126.0"	"Always learning and sharing my experiences"	"false"	"Customer 356"	"user_356"	"True"	"8.0"	"4"
"CUST0274"	"Female"	"32.0"	"7.0"	"false"	"17.9"	"1"	"Bad"	"646.0"	"Traveler and dreamer"	"false"	"Customer 274"	"user_274"	"True"	"3.0"	"7"
"CUST0332"	"Male"	"22.0"	"7.0"	"true"	"9.43"	"2"	"Bad"	"658.0"	"Music lover"	"false"	"Customer 332"	"customer332"	"False"	"2.0"	"3"
"CUST0241"	"Female"	"58.0"	"8.0"	"false"	"5.11"	"3"	"Bad"	"279.0"	"Enjoying"	"false"	"Customer 241"	"customer241"	"True"	"9.0"	"2"
"CUST0189"	"Female"	"59.0"	"3.0"	"true"	"5.82"	"2"	"Bad"	"695.0"	"Adventure seeker"	"false"	"Customer 189"	"user_189"	"False"	"3.0"	"Default"
"CUST0314"	"Male"	"58.0"	"6.0"	"false"	"19.2"	"1"	"Bad"	"438.0"	"Foodie"	"false"	"Customer 314"	"user_314"	"False"	"3.0"	"Default"
"CUST0147"	"Male"	"27.0"	"9.0"	"true"	"6.25"	"1"	"Bad"	"257.0"	"Traveler"	"false"	"Customer 147"	"user_147"	"False"	"6.0"	"Default"
"CUST0138"	"Female"	"17.0"	"7.0"	"true"	"12.91"	"2"	"Bad"	"80.0"	"Fitness"	"true"	"Customer 138"	"user_138"	"False"	"9.0"	"7"
"CUST0326"	"Male"	"20.0"	"9.0"	"true"	"2.9"	"4"	"Good"	"908.0"	"Loves exploring new cuisines and traveling the world"	"false"	"Customer 326"	"user_326"	"True"	"6.0"	"4"
"CUST0475"	"Female"	"52.0"	"3.0"	"false"	"8.32"	"3"	"Bad"	"213.0"	"Foodie"	"false"	"Customer 475"	"customer475"	"True"	"3.0"	"5"
"CUST0572"	"Female"	"46.0"	"6.0"	"false"	"7.38"	"5"	"Good"	"924.0"	"Fitness fanatic with a love for outdoor adventures"	"true"	"Customer 572"	"user_572"	"True"	"2.0"	"3"
"CUST0070"	"Female"	"50.0"	"7.0"	"true"	"1.62"	"4"	"Good"	"671.0"	"Passionate about sustainable living and healthy eating"	"false"	"Customer 70"	"user_70"	"True"	"8.0"	"4"
"CUST0213"	"Male"	"49.0"	"10.0"	"true"	"1.94"	"5"	"Good"	"67.0"	"Foodie, traveler, and passionate about personal growth"	"false"	"Customer 213"	"customer213"	"True"	"9.0"	"3"
"CUST0482"	"Female"	"58.0"	"5.0"	"false"	"6.45"	"2"	"Bad"	"591.0"	"Foodie"	"false"	"Customer 482"	"user_482"	"True"	"3.0"	"6"
"CUST0385"	"Female"	"42.0"	"1.0"	"false"	"6.76"	"5"	"Good"	"518.0"	"Adventure seeker and nature enthusiast"	"false"	"Customer 385"	"user_385"	"True"	"2.0"	"1"
"CUST0010"	"Male"	"24.0"	"9.0"	"false"	"17.69"	"2"	"Bad"	"659.0"	"Traveler"	"false"	"Customer 10"	"user_10"	"False"	"7.0"	"Default"
"CUST0441"	"Female"	"52.0"	"9.0"	"true"	"4.03"	"1"	"Bad"	"407.0"	"Shopaholic"	"true"	"Customer 441"	"customer441"	"False"	"9.0"	"8"
"CUST0096"	"Female"	"59.0"	"3.0"	"true"	"7.28"	"1"	"Bad"	"950.0"	"Shopaholic"	"true"	"Customer 96"	"customer96"	"False"	"1.0"	"Default"
"CUST0265"	"Female"	"29.0"	"1.0"	"false"	"16.5"	"2"	"Bad"	"685.0"	"Traveler"	"false"	"Customer 265"	"user_265"	"False"	"0.0"	"10"
"CUST0397"	"Male"	"53.0"	"2.0"	"true"	"18.79"	"2"	"Bad"	"701.0"	"Foodie"	"false"	"Customer 397"	"user_397"	"False"	"10.0"	"Default"
"CUST0207"	"Female"	"29.0"	"3.0"	"true"	"103589.7093"	"2"	"Bad"	"993.0"	"Adventure seeker"	"false"	"Customer 207"	"user_207"	"True"	"2.0"	"4"
"CUST0013"	"Male"	"57.0"	"5.0"	"true"	"1.94"	"1"	"Bad"	"69.0"	"Fitness"	"true"	"Customer 13"	"user_13"	"False"	"2.0"	"8"
"CUST0556"	"Male"	"23.0"	"10.0"	"false"	"5.36"	"3"	"Bad"	"396.0"	"Traveler"	"false"	"Customer 556"	"user_556"	"True"	"0.0"	"12"
"CUST0442"	"Male"	"18.0"	"5.0"	"true"	"3.3"	"3"	"Bad"	"275.0"	"Enjoying"	"false"	"Customer 442"	"customer442"	"True"	"0.0"	"3"
"CUST0498"	"Male"	"48.0"	"1.0"	"false"	"19.55"	"1"	"Bad"	"314.0"	"Enjoying the small moments"	"false"	"Customer 498"	"user_498"	"True"	"6.0"	"Default"
"CUST0463"	"Male"	"60.0"	"8.0"	"true"	"9.47"	"2"	"Bad"	"882.0"	"Food lover"	"false"	"Customer 463"	"user_463"	"False"	"9.0"	"1"
"CUST0338"	"Female"	"50.0"	"5.0"	"false"	"1.14"	"1"	"Bad"	"18.0"	"Traveler"	"false"	"Customer 338"	"user_338"	"False"	"8.0"	"Default"
"CUST0389"	"Female"	"21.0"	"0.0"	"false"	"16.93"	"4"	"Good"	"68.0"	"Adventure seeker and nature enthusiast"	"false"	"Customer 389"	"customer389"	"True"	"3.0"	"7"
"CUST0349"	"Male"	"63.0"	"0.0"	"true"	"15.34"	"2"	"Bad"	"822.0"	"Foodie"	"false"	"Customer 349"	"user_349"	"False"	"7.0"	"7"
"CUST0114"	"Male"	"53.0"	"10.0"	"false"	"8.46"	"2"	"Bad"	"715.0"	"Food lover"	"false"	"Customer 114"	"user_114"	"False"	"1.0"	"Default"
"CUST0026"	"Female"	"26.0"	"3.0"	"true"	"3.56"	"5"	"Good"	"414.0"	"Avid reader, tech enthusiast, and fitness lover"	"false"	"Customer 26"	"customer26"	"True"	"4.0"	"10"
"CUST0077"	"Female"	"52.0"	"10.0"	"true"	"8.13"	"2"	"Bad"	"143.0"	"Bookworm"	"false"	"Customer 77"	"user_77"	"False"	"5.0"	"Default"
"CUST0301"	"Male"	"23.0"	"10.0"	"true"	"19.52"	"1"	"Bad"	"448.0"	"Passionate about photography"	"false"	"Customer 301"	"customer301"	"False"	"5.0"	"8"
"CUST0056"	"Female"	"59.0"	"7.0"	"true"	"13.46"	"5"	"Good"	"602.0"	"Passionate about sustainable living and healthy eating"	"false"	"Customer 56"	"user_56"	"True"	"8.0"	"3"
"CUST0317"	"Male"	"53.0"	"7.0"	"false"	"16.42"	"5"	"Good"	"233.0"	"Adventure seeker and nature enthusiast"	"false"	"Customer 317"	"customer317"	"True"	"2.0"	"4"
"CUST0245"	"Male"	"30.0"	"8.0"	"true"	"18.01"	"3"	"Bad"	"16.0"	"Love"	"false"	"Customer 245"	"user_245"	"True"	"6.0"	"2"
"CUST0101"	"Male"	"37.0"	"8.0"	"false"	"15.7"	"4"	"Good"	"72.0"	"Creative thinker who enjoys innovation and challenges"	"false"	"Customer 101"	"user_101"	"True"	"1.0"	"9"
"CUST0191"	"Female"	"38.0"	"4.0"	"false"	"15.85"	"4"	"Good"	"711.0"	"Fitness fanatic with a love for outdoor adventures"	"true"	"Customer 191"	"user_191"	"True"	"8.0"	"8"
"CUST0360"	"Male"	"45.0"	"9.0"	"true"	"5.67"	"4"	"Good"	"780.0"	"Loves exploring new cuisines and traveling the world"	"false"	"Customer 360"	"user_360"	"True"	"3.0"	"8"
"CUST0097"	"Female"	"56.0"	"6.0"	"false"	"11.52"	"4"	"Good"	"602.0"	"Creative thinker who enjoys innovation and challenges"	"false"	"Customer 97"	"user_97"	"True"	"7.0"	"3"
"CUST0537"	"Male"	"29.0"	"4.0"	"true"	"3.48"	"2"	"Bad"	"295.0"	"Love"	"false"	"Customer 537"	"user_537"	"False"	"6.0"	"Default"
"CUST0033"	"Female"	"31.0"	"4.0"	"false"	"4.44"	"1"	"Bad"	"754.0"	"Bookworm"	"false"	"Customer 33"	"user_33"	"True"	"2.0"	"Default"
"CUST0210"	"Male"	"21.0"	"3.0"	"false"	"14.3"	"5"	"Good"	"536.0"	"Always learning and sharing my experiences"	"false"	"Customer 210"	"user_210"	"True"	"2.0"	"3"
"CUST0234"	"Female"	"30.0"	"8.0"	"true"	"16.41"	"4"	"Good"	"410.0"	"Avid reader, tech enthusiast, and fitness lover"	"false"	"Customer 234"	"customer234"	"True"	"1.0"	"7"
"CUST0222"	"Female"	"40.0"	"3.0"	"false"	"12.95"	"5"	"Good"	"771.0"	"Always learning and sharing my experiences"	"false"	"Customer 222"	"user_222"	"True"	"9.0"	"5"
"CUST0324"	"Male"	"51.0"	"4.0"	"true"	"9.08"	"2"	"Bad"	"693.0"	"Traveler"	"false"	"Customer 324"	"user_324"	"False"	"5.0"	"12"
"CUST0527"	"Male"	"63.0"	"2.0"	"true"	"19.28"	"5"	"Good"	"645.0"	"Always learning and sharing my experiences"	"false"	"Customer 527"	"user_527"	"True"	"4.0"	"10"
"CUST0364"	"Male"	"24.0"	"6.0"	"false"	"2.93"	"4"	"Good"	"460.0"	"Fitness fanatic with a love for outdoor adventures"	"true"	"Customer 364"	"user_364"	"True"	"0.0"	"4"
"CUST0260"	"Female"	"48.0"	"1.0"	"false"	"1.23"	"2"	"Bad"	"143.0"	"Foodie"	"false"	"Customer 260"	"user_260"	"False"	"1.0"	"Default"
"CUST0021"	"Female"	"27.0"	"8.0"	"true"	"17.69"	"1"	"Bad"	"689.0"	"Love"	"false"	"Customer 21"	"user_21"	"False"	"0.0"	"Default"
"CUST0139"	"Male"	"60.0"	"6.0"	"true"	"15.43"	"1"	"Bad"	"576.0"	"Shopaholic"	"true"	"Customer 139"	"user_139"	"False"	"7.0"	"Default"
"CUST0339"	"Male"	"45.0"	"10.0"	"false"	"7.09"	"2"	"Bad"	"14.0"	"Love exploring new places"	"false"	"Customer 339"	"user_339"	"False"	"6.0"	"Default"
"CUST0401"	"Female"	"46.0"	"1.0"	"true"	"8.53"	"4"	"Good"	"426.0"	"Avid reader, tech enthusiast, and fitness lover"	"false"	"Customer 401"	"user_401"	"True"	"5.0"	"4"
"CUST0455"	"Female"	"42.0"	"5.0"	"true"	"8.86"	"1"	"Bad"	"374.0"	"Foodie"	"false"	"Customer 455"	"user_455"	"False"	"8.0"	"Default"
"CUST0506"	"Male"	"41.0"	"1.0"	"true"	"19.44"	"2"	"Bad"	"553.0"	"Traveler"	"false"	"Customer 506"	"user_506"	"False"	"1.0"	"Default"
"CUST0351"	"Female"	"62.0"	"3.0"	"true"	"1.32"	"3"	"Bad"	"793.0"	"Shopaholic"	"true"	"Customer 351"	"user_351"	"True"	"7.0"	"9"
"CUST0335"	"Female"	"34.0"	"10.0"	"false"	"2.46"	"5"	"Good"	"754.0"	"Creative thinker who enjoys innovation and challenges"	"false"	"Customer 335"	"user_335"	"True"	"7.0"	"10"
"CUST0416"	"Male"	"45.0"	"4.0"	"true"	"11.89"	"2"	"Bad"	"907.0"	"Enjoying"	"false"	"Customer 416"	"customer416"	"False"	"1.0"	"Default"
"CUST0499"	"Male"	"24.0"	"5.0"	"false"	"12.75"	"4"	"Good"	"816.0"	"Always learning and sharing my experiences"	"false"	"Customer 499"	"user_499"	"True"	"7.0"	"7"
"CUST0408"	"Female"	"59.0"	"0.0"	"true"	"7.45"	"2"	"Bad"	"405.0"	"Fitness"	"true"	"Customer 408"	"user_408"	"False"	"1.0"	"Default"
"CUST0566"	"Male"	"23.0"	"5.0"	"false"	"11.56"	"3"	"Bad"	"720.0"	"Traveler"	"false"	"Customer 566"	"user_566"	"True"	"5.0"	"1"
"CUST0015"	"Female"	"26.0"	"6.0"	"false"	"10.99"	"3"	"Bad"	"938.0"	"Fitness"	"true"	"Customer 15"	"user_15"	"True"	"7.0"	"6"
"CUST0001"	"Female"	"43.0"	"9.0"	"true"	"13.11"	"2"	"Bad"	"472.0"	"Always learning"	"false"	"Customer 1"	"user_1"	"True"	"7.0"	"7"
"CUST0204"	"Male"	"46.0"	"5.0"	"false"	"12.88"	"2"	"Bad"	"33.0"	"Enjoying the small moments"	"false"	"Customer 204"	"user_204"	"True"	"5.0"	"Default"
"CUST0373"	"Female"	"64.0"	"8.0"	"false"	"14.88"	"4"	"Good"	"869.0"	"Passionate about sustainable living and healthy eating"	"false"	"Customer 373"	"user_373"	"True"	"0.0"	"9"
"CUST0526"	"Female"	"56.0"	"7.0"	"false"	"9.21"	"2"	"Bad"	"263.0"	"Foodie"	"false"	"Customer 526"	"user_526"	"False"	"6.0"	"Default"
"CUST0359"	"Male"	"61.0"	"1.0"	"false"	"6.91"	"2"	"Bad"	"474.0"	"Fitness"	"true"	"Customer 359"	"user_359"	"False"	"5.0"	"Default"
"CUST0547"	"Female"	"54.0"	"8.0"	"true"	"2.15"	"2"	"Bad"	"835.0"	"Bookworm"	"false"	"Customer 547"	"user_547"	"False"	"0.0"	"5"
"CUST0327"	"Male"	"23.0"	"4.0"	"false"	"5.96"	"5"	"Good"	"460.0"	"Always learning and sharing my experiences"	"false"	"Customer 327"	"user_327"	"True"	"1.0"	"8"
"CUST0199"	"Female"	"34.0"	"7.0"	"false"	"1.19"	"1"	"Bad"	"334.0"	"Food lover"	"false"	"Customer 199"	"user_199"	"True"	"5.0"	"Default"
"CUST0193"	"Female"	"47.0"	"10.0"	"true"	"18.35"	"1"	"Bad"	"936.0"	"Passionate about photography"	"false"	"Customer 193"	"customer193"	"True"	"5.0"	"Default"
"CUST0563"	"Female"	"52.0"	"0.0"	"false"	"13.98"	"1"	"Bad"	"238.0"	"Food lover"	"false"	"Customer 563"	"user_563"	"False"	"0.0"	"Default"
"CUST0473"	"Female"	"20.0"	"4.0"	"true"	"18.56"	"2"	"Bad"	"319.0"	"Shopaholic"	"true"	"Customer 473"	"user_473"	"False"	"1.0"	"Default"
"CUST0558"	"Male"	"26.0"	"9.0"	"true"	"13.36"	"3"	"Bad"	"195.0"	"Shopaholic"	"true"	"Customer 558"	"user_558"	"True"	"4.0"	"12"
"CUST0169"	"Male"	"39.0"	"2.0"	"true"	"10.83"	"2"	"Bad"	"8.0"	"Always learning"	"false"	"Customer 169"	"user_169"	"False"	"4.0"	"11"
"CUST0322"	"Female"	"27.0"	"5.0"	"false"	"4.7"	"3"	"Bad"	"839.0"	"Enjoying"	"false"	"Customer 322"	"customer322"	"True"	"10.0"	"6"
"CUST0192"	"Female"	"50.0"	"3.0"	"true"	"18.77"	"2"	"Bad"	"227.0"	"Tech geek"	"true"	"Customer 192"	"user_192"	"True"	"2.0"	"Default"
"CUST0287"	"Male"	"24.0"	"7.0"	"false"	"5.9"	"4"	"Good"	"142.0"	"Avid reader, tech enthusiast, and fitness lover"	"false"	"Customer 287"	"user_287"	"True"	"0.0"	"11"
"CUST0032"	"Male"	"17.0"	"4.0"	"false"	"10.05"	"1"	"Bad"	"711.0"	"Bookworm"	"false"	"Customer 32"	"user_32"	"False"	"10.0"	"Default"
"CUST0095"	"Female"	"49.0"	"1.0"	"true"	"18.31"	"1"	"Bad"	"535.0"	"Love"	"false"	"Customer 95"	"customer95"	"False"	"3.0"	"8"
"CUST0249"	"Female"	"21.0"	"4.0"	"false"	"19.36"	"2"	"Bad"	"184.0"	"Shopaholic"	"true"	"Customer 249"	"user_249"	"False"	"4.0"	"Default"
"CUST0161"	"Male"	"51.0"	"4.0"	"false"	"10.22"	"1"	"Bad"	"355.0"	"Fitness"	"true"	"Customer 161"	"user_161"	"False"	"10.0"	"Default"
"CUST0063"	"Female"	"28.0"	"10.0"	"false"	"7.12"	"2"	"Bad"	"410.0"	"Fitness enthusiast"	"true"	"Customer 63"	"user_63"	"True"	"4.0"	"Default"
"CUST0173"	"Male"	"55.0"	"0.0"	"true"	"14.14"	"3"	"Bad"	"792.0"	"Fitness"	"true"	"Customer 173"	"user_173"	"True"	"2.0"	"3"
"CUST0531"	"Female"	"35.0"	"2.0"	"false"	"9.98"	"2"	"Bad"	"70.0"	"Love"	"false"	"Customer 531"	"user_531"	"False"	"4.0"	"Default"
"CUST0585"	"Male"	"24.0"	"5.0"	"false"	"7.03"	"1"	"Bad"	"999.0"	"Fitness enthusiast"	"true"	"Customer 585"	"user_585"	"False"	"1.0"	"Default"
"CUST0275"	"Male"	"17.0"	"4.0"	"true"	"7.79"	"1"	"Bad"	"809.0"	"Fitness enthusiast"	"true"	"Customer 275"	"user_275"	"True"	"5.0"	"4"
"CUST0311"	"Female"	"49.0"	"7.0"	"true"	"16.72"	"2"	"Bad"	"290.0"	"Shopaholic and proud"	"true"	"Customer 311"	"customer311"	"True"	"10.0"	"Default"
"CUST0500"	"Female"	"55.0"	"2.0"	"false"	"2.88"	"1"	"Bad"	"846.0"	"Fitness"	"true"	"Customer 500"	"customer500"	"False"	"3.0"	"Default"
"CUST0588"	"Male"	"27.0"	"10.0"	"true"	"2.77"	"3"	"Bad"	"985.0"	"Love"	"false"	"Customer 588"	"user_588"	"True"	"5.0"	"4"
"CUST0105"	"Male"	"27.0"	"10.0"	"true"	"3.4"	"3"	"Bad"	"2.0"	"Fitness"	"true"	"Customer 105"	"customer105"	"True"	"1.0"	"10"
"CUST0076"	"Female"	"46.0"	"9.0"	"true"	"16.33"	"2"	"Bad"	"41.0"	"Enjoying"	"false"	"Customer 76"	"user_76"	"False"	"6.0"	"Default"
"CUST0355"	"Female"	"61.0"	"0.0"	"false"	"2.81"	"1"	"Bad"	"50.0"	"Tech geek"	"true"	"Customer 355"	"user_355"	"False"	"1.0"	"Default"
"CUST0226"	"Female"	"20.0"	"9.0"	"true"	"8.91"	"2"	"Bad"	"222.0"	"Enjoying the small moments"	"false"	"Customer 226"	"user_226"	"False"	"6.0"	"6"
"CUST0425"	"Female"	"31.0"	"9.0"	"true"	"6.0"	"2"	"Bad"	"552.0"	"Enjoying"	"false"	"Customer 425"	"user_425"	"False"	"6.0"	"Default"
"CUST0109"	"Female"	"40.0"	"4.0"	"false"	"5.12"	"2"	"Bad"	"404.0"	"Shopaholic"	"true"	"Customer 109"	"customer109"	"False"	"10.0"	"Default"
"CUST0430"	"Female"	"29.0"	"0.0"	"true"	"14.73"	"3"	"Bad"	"68.0"	"Love"	"false"	"Customer 430"	"customer430"	"True"	"8.0"	"12"
"CUST0471"	"Male"	"50.0"	"2.0"	"false"	"13.45"	"4"	"Good"	"457.0"	"Foodie, traveler, and passionate about personal growth"	"false"	"Customer 471"	"user_471"	"True"	"6.0"	"2"
"CUST0133"	"Male"	"41.0"	"3.0"	"true"	"12.73"	"2"	"Bad"	"802.0"	"Traveler and dreamer"	"false"	"Customer 133"	"user_133"	"True"	"2.0"	"Default"
"CUST0019"	"Male"	"26.0"	"10.0"	"false"	"9.1"	"1"	"Bad"	"305.0"	"Shopaholic"	"true"	"Customer 19"	"customer19"	"False"	"3.0"	"6"
"CUST0599"	"Female"	"49.0"	"5.0"	"false"	"11.01"	"5"	"Good"	"455.0"	"Passionate about sustainable living and healthy eating"	"false"	"Customer 599"	"user_599"	"True"	"5.0"	"9"
"CUST0382"	"Female"	"18.0"	"8.0"	"false"	"6.69"	"2"	"Bad"	"713.0"	"Passionate about photography"	"false"	"Customer 382"	"user_382"	"False"	"7.0"	"Default"
"CUST0312"	"Female"	"31.0"	"1.0"	"false"	"14.61"	"2"	"Bad"	"416.0"	"Traveler"	"false"	"Customer 312"	"user_312"	"False"	"8.0"	"Default"
"CUST0462"	"Female"	"45.0"	"9.0"	"false"	"9.9"	"4"	"Good"	"731.0"	"Passionate about sustainable living and healthy eating"	"false"	"Customer 462"	"user_462"	"True"	"2.0"	"8"
"CUST0427"	"Male"	"49.0"	"0.0"	"false"	"5.37"	"2"	"Bad"	"352.0"	"Love"	"false"	"Customer 427"	"user_427"	"False"	"0.0"	"3"
"CUST0196"	"Male"	"50.0"	"1.0"	"false"	"14.24"	"2"	"Bad"	"121.0"	"Enjoying"	"false"	"Customer 196"	"user_196"	"False"	"6.0"	"2"
"CUST0573"	"Male"	"57.0"	"2.0"	"true"	"7.51"	"5"	"Good"	"802.0"	"Avid reader, tech enthusiast, and fitness lover"	"false"	"Customer 573"	"customer573"	"True"	"5.0"	"6"
"CUST0486"	"Male"	"21.0"	"1.0"	"true"	"6.12"	"4"	"Good"	"142.0"	"Tech geek who loves exploring cutting-edge solutions"	"true"	"Customer 486"	"user_486"	"True"	"6.0"	"12"
"CUST0190"	"Female"	"41.0"	"6.0"	"false"	"11.98"	"1"	"Bad"	"753.0"	"Music lover"	"false"	"Customer 190"	"user_190"	"True"	"2.0"	"Default"
"CUST0472"	"Female"	"55.0"	"10.0"	"false"	"16.22"	"1"	"Bad"	"337.0"	"Shopaholic"	"true"	"Customer 472"	"user_472"	"False"	"0.0"	"Default"
"CUST0552"	"Male"	"61.0"	"10.0"	"true"	"14.15"	"3"	"Bad"	"175.0"	"Shopaholic"	"true"	"Customer 552"	"user_552"	"True"	"5.0"	"10"
"CUST0350"	"Female"	"39.0"	"8.0"	"true"	"9.36"	"3"	"Bad"	"609.0"	"Traveler"	"false"	"Customer 350"	"user_350"	"True"	"8.0"	"7"
"CUST0536"	"Male"	"38.0"	"9.0"	"true"	"19.99"	"1"	"Bad"	"836.0"	"Traveler and dreamer"	"false"	"Customer 536"	"user_536"	"False"	"2.0"	"3"
"CUST0227"	"Female"	"63.0"	"4.0"	"false"	"8.51"	"2"	"Bad"	"372.0"	"Food lover"	"false"	"Customer 227"	"customer227"	"False"	"2.0"	"Default"
"CUST0568"	"Male"	"36.0"	"6.0"	"true"	"7.76"	"1"	"Bad"	"303.0"	"Love"	"false"	"Customer 568"	"user_568"	"False"	"8.0"	"Default"
"CUST0553"	"Female"	"18.0"	"1.0"	"true"	"17.09"	"1"	"Bad"	"471.0"	"Fitness enthusiast"	"true"	"Customer 553"	"user_553"	"True"	"9.0"	"Default"
"CUST0392"	"Male"	"19.0"	"10.0"	"false"	"1.38"	"5"	"Good"	"378.0"	"Avid reader, tech enthusiast, and fitness lover"	"false"	"Customer 392"	"user_392"	"True"	"1.0"	"5"
"CUST0034"	"Male"	"28.0"	"3.0"	"true"	"9.48"	"1"	"Bad"	"143.0"	"Enjoying the small moments"	"false"	"Customer 34"	"user_34"	"True"	"10.0"	"Default"
"CUST0384"	"Male"	"61.0"	"2.0"	"true"	"14.03"	"1"	"Bad"	"233.0"	"Fitness"	"true"	"Customer 384"	"user_384"	"False"	"6.0"	"Default"
"CUST0340"	"Female"	"18.0"	"7.0"	"false"	"8.35"	"1"	"Bad"	"459.0"	"Always learning"	"false"	"Customer 340"	"user_340"	"True"	"1.0"	"Default"
"CUST0570"	"Male"	"48.0"	"5.0"	"false"	"16.57"	"5"	"Good"	"601.0"	"Always learning and sharing my experiences"	"false"	"Customer 570"	"customer570"	"True"	"5.0"	"4"
"CUST0539"	"Male"	"43.0"	"3.0"	"false"	"10.71"	"1"	"Bad"	"780.0"	"Enjoying"	"false"	"Customer 539"	"customer539"	"False"	"4.0"	"Default"
"CUST0469"	"Female"	"19.0"	"6.0"	"false"	"9.14"	"2"	"Bad"	"919.0"	"Adventure seeker"	"false"	"Customer 469"	"customer469"	"True"	"8.0"	"Default"
"CUST0305"	"Male"	"38.0"	"10.0"	"true"	"8.91"	"2"	"Bad"	"932.0"	"Love"	"false"	"Customer 305"	"user_305"	"False"	"6.0"	"Default"
"CUST0272"	"Male"	"55.0"	"4.0"	"true"	"11.29"	"3"	"Bad"	"68.0"	"Traveler"	"false"	"Customer 272"	"user_272"	"True"	"5.0"	"6"
"CUST0197"	"Male"	"44.0"	"9.0"	"true"	"4.8"	"3"	"Bad"	"260.0"	"Love"	"false"	"Customer 197"	"user_197"	"True"	"5.0"	"7"
"CUST0489"	"Female"	"24.0"	"5.0"	"false"	"1.65"	"5"	"Good"	"850.0"	"Adventure seeker and nature enthusiast"	"false"	"Customer 489"	"user_489"	"True"	"10.0"	"11"
"CUST0178"	"Male"	"50.0"	"10.0"	"false"	"18.68"	"1"	"Bad"	"506.0"	"Enjoying the small moments"	"false"	"Customer 178"	"user_178"	"False"	"0.0"	"Default"
"CUST0103"	"Female"	"30.0"	"7.0"	"false"	"13.64"	"2"	"Bad"	"254.0"	"Enjoying"	"false"	"Customer 103"	"user_103"	"False"	"8.0"	"Default"
"CUST0090"	"Female"	"46.0"	"4.0"	"true"	"14.41"	"2"	"Bad"	"707.0"	"Shopaholic"	"true"	"Customer 90"	"user_90"	"True"	"6.0"	"10"
"CUST0587"	"Female"	"30.0"	"6.0"	"true"	"12.1"	"5"	"Good"	"748.0"	"Foodie, traveler, and passionate about personal growth"	"false"	"Customer 587"	"user_587"	"True"	"6.0"	"12"
"CUST0018"	"Female"	"28.0"	"6.0"	"true"	"18.07"	"1"	"Bad"	"129.0"	"Music lover"	"false"	"Customer 18"	"user_18"	"True"	"10.0"	"Default"
"CUST0270"	"Male"	"33.0"	"5.0"	"true"	"9.25"	"2"	"Bad"	"697.0"	"Enjoying"	"false"	"Customer 270"	"customer270"	"False"	"10.0"	"11"
"CUST0440"	"Female"	"63.0"	"9.0"	"true"	"12.87"	"2"	"Bad"	"786.0"	"Bookworm"	"false"	"Customer 440"	"user_440"	"False"	"5.0"	"11"
"CUST0131"	"Male"	"49.0"	"9.0"	"false"	"13.12"	"1"	"Bad"	"571.0"	"Love"	"false"	"Customer 131"	"user_131"	"False"	"8.0"	"2"
"CUST0517"	"Male"	"64.0"	"4.0"	"true"	"19.33"	"1"	"Bad"	"283.0"	"Enjoying"	"false"	"Customer 517"	"user_517"	"False"	"6.0"	"Default"
"CUST0476"	"Male"	"64.0"	"9.0"	"true"	"15.1"	"3"	"Bad"	"123.0"	"Enjoying"	"false"	"Customer 476"	"customer476"	"True"	"1.0"	"7"
"CUST0328"	"Female"	"39.0"	"2.0"	"false"	"9.62"	"5"	"Good"	"199.0"	"Loves photography, music, and exploring new cultures"	"false"	"Customer 328"	"user_328"	"True"	"8.0"	"4"
"CUST0209"	"Female"	"39.0"	"2.0"	"true"	"15.82"	"2"	"Bad"	"689.0"	"Shopaholic and proud"	"true"	"Customer 209"	"user_209"	"False"	"4.0"	"7"
"CUST0292"	"Female"	"60.0"	"7.0"	"false"	"5.61"	"3"	"Bad"	"66.0"	"Fitness"	"true"	"Customer 292"	"user_292"	"True"	"1.0"	"1"
"CUST0089"	"Female"	"50.0"	"3.0"	"true"	"1.17"	"2"	"Bad"	"301.0"	"Shopaholic and proud"	"true"	"Customer 89"	"user_89"	"True"	"1.0"	"Default"
"CUST0452"	"Female"	"28.0"	"4.0"	"false"	"1.47"	"4"	"Good"	"740.0"	"Foodie, traveler, and passionate about personal growth"	"false"	"Customer 452"	"user_452"	"True"	"5.0"	"12"
"CUST0279"	"Female"	"42.0"	"4.0"	"true"	"15.13"	"1"	"Bad"	"23.0"	"Tech geek"	"true"	"Customer 279"	"user_279"	"True"	"5.0"	"Default"
"CUST0505"	"Male"	"62.0"	"3.0"	"false"	"13.48"	"2"	"Bad"	"597.0"	"Fitness enthusiast"	"true"	"Customer 505"	"user_505"	"True"	"7.0"	"Default"
"CUST0155"	"Female"	"39.0"	"9.0"	"true"	"1.83"	"1"	"Bad"	"146.0"	"Traveler"	"false"	"Customer 155"	"user_155"	"True"	"1.0"	"12"
"CUST0590"	"Male"	"17.0"	"10.0"	"false"	"18.13"	"2"	"Bad"	"82.0"	"Love"	"false"	"Customer 590"	"customer590"	"False"	"2.0"	"Default"
"CUST0038"	"Female"	"61.0"	"1.0"	"true"	"3.65"	"2"	"Bad"	"569.0"	"Enjoying the small moments"	"false"	"Customer 38"	"customer38"	"False"	"6.0"	"Default"
"CUST0362"	"Female"	"62.0"	"7.0"	"true"	"10.28"	"2"	"Bad"	"307.0"	"Enjoying"	"false"	"Customer 362"	"customer362"	"False"	"1.0"	"Default"
"CUST0135"	"Male"	"60.0"	"8.0"	"false"	"17.61"	"1"	"Bad"	"812.0"	"Shopaholic"	"true"	"Customer 135"	"customer135"	"False"	"3.0"	"Default"
"CUST0393"	"Male"	"56.0"	"10.0"	"true"	"2.51"	"5"	"Good"	"492.0"	"Loves photography, music, and exploring new cultures"	"false"	"Customer 393"	"customer393"	"True"	"2.0"	"12"
"CUST0188"	"Male"	"48.0"	"6.0"	"false"	"14.5"	"1"	"Bad"	"648.0"	"Shopaholic"	"true"	"Customer 188"	"user_188"	"False"	"6.0"	"Default"
"CUST0215"	"Male"	"51.0"	"10.0"	"false"	"14.42"	"3"	"Bad"	"255.0"	"Fitness"	"true"	"Customer 215"	"user_215"	"True"	"8.0"	"12"
"CUST0041"	"Male"	"18.0"	"1.0"	"true"	"14.61"	"2"	"Bad"	"367.0"	"Tech geek"	"true"	"Customer 41"	"customer41"	"True"	"8.0"	"Default"
"CUST0591"	"Female"	"35.0"	"8.0"	"false"	"19.71"	"4"	"Good"	"553.0"	"Tech geek who loves exploring cutting-edge solutions"	"true"	"Customer 591"	"user_591"	"True"	"9.0"	"12"
"CUST0549"	"Female"	"20.0"	"9.0"	"false"	"3.37"	"4"	"Good"	"684.0"	"Adventure seeker and nature enthusiast"	"false"	"Customer 549"	"user_549"	"True"	"9.0"	"6"
"CUST0367"	"Male"	"25.0"	"7.0"	"true"	"2.39"	"2"	"Bad"	"344.0"	"Love"	"false"	"Customer 367"	"user_367"	"False"	"9.0"	"Default"
"CUST0104"	"Female"	"44.0"	"1.0"	"true"	"19.58"	"2"	"Bad"	"891.0"	"Music lover"	"false"	"Customer 104"	"user_104"	"False"	"3.0"	"Default"
"CUST0123"	"Female"	"48.0"	"8.0"	"true"	"4.34"	"2"	"Bad"	"965.0"	"Fitness"	"true"	"Customer 123"	"customer123"	"False"	"7.0"	"6"
"CUST0120"	"Male"	"29.0"	"5.0"	"true"	"9.88"	"1"	"Bad"	"263.0"	"Fitness"	"true"	"Customer 120"	"user_120"	"False"	"8.0"	"Default"
"CUST0520"	"Male"	"43.0"	"8.0"	"false"	"5.53"	"2"	"Bad"	"998.0"	"Love exploring new places"	"false"	"Customer 520"	"user_520"	"False"	"1.0"	"Default"
"CUST0488"	"Male"	"23.0"	"8.0"	"true"	"12.12"	"1"	"Bad"	"160.0"	"Music lover"	"false"	"Customer 488"	"user_488"	"False"	"0.0"	"8"
"CUST0593"	"Male"	"56.0"	"3.0"	"false"	"6.35"	"3"	"Bad"	"765.0"	"Fitness"	"true"	"Customer 593"	"user_593"	"True"	"7.0"	"5"
"CUST0232"	"Male"	"47.0"	"8.0"	"false"	"10.92"	"5"	"Good"	"977.0"	"Tech geek who loves exploring cutting-edge solutions"	"true"	"Customer 232"	"user_232"	"True"	"0.0"	"7"
"CUST0321"	"Male"	"24.0"	"5.0"	"true"	"13.52"	"5"	"Good"	"558.0"	"Always learning and sharing my experiences"	"false"	"Customer 321"	"user_321"	"True"	"10.0"	"9"
"CUST0490"	"Female"	"42.0"	"2.0"	"true"	"18.91"	"1"	"Bad"	"6.0"	"Enjoying the small moments"	"false"	"Customer 490"	"user_490"	"True"	"7.0"	"Default"
"CUST0264"	"Male"	"42.0"	"8.0"	"false"	"2.68"	"2"	"Bad"	"698.0"	"Shopaholic"	"true"	"Customer 264"	"user_264"	"False"	"4.0"	"4"
"CUST0214"	"Female"	"50.0"	"5.0"	"false"	"19.76"	"3"	"Bad"	"609.0"	"Traveler"	"false"	"Customer 214"	"user_214"	"True"	"2.0"	"5"
