{
  "trainedWithDSSVersion": "13.4.3",
  "backend": "PY_MEMORY",
  "isValid": true,
  "type": "BINARY_PROBABILISTIC",
  "algorithm_name": "LOGISTIC",
  "columns": [
    "Years with Firm",
    "Average Transactions per Month",
    "Credit Balance (AED)",
    "Number of Referrals",
    "Age",
    "dummy:Gender:Male",
    "dummy:Gender:N/A",
    "dummy:Active on Social Media:true",
    "dummy:Active on Social Media:N/A",
    "dummy:Payback Status:Default",
    "dummy:Payback Status:4",
    "dummy:Payback Status:8",
    "dummy:Payback Status:11",
    "dummy:Payback Status:7",
    "dummy:Payback Status:6",
    "dummy:Payback Status:12",
    "dummy:Payback Status:3",
    "dummy:Payback Status:10",
    "dummy:Payback Status:1",
    "dummy:Payback Status:9",
    "dummy:Payback Status:2",
    "dummy:Payback Status:N/A",
    "dummy:tag:false",
    "dummy:tag:N/A"
  ],
  "classes": [
    "Bad",
    "Good"
  ]
}