{
    "perClassFacts": {
        "unique": {
            "Payback Status": {
                "impact": 1.0712634968553292,
                "rank": 1,
                "feature": "Payback Status",
                "positiveCategoricalValue": "11",
                "negativeCategoricalValue": "Default",
                "infoGain": 0.6757779980247911,
                "type": "CATEGORICAL"
            },
            "Number of Referrals": {
                "impact": 0.22811332365886627,
                "rank": 2,
                "feature": "Number of Referrals",
                "correlation": -0.9648983815537723,
                "type": "NUMERICAL"
            },
            "Age": {
                "impact": 0.18495290289746727,
                "rank": 3,
                "feature": "Age",
                "correlation": -0.9918047709327718,
                "type": "NUMERICAL"
            },
            "tag": {
                "impact": 0.09152384358491746,
                "rank": 4,
                "feature": "tag",
                "positiveCategoricalValue": "false",
                "negativeCategoricalValue": "true",
                "infoGain": 0.6116122595809761,
                "type": "CATEGORICAL"
            },
            "Active on Social Media": {
                "impact": 0.08044296197934553,
                "rank": 5,
                "feature": "Active on Social Media",
                "positiveCategoricalValue": "false",
                "negativeCategoricalValue": "true",
                "infoGain": 0.6899720746344096,
                "type": "CATEGORICAL"
            },
            "Credit Balance (AED)": {
                "impact": 0.07816245947043657,
                "rank": 6,
                "feature": "Credit Balance (AED)",
                "correlation": 0.9994467496118713,
                "type": "NUMERICAL"
            },
            "Years with Firm": {
                "impact": 0.05412880348533328,
                "rank": 7,
                "feature": "Years with Firm",
                "correlation": 0.9560525503260437,
                "type": "NUMERICAL"
            },
            "Gender": {
                "impact": 0.04068205128749395,
                "rank": 8,
                "feature": "Gender",
                "positiveCategoricalValue": "Male",
                "negativeCategoricalValue": "Female",
                "infoGain": 0.6931080227146618,
                "type": "CATEGORICAL"
            }
        }
    }
}