{
    "startedAt": 1744699188781,
    "gridSize": 5,
    "nThreads": 4,
    "nSplits": 5,
    "metric": "ROC_AUC",
    "timeout": null,
    "gridPoints": [
        {
            "finishedAt": 1744699188856,
            "score": 0.811567582634337,
            "testScoreGibMean": 0.811567582634337,
            "testScoreMean": 0.811567582634337,
            "testScoreStd": 0.0395732518143495,
            "trainScoreMean": 0.8651893810190446,
            "trainScoreStd": 0.009243611092443645,
            "time": 149,
            "fitTimeMean": 7.8,
            "fitTimeStd": 1.16619037896906,
            "scoreTimeMean": 22.0,
            "scoreTimeStd": 6.0332412515993425,
            "parameters": {
                "C": 0.1,
                "penalty": "l2"
            }
        },
        {
            "finishedAt": 1744699188918,
            "score": 0.799423778143853,
            "testScoreGibMean": 0.799423778143853,
            "testScoreMean": 0.799423778143853,
            "testScoreStd": 0.05491465982050821,
            "trainScoreMean": 0.8373589556173461,
            "trainScoreStd": 0.007012616229578595,
            "time": 132,
            "fitTimeMean": 8.0,
            "fitTimeStd": 2.3664319132398464,
            "scoreTimeMean": 18.4,
            "scoreTimeStd": 2.576819745345025,
            "parameters": {
                "C": 0.01,
                "penalty": "l2"
            }
        },
        {
            "finishedAt": 1744699188965,
            "score": 0.7904808286947236,
            "testScoreGibMean": 0.7904808286947236,
            "testScoreMean": 0.7904808286947236,
            "testScoreStd": 0.05368263269786996,
            "trainScoreMean": 0.8730957515062826,
            "trainScoreStd": 0.010262998488244373,
            "time": 154,
            "fitTimeMean": 8.6,
            "fitTimeStd": 1.3564659966250536,
            "scoreTimeMean": 22.2,
            "scoreTimeStd": 4.019950248448356,
            "parameters": {
                "C": 10.0,
                "penalty": "l2"
            }
        },
        {
            "finishedAt": 1744699188995,
            "score": 0.7931160720661035,
            "testScoreGibMean": 0.7931160720661035,
            "testScoreMean": 0.7931160720661035,
            "testScoreStd": 0.05326806608051395,
            "trainScoreMean": 0.8721070538667459,
            "trainScoreStd": 0.010418419105443142,
            "time": 123,
            "fitTimeMean": 7.0,
            "fitTimeStd": 1.4142135623730951,
            "scoreTimeMean": 17.6,
            "scoreTimeStd": 5.748043145279966,
            "parameters": {
                "C": 1.0,
                "penalty": "l2"
            }
        },
        {
            "finishedAt": 1744699189028,
            "score": 0.7903480242183274,
            "testScoreGibMean": 0.7903480242183274,
            "testScoreMean": 0.7903480242183274,
            "testScoreStd": 0.05356536297070568,
            "trainScoreMean": 0.8732676917626228,
            "trainScoreStd": 0.010429490493371694,
            "time": 113,
            "fitTimeMean": 8.0,
            "fitTimeStd": 1.8973665961010275,
            "scoreTimeMean": 14.6,
            "scoreTimeStd": 2.33238075793812,
            "parameters": {
                "C": 100.0,
                "penalty": "l2"
            }
        }
    ]
}