[
    {
        "test_score_gib": 0.8056265984654732,
        "train_score": 0.8694700133814526,
        "test_score": 0.8056265984654732,
        "num_samples": 91,
        "fit_time": 9,
        "score_time": 15,
        "time": 24,
        "parameters": {
            "C": 0.1,
            "penalty": "l2"
        },
        "done_at": 1744699188828,
        "split_id": 0
    },
    {
        "test_score_gib": 0.8126598465473146,
        "train_score": 0.8585215522484895,
        "test_score": 0.8126598465473146,
        "num_samples": 91,
        "fit_time": 6,
        "score_time": 31,
        "time": 37,
        "parameters": {
            "C": 0.1,
            "penalty": "l2"
        },
        "done_at": 1744699188843,
        "split_id": 1
    },
    {
        "test_score_gib": 0.8228900255754475,
        "train_score": 0.8611572928916102,
        "test_score": 0.8228900255754475,
        "num_samples": 91,
        "fit_time": 7,
        "score_time": 22,
        "time": 29,
        "parameters": {
            "C": 0.1,
            "penalty": "l2"
        },
        "done_at": 1744699188836,
        "split_id": 2
    },
    {
        "test_score_gib": 0.8703208556149733,
        "train_score": 0.8556072517246911,
        "test_score": 0.8703208556149733,
        "num_samples": 90,
        "fit_time": 9,
        "score_time": 26,
        "time": 35,
        "parameters": {
            "C": 0.1,
            "penalty": "l2"
        },
        "done_at": 1744699188849,
        "split_id": 3
    },
    {
        "test_score_gib": 0.746268656716418,
        "train_score": 0.8812621202327086,
        "test_score": 0.746268656716418,
        "num_samples": 90,
        "fit_time": 8,
        "score_time": 16,
        "time": 24,
        "parameters": {
            "C": 0.1,
            "penalty": "l2"
        },
        "done_at": 1744699188856,
        "split_id": 4
    },
    {
        "test_score_gib": 0.8343989769820972,
        "train_score": 0.8461943960098941,
        "test_score": 0.8343989769820972,
        "num_samples": 91,
        "fit_time": 7,
        "score_time": 20,
        "time": 27,
        "parameters": {
            "C": 0.01,
            "penalty": "l2"
        },
        "done_at": 1744699188872,
        "split_id": 0
    },
    {
        "test_score_gib": 0.8062659846547314,
        "train_score": 0.8361785815660354,
        "test_score": 0.8062659846547314,
        "num_samples": 91,
        "fit_time": 9,
        "score_time": 22,
        "time": 31,
        "parameters": {
            "C": 0.01,
            "penalty": "l2"
        },
        "done_at": 1744699188880,
        "split_id": 1
    },
    {
        "test_score_gib": 0.729539641943734,
        "train_score": 0.8285552086290093,
        "test_score": 0.729539641943734,
        "num_samples": 91,
        "fit_time": 12,
        "score_time": 19,
        "time": 31,
        "parameters": {
            "C": 0.01,
            "penalty": "l2"
        },
        "done_at": 1744699188883,
        "split_id": 2
    },
    {
        "test_score_gib": 0.8790106951871657,
        "train_score": 0.8313011390983476,
        "test_score": 0.8790106951871657,
        "num_samples": 90,
        "fit_time": 7,
        "score_time": 15,
        "time": 22,
        "parameters": {
            "C": 0.01,
            "penalty": "l2"
        },
        "done_at": 1744699188882,
        "split_id": 3
    },
    {
        "test_score_gib": 0.7482154445165476,
        "train_score": 0.8445782159017453,
        "test_score": 0.7482154445165476,
        "num_samples": 90,
        "fit_time": 5,
        "score_time": 16,
        "time": 21,
        "parameters": {
            "C": 0.01,
            "penalty": "l2"
        },
        "done_at": 1744699188918,
        "split_id": 4
    },
    {
        "test_score_gib": 0.7717391304347825,
        "train_score": 0.8805806739386075,
        "test_score": 0.7717391304347825,
        "num_samples": 91,
        "fit_time": 10,
        "score_time": 16,
        "time": 26,
        "parameters": {
            "C": 10.0,
            "penalty": "l2"
        },
        "done_at": 1744699188926,
        "split_id": 0
    },
    {
        "test_score_gib": 0.8081841432225064,
        "train_score": 0.8647662300798832,
        "test_score": 0.8081841432225064,
        "num_samples": 91,
        "fit_time": 7,
        "score_time": 22,
        "time": 29,
        "parameters": {
            "C": 10.0,
            "penalty": "l2"
        },
        "done_at": 1744699188929,
        "split_id": 1
    },
    {
        "test_score_gib": 0.8228900255754474,
        "train_score": 0.8650500790722193,
        "test_score": 0.8228900255754474,
        "num_samples": 91,
        "fit_time": 10,
        "score_time": 20,
        "time": 30,
        "parameters": {
            "C": 10.0,
            "penalty": "l2"
        },
        "done_at": 1744699188934,
        "split_id": 2
    },
    {
        "test_score_gib": 0.8529411764705882,
        "train_score": 0.8653938713300178,
        "test_score": 0.8529411764705882,
        "num_samples": 90,
        "fit_time": 9,
        "score_time": 27,
        "time": 36,
        "parameters": {
            "C": 10.0,
            "penalty": "l2"
        },
        "done_at": 1744699188960,
        "split_id": 3
    },
    {
        "test_score_gib": 0.6963011031797534,
        "train_score": 0.889786683904331,
        "test_score": 0.6963011031797534,
        "num_samples": 90,
        "fit_time": 7,
        "score_time": 26,
        "time": 33,
        "parameters": {
            "C": 10.0,
            "penalty": "l2"
        },
        "done_at": 1744699188965,
        "split_id": 4
    },
    {
        "test_score_gib": 0.7710997442455243,
        "train_score": 0.879080329264831,
        "test_score": 0.7710997442455243,
        "num_samples": 91,
        "fit_time": 7,
        "score_time": 8,
        "time": 15,
        "parameters": {
            "C": 1.0,
            "penalty": "l2"
        },
        "done_at": 1744699188949,
        "split_id": 0
    },
    {
        "test_score_gib": 0.8088235294117647,
        "train_score": 0.8646445805117392,
        "test_score": 0.8088235294117647,
        "num_samples": 91,
        "fit_time": 8,
        "score_time": 24,
        "time": 32,
        "parameters": {
            "C": 1.0,
            "penalty": "l2"
        },
        "done_at": 1744699188972,
        "split_id": 1
    },
    {
        "test_score_gib": 0.819693094629156,
        "train_score": 0.8648473297919793,
        "test_score": 0.819693094629156,
        "num_samples": 91,
        "fit_time": 9,
        "score_time": 16,
        "time": 25,
        "parameters": {
            "C": 1.0,
            "penalty": "l2"
        },
        "done_at": 1744699188980,
        "split_id": 2
    },
    {
        "test_score_gib": 0.8622994652406417,
        "train_score": 0.862666452751484,
        "test_score": 0.8622994652406417,
        "num_samples": 90,
        "fit_time": 6,
        "score_time": 23,
        "time": 29,
        "parameters": {
            "C": 1.0,
            "penalty": "l2"
        },
        "done_at": 1744699188995,
        "split_id": 3
    },
    {
        "test_score_gib": 0.7034393251135627,
        "train_score": 0.889382676147382,
        "test_score": 0.7034393251135627,
        "num_samples": 90,
        "fit_time": 5,
        "score_time": 17,
        "time": 22,
        "parameters": {
            "C": 1.0,
            "penalty": "l2"
        },
        "done_at": 1744699188994,
        "split_id": 4
    },
    {
        "test_score_gib": 0.7717391304347825,
        "train_score": 0.8811889217793276,
        "test_score": 0.7717391304347825,
        "num_samples": 91,
        "fit_time": 9,
        "score_time": 16,
        "time": 25,
        "parameters": {
            "C": 100.0,
            "penalty": "l2"
        },
        "done_at": 1744699189004,
        "split_id": 0
    },
    {
        "test_score_gib": 0.8075447570332481,
        "train_score": 0.8648878796480272,
        "test_score": 0.8075447570332481,
        "num_samples": 91,
        "fit_time": 11,
        "score_time": 18,
        "time": 29,
        "parameters": {
            "C": 100.0,
            "penalty": "l2"
        },
        "done_at": 1744699189015,
        "split_id": 1
    },
    {
        "test_score_gib": 0.8235294117647058,
        "train_score": 0.8652933782085074,
        "test_score": 0.8235294117647058,
        "num_samples": 91,
        "fit_time": 6,
        "score_time": 14,
        "time": 20,
        "parameters": {
            "C": 100.0,
            "penalty": "l2"
        },
        "done_at": 1744699189021,
        "split_id": 2
    },
    {
        "test_score_gib": 0.8522727272727273,
        "train_score": 0.8650328894593294,
        "test_score": 0.8522727272727273,
        "num_samples": 90,
        "fit_time": 8,
        "score_time": 14,
        "time": 22,
        "parameters": {
            "C": 100.0,
            "penalty": "l2"
        },
        "done_at": 1744699189028,
        "split_id": 3
    },
    {
        "test_score_gib": 0.6963011031797534,
        "train_score": 0.8900290885585004,
        "test_score": 0.6963011031797534,
        "num_samples": 90,
        "fit_time": 6,
        "score_time": 11,
        "time": 17,
        "parameters": {
            "C": 100.0,
            "penalty": "l2"
        },
        "done_at": 1744699189028,
        "split_id": 4
    }
]