{
    "modelInputNRows": 453,
    "modelInputNCols": 24,
    "modelInputIsSparse": false,
    "modelInputMemory": 86976,
    "usedGridSearch": true,
    "gridSize": 5,
    "gridBestScore": 0.811567582634337,
    "gridCells": [
        {
            "params": {
                "C": 0.1,
                "penalty": "l2"
            },
            "score": 0.811567582634337,
            "scoreStd": 0.0395732518143495,
            "fitTime": 0.0078,
            "fitTimeStd": 0.00116619037896906,
            "scoreTime": 0.022,
            "scoreTimeStd": 0.006033241251599343
        },
        {
            "params": {
                "C": 0.01,
                "penalty": "l2"
            },
            "score": 0.799423778143853,
            "scoreStd": 0.05491465982050821,
            "fitTime": 0.008,
            "fitTimeStd": 0.002366431913239846,
            "scoreTime": 0.0184,
            "scoreTimeStd": 0.0025768197453450246
        },
        {
            "params": {
                "C": 10.0,
                "penalty": "l2"
            },
            "score": 0.7904808286947236,
            "scoreStd": 0.05368263269786996,
            "fitTime": 0.0086,
            "fitTimeStd": 0.0013564659966250536,
            "scoreTime": 0.0222,
            "scoreTimeStd": 0.004019950248448356
        },
        {
            "params": {
                "C": 1.0,
                "penalty": "l2"
            },
            "score": 0.7931160720661035,
            "scoreStd": 0.05326806608051395,
            "fitTime": 0.007,
            "fitTimeStd": 0.0014142135623730952,
            "scoreTime": 0.0176,
            "scoreTimeStd": 0.0057480431452799656
        },
        {
            "params": {
                "C": 100.0,
                "penalty": "l2"
            },
            "score": 0.7903480242183274,
            "scoreStd": 0.05356536297070568,
            "fitTime": 0.008,
            "fitTimeStd": 0.0018973665961010276,
            "scoreTime": 0.0146,
            "scoreTimeStd": 0.00233238075793812
        }
    ],
    "lmCoefficients": {
        "variables": [
            "Years with Firm",
            "Average Transactions per Month",
            "Credit Balance (AED)",
            "Number of Referrals",
            "Age",
            "dummy:Gender:Male",
            "dummy:Active on Social Media:true",
            "dummy:Payback Status:Default",
            "dummy:Payback Status:4",
            "dummy:Payback Status:8",
            "dummy:Payback Status:11",
            "dummy:Payback Status:7",
            "dummy:Payback Status:6",
            "dummy:Payback Status:12",
            "dummy:Payback Status:3",
            "dummy:Payback Status:10",
            "dummy:Payback Status:1",
            "dummy:Payback Status:9",
            "dummy:Payback Status:2",
            "dummy:tag:false"
        ],
        "coefs": [
            0.06119654990605537,
            -0.24912515477969813,
            0.09342298358855428,
            -0.24033379140647315,
            -0.20506077232614126,
            0.0812921626080781,
            -0.1593628103728269,
            -1.9704128346119605,
            0.6243780759225916,
            0.12571320951875037,
            0.2391473141570774,
            0.10208958818485214,
            0.0990791124572018,
            0.05913842839846931,
            0.24888572486714206,
            0.26501672766840306,
            0.13634067093832672,
            0.3723141362928614,
            -0.0662489701643809,
            0.21574853726551643
        ],
        "interceptStderr": null,
        "interceptTstat": null,
        "interceptPvalue": null,
        "interceptCoef": 0.14043111153841087,
        "rescaledCoefs": [
            0.01923679759898618,
            -2.489947609508485e-05,
            0.00032079997414524296,
            -0.07661407511800235,
            -0.014834073006040269,
            0.0812921626080781,
            -0.1593628103728269,
            -1.9704128346119605,
            0.6243780759225916,
            0.12571320951875037,
            0.2391473141570774,
            0.10208958818485214,
            0.0990791124572018,
            0.05913842839846931,
            0.24888572486714206,
            0.26501672766840306,
            0.13634067093832672,
            0.3723141362928614,
            -0.0662489701643809,
            0.21574853726551643
        ],
        "rescaledInterceptCoef": 0.8878733393615381
    },
    "probaAware": true
}