{
    "metrics": {},
    "processed_feature_names": [
        "Years with Firm",
        "Average Transactions per Month",
        "Credit Balance (AED)",
        "Number of Referrals",
        "Age",
        "dummy:Gender:Male",
        "dummy:Gender:N/A",
        "dummy:Active on Social Media:true",
        "dummy:Active on Social Media:N/A",
        "dummy:Payback Status:Default",
        "dummy:Payback Status:4",
        "dummy:Payback Status:8",
        "dummy:Payback Status:11",
        "dummy:Payback Status:7",
        "dummy:Payback Status:6",
        "dummy:Payback Status:12",
        "dummy:Payback Status:3",
        "dummy:Payback Status:10",
        "dummy:Payback Status:1",
        "dummy:Payback Status:9",
        "dummy:Payback Status:2",
        "dummy:Payback Status:N/A",
        "dummy:tag:false",
        "dummy:tag:N/A"
    ],
    "optimalThreshold": 0.6,
    "usedThreshold": 0.6,
    "perCutData": {
        "cut": [
            0.0,
            0.025,
            0.05,
            0.075,
            0.1,
            0.125,
            0.15,
            0.175,
            0.2,
            0.225,
            0.25,
            0.275,
            0.3,
            0.325,
            0.35,
            0.375,
            0.4,
            0.425,
            0.45,
            0.475,
            0.5,
            0.525,
            0.55,
            0.575,
            0.6,
            0.625,
            0.65,
            0.675,
            0.7,
            0.725,
            0.75,
            0.775,
            0.8,
            0.825,
            0.85,
            0.875,
            0.9,
            0.925,
            0.95,
            0.975
        ],
        "tp": [
            33,
            33,
            33,
            33,
            33,
            33,
            33,
            33,
            33,
            33,
            33,
            33,
            33,
            33,
            33,
            33,
            33,
            31,
            31,
            31,
            30,
            30,
            29,
            28,
            27,
            21,
            16,
            11,
            8,
            7,
            3,
            2,
            0,
            0,
            0,
            0,
            0,
            0,
            0,
            0
        ],
        "tn": [
            0,
            0,
            0,
            0,
            6,
            10,
            21,
            29,
            36,
            41,
            42,
            45,
            45,
            46,
            46,
            46,
            46,
            46,
            48,
            48,
            51,
            53,
            53,
            54,
            60,
            64,
            66,
            68,
            70,
            75,
            76,
            79,
            79,
            79,
            80,
            80,
            80,
            80,
            80,
            80
        ],
        "fp": [
            80,
            80,
            80,
            80,
            74,
            70,
            59,
            51,
            44,
            39,
            38,
            35,
            35,
            34,
            34,
            34,
            34,
            34,
            32,
            32,
            29,
            27,
            27,
            26,
            20,
            16,
            14,
            12,
            10,
            5,
            4,
            1,
            1,
            1,
            0,
            0,
            0,
            0,
            0,
            0
        ],
        "fn": [
            0,
            0,
            0,
            0,
            0,
            0,
            0,
            0,
            0,
            0,
            0,
            0,
            0,
            0,
            0,
            0,
            0,
            2,
            2,
            2,
            3,
            3,
            4,
            5,
            6,
            12,
            17,
            22,
            25,
            26,
            30,
            31,
            33,
            33,
            33,
            33,
            33,
            33,
            33,
            33
        ],
        "precision": [
            0.2920353982300885,
            0.2920353982300885,
            0.2920353982300885,
            0.2920353982300885,
            0.308411214953271,
            0.32038834951456313,
            0.358695652173913,
            0.39285714285714285,
            0.42857142857142855,
            0.4583333333333333,
            0.4647887323943662,
            0.4852941176470588,
            0.4852941176470588,
            0.4925373134328358,
            0.4925373134328358,
            0.4925373134328358,
            0.4925373134328358,
            0.47692307692307695,
            0.49206349206349204,
            0.49206349206349204,
            0.5084745762711864,
            0.5263157894736842,
            0.5178571428571429,
            0.5185185185185185,
            0.574468085106383,
            0.5675675675675675,
            0.5333333333333333,
            0.4782608695652174,
            0.4444444444444444,
            0.5833333333333334,
            0.42857142857142855,
            0.6666666666666666,
            0.0,
            0.0,
            0.0,
            0.0,
            0.0,
            0.0,
            0.0,
            0.0
        ],
        "recall": [
            1.0,
            1.0,
            1.0,
            1.0,
            1.0,
            1.0,
            1.0,
            1.0,
            1.0,
            1.0,
            1.0,
            1.0,
            1.0,
            1.0,
            1.0,
            1.0,
            1.0,
            0.9393939393939394,
            0.9393939393939394,
            0.9393939393939394,
            0.9090909090909091,
            0.9090909090909091,
            0.8787878787878788,
            0.8484848484848485,
            0.8181818181818182,
            0.6363636363636364,
            0.48484848484848486,
            0.3333333333333333,
            0.24242424242424243,
            0.21212121212121213,
            0.09090909090909091,
            0.06060606060606061,
            0.0,
            0.0,
            0.0,
            0.0,
            0.0,
            0.0,
            0.0,
            0.0
        ],
        "accuracy": [
            0.2920353982300885,
            0.2920353982300885,
            0.2920353982300885,
            0.2920353982300885,
            0.34513274336283184,
            0.3805309734513274,
            0.4778761061946903,
            0.5486725663716814,
            0.6106194690265486,
            0.6548672566371682,
            0.6637168141592921,
            0.6902654867256637,
            0.6902654867256637,
            0.6991150442477876,
            0.6991150442477876,
            0.6991150442477876,
            0.6991150442477876,
            0.6814159292035398,
            0.6991150442477876,
            0.6991150442477876,
            0.7168141592920354,
            0.7345132743362832,
            0.7256637168141593,
            0.7256637168141593,
            0.7699115044247787,
            0.7522123893805309,
            0.7256637168141593,
            0.6991150442477876,
            0.6902654867256637,
            0.7256637168141593,
            0.6991150442477876,
            0.7168141592920354,
            0.6991150442477876,
            0.6991150442477876,
            0.7079646017699115,
            0.7079646017699115,
            0.7079646017699115,
            0.7079646017699115,
            0.7079646017699115,
            0.7079646017699115
        ],
        "f1": [
            0.452054794520548,
            0.452054794520548,
            0.452054794520548,
            0.452054794520548,
            0.4714285714285714,
            0.4852941176470588,
            0.5279999999999999,
            0.5641025641025641,
            0.6,
            0.6285714285714286,
            0.6346153846153846,
            0.6534653465346535,
            0.6534653465346535,
            0.66,
            0.66,
            0.66,
            0.66,
            0.6326530612244897,
            0.6458333333333333,
            0.6458333333333333,
            0.6521739130434782,
            0.6666666666666666,
            0.651685393258427,
            0.6436781609195402,
            0.675,
            0.6000000000000001,
            0.507936507936508,
            0.3928571428571428,
            0.3137254901960784,
            0.3111111111111111,
            0.15000000000000002,
            0.1111111111111111,
            0.0,
            0.0,
            0.0,
            0.0,
            0.0,
            0.0,
            0.0,
            0.0
        ],
        "mcc": [
            0.0,
            0.0,
            0.0,
            0.0,
            0.1520882675340058,
            0.20012132242547365,
            0.30685111812677524,
            0.3773734414154158,
            0.4391550328268399,
            0.4846605341198449,
            0.49397781782894085,
            0.522472909514427,
            0.522472909514427,
            0.532173801707563,
            0.532173801707563,
            0.532173801707563,
            0.532173801707563,
            0.4731736039956788,
            0.4938018912887108,
            0.4938018912887108,
            0.49755544342065133,
            0.5198234113770955,
            0.49226484748699106,
            0.47652226112774787,
            0.524165459107321,
            0.4228076703830563,
            0.31904479712528633,
            0.20704189094353595,
            0.14590214447060046,
            0.22082275419185607,
            0.0771649074097482,
            0.13606448668286597,
            -0.06068801952845153,
            -0.06068801952845153,
            0.0,
            0.0,
            0.0,
            0.0,
            0.0,
            0.0
        ],
        "hammingLoss": [
            0.7079646017699115,
            0.7079646017699115,
            0.7079646017699115,
            0.7079646017699115,
            0.6548672566371682,
            0.6194690265486726,
            0.5221238938053097,
            0.4513274336283186,
            0.3893805309734514,
            0.34513274336283184,
            0.33628318584070793,
            0.3097345132743363,
            0.3097345132743363,
            0.3008849557522124,
            0.3008849557522124,
            0.3008849557522124,
            0.3008849557522124,
            0.31858407079646023,
            0.3008849557522124,
            0.3008849557522124,
            0.2831858407079646,
            0.2654867256637168,
            0.2743362831858407,
            0.2743362831858407,
            0.23008849557522126,
            0.24778761061946908,
            0.2743362831858407,
            0.3008849557522124,
            0.3097345132743363,
            0.2743362831858407,
            0.3008849557522124,
            0.2831858407079646,
            0.3008849557522124,
            0.3008849557522124,
            0.2920353982300885,
            0.2920353982300885,
            0.2920353982300885,
            0.2920353982300885,
            0.2920353982300885,
            0.2920353982300885
        ],
        "assertionsMetrics": [],
        "overridesMetrics": []
    },
    "tiMetrics": {
        "auc": 0.8109848484848484,
        "logLoss": 0.5148164586334203,
        "lift": 1.9784511784511782,
        "averagePrecision": 0.5277874959860439,
        "calibrationLoss": 0.15683905284522126
    },
    "probaPercentiles": [
        0.08769766410588714,
        0.0902485968607115,
        0.0928414597436184,
        0.09494817276136201,
        0.09850426704034607,
        0.10416282941702916,
        0.10957276561033409,
        0.12084186631072094,
        0.12510769237135805,
        0.1259526754487014,
        0.12783369227724997,
        0.13002411413667084,
        0.13463946934754215,
        0.13793663765560082,
        0.13989394232503313,
        0.1432832447842258,
        0.14359615037346551,
        0.1448166248398548,
        0.15023794518322292,
        0.15199012935744408,
        0.1551674922494694,
        0.16373191221795366,
        0.1691780890039506,
        0.17025233637445103,
        0.17424761315427093,
        0.17562814572022156,
        0.17848164476122885,
        0.18139283987430155,
        0.1844418438616307,
        0.18877870763475857,
        0.19468033689882322,
        0.20086329462461208,
        0.2120876013884606,
        0.21528337373079928,
        0.22163701797629612,
        0.22402027276579936,
        0.2402511764597694,
        0.261132513248197,
        0.2659765621792103,
        0.308363136092995,
        0.40693413095733866,
        0.4196448088359957,
        0.435306167569714,
        0.45253999472705164,
        0.48206900288804894,
        0.48724238509061146,
        0.489739123927562,
        0.5048383618751735,
        0.522895019167651,
        0.5496541014442176,
        0.5617146724237344,
        0.5695064974428476,
        0.5831474486164158,
        0.5858262817682672,
        0.5871919074421887,
        0.5923344528337855,
        0.5971367958686513,
        0.5980546893764916,
        0.6055525329677809,
        0.6073075380109788,
        0.6128332757627987,
        0.6144874986177666,
        0.6157795855347922,
        0.6172638521976133,
        0.6208773406685895,
        0.6238253965081345,
        0.6247166847908249,
        0.6273031550574845,
        0.6303118437070047,
        0.6319518133991936,
        0.6335095112342565,
        0.6400514214400584,
        0.6471625659329364,
        0.6508606336559407,
        0.6538426087430279,
        0.6559993840811347,
        0.6588848664023352,
        0.6598853808808726,
        0.6671942223602675,
        0.6745820045232954,
        0.6791171741559201,
        0.681655117478272,
        0.6875468674450488,
        0.6973109425760802,
        0.7007381750022637,
        0.7057898324968487,
        0.7145782671757589,
        0.721247384045464,
        0.7246501481216479,
        0.7268864841526657,
        0.7318825677544519,
        0.7356602900179461,
        0.7407260320672154,
        0.747222747786964,
        0.7553943277950519,
        0.7626039150266125,
        0.7691816291598826,
        0.7757807658799433,
        0.7841902136339313
    ],
    "rocVizData": [
        [
            {
                "x": 0.0,
                "y": 0.0,
                "p": 1.84312814164684
            },
            {
                "x": 0.0125,
                "y": 0.06060606060606061,
                "p": 0.7767837024299182
            },
            {
                "x": 0.0375,
                "y": 0.09090909090909091,
                "p": 0.7620708317852228
            },
            {
                "x": 0.0625,
                "y": 0.21212121212121213,
                "p": 0.7273606464368771
            },
            {
                "x": 0.1125,
                "y": 0.21212121212121213,
                "p": 0.7120191762042024
            },
            {
                "x": 0.1375,
                "y": 0.24242424242424243,
                "p": 0.6970590137049403
            },
            {
                "x": 0.1375,
                "y": 0.3333333333333333,
                "p": 0.6805208602886123
            },
            {
                "x": 0.1625,
                "y": 0.36363636363636365,
                "p": 0.6616564571407525
            },
            {
                "x": 0.175,
                "y": 0.48484848484848486,
                "p": 0.6511881148188192
            },
            {
                "x": 0.2,
                "y": 0.5151515151515151,
                "p": 0.634708422255488
            },
            {
                "x": 0.2,
                "y": 0.6666666666666666,
                "p": 0.6246282647127545
            },
            {
                "x": 0.2375,
                "y": 0.696969696969697,
                "p": 0.6161443223245219
            },
            {
                "x": 0.2375,
                "y": 0.7878787878787878,
                "p": 0.6123609235295722
            },
            {
                "x": 0.2875,
                "y": 0.8181818181818182,
                "p": 0.5940738896666361
            },
            {
                "x": 0.3375,
                "y": 0.8484848484848485,
                "p": 0.5656154712216167
            },
            {
                "x": 0.3375,
                "y": 0.9090909090909091,
                "p": 0.5496541014442176
            },
            {
                "x": 0.3875,
                "y": 0.9393939393939394,
                "p": 0.4865937386784508
            },
            {
                "x": 0.425,
                "y": 1.0,
                "p": 0.4146203811640567
            },
            {
                "x": 1.0,
                "y": 1.0,
                "p": 0.07935109772412673
            }
        ]
    ],
    "liftVizData": {
        "bins": [
            {
                "bin_pos_prop": 0.5833333333,
                "bin_lift": 1.9974747475,
                "cum_lift": 0.2121212121,
                "cum_size": 0.1061946903,
                "bin_min": 0.7268864842,
                "bin_max": 0.8431281416,
                "percentile_idx": 0
            },
            {
                "bin_pos_prop": 0.3636363636,
                "bin_lift": 1.2451790634,
                "cum_lift": 0.3333333333,
                "cum_size": 0.203539823,
                "bin_min": 0.6745820045,
                "bin_max": 0.7268864842,
                "percentile_idx": 1
            },
            {
                "bin_pos_prop": 0.6363636364,
                "bin_lift": 2.1790633609,
                "cum_lift": 0.5454545455,
                "cum_size": 0.3008849558,
                "bin_min": 0.6319518134,
                "bin_max": 0.6745820045,
                "percentile_idx": 2
            },
            {
                "bin_pos_prop": 0.7272727273,
                "bin_lift": 2.4903581267,
                "cum_lift": 0.7878787879,
                "cum_size": 0.3982300885,
                "bin_min": 0.607307538,
                "bin_max": 0.6319518134,
                "percentile_idx": 3
            },
            {
                "bin_pos_prop": 0.2727272727,
                "bin_lift": 0.9338842975,
                "cum_lift": 0.8787878788,
                "cum_size": 0.4955752212,
                "bin_min": 0.5496541014,
                "bin_max": 0.607307538,
                "percentile_idx": 4
            },
            {
                "bin_pos_prop": 0.3333333333,
                "bin_lift": 1.1414141414,
                "cum_lift": 1.0,
                "cum_size": 0.6017699115,
                "bin_min": 0.3083631361,
                "bin_max": 0.5496541014,
                "percentile_idx": 5
            },
            {
                "bin_pos_prop": 0.0,
                "bin_lift": 0.0,
                "cum_lift": 1.0,
                "cum_size": 0.6991150442,
                "bin_min": 0.1887787076,
                "bin_max": 0.3083631361,
                "percentile_idx": 6
            },
            {
                "bin_pos_prop": 0.0,
                "bin_lift": 0.0,
                "cum_lift": 1.0,
                "cum_size": 0.796460177,
                "bin_min": 0.1519901294,
                "bin_max": 0.1887787076,
                "percentile_idx": 7
            },
            {
                "bin_pos_prop": 0.0,
                "bin_lift": 0.0,
                "cum_lift": 1.0,
                "cum_size": 0.8938053097,
                "bin_min": 0.1259526754,
                "bin_max": 0.1519901294,
                "percentile_idx": 8
            },
            {
                "bin_pos_prop": 0.0,
                "bin_lift": 0.0,
                "cum_lift": 1.0,
                "cum_size": 1.0,
                "bin_min": 0.0793510977,
                "bin_max": 0.1259526754,
                "percentile_idx": 9
            }
        ],
        "wizard": {
            "positives": 33,
            "total": 113
        }
    },
    "prVizData": [
        {
            "bins": [
                {
                    "x": 1.0,
                    "y": 0.2920353982300885,
                    "p": 0.07935109772412673
                },
                {
                    "x": 1.0,
                    "y": 0.34375,
                    "p": 0.14036996164374546
                },
                {
                    "x": 1.0,
                    "y": 0.39759036144578314,
                    "p": 0.17760552790631454
                },
                {
                    "x": 1.0,
                    "y": 0.4520547945205479,
                    "p": 0.2234935823756814
                },
                {
                    "x": 0.9696969696969697,
                    "y": 0.48484848484848486,
                    "p": 0.4190471998699716
                },
                {
                    "x": 0.9393939393939394,
                    "y": 0.5,
                    "p": 0.4865937386784508
                },
                {
                    "x": 0.9090909090909091,
                    "y": 0.5172413793103449,
                    "p": 0.5247530581967863
                },
                {
                    "x": 0.8484848484848485,
                    "y": 0.509090909090909,
                    "p": 0.5656154712216167
                },
                {
                    "x": 0.8181818181818182,
                    "y": 0.54,
                    "p": 0.5940738896666361
                },
                {
                    "x": 0.7878787878787878,
                    "y": 0.5652173913043478,
                    "p": 0.6060441916313304
                },
                {
                    "x": 0.7272727272727273,
                    "y": 0.5581395348837209,
                    "p": 0.6153153750751361
                },
                {
                    "x": 0.696969696969697,
                    "y": 0.575,
                    "p": 0.6216490033894992
                },
                {
                    "x": 0.6363636363636364,
                    "y": 0.5675675675675675,
                    "p": 0.6268387666645144
                },
                {
                    "x": 0.5757575757575758,
                    "y": 0.5428571428571428,
                    "p": 0.6317792283578189
                },
                {
                    "x": 0.5151515151515151,
                    "y": 0.5151515151515151,
                    "p": 0.634708422255488
                },
                {
                    "x": 0.48484848484848486,
                    "y": 0.5333333333333333,
                    "p": 0.6511881148188192
                },
                {
                    "x": 0.42424242424242425,
                    "y": 0.5,
                    "p": 0.6556060937011681
                },
                {
                    "x": 0.3939393939393939,
                    "y": 0.5,
                    "p": 0.6588891504846901
                },
                {
                    "x": 0.36363636363636365,
                    "y": 0.5,
                    "p": 0.673193468014742
                },
                {
                    "x": 0.3333333333333333,
                    "y": 0.5,
                    "p": 0.6805208602886123
                },
                {
                    "x": 0.2727272727272727,
                    "y": 0.45,
                    "p": 0.6877833549858101
                },
                {
                    "x": 0.24242424242424243,
                    "y": 0.4444444444444444,
                    "p": 0.7002081245941884
                },
                {
                    "x": 0.21212121212121213,
                    "y": 0.4375,
                    "p": 0.7120191762042024
                },
                {
                    "x": 0.21212121212121213,
                    "y": 0.5,
                    "p": 0.723928313471533
                },
                {
                    "x": 0.21212121212121213,
                    "y": 0.5833333333333334,
                    "p": 0.7273606464368771
                },
                {
                    "x": 0.15151515151515152,
                    "y": 0.5,
                    "p": 0.7354892954050112
                },
                {
                    "x": 0.12121212121212122,
                    "y": 0.4444444444444444,
                    "p": 0.739764160728383
                },
                {
                    "x": 0.09090909090909091,
                    "y": 0.375,
                    "p": 0.7457758565960851
                },
                {
                    "x": 0.09090909090909091,
                    "y": 0.42857142857142855,
                    "p": 0.750943325134938
                },
                {
                    "x": 0.09090909090909091,
                    "y": 0.5,
                    "p": 0.7620708317852228
                },
                {
                    "x": 0.06060606060606061,
                    "y": 0.4,
                    "p": 0.7630959918648185
                },
                {
                    "x": 0.06060606060606061,
                    "y": 0.5,
                    "p": 0.7726048001383562
                },
                {
                    "x": 0.06060606060606061,
                    "y": 0.6666666666666666,
                    "p": 0.7767837024299182
                },
                {
                    "x": 0.030303030303030304,
                    "y": 0.5,
                    "p": 0.7852001924344786
                },
                {
                    "x": 0.0,
                    "y": 0.0,
                    "p": 0.8431281416468399
                }
            ],
            "positiveRate": 0.2920353982300885
        }
    ],
    "densityData": {
        "Bad": {
            "actualIsThisClass": [
                0.040688728517164735,
                0.04928240742844327,
                0.059325459652280484,
                0.07098116190383519,
                0.0844146637187054,
                0.09978935948905815,
                0.11726267502897257,
                0.1369813281603314,
                0.15907615751468557,
                0.18365664898613218,
                0.21080532271377353,
                0.24057217254233396,
                0.27296937199473476,
                0.30796647349805295,
                0.34548632902646764,
                0.3854019492868983,
                0.4275344948274582,
                0.47165255678253215,
                0.5174728391985647,
                0.5646623017329294,
                0.6128417643678806,
                0.6615909183434755,
                0.7104546334410035,
                0.7589504042532376,
                0.8065767396010742,
                0.8528222712469307,
                0.8971753408912331,
                0.9391338175022638,
                0.9782148989307624,
                1.0139646606656902,
                1.045967128600209,
                1.0738526702033724,
                1.0973055185197895,
                1.1160702656528865,
                1.1299571872212308,
                1.1388462875897742,
                1.142689988488717,
                1.1415144216834257,
                1.1354193296934076,
                1.1245766261902603,
                1.1092277174442329,
                1.0896797346811469,
                1.066300870198513,
                1.0395150428766287,
                1.0097961367837947,
                0.9776620562249834,
                0.943668819583533,
                0.9084048723496438,
                0.8724857386976899,
                0.8365490549283948,
                0.801249942996657,
                0.7672565955558288,
                0.7352458635280034,
                0.7058985711643572,
                0.6798942390965802,
                0.6579048787564331,
                0.6405875355856503,
                0.6285753052933684,
                0.6224666263789734,
                0.6228127603717147,
                0.6301035039308276,
                0.6447513276268992,
                0.6670742970799728,
                0.6972782943416785,
                0.7354392114427893,
                0.7814859239262414,
                0.8351849598821623,
                0.896127849693877,
                0.9637221643291012,
                1.0371872178330481,
                1.115555316995351,
                1.197679285068783,
                1.2822467675855946,
                1.3678015516545565,
                1.452771805213209,
                1.5355047839174778,
                1.6143071794807393,
                1.6874899167502944,
                1.7534158723566915,
                1.8105487106738614,
                1.857500836877043,
                1.8930783722133282,
                1.9163210776049195,
                1.9265352953062016,
                1.9233182427672997,
                1.9065723671821886,
                1.876508933640813,
                1.833640546919103,
                1.7787628635579957,
                1.7129263006588147,
                1.6373990541630332,
                1.553623168467124,
                1.4631657228117532,
                1.3676673976629738,
                1.2687907454923846,
                1.1681704144658893,
                1.067367370167118,
                0.9678288482249378,
                0.8708553753652456,
                0.7775757485030688
            ],
            "actualIsNotThisClass": [
                5.712410965773858e-06,
                1.6228811016470708e-05,
                4.394636692964909e-05,
                0.0001134488190692998,
                0.00027925556933835,
                0.000655582728095883,
                0.0014682279282612605,
                0.0031378857204571197,
                0.006402068613466218,
                0.012474804851098408,
                0.02322745528735806,
                0.04135108614014699,
                0.0704363960380037,
                0.11489218584768782,
                0.17963160520557184,
                0.26949738276249474,
                0.3884721751973904,
                0.5388108982392805,
                0.7203071121701804,
                0.9299305765245962,
                1.1620252277592509,
                1.4091369360107526,
                1.6633745849582453,
                1.9180390331974075,
                2.169128662581295,
                2.416286555872461,
                2.662817935985121,
                2.9145826700447883,
                3.1778349832604698,
                3.4563882341725196,
                3.748747705588229,
                4.045992627954247,
                4.331133883943706,
                4.580404688608211,
                4.766495307245815,
                4.863216135622974,
                4.850608753485631,
                4.71927908407129,
                4.472820539427002,
                4.127649878170406,
                3.710279783760229,
                3.2527684507616614,
                2.7875571521502116,
                2.3429617759216472,
                1.9402288685264732,
                1.5924767356946896,
                1.305269618306442,
                1.0782183536768397,
                0.9069293523945654,
                0.7847679815038746,
                0.7041358871595487,
                0.6571813517073448,
                0.6360263748832231,
                0.6327061674189807,
                0.6390789748098537,
                0.6469573859971569,
                0.6486129101106096,
                0.6376241022316148,
                0.6098395806978819,
                0.5641068554731224,
                0.5024481081735177,
                0.42954446349630376,
                0.3516413767813141,
                0.2751932465959766,
                0.205635715505987,
                0.14659126834709385,
                0.09963207788369759,
                0.06453289746109826,
                0.039821549785084065,
                0.02340525474423354,
                0.013100801664653397,
                0.006982686797068009,
                0.003543663495608733,
                0.0017122323089752082,
                0.0007876538982018302,
                0.00034495146800540176,
                0.0001438206726646366,
                5.7084586668374685e-05,
                2.1569790782898605e-05,
                7.758881554304062e-06,
                2.65690444181833e-06,
                8.661129351061622e-07,
                2.6877786689505536e-07,
                7.940206619154189e-08,
                2.232999306996196e-08,
                5.978100015441063e-09,
                1.5235439940803425e-09,
                3.696268948686564e-10,
                8.53666873899897e-11,
                1.8768483784815908e-11,
                3.928126470632116e-12,
                7.826306968341729e-13,
                1.484373107684799e-13,
                2.6800549879950755e-14,
                4.60636560459861e-15,
                7.536797073886282e-16,
                1.173893235008547e-16,
                1.7405374715263716e-17,
                2.4566924525354453e-18,
                3.300885612523186e-19
            ],
            "actualIsThisClassMedian": 0.7776667703739344,
            "actualIsNotThisClassMedian": 0.3569431415186206
        },
        "Good": {
            "actualIsThisClass": [
                3.300885612523186e-19,
                2.4566924525354977e-18,
                1.740537471526409e-17,
                1.1738932350085553e-16,
                7.536797073886389e-16,
                4.606365604598709e-15,
                2.6800549879951042e-14,
                1.484373107684815e-13,
                7.826306968341811e-13,
                3.928126470632144e-12,
                1.8768483784816373e-11,
                8.536668738999001e-11,
                3.6962689486866033e-10,
                1.5235439940803532e-09,
                5.978100015441126e-09,
                2.232999306996204e-08,
                7.940206619154246e-08,
                2.687778668950592e-07,
                8.661129351061653e-07,
                2.6569044418183484e-06,
                7.758881554304062e-06,
                2.156979078289872e-05,
                5.7084586668374583e-05,
                0.0001438206726646371,
                0.000344951468005403,
                0.0007876538982018302,
                0.0017122323089752143,
                0.003543663495608733,
                0.006982686797068021,
                0.013100801664653432,
                0.023405254744233498,
                0.03982154978508417,
                0.0645328974610982,
                0.09963207788369781,
                0.14659126834709382,
                0.20563571550598722,
                0.2751932465959769,
                0.3516413767813141,
                0.429544463496304,
                0.5024481081735175,
                0.5641068554731224,
                0.6098395806978819,
                0.6376241022316148,
                0.6486129101106096,
                0.6469573859971571,
                0.6390789748098539,
                0.6327061674189807,
                0.6360263748832237,
                0.6571813517073455,
                0.7041358871595496,
                0.784767981503875,
                0.9069293523945671,
                1.0782183536768413,
                1.3052696183064438,
                1.5924767356946916,
                1.940228868526475,
                2.3429617759216512,
                2.787557152150214,
                3.2527684507616614,
                3.710279783760226,
                4.127649878170402,
                4.472820539427002,
                4.719279084071285,
                4.850608753485631,
                4.863216135622969,
                4.76649530724582,
                4.580404688608211,
                4.331133883943698,
                4.045992627954243,
                3.748747705588229,
                3.4563882341725196,
                3.177834983260464,
                2.914582670044791,
                2.662817935985121,
                2.416286555872461,
                2.169128662581293,
                1.9180390331974075,
                1.6633745849582453,
                1.4091369360107509,
                1.1620252277592509,
                0.9299305765245945,
                0.7203071121701801,
                0.5388108982392793,
                0.3884721751973899,
                0.26949738276249485,
                0.1796316052055712,
                0.11489218584768772,
                0.07043639603800352,
                0.04135108614014692,
                0.023227455287357913,
                0.012474804851098385,
                0.006402068613466207,
                0.003137885720457103,
                0.0014682279282612631,
                0.0006555827280958818,
                0.00027925556933835,
                0.00011344881906930019,
                4.394636692964893e-05,
                1.6228811016470677e-05,
                5.712410965773919e-06
            ],
            "actualIsNotThisClass": [
                0.7775757485030688,
                0.8708553753652456,
                0.9678288482249378,
                1.067367370167117,
                1.1681704144658902,
                1.2687907454923857,
                1.367667397662975,
                1.463165722811757,
                1.553623168467127,
                1.6373990541630319,
                1.7129263006588176,
                1.7787628635579988,
                1.833640546919103,
                1.8765089336408147,
                1.9065723671821868,
                1.9233182427672997,
                1.9265352953061983,
                1.9163210776049229,
                1.8930783722133282,
                1.8575008368770412,
                1.8105487106738614,
                1.753415872356693,
                1.6874899167502975,
                1.6143071794807409,
                1.5355047839174751,
                1.452771805213209,
                1.3678015516545565,
                1.2822467675855924,
                1.197679285068783,
                1.1155553169953518,
                1.0371872178330481,
                0.9637221643291012,
                0.896127849693877,
                0.8351849598821623,
                0.7814859239262422,
                0.735439211442788,
                0.6972782943416792,
                0.6670742970799737,
                0.6447513276268998,
                0.6301035039308274,
                0.6228127603717151,
                0.6224666263789738,
                0.6285753052933684,
                0.6405875355856503,
                0.6579048787564337,
                0.67989423909658,
                0.7058985711643578,
                0.735245863528002,
                0.7672565955558301,
                0.8012499429966555,
                0.8365490549283986,
                0.8724857386976891,
                0.9084048723496438,
                0.9436688195835321,
                0.9776620562249851,
                1.0097961367837935,
                1.0395150428766267,
                1.066300870198516,
                1.0896797346811469,
                1.1092277174442349,
                1.1245766261902592,
                1.1354193296934076,
                1.1415144216834265,
                1.142689988488719,
                1.1388462875897782,
                1.129957187221232,
                1.1160702656528856,
                1.0973055185197895,
                1.0738526702033733,
                1.045967128600209,
                1.013964660665692,
                0.9782148989307615,
                0.9391338175022638,
                0.8971753408912339,
                0.8528222712469314,
                0.8065767396010757,
                0.7589504042532376,
                0.7104546334410028,
                0.6615909183434749,
                0.6128417643678808,
                0.5646623017329291,
                0.5174728391985647,
                0.47165255678253193,
                0.427534494827458,
                0.3854019492868983,
                0.3454863290264675,
                0.30796647349805295,
                0.27296937199473476,
                0.24057217254233373,
                0.21080532271377317,
                0.18365664898613188,
                0.15907615751468548,
                0.13698132816033115,
                0.11726267502897247,
                0.09978935948905807,
                0.08441466371870529,
                0.07098116190383526,
                0.0593254596522804,
                0.049282407428443226,
                0.040688728517164735
            ],
            "actualIsThisClassMedian": 0.6430568584813794,
            "actualIsNotThisClassMedian": 0.2223332296260656
        }
    },
    "calibrationData": [
        {
            "y": 0,
            "x": 0,
            "n": 0
        },
        {
            "y": 0.0,
            "x": 0.08975203423027044,
            "n": 6.0
        },
        {
            "y": 0.0,
            "x": 0.15017683590355266,
            "n": 30.0
        },
        {
            "y": 0.0,
            "x": 0.23203614932063626,
            "n": 9.0
        },
        {
            "y": 0.0,
            "x": 0.3185422535800875,
            "n": 1.0
        },
        {
            "y": 0.375,
            "x": 0.4567723381586972,
            "n": 8.0
        },
        {
            "y": 0.25,
            "x": 0.5701422943020692,
            "n": 12.0
        },
        {
            "y": 0.6551724137931034,
            "x": 0.6427617236624867,
            "n": 29.0
        },
        {
            "y": 0.47058823529411764,
            "x": 0.7396002176015796,
            "n": 17.0
        },
        {
            "y": 0.0,
            "x": 0.8431281416468399,
            "n": 1.0
        },
        {
            "y": 1,
            "x": 1,
            "n": 0
        }
    ],
    "probaDistribData": {
        "bins": [
            0.0,
            0.1,
            0.2,
            0.3,
            0.4,
            0.5,
            0.6,
            0.7,
            0.8,
            0.9,
            1.0
        ],
        "probaDistribs": [
            [
                6.0,
                30.0,
                9.0,
                1.0,
                5.0,
                9.0,
                10.0,
                9.0,
                1.0,
                0.0
            ],
            [
                0.0,
                0.0,
                0.0,
                0.0,
                3.0,
                3.0,
                19.0,
                8.0,
                0.0,
                0.0
            ]
        ]
    },
    "globalMetrics": {
        "testWeight": 113,
        "targetAvg": [
            0.2920353982300885
        ],
        "targetStd": [
            0.45672389145028497
        ],
        "predictionAvg": [
            0.415929203539823
        ],
        "predictionStd": [
            0.49288142710245386
        ]
    }
}