{
    "predictedClassCountPerCut": [
        {
            "Good": 113
        },
        {
            "Good": 113
        },
        {
            "Good": 113
        },
        {
            "Good": 113
        },
        {
            "Good": 107,
            "Bad": 6
        },
        {
            "Good": 103,
            "Bad": 10
        },
        {
            "Good": 92,
            "Bad": 21
        },
        {
            "Good": 84,
            "Bad": 29
        },
        {
            "Good": 77,
            "Bad": 36
        },
        {
            "Good": 72,
            "Bad": 41
        },
        {
            "Good": 71,
            "Bad": 42
        },
        {
            "Good": 68,
            "Bad": 45
        },
        {
            "Good": 68,
            "Bad": 45
        },
        {
            "Good": 67,
            "Bad": 46
        },
        {
            "Good": 67,
            "Bad": 46
        },
        {
            "Good": 67,
            "Bad": 46
        },
        {
            "Good": 67,
            "Bad": 46
        },
        {
            "Good": 65,
            "Bad": 48
        },
        {
            "Good": 63,
            "Bad": 50
        },
        {
            "Good": 63,
            "Bad": 50
        },
        {
            "Good": 59,
            "Bad": 54
        },
        {
            "Good": 57,
            "Bad": 56
        },
        {
            "Bad": 57,
            "Good": 56
        },
        {
            "Bad": 59,
            "Good": 54
        },
        {
            "Bad": 66,
            "Good": 47
        },
        {
            "Bad": 76,
            "Good": 37
        },
        {
            "Bad": 83,
            "Good": 30
        },
        {
            "Bad": 90,
            "Good": 23
        },
        {
            "Bad": 95,
            "Good": 18
        },
        {
            "Bad": 101,
            "Good": 12
        },
        {
            "Bad": 106,
            "Good": 7
        },
        {
            "Bad": 110,
            "Good": 3
        },
        {
            "Bad": 112,
            "Good": 1
        },
        {
            "Bad": 112,
            "Good": 1
        },
        {
            "Bad": 113
        },
        {
            "Bad": 113
        },
        {
            "Bad": 113
        },
        {
            "Bad": 113
        },
        {
            "Bad": 113
        },
        {
            "Bad": 113
        }
    ],
    "cuts": [
        0.0,
        0.025,
        0.05,
        0.075,
        0.1,
        0.125,
        0.15,
        0.175,
        0.2,
        0.225,
        0.25,
        0.275,
        0.3,
        0.325,
        0.35,
        0.375,
        0.4,
        0.425,
        0.45,
        0.475,
        0.5,
        0.525,
        0.55,
        0.575,
        0.6,
        0.625,
        0.65,
        0.675,
        0.7,
        0.725,
        0.75,
        0.775,
        0.8,
        0.825,
        0.85,
        0.875,
        0.9,
        0.925,
        0.95,
        0.975
    ],
    "predictedClassCount": {
        "Bad": 66,
        "Good": 47
    },
    "probabilityDensities": {
        "Bad": {
            "density": [
                0.038874786088690556,
                0.048526505678005746,
                0.060144002534342995,
                0.07401593369978758,
                0.09044713370053571,
                0.10975345086882753,
                0.13225515701693807,
                0.15826893952985668,
                0.18809855648595467,
                0.22202431322752392,
                0.2602915984804861,
                0.3030987946484723,
                0.35058494509536203,
                0.4028176162315599,
                0.45978143001542887,
                0.5213677603043986,
                0.587366083083178,
                0.6574574462641504,
                0.7312104811835418,
                0.8080803177790901,
                0.8874106918419161,
                0.9684394486389981,
                1.050307554867341,
                1.1320716315737032,
                1.2127199145492333,
                1.2911914352466438,
                1.366398093838296,
                1.4372491668075094,
                1.5026776563814592,
                1.5616677527285543,
                1.6132825498346124,
                1.6566910431225876,
                1.691193354416395,
                1.7162430921283727,
                1.7314657752137232,
                1.7366723392395753,
                1.7318669075695021,
                1.7172482490180443,
                1.6932046462706476,
                1.6603022496681774,
                1.6192673642361128,
                1.5709634845732148,
                1.5163642206371626,
                1.4565235169998072,
                1.3925447329324965,
                1.325550202716136,
                1.256652827026917,
                1.1869310606527799,
                1.117408373880972,
                1.0490378991462612,
                0.9826925626031987,
                0.919160577676823,
                0.8591457799952433,
                0.8032719426497098,
                0.7520899532959191,
                0.7060865775198176,
                0.6656934839002964,
                0.6312952635723672,
                0.6032353306419703,
                0.5818188226888477,
                0.5673119115546736,
                0.559937260295388,
                0.5598656992614334,
                0.567204521171619,
                0.5819830930465624,
                0.6041367366625713,
                0.633490026936246,
                0.6697407906744819,
                0.7124461504516215,
                0.7610119463278878,
                0.8146867801083788,
                0.872561763434057,
                0.9335768153157857,
                0.9965340530373713,
                1.060118462747217,
                1.1229256369682092,
                1.1834959446775972,
                1.240354078780164,
                1.292052532255445,
                1.337217216237531,
                1.374593178550036,
                1.403088234515657,
                1.4218123022581954,
                1.4301103531662525,
                1.4275871456340266,
                1.4141222965262508,
                1.3898747388793022,
                1.355276185112733,
                1.3110138238172475,
                1.2580030818707952,
                1.197351838366363,
                1.130317942015473,
                1.058262225698639,
                0.9825994071039245,
                0.9047493015138658,
                0.8260906533847979,
                0.7479196316323524,
                0.6714146546704197,
                0.5976087487093827,
                0.5273701349791344
            ],
            "median": 0.45034589855578244
        },
        "Good": {
            "density": [
                0.5273701349791344,
                0.5976087487093827,
                0.6714146546704215,
                0.7479196316323524,
                0.8260906533847986,
                0.9047493015138658,
                0.9825994071039227,
                1.0582622256986407,
                1.1303179420154759,
                1.197351838366363,
                1.2580030818707952,
                1.3110138238172475,
                1.3552761851127355,
                1.3898747388793047,
                1.4141222965262483,
                1.4275871456340317,
                1.4301103531662536,
                1.421812302258193,
                1.403088234515657,
                1.374593178550035,
                1.3372172162375298,
                1.2920525322554426,
                1.2403540787801628,
                1.1834959446775963,
                1.1229256369682084,
                1.0601184627472153,
                0.9965340530373749,
                0.9335768153157841,
                0.8725617634340586,
                0.8146867801083796,
                0.7610119463278878,
                0.7124461504516222,
                0.6697407906744807,
                0.6334900269362471,
                0.6041367366625707,
                0.5819830930465619,
                0.5672045211716196,
                0.5598656992614344,
                0.5599372602953886,
                0.5673119115546732,
                0.5818188226888487,
                0.6032353306419692,
                0.6312952635723672,
                0.6656934839002988,
                0.7060865775198176,
                0.7520899532959178,
                0.803271942649709,
                0.8591457799952449,
                0.919160577676823,
                0.9826925626031978,
                1.0490378991462612,
                1.117408373880972,
                1.1869310606527799,
                1.256652827026916,
                1.3255502027161408,
                1.3925447329324965,
                1.4565235169998072,
                1.516364220637161,
                1.5709634845732188,
                1.6192673642361128,
                1.660302249668179,
                1.693204646270646,
                1.7172482490180458,
                1.7318669075695066,
                1.7366723392395753,
                1.7314657752137248,
                1.7162430921283696,
                1.691193354416395,
                1.656691043122586,
                1.613282549834608,
                1.5616677527285572,
                1.502677656381458,
                1.4372491668075118,
                1.366398093838295,
                1.2911914352466414,
                1.2127199145492344,
                1.1320716315737023,
                1.050307554867342,
                0.9684394486389998,
                0.8874106918419161,
                0.8080803177790865,
                0.7312104811835405,
                0.6574574462641504,
                0.5873660830831768,
                0.5213677603043967,
                0.45978143001542904,
                0.40281761623155976,
                0.35058494509536203,
                0.30309879464847295,
                0.26029159848048516,
                0.22202431322752403,
                0.18809855648595458,
                0.15826893952985646,
                0.13225515701693796,
                0.10975345086882743,
                0.09044713370053578,
                0.07401593369978751,
                0.06014400253434294,
                0.04852650567800577,
                0.03887478608869066
            ],
            "median": 0.5496541014442176
        }
    }
}