{
    "modelInputNRows": 1918,
    "modelInputNCols": 33,
    "modelInputIsSparse": false,
    "modelInputMemory": 506352,
    "rawImportance": {
        "variables": [
            "Income",
            "Avg_Online_Spending_AED",
            "Credit_Score",
            "Total_Years_in_UAE",
            "Age",
            "dummy:Job_Type:Engineer",
            "dummy:Has_Loan:true"
        ],
        "importances": [
            0.22198697531324063,
            0.16219695523687308,
            0.17285802773576156,
            0.1638493574250719,
            6.459396592814234e-16,
            7.367773837282606e-17,
            0.27910868428905217
        ]
    },
    "probaAware": true
}