{
    "metrics": {},
    "processed_feature_names": [
        "Income",
        "Visits_to_Branch",
        "Avg_Online_Spending_AED",
        "Credit_Score",
        "Total_Years_in_UAE",
        "Children",
        "Age",
        "dummy:Marital_Status:Married",
        "dummy:Marital_Status:Single",
        "dummy:Marital_Status:Divorced",
        "dummy:Marital_Status:N/A",
        "dummy:Marital_Status:__Others__",
        "dummy:Emirate:Dubai",
        "dummy:Emirate:Sharjah",
        "dummy:Emirate:Abu Dhabi",
        "dummy:Emirate:Ajman",
        "dummy:Emirate:Fujairah",
        "dummy:Emirate:Umm Al Quwain",
        "dummy:Emirate:Ras Al Khaimah",
        "dummy:Emirate:N/A",
        "dummy:Emirate:__Others__",
        "dummy:Job_Type:Sales",
        "dummy:Job_Type:Healthcare",
        "dummy:Job_Type:Manager",
        "dummy:Job_Type:Engineer",
        "dummy:Job_Type:Clerk",
        "dummy:Job_Type:IT",
        "dummy:Job_Type:N/A",
        "dummy:Job_Type:__Others__",
        "dummy:Has_Loan:false",
        "dummy:Has_Loan:true",
        "dummy:Has_Loan:N/A",
        "dummy:Has_Loan:__Others__"
    ],
    "optimalThreshold": 0.025,
    "usedThreshold": 0.025,
    "perCutData": {
        "cut": [
            0.0,
            0.025,
            0.05,
            0.075,
            0.1,
            0.125,
            0.15,
            0.175,
            0.2,
            0.225,
            0.25,
            0.275,
            0.3,
            0.325,
            0.35,
            0.375,
            0.4,
            0.425,
            0.45,
            0.475,
            0.5,
            0.525,
            0.55,
            0.575,
            0.6,
            0.625,
            0.65,
            0.675,
            0.7,
            0.725,
            0.75,
            0.775,
            0.8,
            0.825,
            0.85,
            0.875,
            0.9,
            0.925,
            0.95,
            0.975
        ],
        "tp": [
            425,
            424,
            421,
            415,
            415,
            403,
            402,
            402,
            402,
            393,
            379,
            379,
            379,
            379,
            377,
            377,
            377,
            377,
            376,
            376,
            375,
            375,
            375,
            375,
            375,
            375,
            375,
            375,
            375,
            375,
            375,
            375,
            375,
            375,
            375,
            375,
            375,
            375,
            375,
            375
        ],
        "tn": [
            10,
            19,
            22,
            28,
            28,
            36,
            36,
            36,
            38,
            41,
            52,
            52,
            52,
            52,
            55,
            55,
            55,
            55,
            55,
            55,
            55,
            55,
            55,
            55,
            55,
            55,
            55,
            55,
            55,
            55,
            55,
            55,
            55,
            55,
            55,
            55,
            55,
            55,
            55,
            55
        ],
        "fp": [
            46,
            37,
            34,
            28,
            28,
            20,
            20,
            20,
            18,
            15,
            4,
            4,
            4,
            4,
            1,
            1,
            1,
            1,
            1,
            1,
            1,
            1,
            1,
            1,
            1,
            1,
            1,
            1,
            1,
            1,
            1,
            1,
            1,
            1,
            1,
            1,
            1,
            1,
            1,
            1
        ],
        "fn": [
            1,
            2,
            5,
            11,
            11,
            23,
            24,
            24,
            24,
            33,
            47,
            47,
            47,
            47,
            49,
            49,
            49,
            49,
            50,
            50,
            51,
            51,
            51,
            51,
            51,
            51,
            51,
            51,
            51,
            51,
            51,
            51,
            51,
            51,
            51,
            51,
            51,
            51,
            51,
            51
        ],
        "precision": [
            0.9023354564755839,
            0.9197396963123644,
            0.9252747252747253,
            0.9367945823927766,
            0.9367945823927766,
            0.9527186761229315,
            0.95260663507109,
            0.95260663507109,
            0.9571428571428572,
            0.9632352941176471,
            0.9895561357702349,
            0.9895561357702349,
            0.9895561357702349,
            0.9895561357702349,
            0.9973544973544973,
            0.9973544973544973,
            0.9973544973544973,
            0.9973544973544973,
            0.9973474801061007,
            0.9973474801061007,
            0.9973404255319149,
            0.9973404255319149,
            0.9973404255319149,
            0.9973404255319149,
            0.9973404255319149,
            0.9973404255319149,
            0.9973404255319149,
            0.9973404255319149,
            0.9973404255319149,
            0.9973404255319149,
            0.9973404255319149,
            0.9973404255319149,
            0.9973404255319149,
            0.9973404255319149,
            0.9973404255319149,
            0.9973404255319149,
            0.9973404255319149,
            0.9973404255319149,
            0.9973404255319149,
            0.9973404255319149
        ],
        "recall": [
            0.9976525821596244,
            0.9953051643192489,
            0.9882629107981221,
            0.9741784037558685,
            0.9741784037558685,
            0.9460093896713615,
            0.9436619718309859,
            0.9436619718309859,
            0.9436619718309859,
            0.9225352112676056,
            0.8896713615023474,
            0.8896713615023474,
            0.8896713615023474,
            0.8896713615023474,
            0.8849765258215962,
            0.8849765258215962,
            0.8849765258215962,
            0.8849765258215962,
            0.8826291079812206,
            0.8826291079812206,
            0.8802816901408451,
            0.8802816901408451,
            0.8802816901408451,
            0.8802816901408451,
            0.8802816901408451,
            0.8802816901408451,
            0.8802816901408451,
            0.8802816901408451,
            0.8802816901408451,
            0.8802816901408451,
            0.8802816901408451,
            0.8802816901408451,
            0.8802816901408451,
            0.8802816901408451,
            0.8802816901408451,
            0.8802816901408451,
            0.8802816901408451,
            0.8802816901408451,
            0.8802816901408451,
            0.8802816901408451
        ],
        "accuracy": [
            0.9024896265560166,
            0.9190871369294605,
            0.9190871369294605,
            0.9190871369294605,
            0.9190871369294605,
            0.9107883817427386,
            0.9087136929460581,
            0.9087136929460581,
            0.9128630705394191,
            0.9004149377593361,
            0.8941908713692946,
            0.8941908713692946,
            0.8941908713692946,
            0.8941908713692946,
            0.8962655601659751,
            0.8962655601659751,
            0.8962655601659751,
            0.8962655601659751,
            0.8941908713692946,
            0.8941908713692946,
            0.8921161825726142,
            0.8921161825726142,
            0.8921161825726142,
            0.8921161825726142,
            0.8921161825726142,
            0.8921161825726142,
            0.8921161825726142,
            0.8921161825726142,
            0.8921161825726142,
            0.8921161825726142,
            0.8921161825726142,
            0.8921161825726142,
            0.8921161825726142,
            0.8921161825726142,
            0.8921161825726142,
            0.8921161825726142,
            0.8921161825726142,
            0.8921161825726142,
            0.8921161825726142,
            0.8921161825726142
        ],
        "f1": [
            0.947603121516165,
            0.9560315670800451,
            0.9557321225879681,
            0.9551208285385501,
            0.9551208285385501,
            0.9493521790341579,
            0.9481132075471698,
            0.9481132075471698,
            0.9503546099290779,
            0.9424460431654677,
            0.9369592088998763,
            0.9369592088998763,
            0.9369592088998763,
            0.9369592088998763,
            0.9378109452736317,
            0.9378109452736317,
            0.9378109452736317,
            0.9378109452736317,
            0.9364881693648817,
            0.9364881693648817,
            0.9351620947630924,
            0.9351620947630924,
            0.9351620947630924,
            0.9351620947630924,
            0.9351620947630924,
            0.9351620947630924,
            0.9351620947630924,
            0.9351620947630924,
            0.9351620947630924,
            0.9351620947630924,
            0.9351620947630924,
            0.9351620947630924,
            0.9351620947630924,
            0.9351620947630924,
            0.9351620947630924,
            0.9351620947630924,
            0.9351620947630924,
            0.9351620947630924,
            0.9351620947630924,
            0.9351620947630924
        ],
        "mcc": [
            0.3781438992672617,
            0.5252339622631409,
            0.5310960037776841,
            0.5571939815053453,
            0.5571939815053453,
            0.5757308429156895,
            0.5693104200457617,
            0.5693104200457617,
            0.5955683945439224,
            0.5819432887063453,
            0.6490288708134702,
            0.6490288708134702,
            0.6490288708134702,
            0.6490288708134702,
            0.675484110830597,
            0.675484110830597,
            0.675484110830597,
            0.675484110830597,
            0.6713285085666267,
            0.6713285085666267,
            0.6672261630097769,
            0.6672261630097769,
            0.6672261630097769,
            0.6672261630097769,
            0.6672261630097769,
            0.6672261630097769,
            0.6672261630097769,
            0.6672261630097769,
            0.6672261630097769,
            0.6672261630097769,
            0.6672261630097769,
            0.6672261630097769,
            0.6672261630097769,
            0.6672261630097769,
            0.6672261630097769,
            0.6672261630097769,
            0.6672261630097769,
            0.6672261630097769,
            0.6672261630097769,
            0.6672261630097769
        ],
        "hammingLoss": [
            0.09751037344398339,
            0.08091286307053946,
            0.08091286307053946,
            0.08091286307053946,
            0.08091286307053946,
            0.08921161825726143,
            0.09128630705394192,
            0.09128630705394192,
            0.08713692946058094,
            0.09958506224066388,
            0.10580912863070535,
            0.10580912863070535,
            0.10580912863070535,
            0.10580912863070535,
            0.10373443983402486,
            0.10373443983402486,
            0.10373443983402486,
            0.10373443983402486,
            0.10580912863070535,
            0.10580912863070535,
            0.10788381742738584,
            0.10788381742738584,
            0.10788381742738584,
            0.10788381742738584,
            0.10788381742738584,
            0.10788381742738584,
            0.10788381742738584,
            0.10788381742738584,
            0.10788381742738584,
            0.10788381742738584,
            0.10788381742738584,
            0.10788381742738584,
            0.10788381742738584,
            0.10788381742738584,
            0.10788381742738584,
            0.10788381742738584,
            0.10788381742738584,
            0.10788381742738584,
            0.10788381742738584,
            0.10788381742738584
        ],
        "assertionsMetrics": [],
        "overridesMetrics": []
    },
    "tiMetrics": {
        "auc": 0.9503898390342053,
        "logLoss": 0.37063553749254996,
        "lift": 1.131455399061033,
        "averagePrecision": 0.9916062150722943,
        "calibrationLoss": 0.07776475223828322
    },
    "probaPercentiles": [
        0.0,
        0.0,
        0.004071509765423167,
        0.004071509765423167,
        0.032570597182725994,
        0.05838367719138262,
        0.05838367719138262,
        0.08123500610067014,
        0.10599061241906454,
        0.10599061241906454,
        0.10599061241906454,
        0.10599061241906454,
        0.21752403221616004,
        0.21752403221616004,
        0.21752403221616004,
        0.22632367632367648,
        0.22632367632367648,
        0.22632367632367648,
        0.233862590888856,
        0.233862590888856,
        0.3399808245445829,
        0.9060418562329429,
        1.0,
        1.0,
        1.0,
        1.0,
        1.0,
        1.0,
        1.0,
        1.0,
        1.0,
        1.0,
        1.0,
        1.0,
        1.0,
        1.0,
        1.0,
        1.0,
        1.0,
        1.0,
        1.0,
        1.0,
        1.0,
        1.0,
        1.0,
        1.0,
        1.0,
        1.0,
        1.0,
        1.0,
        1.0,
        1.0,
        1.0,
        1.0,
        1.0,
        1.0,
        1.0,
        1.0,
        1.0,
        1.0,
        1.0,
        1.0,
        1.0,
        1.0,
        1.0,
        1.0,
        1.0,
        1.0,
        1.0,
        1.0,
        1.0,
        1.0,
        1.0,
        1.0,
        1.0,
        1.0,
        1.0,
        1.0,
        1.0,
        1.0,
        1.0,
        1.0,
        1.0,
        1.0,
        1.0,
        1.0,
        1.0,
        1.0,
        1.0,
        1.0,
        1.0,
        1.0,
        1.0,
        1.0,
        1.0,
        1.0,
        1.0,
        1.0,
        1.0
    ],
    "rocVizData": [
        [
            {
                "x": 0.0,
                "y": 0.0,
                "p": 2.0
            },
            {
                "x": 0.017857142857142856,
                "y": 0.8802816901408451,
                "p": 1.0
            },
            {
                "x": 0.07142857142857142,
                "y": 0.8896713615023474,
                "p": 0.3399808245445829
            },
            {
                "x": 0.17857142857142858,
                "y": 0.9014084507042254,
                "p": 0.233862590888856
            },
            {
                "x": 0.26785714285714285,
                "y": 0.9225352112676056,
                "p": 0.22632367632367648
            },
            {
                "x": 0.32142857142857145,
                "y": 0.9436619718309859,
                "p": 0.21752403221616004
            },
            {
                "x": 0.5,
                "y": 0.9741784037558685,
                "p": 0.10599061241906454
            },
            {
                "x": 0.6071428571428571,
                "y": 0.9882629107981221,
                "p": 0.05838367719138262
            },
            {
                "x": 0.6607142857142857,
                "y": 0.9953051643192489,
                "p": 0.032570597182725994
            },
            {
                "x": 0.8214285714285714,
                "y": 0.9976525821596244,
                "p": 0.004071509765423167
            },
            {
                "x": 1.0,
                "y": 1.0,
                "p": 0.0
            }
        ]
    ],
    "liftVizData": {
        "bins": [
            {
                "bin_pos_prop": 0.8838174274,
                "bin_lift": 1.0,
                "cum_lift": 1.0,
                "cum_size": 1.0,
                "bin_min": 0.0,
                "bin_max": 1.0,
                "percentile_idx": 0
            }
        ],
        "wizard": {
            "positives": 426,
            "total": 482
        }
    },
    "prVizData": [
        {
            "bins": [
                {
                    "x": 1.0,
                    "y": 0.8838174273858921,
                    "p": 0.0
                },
                {
                    "x": 0.9741784037558685,
                    "y": 0.9367945823927766,
                    "p": 0.10599061241906454
                },
                {
                    "x": 0.9225352112676056,
                    "y": 0.9632352941176471,
                    "p": 0.22632367632367648
                },
                {
                    "x": 0.8849765258215962,
                    "y": 0.9973544973544973,
                    "p": 0.4266200233216724
                },
                {
                    "x": 0.8802816901408451,
                    "y": 0.9973404255319149,
                    "p": 1.0
                }
            ],
            "positiveRate": 0.8838174273858921
        }
    ],
    "densityData": {
        "false": {
            "actualIsThisClass": [
                0.09498446875768544,
                0.09413539733256293,
                0.09161699880529185,
                0.08756325575977675,
                0.0821846065006739,
                0.07574985366118206,
                0.068563954064888,
                0.06094423801295906,
                0.05319761800294948,
                0.045601009894397464,
                0.0383865846898994,
                0.03173271463956041,
                0.025760703416478053,
                0.020536713666690205,
                0.016077810944002294,
                0.012360772880359127,
                0.009332265298305428,
                0.006919126498414518,
                0.00503776867262313,
                0.003602035334201805,
                0.002529185265921702,
                0.0017439606109098656,
                0.0011809117719321393,
                0.0007852854569954914,
                0.0005128400488553293,
                0.0003289496983875624,
                0.00020731470055545647,
                0.00012853024393886224,
                7.869484910269418e-05,
                4.817547100476916e-05,
                3.059533972778432e-05,
                2.2076109398130447e-05,
                2.0747778010169303e-05,
                2.6536272354043013e-05,
                4.1246687350488515e-05,
                6.897650190795015e-05,
                0.00011691377489702335,
                0.00019659581382582404,
                0.0003257186251897498,
                0.000530590030883948,
                0.000849302264312286,
                0.001335655798141679,
                0.0020637895160424908,
                0.003133361757519357,
                0.004674987996967271,
                0.0068554894997639145,
                0.009882369890810662,
                0.014006849763341347,
                0.019524794882192952,
                0.026775008774588892,
                0.036134646355609264,
                0.04801193155177288,
                0.06283687571494993,
                0.08105119467531492,
                0.10309897068524108,
                0.12941964506959092,
                0.16044452412749394,
                0.19659707116898106,
                0.2382958954729345,
                0.2859577368474704,
                0.3399962324832123,
                0.400811294828401,
                0.4687639939631526,
                0.5441332859430645,
                0.627053880523694,
                0.7174387732864694,
                0.8148948679804933,
                0.9186447394677171,
                1.027470808219972,
                1.1396989391408712,
                1.2532359913464026,
                1.365669951557228,
                1.4744325170292423,
                1.5770135977211044,
                1.6712069530399456,
                1.7553580357022527,
                1.8285808389108014,
                1.8909112727492232,
                1.943370568631449,
                1.9879226667840537,
                2.0273228538819104,
                2.064868921843705,
                2.1040785651214216,
                2.1483257505162596,
                2.2004732435178753,
                2.26253812343808,
                2.335422577014415,
                2.4187347323552717,
                2.510715218869301,
                2.608275815343235,
                2.7071478780791507,
                2.8021306285906866,
                2.8874228212900395,
                2.957015614297193,
                3.005119520390573,
                3.0265943022909783,
                3.0173481448316384,
                2.9746721996619363,
                2.8974794861925703,
                2.786423671378592
            ],
            "actualIsNotThisClass": [
                4.086199738647889,
                4.058351993652578,
                3.975398610480305,
                3.8407187028324166,
                3.659697321288687,
                3.4393683089362543,
                3.187961381247187,
                2.9143940246648836,
                2.6277517497210257,
                2.336798424252086,
                2.049552376937152,
                1.7729547383355138,
                1.512645436591045,
                1.2728508505395817,
                1.0563766928683218,
                0.8646913104807235,
                0.6980789101182554,
                0.5558394724620693,
                0.43651213571345254,
                0.33810112698722466,
                0.25828722151212513,
                0.1946124741126106,
                0.14463089855387876,
                0.10602229977008999,
                0.07667019810878851,
                0.05470751596755891,
                0.03853538661407321,
                0.026821185261929833,
                0.018481852042537952,
                0.012657993835670196,
                0.0086833368407726,
                0.006053047623077109,
                0.00439339788107396,
                0.0034343199909204225,
                0.002985643679969681,
                0.0029172385144524107,
                0.0031429043041702096,
                0.003607626825037215,
                0.004277715849624645,
                0.0051333311349755755,
                0.006162947380052646,
                0.007359384203364417,
                0.008717111145424233,
                0.010230615969162003,
                0.011893687956083875,
                0.013699511777819529,
                0.015641490582065463,
                0.01771472033341937,
                0.01991802395162207,
                0.022256427052302467,
                0.02474392117422777,
                0.027406319432151657,
                0.030283967768726838,
                0.033434036793575,
                0.03693208949240872,
                0.0408726045767163,
                0.0453681405868873,
                0.05054685941743647,
                0.05654819693922617,
                0.06351657851040231,
                0.07159323048563872,
                0.08090633165050255,
                0.09155996938231223,
                0.10362259404321403,
                0.1171158731099191,
                0.1320049994357603,
                0.14819157005010752,
                0.16551009203900083,
                0.18372897104008068,
                0.20255649453285005,
                0.22165185763527792,
                0.24064073807305075,
                0.2591343738285113,
                0.2767506082693543,
                0.29313502060947566,
                0.3079801192425694,
                0.32104068167208216,
                0.3321436828401668,
                0.34119183047318996,
                0.34816045241444743,
                0.3530882607542561,
                0.3560632425021123,
                0.3572054932073698,
                0.3566491370278226,
                0.3545255185841551,
                0.3509496059213951,
                0.34601105054081144,
                0.3397706860689114,
                0.3322625105959118,
                0.32350049407654136,
                0.3134889759380547,
                0.3022350392346272,
                0.2897611030114829,
                0.27611606453526727,
                0.2613836153584584,
                0.24568679270037147,
                0.22918833954482842,
                0.2120869605140965,
                0.19461001199897618,
                0.17700350664382825
            ],
            "actualIsThisClassMedian": 0.9178128551947764,
            "actualIsNotThisClassMedian": 0.0
        },
        "true": {
            "actualIsThisClass": [
                0.17700350664382825,
                0.19461001199897618,
                0.2120869605140967,
                0.22918833954482842,
                0.24568679270037166,
                0.2613836153584586,
                0.27611606453526727,
                0.2897611030114829,
                0.3022350392346272,
                0.3134889759380547,
                0.32350049407654136,
                0.3322625105959115,
                0.3397706860689114,
                0.34601105054081144,
                0.3509496059213954,
                0.3545255185841551,
                0.3566491370278219,
                0.3572054932073698,
                0.3560632425021123,
                0.3530882607542561,
                0.34816045241444715,
                0.34119183047318996,
                0.3321436828401668,
                0.32104068167208216,
                0.3079801192425694,
                0.29313502060947544,
                0.2767506082693546,
                0.2591343738285113,
                0.24064073807305075,
                0.22165185763527773,
                0.20255649453284988,
                0.18372897104008037,
                0.1655100920390007,
                0.14819157005010739,
                0.1320049994357603,
                0.11711587310991893,
                0.10362259404321389,
                0.09155996938231219,
                0.08090633165050251,
                0.07159323048563872,
                0.06351657851040228,
                0.05654819693922614,
                0.050546859417436495,
                0.045368140586887255,
                0.0408726045767163,
                0.03693208949240872,
                0.03343403679357502,
                0.030283967768726838,
                0.027406319432151657,
                0.02474392117422777,
                0.022256427052302467,
                0.01991802395162206,
                0.01771472033341935,
                0.015641490582065477,
                0.013699511777819529,
                0.011893687956083886,
                0.010230615969161992,
                0.008717111145424233,
                0.007359384203364417,
                0.00616294738005264,
                0.00513333113497558,
                0.004277715849624641,
                0.003607626825037218,
                0.003142904304170212,
                0.002917238514452416,
                0.0029856436799696887,
                0.0034343199909204376,
                0.00439339788107398,
                0.006053047623077141,
                0.008683336840772632,
                0.012657993835670274,
                0.018481852042538067,
                0.02682118526192994,
                0.038535386614073415,
                0.05470751596755911,
                0.07667019810878892,
                0.1060222997700905,
                0.14463089855387928,
                0.19461247411261146,
                0.25828722151212585,
                0.33810112698722583,
                0.4365121357134537,
                0.5558394724620718,
                0.6980789101182566,
                0.8646913104807249,
                1.0563766928683238,
                1.272850850539584,
                1.5126454365910502,
                1.7729547383355169,
                2.0495523769371555,
                2.3367984242520903,
                2.62775174972103,
                2.914394024664889,
                3.1879613812471925,
                3.4393683089362606,
                3.659697321288694,
                3.8407187028324166,
                3.975398610480305,
                4.058351993652578,
                4.086199738647889
            ],
            "actualIsNotThisClass": [
                2.786423671378592,
                2.8974794861925703,
                2.9746721996619363,
                3.0173481448316384,
                3.0265943022909783,
                3.0051195203905756,
                2.957015614297193,
                2.8874228212900417,
                2.8021306285906866,
                2.707147878079153,
                2.608275815343233,
                2.5107152188693034,
                2.418734732355274,
                2.3354225770144166,
                2.26253812343808,
                2.2004732435178753,
                2.1483257505162596,
                2.1040785651214216,
                2.064868921843705,
                2.0273228538819104,
                1.9879226667840537,
                1.9433705686314509,
                1.8909112727492232,
                1.8285808389107998,
                1.7553580357022527,
                1.6712069530399472,
                1.5770135977211044,
                1.474432517029245,
                1.365669951557228,
                1.2532359913464015,
                1.1396989391408712,
                1.027470808219972,
                0.9186447394677166,
                0.8148948679804925,
                0.7174387732864694,
                0.6270538805236932,
                0.544133285943064,
                0.4687639939631526,
                0.40081129482840067,
                0.3399962324832123,
                0.28595773684747017,
                0.2382958954729345,
                0.19659707116898106,
                0.16044452412749374,
                0.12941964506959086,
                0.10309897068524095,
                0.08105119467531488,
                0.06283687571494985,
                0.048011931551772795,
                0.03613464635560923,
                0.026775008774588868,
                0.0195247948821929,
                0.014006849763341309,
                0.009882369890810662,
                0.006855489499763889,
                0.004674987996967271,
                0.003133361757519346,
                0.002063789516042489,
                0.0013356557981416767,
                0.0008493022643122837,
                0.000530590030883947,
                0.0003257186251897486,
                0.00019659581382582334,
                0.00011691377489702293,
                6.89765019079499e-05,
                4.124668735048845e-05,
                2.6536272354042966e-05,
                2.0747778010169337e-05,
                2.2076109398130407e-05,
                3.059533972778437e-05,
                4.817547100476924e-05,
                7.869484910269445e-05,
                0.00012853024393886224,
                0.0002073147005554572,
                0.0003289496983875624,
                0.0005128400488553315,
                0.0007852854569954936,
                0.0011809117719321393,
                0.0017439606109098688,
                0.0025291852659217067,
                0.003602035334201818,
                0.005037768672623139,
                0.0069191264984145425,
                0.009332265298305453,
                0.012360772880359127,
                0.01607781094400234,
                0.020536713666690232,
                0.025760703416478122,
                0.03173271463956045,
                0.03838658468989951,
                0.04560100989439754,
                0.053197618002949525,
                0.06094423801295917,
                0.06856395406488806,
                0.07574985366118216,
                0.08218460650067398,
                0.08756325575977679,
                0.09161699880529194,
                0.09413539733256293,
                0.09498446875768544
            ],
            "actualIsThisClassMedian": 1.0,
            "actualIsNotThisClassMedian": 0.08218714480522359
        }
    },
    "calibrationData": [
        {
            "y": 0,
            "x": 0,
            "n": 0
        },
        {
            "y": 0.28205128205128205,
            "x": 0.02401904633454305,
            "n": 39.0
        },
        {
            "y": 0.5652173913043478,
            "x": 0.11412190438033398,
            "n": 23.0
        },
        {
            "y": 0.6216216216216216,
            "x": 0.22571103661899483,
            "n": 37.0
        },
        {
            "y": 0.4,
            "x": 0.3399808245445829,
            "n": 5.0
        },
        {
            "y": 1.0,
            "x": 0.4523151678634446,
            "n": 2.0
        },
        {
            "y": 0.9973404255319149,
            "x": 1.0,
            "n": 376.0
        },
        {
            "y": 1,
            "x": 1,
            "n": 0
        }
    ],
    "probaDistribData": {
        "bins": [
            0.0,
            0.1,
            0.2,
            0.3,
            0.4,
            0.5,
            0.6,
            0.7,
            0.8,
            0.9,
            1.0
        ],
        "probaDistribs": [
            [
                28.0,
                10.0,
                14.0,
                3.0,
                0.0,
                0.0,
                0.0,
                0.0,
                0.0,
                1.0
            ],
            [
                11.0,
                13.0,
                23.0,
                2.0,
                2.0,
                0.0,
                0.0,
                0.0,
                0.0,
                375.0
            ]
        ]
    },
    "globalMetrics": {
        "testWeight": 482,
        "targetAvg": [
            0.8838174273858921
        ],
        "targetStd": [
            0.3207766560453512
        ],
        "predictionAvg": [
            0.9564315352697096
        ],
        "predictionStd": [
            0.20413293122702156
        ]
    }
}