{
    "predictedClassCountPerCut": [
        {
            "true": 471,
            "false": 11
        },
        {
            "true": 461,
            "false": 21
        },
        {
            "true": 455,
            "false": 27
        },
        {
            "true": 443,
            "false": 39
        },
        {
            "true": 443,
            "false": 39
        },
        {
            "true": 423,
            "false": 59
        },
        {
            "true": 422,
            "false": 60
        },
        {
            "true": 422,
            "false": 60
        },
        {
            "true": 420,
            "false": 62
        },
        {
            "true": 408,
            "false": 74
        },
        {
            "true": 383,
            "false": 99
        },
        {
            "true": 383,
            "false": 99
        },
        {
            "true": 383,
            "false": 99
        },
        {
            "true": 383,
            "false": 99
        },
        {
            "true": 378,
            "false": 104
        },
        {
            "true": 378,
            "false": 104
        },
        {
            "true": 378,
            "false": 104
        },
        {
            "true": 378,
            "false": 104
        },
        {
            "true": 377,
            "false": 105
        },
        {
            "true": 377,
            "false": 105
        },
        {
            "true": 376,
            "false": 106
        },
        {
            "true": 376,
            "false": 106
        },
        {
            "true": 376,
            "false": 106
        },
        {
            "true": 376,
            "false": 106
        },
        {
            "true": 376,
            "false": 106
        },
        {
            "true": 376,
            "false": 106
        },
        {
            "true": 376,
            "false": 106
        },
        {
            "true": 376,
            "false": 106
        },
        {
            "true": 376,
            "false": 106
        },
        {
            "true": 376,
            "false": 106
        },
        {
            "true": 376,
            "false": 106
        },
        {
            "true": 376,
            "false": 106
        },
        {
            "true": 376,
            "false": 106
        },
        {
            "true": 376,
            "false": 106
        },
        {
            "true": 376,
            "false": 106
        },
        {
            "true": 376,
            "false": 106
        },
        {
            "true": 376,
            "false": 106
        },
        {
            "true": 376,
            "false": 106
        },
        {
            "true": 376,
            "false": 106
        },
        {
            "true": 376,
            "false": 106
        }
    ],
    "cuts": [
        0.0,
        0.025,
        0.05,
        0.075,
        0.1,
        0.125,
        0.15,
        0.175,
        0.2,
        0.225,
        0.25,
        0.275,
        0.3,
        0.325,
        0.35,
        0.375,
        0.4,
        0.425,
        0.45,
        0.475,
        0.5,
        0.525,
        0.55,
        0.575,
        0.6,
        0.625,
        0.65,
        0.675,
        0.7,
        0.725,
        0.75,
        0.775,
        0.8,
        0.825,
        0.85,
        0.875,
        0.9,
        0.925,
        0.95,
        0.975
    ],
    "predictedClassCount": {
        "true": 461,
        "false": 21
    },
    "probabilityDensities": {
        "false": {
            "density": [
                2.7975224037816377,
                2.7861275461395523,
                2.7519959586598555,
                2.6959632612147013,
                2.619386185573056,
                2.524087982496508,
                2.4122863030881057,
                2.2865075362744514,
                2.149492217117624,
                2.0040964352137274,
                1.853194158928002,
                1.6995850663322702,
                1.5459118779185532,
                1.3945903788768512,
                1.2477543719678459,
                1.1072167933334558,
                0.9744472289447976,
                0.8505651568492456,
                0.7363474650443101,
                0.6322481954546965,
                0.5384280620757149,
                0.4547910893020647,
                0.3810257025580246,
                0.31664775274998536,
                0.2610432351263434,
                0.21350883344092492,
                0.17328884258229127,
                0.13960746024111467,
                0.11169585900766738,
                0.0888138295723829,
                0.07026610608663164,
                0.05541373645033608,
                0.04368104045304748,
                0.034558810183953514,
                0.027604457154891772,
                0.02243980919122328,
                0.018747218789632866,
                0.016264574952612028,
                0.014779723342044847,
                0.014124704364358075,
                0.014170123109409197,
                0.014819874586096881,
                0.016006366256025337,
                0.017686309674195055,
                0.019837095015289474,
                0.022453716356993857,
                0.02554618115431896,
                0.029137313395588456,
                0.033260845413071824,
                0.037959687222424314,
                0.043284263719512994,
                0.04929081835665385,
                0.05603959644270582,
                0.06359284136801775,
                0.07201256215407437,
                0.08135805986471542,
                0.09168323237633713,
                0.10303371020126262,
                0.11544390852191955,
                0.12893411002572763,
                0.14350771702832682,
                0.15914882721520093,
                0.17582029282184367,
                0.19346241640987627,
                0.21199241655150244,
                0.231304763691041,
                0.25127244137885435,
                0.2717491333930713,
                0.29257227659600765,
                0.31356685732628325,
                0.33454977096926597,
                0.35533451554044243,
                0.37573595578650293,
                0.3955748786941734,
                0.41468206722701134,
                0.4329016475955949,
                0.45009351534675013,
                0.466134713855013,
                0.480919720296807,
                0.4943596822242252,
                0.5063807348116496,
                0.5169216068626875,
                0.5259307854056308,
                0.5333635481180123,
                0.5391791857640345,
                0.5433387215304702,
                0.5458033914240836,
                0.5465340831126697,
                0.545491845369112,
                0.5426394839567441,
                0.537944160750266,
                0.5313808197373239,
                0.5229361843474006,
                0.5126130120651302,
                0.5004342593690915,
                0.48644680526424416,
                0.4707244051466609,
                0.45336959614492367,
                0.43451434598671496,
                0.4143193237389358
            ],
            "median": 0.0
        },
        "true": {
            "density": [
                0.4143193237389358,
                0.43451434598671496,
                0.45336959614492367,
                0.47072440514666136,
                0.48644680526424416,
                0.500434259369091,
                0.5126130120651302,
                0.5229361843474006,
                0.5313808197373244,
                0.537944160750266,
                0.5426394839567441,
                0.5454918453691114,
                0.5465340831126697,
                0.5458033914240836,
                0.5433387215304698,
                0.5391791857640339,
                0.5333635481180113,
                0.5259307854056308,
                0.5169216068626875,
                0.5063807348116501,
                0.4943596822242252,
                0.48091972029680663,
                0.466134713855013,
                0.4500935153467497,
                0.4329016475955945,
                0.414682067227011,
                0.39557487869417307,
                0.3757359557865026,
                0.35533451554044243,
                0.33454977096926536,
                0.31356685732628325,
                0.29257227659600765,
                0.2717491333930713,
                0.25127244137885413,
                0.2313047636910408,
                0.21199241655150208,
                0.19346241640987627,
                0.17582029282184383,
                0.1591488272152008,
                0.14350771702832682,
                0.1289341100257274,
                0.11544390852191945,
                0.10303371020126252,
                0.09168323237633706,
                0.08135805986471538,
                0.07201256215407427,
                0.0635928413680177,
                0.05603959644270579,
                0.04929081835665383,
                0.04328426371951296,
                0.03795968722242433,
                0.033260845413071796,
                0.02913731339558843,
                0.025546181154318948,
                0.022453716356993836,
                0.019837095015289474,
                0.017686309674195055,
                0.016006366256025337,
                0.014819874586096881,
                0.014170123109409197,
                0.014124704364358087,
                0.014779723342044873,
                0.016264574952612028,
                0.018747218789632897,
                0.022439809191223337,
                0.02760445715489182,
                0.034558810183953605,
                0.04368104045304752,
                0.055413736450336204,
                0.07026610608663164,
                0.08881382957238314,
                0.11169585900766758,
                0.13960746024111492,
                0.17328884258229188,
                0.2135088334409253,
                0.26104323512634414,
                0.31664775274998597,
                0.3810257025580246,
                0.4547910893020659,
                0.5384280620757149,
                0.6322481954546981,
                0.736347465044312,
                0.8505651568492463,
                0.9744472289447976,
                1.107216793333457,
                1.2477543719678492,
                1.3945903788768501,
                1.545911877918556,
                1.6995850663322718,
                1.853194158928007,
                2.0040964352137274,
                2.149492217117624,
                2.286507536274453,
                2.412286303088108,
                2.5240879824965146,
                2.6193861855730582,
                2.695963261214704,
                2.7519959586598555,
                2.7861275461395474,
                2.7975224037816377
            ],
            "median": 1.0
        }
    }
}