{
  "starred": false,
  "clusterMetas": {},
  "sessionName": "decision tree1",
  "customMeta": {
    "kv": {}
  },
  "tags": [],
  "activeClassifierThreshold": 0.025,
  "description": "",
  "name": "Decision Tree (decision tree1)",
  "labels": [
    {
      "key": "trainDataset:dataset-name",
      "value": "train"
    },
    {
      "key": "testDataset:dataset-name",
      "value": "train"
    },
    {
      "key": "evaluationDataset:dataset-name",
      "value": "train"
    },
    {
      "key": "model:algorithm",
      "value": "DECISION_TREE_CLASSIFICATION"
    },
    {
      "key": "model:name",
      "value": "Decision Tree (decision tree1)"
    },
    {
      "key": "model:session-name",
      "value": "decision tree1"
    },
    {
      "key": "model:date",
      "value": "2025-03-25T06:22:22.161+0000"
    },
    {
      "key": "evaluation:date",
      "value": "2025-03-25T06:22:22.161+0000"
    }
  ]
}