{
    "featuresDistribution": {
        "Tweet_Sentiment": {
            "type": "CATEGORY",
            "nbDistinct": 3,
            "count": 2400,
            "missingCount": 0.0,
            "values": {
                "scale": [
                    "Neutral",
                    "Positive",
                    "Negative"
                ],
                "distribution": [
                    0.33708333333333335,
                    0.3333333333333333,
                    0.32958333333333334
                ]
            }
        },
        "Profile_Picture": {
            "type": "CATEGORY",
            "nbDistinct": 2,
            "count": 2400,
            "missingCount": 0.0,
            "values": {
                "scale": [
                    "Yes",
                    "No"
                ],
                "distribution": [
                    0.5166666666666667,
                    0.48333333333333334
                ]
            }
        },
        "Following": {
            "type": "NUMERIC",
            "nbDistinct": 1620,
            "count": 2400,
            "missingCount": 0.0,
            "histogram": {
                "scale": [
                    50.0,
                    151.0,
                    252.0,
                    353.0,
                    454.0,
                    555.0,
                    656.0,
                    757.0,
                    858.0,
                    959.0,
                    1060.0,
                    1161.0,
                    1262.0,
                    1363.0,
                    1464.0,
                    1565.0,
                    1666.0,
                    1767.0,
                    1868.0,
                    1969.0,
                    2070.0,
                    2171.0,
                    2272.0,
                    2373.0,
                    2474.0,
                    2575.0,
                    2676.0,
                    2777.0,
                    2878.0,
                    2979.0,
                    3080.0,
                    3181.0,
                    3282.0,
                    3383.0,
                    3484.0,
                    3585.0,
                    3686.0,
                    3787.0,
                    3888.0,
                    3989.0,
                    4090.0,
                    4191.0,
                    4292.0,
                    4393.0,
                    4494.0,
                    4595.0,
                    4696.0,
                    4797.0,
                    4898.0,
                    4999.0
                ],
                "distribution": [
                    0.03625,
                    0.03833333333333333,
                    0.037083333333333336,
                    0.04041666666666666,
                    0.04041666666666666,
                    0.0425,
                    0.04041666666666666,
                    0.03875,
                    0.04625,
                    0.04,
                    0.045,
                    0.04791666666666667,
                    0.042083333333333334,
                    0.044583333333333336,
                    0.04541666666666667,
                    0.044583333333333336,
                    0.04666666666666667,
                    0.04625,
                    0.04041666666666666,
                    0.016666666666666666,
                    0.006666666666666667,
                    0.006666666666666667,
                    0.005416666666666667,
                    0.007083333333333333,
                    0.00875,
                    0.005416666666666667,
                    0.0075,
                    0.00375,
                    0.005,
                    0.005,
                    0.00625,
                    0.00625,
                    0.006666666666666667,
                    0.002916666666666667,
                    0.008333333333333333,
                    0.0033333333333333335,
                    0.006666666666666667,
                    0.005833333333333334,
                    0.004583333333333333,
                    0.00625,
                    0.0075,
                    0.007916666666666667,
                    0.005833333333333334,
                    0.005,
                    0.005416666666666667,
                    0.00625,
                    0.0075,
                    0.007083333333333333,
                    0.009166666666666667
                ]
            },
            "quantiles": {
                "scale": [
                    187.5,
                    452.0,
                    701.5,
                    941.5,
                    1167.75,
                    1398.75,
                    1624.5,
                    1841.78,
                    2659.0999999999995,
                    4180.82
                ],
                "distribution": [
                    0.09958333333333333,
                    0.1,
                    0.1,
                    0.09916666666666667,
                    0.10125,
                    0.09958333333333333,
                    0.09958333333333333,
                    0.10083333333333333,
                    0.1,
                    0.1
                ]
            },
            "topValues": [
                {
                    "value": 451.0,
                    "count": 6.0
                },
                {
                    "value": 1534.0,
                    "count": 6.0
                },
                {
                    "value": 1824.0,
                    "count": 6.0
                },
                {
                    "value": 140.0,
                    "count": 5.0
                },
                {
                    "value": 259.0,
                    "count": 5.0
                },
                {
                    "value": 639.0,
                    "count": 5.0
                },
                {
                    "value": 822.0,
                    "count": 5.0
                },
                {
                    "value": 1292.0,
                    "count": 5.0
                },
                {
                    "value": 1396.0,
                    "count": 5.0
                },
                {
                    "value": 102.0,
                    "count": 4.0
                },
                {
                    "value": 222.0,
                    "count": 4.0
                },
                {
                    "value": 241.0,
                    "count": 4.0
                },
                {
                    "value": 272.0,
                    "count": 4.0
                },
                {
                    "value": 333.0,
                    "count": 4.0
                },
                {
                    "value": 374.0,
                    "count": 4.0
                },
                {
                    "value": 422.0,
                    "count": 4.0
                },
                {
                    "value": 488.0,
                    "count": 4.0
                },
                {
                    "value": 584.0,
                    "count": 4.0
                },
                {
                    "value": 594.0,
                    "count": 4.0
                },
                {
                    "value": 717.0,
                    "count": 4.0
                },
                {
                    "value": 720.0,
                    "count": 4.0
                },
                {
                    "value": 746.0,
                    "count": 4.0
                },
                {
                    "value": 749.0,
                    "count": 4.0
                },
                {
                    "value": 875.0,
                    "count": 4.0
                },
                {
                    "value": 879.0,
                    "count": 4.0
                },
                {
                    "value": 1059.0,
                    "count": 4.0
                },
                {
                    "value": 1096.0,
                    "count": 4.0
                },
                {
                    "value": 1169.0,
                    "count": 4.0
                },
                {
                    "value": 1367.0,
                    "count": 4.0
                },
                {
                    "value": 1371.0,
                    "count": 4.0
                },
                {
                    "value": 1456.0,
                    "count": 4.0
                },
                {
                    "value": 1544.0,
                    "count": 4.0
                },
                {
                    "value": 1615.0,
                    "count": 4.0
                },
                {
                    "value": 1644.0,
                    "count": 4.0
                },
                {
                    "value": 1994.0,
                    "count": 4.0
                },
                {
                    "value": 60.0,
                    "count": 3.0
                },
                {
                    "value": 65.0,
                    "count": 3.0
                },
                {
                    "value": 96.0,
                    "count": 3.0
                },
                {
                    "value": 136.0,
                    "count": 3.0
                },
                {
                    "value": 147.0,
                    "count": 3.0
                },
                {
                    "value": 150.0,
                    "count": 3.0
                },
                {
                    "value": 219.0,
                    "count": 3.0
                },
                {
                    "value": 231.0,
                    "count": 3.0
                },
                {
                    "value": 234.0,
                    "count": 3.0
                },
                {
                    "value": 255.0,
                    "count": 3.0
                },
                {
                    "value": 258.0,
                    "count": 3.0
                },
                {
                    "value": 296.0,
                    "count": 3.0
                },
                {
                    "value": 328.0,
                    "count": 3.0
                },
                {
                    "value": 347.0,
                    "count": 3.0
                },
                {
                    "value": 393.0,
                    "count": 3.0
                }
            ]
        },
        "Tweets_Per_Day": {
            "type": "NUMERIC",
            "nbDistinct": 2400,
            "count": 2400,
            "missingCount": 0.0,
            "histogram": {
                "scale": [
                    0.103801765,
                    1.1216688718367347,
                    2.1395359786734693,
                    3.1574030855102038,
                    4.175270192346939,
                    5.1931372991836735,
                    6.2110044060204075,
                    7.228871512857142,
                    8.246738619693877,
                    9.264605726530611,
                    10.282472833367347,
                    11.300339940204081,
                    12.318207047040815,
                    13.33607415387755,
                    14.353941260714285,
                    15.37180836755102,
                    16.389675474387754,
                    17.40754258122449,
                    18.425409688061222,
                    19.443276794897958,
                    20.461143901734694,
                    21.479011008571426,
                    22.496878115408162,
                    23.514745222244898,
                    24.53261232908163,
                    25.550479435918366,
                    26.5683465427551,
                    27.586213649591837,
                    28.60408075642857,
                    29.621947863265305,
                    30.63981497010204,
                    31.657682076938773,
                    32.67554918377551,
                    33.69341629061224,
                    34.71128339744898,
                    35.72915050428571,
                    36.747017611122445,
                    37.764884717959184,
                    38.782751824795916,
                    39.80061893163265,
                    40.81848603846939,
                    41.83635314530612,
                    42.85422025214285,
                    43.87208735897959,
                    44.889954465816324,
                    45.907821572653056,
                    46.925688679489795,
                    47.94355578632653,
                    48.96142289316326,
                    49.97929
                ],
                "distribution": [
                    0.13875,
                    0.15791666666666668,
                    0.14333333333333334,
                    0.15333333333333332,
                    0.11541666666666667,
                    0.005,
                    0.004583333333333333,
                    0.0075,
                    0.007083333333333333,
                    0.005,
                    0.005833333333333334,
                    0.006666666666666667,
                    0.00625,
                    0.007916666666666667,
                    0.005833333333333334,
                    0.0075,
                    0.007916666666666667,
                    0.00375,
                    0.010416666666666666,
                    0.00875,
                    0.006666666666666667,
                    0.007083333333333333,
                    0.00875,
                    0.005416666666666667,
                    0.007916666666666667,
                    0.00625,
                    0.0075,
                    0.00375,
                    0.007083333333333333,
                    0.005416666666666667,
                    0.007916666666666667,
                    0.008333333333333333,
                    0.008333333333333333,
                    0.005416666666666667,
                    0.00625,
                    0.00375,
                    0.005416666666666667,
                    0.005833333333333334,
                    0.005,
                    0.00625,
                    0.009166666666666667,
                    0.00625,
                    0.006666666666666667,
                    0.007916666666666667,
                    0.004166666666666667,
                    0.007083333333333333,
                    0.008333333333333333,
                    0.0075,
                    0.005833333333333334
                ]
            },
            "quantiles": {
                "scale": [
                    0.45930179649999997,
                    1.1644536300000001,
                    1.835881048,
                    2.50010611,
                    3.1991366279999998,
                    3.88662735,
                    4.5805462850000005,
                    12.206005184999999,
                    26.65761093999999,
                    41.91302853999999
                ],
                "distribution": [
                    0.1,
                    0.1,
                    0.1,
                    0.1,
                    0.1,
                    0.1,
                    0.1,
                    0.1,
                    0.1,
                    0.1
                ]
            },
            "topValues": [
                {
                    "value": 0.103801765,
                    "count": 1.0
                },
                {
                    "value": 0.106681466,
                    "count": 1.0
                },
                {
                    "value": 0.107515566,
                    "count": 1.0
                },
                {
                    "value": 0.10871025,
                    "count": 1.0
                },
                {
                    "value": 0.11090961,
                    "count": 1.0
                },
                {
                    "value": 0.11768359,
                    "count": 1.0
                },
                {
                    "value": 0.118379176,
                    "count": 1.0
                },
                {
                    "value": 0.12219808,
                    "count": 1.0
                },
                {
                    "value": 0.12402267,
                    "count": 1.0
                },
                {
                    "value": 0.13225913,
                    "count": 1.0
                },
                {
                    "value": 0.13289605,
                    "count": 1.0
                },
                {
                    "value": 0.13426603,
                    "count": 1.0
                },
                {
                    "value": 0.14244713,
                    "count": 1.0
                },
                {
                    "value": 0.14647046,
                    "count": 1.0
                },
                {
                    "value": 0.14804806,
                    "count": 1.0
                },
                {
                    "value": 0.15028742,
                    "count": 1.0
                },
                {
                    "value": 0.15127622,
                    "count": 1.0
                },
                {
                    "value": 0.15279576,
                    "count": 1.0
                },
                {
                    "value": 0.15847878,
                    "count": 1.0
                },
                {
                    "value": 0.15866461,
                    "count": 1.0
                },
                {
                    "value": 0.16303803,
                    "count": 1.0
                },
                {
                    "value": 0.16604593,
                    "count": 1.0
                },
                {
                    "value": 0.17325762,
                    "count": 1.0
                },
                {
                    "value": 0.17728533,
                    "count": 1.0
                },
                {
                    "value": 0.17808443,
                    "count": 1.0
                },
                {
                    "value": 0.18171398,
                    "count": 1.0
                },
                {
                    "value": 0.18649946,
                    "count": 1.0
                },
                {
                    "value": 0.18897629,
                    "count": 1.0
                },
                {
                    "value": 0.19136807,
                    "count": 1.0
                },
                {
                    "value": 0.19153696,
                    "count": 1.0
                },
                {
                    "value": 0.19283214,
                    "count": 1.0
                },
                {
                    "value": 0.19499208,
                    "count": 1.0
                },
                {
                    "value": 0.19740753,
                    "count": 1.0
                },
                {
                    "value": 0.20203543,
                    "count": 1.0
                },
                {
                    "value": 0.20672664,
                    "count": 1.0
                },
                {
                    "value": 0.2103842,
                    "count": 1.0
                },
                {
                    "value": 0.21649791,
                    "count": 1.0
                },
                {
                    "value": 0.21688251,
                    "count": 1.0
                },
                {
                    "value": 0.22739168,
                    "count": 1.0
                },
                {
                    "value": 0.2311349,
                    "count": 1.0
                },
                {
                    "value": 0.23671633,
                    "count": 1.0
                },
                {
                    "value": 0.23885286,
                    "count": 1.0
                },
                {
                    "value": 0.24101374,
                    "count": 1.0
                },
                {
                    "value": 0.24162546,
                    "count": 1.0
                },
                {
                    "value": 0.24237323,
                    "count": 1.0
                },
                {
                    "value": 0.24947713,
                    "count": 1.0
                },
                {
                    "value": 0.25007543,
                    "count": 1.0
                },
                {
                    "value": 0.25361845,
                    "count": 1.0
                },
                {
                    "value": 0.25467423,
                    "count": 1.0
                },
                {
                    "value": 0.25715953,
                    "count": 1.0
                }
            ]
        },
        "Fraud_Status": {
            "type": "CATEGORY",
            "nbDistinct": 2,
            "count": 2400,
            "missingCount": 0.0,
            "values": {
                "scale": [
                    "Genuine",
                    "Fraudulent"
                ],
                "distribution": [
                    0.7075,
                    0.2925
                ]
            }
        },
        "Profile_Creation_Date": {
            "type": "NUMERIC",
            "nbDistinct": 2012,
            "count": 2400,
            "missingCount": 0.0,
            "histogram": {
                "scale": [
                    3471638400.0,
                    3481928816.3265305,
                    3492219232.6530614,
                    3502509648.979592,
                    3512800065.3061223,
                    3523090481.632653,
                    3533380897.9591837,
                    3543671314.285714,
                    3553961730.612245,
                    3564252146.9387755,
                    3574542563.265306,
                    3584832979.591837,
                    3595123395.9183674,
                    3605413812.244898,
                    3615704228.571429,
                    3625994644.897959,
                    3636285061.2244897,
                    3646575477.5510206,
                    3656865893.877551,
                    3667156310.2040815,
                    3677446726.5306125,
                    3687737142.857143,
                    3698027559.1836734,
                    3708317975.5102043,
                    3718608391.836735,
                    3728898808.163265,
                    3739189224.4897957,
                    3749479640.8163266,
                    3759770057.142857,
                    3770060473.469388,
                    3780350889.7959185,
                    3790641306.122449,
                    3800931722.4489794,
                    3811222138.7755103,
                    3821512555.102041,
                    3831802971.4285717,
                    3842093387.755102,
                    3852383804.0816326,
                    3862674220.408163,
                    3872964636.734694,
                    3883255053.0612245,
                    3893545469.3877554,
                    3903835885.714286,
                    3914126302.0408163,
                    3924416718.367347,
                    3934707134.6938777,
                    3944997551.020408,
                    3955287967.3469386,
                    3965578383.6734695,
                    3975868800.0
                ],
                "distribution": [
                    0.012083333333333333,
                    0.0175,
                    0.020416666666666666,
                    0.0225,
                    0.022083333333333333,
                    0.020833333333333332,
                    0.018333333333333333,
                    0.01875,
                    0.019583333333333335,
                    0.020416666666666666,
                    0.02375,
                    0.01375,
                    0.015833333333333335,
                    0.017916666666666668,
                    0.01625,
                    0.02125,
                    0.025833333333333333,
                    0.017083333333333332,
                    0.024166666666666666,
                    0.0225,
                    0.022083333333333333,
                    0.0225,
                    0.021666666666666667,
                    0.01875,
                    0.01875,
                    0.020833333333333332,
                    0.018333333333333333,
                    0.021666666666666667,
                    0.023333333333333334,
                    0.019583333333333335,
                    0.02666666666666667,
                    0.022083333333333333,
                    0.0225,
                    0.01875,
                    0.025,
                    0.017083333333333332,
                    0.020833333333333332,
                    0.021666666666666667,
                    0.025,
                    0.02125,
                    0.020416666666666666,
                    0.020416666666666666,
                    0.017916666666666668,
                    0.019583333333333335,
                    0.02375,
                    0.020833333333333332,
                    0.024166666666666666,
                    0.0175,
                    0.01625
                ]
            },
            "quantiles": {
                "scale": [
                    3498520032.0,
                    3551953248.0,
                    3607234560.0,
                    3658841280.0,
                    3706623936.0,
                    3756371328.0,
                    3803937984.0,
                    3850473024.0,
                    3899829024.0,
                    3950621856.0
                ],
                "distribution": [
                    0.1,
                    0.1,
                    0.1,
                    0.1,
                    0.1,
                    0.1,
                    0.1,
                    0.1,
                    0.1,
                    0.1
                ]
            },
            "topValues": [
                {
                    "value": 3507062400.0,
                    "count": 4.0
                },
                {
                    "value": 3560630400.0,
                    "count": 4.0
                },
                {
                    "value": 3595190400.0,
                    "count": 4.0
                },
                {
                    "value": 3766089600.0,
                    "count": 4.0
                },
                {
                    "value": 3817065600.0,
                    "count": 4.0
                },
                {
                    "value": 3503347200.0,
                    "count": 3.0
                },
                {
                    "value": 3503433600.0,
                    "count": 3.0
                },
                {
                    "value": 3527107200.0,
                    "count": 3.0
                },
                {
                    "value": 3531859200.0,
                    "count": 3.0
                },
                {
                    "value": 3537388800.0,
                    "count": 3.0
                },
                {
                    "value": 3557174400.0,
                    "count": 3.0
                },
                {
                    "value": 3569184000.0,
                    "count": 3.0
                },
                {
                    "value": 3586291200.0,
                    "count": 3.0
                },
                {
                    "value": 3634156800.0,
                    "count": 3.0
                },
                {
                    "value": 3660249600.0,
                    "count": 3.0
                },
                {
                    "value": 3682454400.0,
                    "count": 3.0
                },
                {
                    "value": 3692476800.0,
                    "count": 3.0
                },
                {
                    "value": 3703363200.0,
                    "count": 3.0
                },
                {
                    "value": 3703449600.0,
                    "count": 3.0
                },
                {
                    "value": 3704572800.0,
                    "count": 3.0
                },
                {
                    "value": 3733516800.0,
                    "count": 3.0
                },
                {
                    "value": 3741984000.0,
                    "count": 3.0
                },
                {
                    "value": 3758918400.0,
                    "count": 3.0
                },
                {
                    "value": 3762028800.0,
                    "count": 3.0
                },
                {
                    "value": 3784233600.0,
                    "count": 3.0
                },
                {
                    "value": 3790108800.0,
                    "count": 3.0
                },
                {
                    "value": 3792355200.0,
                    "count": 3.0
                },
                {
                    "value": 3793132800.0,
                    "count": 3.0
                },
                {
                    "value": 3798057600.0,
                    "count": 3.0
                },
                {
                    "value": 3827174400.0,
                    "count": 3.0
                },
                {
                    "value": 3828988800.0,
                    "count": 3.0
                },
                {
                    "value": 3830544000.0,
                    "count": 3.0
                },
                {
                    "value": 3849292800.0,
                    "count": 3.0
                },
                {
                    "value": 3852921600.0,
                    "count": 3.0
                },
                {
                    "value": 3853008000.0,
                    "count": 3.0
                },
                {
                    "value": 3862857600.0,
                    "count": 3.0
                },
                {
                    "value": 3868819200.0,
                    "count": 3.0
                },
                {
                    "value": 3878755200.0,
                    "count": 3.0
                },
                {
                    "value": 3892406400.0,
                    "count": 3.0
                },
                {
                    "value": 3900614400.0,
                    "count": 3.0
                },
                {
                    "value": 3923856000.0,
                    "count": 3.0
                },
                {
                    "value": 3928435200.0,
                    "count": 3.0
                },
                {
                    "value": 3947443200.0,
                    "count": 3.0
                },
                {
                    "value": 3948566400.0,
                    "count": 3.0
                },
                {
                    "value": 3477859200.0,
                    "count": 2.0
                },
                {
                    "value": 3484684800.0,
                    "count": 2.0
                },
                {
                    "value": 3489868800.0,
                    "count": 2.0
                },
                {
                    "value": 3490128000.0,
                    "count": 2.0
                },
                {
                    "value": 3491769600.0,
                    "count": 2.0
                },
                {
                    "value": 3500323200.0,
                    "count": 2.0
                }
            ]
        },
        "Num_Tweets": {
            "type": "NUMERIC",
            "nbDistinct": 1666,
            "count": 2400,
            "missingCount": 0.0,
            "histogram": {
                "scale": [
                    1.0,
                    204.9795918367347,
                    408.9591836734694,
                    612.9387755102041,
                    816.9183673469388,
                    1020.8979591836735,
                    1224.8775510204082,
                    1428.857142857143,
                    1632.8367346938776,
                    1836.8163265306123,
                    2040.795918367347,
                    2244.775510204082,
                    2448.7551020408164,
                    2652.734693877551,
                    2856.714285714286,
                    3060.6938775510207,
                    3264.673469387755,
                    3468.6530612244896,
                    3672.6326530612246,
                    3876.6122448979595,
                    4080.591836734694,
                    4284.571428571428,
                    4488.551020408164,
                    4692.530612244898,
                    4896.510204081633,
                    5100.489795918367,
                    5304.469387755102,
                    5508.448979591837,
                    5712.428571428572,
                    5916.408163265306,
                    6120.387755102041,
                    6324.367346938776,
                    6528.34693877551,
                    6732.326530612245,
                    6936.306122448979,
                    7140.285714285715,
                    7344.265306122449,
                    7548.244897959184,
                    7752.224489795919,
                    7956.2040816326535,
                    8160.183673469388,
                    8364.163265306122,
                    8568.142857142857,
                    8772.122448979591,
                    8976.102040816328,
                    9180.081632653062,
                    9384.061224489797,
                    9588.040816326531,
                    9792.020408163266,
                    9996.0
                ],
                "distribution": [
                    0.30125,
                    0.015,
                    0.015,
                    0.011666666666666667,
                    0.0125,
                    0.010833333333333334,
                    0.012083333333333333,
                    0.011666666666666667,
                    0.0175,
                    0.016666666666666666,
                    0.016666666666666666,
                    0.01125,
                    0.010416666666666666,
                    0.011666666666666667,
                    0.01375,
                    0.0125,
                    0.014583333333333334,
                    0.016666666666666666,
                    0.015416666666666667,
                    0.011666666666666667,
                    0.015416666666666667,
                    0.015416666666666667,
                    0.015833333333333335,
                    0.019166666666666665,
                    0.01375,
                    0.015,
                    0.01625,
                    0.015,
                    0.017916666666666668,
                    0.0125,
                    0.018333333333333333,
                    0.015833333333333335,
                    0.016666666666666666,
                    0.012083333333333333,
                    0.013333333333333334,
                    0.015,
                    0.01375,
                    0.01625,
                    0.015416666666666667,
                    0.014166666666666666,
                    0.014583333333333334,
                    0.015833333333333335,
                    0.017916666666666668,
                    0.014166666666666666,
                    0.011666666666666667,
                    0.01375,
                    0.016666666666666666,
                    0.01625,
                    0.013333333333333334
                ]
            },
            "quantiles": {
                "scale": [
                    17.5,
                    50.72,
                    129.22,
                    969.9200000000001,
                    2505.67,
                    3949.01,
                    5257.84,
                    6573.08,
                    7939.24,
                    9304.24
                ],
                "distribution": [
                    0.09958333333333333,
                    0.10041666666666667,
                    0.09958333333333333,
                    0.10041666666666667,
                    0.1,
                    0.1,
                    0.1,
                    0.09958333333333333,
                    0.10041666666666667,
                    0.1
                ]
            },
            "topValues": [
                {
                    "value": 36.0,
                    "count": 15.0
                },
                {
                    "value": 39.0,
                    "count": 13.0
                },
                {
                    "value": 22.0,
                    "count": 12.0
                },
                {
                    "value": 57.0,
                    "count": 12.0
                },
                {
                    "value": 74.0,
                    "count": 12.0
                },
                {
                    "value": 90.0,
                    "count": 12.0
                },
                {
                    "value": 2.0,
                    "count": 11.0
                },
                {
                    "value": 34.0,
                    "count": 11.0
                },
                {
                    "value": 60.0,
                    "count": 11.0
                },
                {
                    "value": 63.0,
                    "count": 11.0
                },
                {
                    "value": 5.0,
                    "count": 10.0
                },
                {
                    "value": 14.0,
                    "count": 10.0
                },
                {
                    "value": 38.0,
                    "count": 10.0
                },
                {
                    "value": 64.0,
                    "count": 10.0
                },
                {
                    "value": 4.0,
                    "count": 9.0
                },
                {
                    "value": 8.0,
                    "count": 9.0
                },
                {
                    "value": 12.0,
                    "count": 9.0
                },
                {
                    "value": 13.0,
                    "count": 9.0
                },
                {
                    "value": 16.0,
                    "count": 9.0
                },
                {
                    "value": 24.0,
                    "count": 9.0
                },
                {
                    "value": 27.0,
                    "count": 9.0
                },
                {
                    "value": 53.0,
                    "count": 9.0
                },
                {
                    "value": 72.0,
                    "count": 9.0
                },
                {
                    "value": 93.0,
                    "count": 9.0
                },
                {
                    "value": 96.0,
                    "count": 9.0
                },
                {
                    "value": 99.0,
                    "count": 9.0
                },
                {
                    "value": 3.0,
                    "count": 8.0
                },
                {
                    "value": 10.0,
                    "count": 8.0
                },
                {
                    "value": 19.0,
                    "count": 8.0
                },
                {
                    "value": 21.0,
                    "count": 8.0
                },
                {
                    "value": 23.0,
                    "count": 8.0
                },
                {
                    "value": 28.0,
                    "count": 8.0
                },
                {
                    "value": 30.0,
                    "count": 8.0
                },
                {
                    "value": 54.0,
                    "count": 8.0
                },
                {
                    "value": 55.0,
                    "count": 8.0
                },
                {
                    "value": 59.0,
                    "count": 8.0
                },
                {
                    "value": 81.0,
                    "count": 8.0
                },
                {
                    "value": 84.0,
                    "count": 8.0
                },
                {
                    "value": 85.0,
                    "count": 8.0
                },
                {
                    "value": 87.0,
                    "count": 8.0
                },
                {
                    "value": 91.0,
                    "count": 8.0
                },
                {
                    "value": 11.0,
                    "count": 7.0
                },
                {
                    "value": 15.0,
                    "count": 7.0
                },
                {
                    "value": 20.0,
                    "count": 7.0
                },
                {
                    "value": 32.0,
                    "count": 7.0
                },
                {
                    "value": 40.0,
                    "count": 7.0
                },
                {
                    "value": 46.0,
                    "count": 7.0
                },
                {
                    "value": 49.0,
                    "count": 7.0
                },
                {
                    "value": 51.0,
                    "count": 7.0
                },
                {
                    "value": 56.0,
                    "count": 7.0
                }
            ]
        },
        "Verified": {
            "type": "CATEGORY",
            "nbDistinct": 2,
            "count": 2400,
            "missingCount": 0.0,
            "values": {
                "scale": [
                    "Not Verified",
                    "Verified"
                ],
                "distribution": [
                    0.8970833333333333,
                    0.10291666666666667
                ]
            }
        }
    }
}