{
    "perClassFacts": {
        "unique": {
            "Fraud_Status": {
                "impact": 2.4883795419873804,
                "rank": 1,
                "feature": "Fraud_Status",
                "positiveCategoricalValue": "Genuine",
                "negativeCategoricalValue": "Fraudulent",
                "infoGain": 0.5799151714181009,
                "type": "CATEGORICAL"
            },
            "Tweets_Per_Day": {
                "impact": 0.11034177032171788,
                "rank": 4,
                "feature": "Tweets_Per_Day",
                "correlation": -0.7203825257875395,
                "type": "NUMERICAL"
            }
        }
    }
}