{
    "modelInputNRows": 2400,
    "modelInputNCols": 28,
    "modelInputIsSparse": false,
    "modelInputMemory": 537600,
    "rawImportance": {
        "variables": [
            "Tweets_Per_Day",
            "Num_Tweets",
            "datetime_cyclical:Profile_Creation_Date:week:cos",
            "datetime_cyclical:Profile_Creation_Date:month:sin",
            "datetime_cyclical:Profile_Creation_Date:month:cos",
            "datetime_cyclical:Profile_Creation_Date:quarter:sin",
            "datetime_cyclical:Profile_Creation_Date:quarter:cos",
            "datetime_cyclical:Profile_Creation_Date:year:cos",
            "dummy:Fraud_Status:Genuine"
        ],
        "importances": [
            0.005290944370903551,
            0.006576009528895133,
            0.004726085250616775,
            0.005799189517883057,
            0.0017106846923246202,
            0.0023915887899947893,
            0.0014631170572767806,
            0.006163207435924305,
            0.965879173356181
        ]
    },
    "probaAware": true
}