{
    "diagnostics": [
        {
            "type": "ML_DIAGNOSTICS_DATASET_SANITY_CHECKS",
            "message": "Test set might be too small (600 rows) for reliable performance estimation",
            "step": "Loading test set"
        },
        {
            "type": "ML_DIAGNOSTICS_LEAKAGE_DETECTION",
            "message": "Feature \"dummy:Fraud_Status:Genuine\" has suspiciously high importance: 97%, which could be indicative of data leakage or overfitting",
            "step": "Fitting model"
        }
    ]
}