{
    "metrics": {},
    "processed_feature_names": [
        "Following",
        "Tweets_Per_Day",
        "Num_Tweets",
        "datetime_cyclical:Profile_Creation_Date:week:sin",
        "datetime_cyclical:Profile_Creation_Date:week:cos",
        "datetime_cyclical:Profile_Creation_Date:month:sin",
        "datetime_cyclical:Profile_Creation_Date:month:cos",
        "datetime_cyclical:Profile_Creation_Date:quarter:sin",
        "datetime_cyclical:Profile_Creation_Date:quarter:cos",
        "datetime_cyclical:Profile_Creation_Date:year:sin",
        "datetime_cyclical:Profile_Creation_Date:year:cos",
        "dummy:Tweet_Sentiment:Neutral",
        "dummy:Tweet_Sentiment:Positive",
        "dummy:Tweet_Sentiment:Negative",
        "dummy:Tweet_Sentiment:N/A",
        "dummy:Tweet_Sentiment:__Others__",
        "dummy:Profile_Picture:Yes",
        "dummy:Profile_Picture:No",
        "dummy:Profile_Picture:N/A",
        "dummy:Profile_Picture:__Others__",
        "dummy:Fraud_Status:Genuine",
        "dummy:Fraud_Status:Fraudulent",
        "dummy:Fraud_Status:N/A",
        "dummy:Fraud_Status:__Others__",
        "dummy:Verified:Not Verified",
        "dummy:Verified:Verified",
        "dummy:Verified:N/A",
        "dummy:Verified:__Others__"
    ],
    "optimalThreshold": 0.0,
    "usedThreshold": 0.0,
    "perCutData": {
        "cut": [
            0.0,
            0.025,
            0.05,
            0.075,
            0.1,
            0.125,
            0.15,
            0.175,
            0.2,
            0.225,
            0.25,
            0.275,
            0.3,
            0.325,
            0.35,
            0.375,
            0.4,
            0.425,
            0.45,
            0.475,
            0.5,
            0.525,
            0.55,
            0.575,
            0.6,
            0.625,
            0.65,
            0.675,
            0.7,
            0.725,
            0.75,
            0.775,
            0.8,
            0.825,
            0.85,
            0.875,
            0.9,
            0.925,
            0.95,
            0.975
        ],
        "tp": [
            395,
            395,
            395,
            395,
            395,
            393,
            391,
            391,
            391,
            391,
            391,
            391,
            391,
            391,
            391,
            391,
            391,
            391,
            391,
            391,
            391,
            391,
            391,
            391,
            391,
            391,
            382,
            382,
            379,
            379,
            379,
            379,
            379,
            379,
            377,
            270,
            270,
            7,
            7,
            7
        ],
        "tn": [
            185,
            185,
            185,
            185,
            185,
            185,
            185,
            185,
            185,
            185,
            185,
            185,
            185,
            185,
            185,
            185,
            185,
            185,
            185,
            185,
            185,
            185,
            185,
            185,
            185,
            185,
            185,
            185,
            186,
            186,
            186,
            186,
            186,
            186,
            186,
            192,
            192,
            204,
            204,
            204
        ],
        "fp": [
            20,
            20,
            20,
            20,
            20,
            20,
            20,
            20,
            20,
            20,
            20,
            20,
            20,
            20,
            20,
            20,
            20,
            20,
            20,
            20,
            20,
            20,
            20,
            20,
            20,
            20,
            20,
            20,
            19,
            19,
            19,
            19,
            19,
            19,
            19,
            13,
            13,
            1,
            1,
            1
        ],
        "fn": [
            0,
            0,
            0,
            0,
            0,
            2,
            4,
            4,
            4,
            4,
            4,
            4,
            4,
            4,
            4,
            4,
            4,
            4,
            4,
            4,
            4,
            4,
            4,
            4,
            4,
            4,
            13,
            13,
            16,
            16,
            16,
            16,
            16,
            16,
            18,
            125,
            125,
            388,
            388,
            388
        ],
        "precision": [
            0.9518072289156626,
            0.9518072289156626,
            0.9518072289156626,
            0.9518072289156626,
            0.9518072289156626,
            0.9515738498789347,
            0.9513381995133819,
            0.9513381995133819,
            0.9513381995133819,
            0.9513381995133819,
            0.9513381995133819,
            0.9513381995133819,
            0.9513381995133819,
            0.9513381995133819,
            0.9513381995133819,
            0.9513381995133819,
            0.9513381995133819,
            0.9513381995133819,
            0.9513381995133819,
            0.9513381995133819,
            0.9513381995133819,
            0.9513381995133819,
            0.9513381995133819,
            0.9513381995133819,
            0.9513381995133819,
            0.9513381995133819,
            0.9502487562189055,
            0.9502487562189055,
            0.9522613065326633,
            0.9522613065326633,
            0.9522613065326633,
            0.9522613065326633,
            0.9522613065326633,
            0.9522613065326633,
            0.952020202020202,
            0.9540636042402827,
            0.9540636042402827,
            0.875,
            0.875,
            0.875
        ],
        "recall": [
            1.0,
            1.0,
            1.0,
            1.0,
            1.0,
            0.9949367088607595,
            0.9898734177215189,
            0.9898734177215189,
            0.9898734177215189,
            0.9898734177215189,
            0.9898734177215189,
            0.9898734177215189,
            0.9898734177215189,
            0.9898734177215189,
            0.9898734177215189,
            0.9898734177215189,
            0.9898734177215189,
            0.9898734177215189,
            0.9898734177215189,
            0.9898734177215189,
            0.9898734177215189,
            0.9898734177215189,
            0.9898734177215189,
            0.9898734177215189,
            0.9898734177215189,
            0.9898734177215189,
            0.9670886075949368,
            0.9670886075949368,
            0.959493670886076,
            0.959493670886076,
            0.959493670886076,
            0.959493670886076,
            0.959493670886076,
            0.959493670886076,
            0.9544303797468354,
            0.6835443037974683,
            0.6835443037974683,
            0.017721518987341773,
            0.017721518987341773,
            0.017721518987341773
        ],
        "accuracy": [
            0.9666666666666667,
            0.9666666666666667,
            0.9666666666666667,
            0.9666666666666667,
            0.9666666666666667,
            0.9633333333333334,
            0.96,
            0.96,
            0.96,
            0.96,
            0.96,
            0.96,
            0.96,
            0.96,
            0.96,
            0.96,
            0.96,
            0.96,
            0.96,
            0.96,
            0.96,
            0.96,
            0.96,
            0.96,
            0.96,
            0.96,
            0.945,
            0.945,
            0.9416666666666667,
            0.9416666666666667,
            0.9416666666666667,
            0.9416666666666667,
            0.9416666666666667,
            0.9416666666666667,
            0.9383333333333334,
            0.77,
            0.77,
            0.3516666666666667,
            0.3516666666666667,
            0.3516666666666667
        ],
        "f1": [
            0.9753086419753086,
            0.9753086419753086,
            0.9753086419753086,
            0.9753086419753086,
            0.9753086419753086,
            0.9727722772277227,
            0.9702233250620346,
            0.9702233250620346,
            0.9702233250620346,
            0.9702233250620346,
            0.9702233250620346,
            0.9702233250620346,
            0.9702233250620346,
            0.9702233250620346,
            0.9702233250620346,
            0.9702233250620346,
            0.9702233250620346,
            0.9702233250620346,
            0.9702233250620346,
            0.9702233250620346,
            0.9702233250620346,
            0.9702233250620346,
            0.9702233250620346,
            0.9702233250620346,
            0.9702233250620346,
            0.9702233250620346,
            0.9585947302383939,
            0.9585947302383939,
            0.9558638083228247,
            0.9558638083228247,
            0.9558638083228247,
            0.9558638083228247,
            0.9558638083228247,
            0.9558638083228247,
            0.9532237673830595,
            0.7964601769911505,
            0.7964601769911505,
            0.034739454094292806,
            0.034739454094292806,
            0.034739454094292806
        ],
        "mcc": [
            0.9267944686230233,
            0.9267944686230233,
            0.9267944686230233,
            0.9267944686230233,
            0.9267944686230233,
            0.9188697839478914,
            0.9110466468146516,
            0.9110466468146516,
            0.9110466468146516,
            0.9110466468146516,
            0.9110466468146516,
            0.9110466468146516,
            0.9110466468146516,
            0.9110466468146516,
            0.9110466468146516,
            0.9110466468146516,
            0.9110466468146516,
            0.9110466468146516,
            0.9110466468146516,
            0.9110466468146516,
            0.9110466468146516,
            0.9110466468146516,
            0.9110466468146516,
            0.9110466468146516,
            0.9110466468146516,
            0.9110466468146516,
            0.8770275666889013,
            0.8770275666889013,
            0.8699264652228433,
            0.8699264652228433,
            0.8699264652228433,
            0.8699264652228433,
            0.8699264652228433,
            0.8699264652228433,
            0.86276557896897,
            0.5891625589679383,
            0.5891625589679383,
            0.05310702997967267,
            0.05310702997967267,
            0.05310702997967267
        ],
        "hammingLoss": [
            0.033333333333333326,
            0.033333333333333326,
            0.033333333333333326,
            0.033333333333333326,
            0.033333333333333326,
            0.036666666666666625,
            0.040000000000000036,
            0.040000000000000036,
            0.040000000000000036,
            0.040000000000000036,
            0.040000000000000036,
            0.040000000000000036,
            0.040000000000000036,
            0.040000000000000036,
            0.040000000000000036,
            0.040000000000000036,
            0.040000000000000036,
            0.040000000000000036,
            0.040000000000000036,
            0.040000000000000036,
            0.040000000000000036,
            0.040000000000000036,
            0.040000000000000036,
            0.040000000000000036,
            0.040000000000000036,
            0.040000000000000036,
            0.05500000000000005,
            0.05500000000000005,
            0.05833333333333335,
            0.05833333333333335,
            0.05833333333333335,
            0.05833333333333335,
            0.05833333333333335,
            0.05833333333333335,
            0.06166666666666665,
            0.22999999999999998,
            0.22999999999999998,
            0.6483333333333333,
            0.6483333333333333,
            0.6483333333333333
        ],
        "assertionsMetrics": [],
        "overridesMetrics": []
    },
    "tiMetrics": {
        "auc": 0.9532942266131522,
        "logLoss": 0.21645847813996796,
        "lift": 1.4620253164556962,
        "averagePrecision": 0.9540990240730588,
        "calibrationLoss": 0.040420586846361094
    },
    "probaPercentiles": [
        0.0,
        0.0,
        0.0,
        0.0,
        0.0,
        0.0,
        0.0,
        0.0,
        0.0,
        0.0,
        0.0,
        0.0,
        0.0,
        0.0,
        0.0,
        0.0,
        0.0,
        0.0,
        0.0,
        0.0,
        0.0,
        0.0,
        0.0,
        0.0,
        0.0,
        0.0,
        0.0,
        0.0,
        0.0,
        0.0,
        0.11148179038087294,
        0.6258779459965663,
        0.665502928486358,
        0.8646526008240655,
        0.8739312657166804,
        0.8739312657166804,
        0.8739312657166804,
        0.8739312657166804,
        0.8739312657166804,
        0.8739312657166804,
        0.8739312657166804,
        0.8739312657166804,
        0.8739312657166804,
        0.8739312657166804,
        0.8739312657166804,
        0.8739312657166804,
        0.8739312657166804,
        0.8739312657166804,
        0.8739312657166804,
        0.8739312657166804,
        0.8739312657166804,
        0.8739312657166804,
        0.9083584229390682,
        0.9083584229390682,
        0.9083584229390682,
        0.9083584229390682,
        0.9227767064465511,
        0.9227767064465511,
        0.9227767064465511,
        0.9227767064465511,
        0.9227767064465511,
        0.9227767064465511,
        0.9227767064465511,
        0.9227767064465511,
        0.9227767064465511,
        0.9227767064465511,
        0.9227767064465511,
        0.9227767064465511,
        0.9227767064465511,
        0.9227767064465511,
        0.9227767064465511,
        0.9227767064465511,
        0.9227767064465511,
        0.9227767064465511,
        0.9227767064465511,
        0.9227767064465511,
        0.9227767064465511,
        0.9227767064465511,
        0.9227767064465511,
        0.9227767064465511,
        0.9227767064465511,
        0.9227767064465511,
        0.9227767064465511,
        0.9227767064465511,
        0.9227767064465511,
        0.9227767064465511,
        0.9227767064465511,
        0.9227767064465511,
        0.9227767064465511,
        0.9227767064465511,
        0.9227767064465511,
        0.9227767064465511,
        0.9227767064465511,
        0.9227767064465511,
        0.9227767064465511,
        0.9227767064465511,
        0.9227767064465511,
        0.9227767064465511,
        1.0
    ],
    "rocVizData": [
        [
            {
                "x": 0.0,
                "y": 0.0,
                "p": 2.0
            },
            {
                "x": 0.05365853658536585,
                "y": 0.6278481012658228,
                "p": 0.9227767064465511
            },
            {
                "x": 0.06341463414634146,
                "y": 0.6835443037974683,
                "p": 0.9083584229390682
            },
            {
                "x": 0.09268292682926829,
                "y": 0.9544303797468354,
                "p": 0.8739312657166804
            },
            {
                "x": 1.0,
                "y": 1.0,
                "p": 0.0
            }
        ]
    ],
    "liftVizData": {
        "bins": [
            {
                "bin_pos_prop": 0.875,
                "bin_lift": 1.3291139241,
                "cum_lift": 0.017721519,
                "cum_size": 0.0133333333,
                "bin_min": 0.9227767064,
                "bin_max": 1.0,
                "percentile_idx": 0
            },
            {
                "bin_pos_prop": 0.9538461538,
                "bin_lift": 1.4488802337,
                "cum_lift": 0.9594936709,
                "cum_size": 0.6633333333,
                "bin_min": 0.6850197109,
                "bin_max": 0.9227767064,
                "percentile_idx": 1
            },
            {
                "bin_pos_prop": 0.0792079208,
                "bin_lift": 0.1203158291,
                "cum_lift": 1.0,
                "cum_size": 1.0,
                "bin_min": 0.0,
                "bin_max": 0.6850197109,
                "percentile_idx": 2
            }
        ],
        "wizard": {
            "positives": 395,
            "total": 600
        }
    },
    "prVizData": [
        {
            "bins": [
                {
                    "x": 1.0,
                    "y": 0.6583333333333333,
                    "p": 0.0
                },
                {
                    "x": 1.0,
                    "y": 0.9518072289156626,
                    "p": 0.11148179038087294
                },
                {
                    "x": 0.6835443037974683,
                    "y": 0.9540636042402827,
                    "p": 0.9083584229390682
                },
                {
                    "x": 0.6278481012658228,
                    "y": 0.9575289575289575,
                    "p": 0.9227767064465511
                },
                {
                    "x": 0.017721518987341773,
                    "y": 0.875,
                    "p": 1.0
                }
            ],
            "positiveRate": 0.6583333333333333
        }
    ],
    "densityData": {
        "0": {
            "actualIsThisClass": [
                0.2433984367330969,
                0.2644730201648589,
                0.28463128944182386,
                0.3033973330906643,
                0.32030286352596327,
                0.33490687737976993,
                0.34681523846951057,
                0.3556989801201216,
                0.3613101433225676,
                0.3634940838080281,
                0.3621973887433944,
                0.35747082725160145,
                0.34946709513298935,
                0.33843347408675434,
                0.3246998777828467,
                0.3086630703690899,
                0.29076809043838925,
                0.27148807491443816,
                0.2513037412599126,
                0.2306837510328854,
                0.2100670507172663,
                0.1898480827200734,
                0.17036550235149767,
                0.15189475085576962,
                0.13464454619785854,
                0.1187570864313861,
                0.10431153502563915,
                0.09133018777679086,
                0.07978661466778118,
                0.06961502858347793,
                0.06072015160206509,
                0.052986919453502104,
                0.04628947323084595,
                0.04049902050331346,
                0.035490291447705734,
                0.031146456522932495,
                0.02736249978799696,
                0.024047148254926966,
                0.021123537807242482,
                0.01852884835135892,
                0.016213165834003028,
                0.014137829539404085,
                0.01227350418277296,
                0.010598183106659222,
                0.00909528696449902,
                0.007751976945500803,
                0.0065577574619452164,
                0.005503403929901449,
                0.004580219398427258,
                0.0037796008304805135,
                0.0030928823768912274,
                0.0025114188221250066,
                0.0020268767914548343,
                0.0016317132519721301,
                0.0013198391413061247,
                0.0010874894348335148,
                0.0009343484619194676,
                0.0008650096309158638,
                0.0008908805843780733,
                0.0010326764579587852,
                0.0013236729749891076,
                0.0018139142384967129,
                0.002575582746994652,
                0.003709735483983633,
                0.00535458275212511,
                0.007695427625642173,
                0.010976285096407029,
                0.01551305363923007,
                0.021707912815422538,
                0.030064367684841362,
                0.041202059516747234,
                0.05587012621959863,
                0.07495754865106985,
                0.09949859488420348,
                0.13067121822060096,
                0.16978612893729939,
                0.21826430095253613,
                0.27760094690168496,
                0.3493145421944053,
                0.4348803246009581,
                0.5356488362633285,
                0.6527514688727797,
                0.7869965381927118,
                0.9387610280573732,
                1.107884647830006,
                1.2935740588835216,
                1.4943258572392117,
                1.7078769804332161,
                1.931190508360028,
                2.160483287565407,
                2.391299448609765,
                2.6186308249714707,
                2.837081733205509,
                3.0410718335043745,
                3.2250672092925896,
                3.383826755462423,
                3.512648795393382,
                3.6076018377670525,
                3.665723710128964,
                3.6851750081207237
            ],
            "actualIsNotThisClass": [
                0.5381693753417894,
                0.9064870468482606,
                1.5698214385912728,
                2.6409207152815255,
                4.1457333544709245,
                5.9507737442060975,
                7.7539573025332595,
                9.175289545891284,
                9.914318706161184,
                9.877965967398358,
                9.192191788218688,
                8.09836168467596,
                6.822165760989536,
                5.5073984900188115,
                4.232923169730078,
                3.0600866082434317,
                2.0535165953293144,
                1.2651497379387346,
                0.7100763686763597,
                0.361404354127266,
                0.16649867676785748,
                0.06959660881098231,
                0.026987242307094816,
                0.011219123475497004,
                0.008237470269391277,
                0.012466601255691564,
                0.022583342836105025,
                0.03856937687571633,
                0.059896542264757914,
                0.08491007709469285,
                0.11157568254392043,
                0.1391081278299074,
                0.16899424630956725,
                0.20379980278706783,
                0.24374316854046377,
                0.2834238121210062,
                0.31196951922735316,
                0.3177188947042913,
                0.2947848522265399,
                0.24688069947456376,
                0.1856765635542857,
                0.12506005407803408,
                0.07532563402781159,
                0.040541740643460104,
                0.019490725716990343,
                0.008368203139533204,
                0.0032082627673362214,
                0.001098292312241762,
                0.00033571001435952314,
                9.162264720661374e-05,
                2.2327001011685718e-05,
                4.857863814135551e-06,
                9.437279697260853e-07,
                1.6369463020234666e-07,
                2.5351749372034486e-08,
                3.5056391552255986e-09,
                4.328248716132032e-10,
                4.771367809356164e-11,
                4.696337179140327e-12,
                4.127282243206274e-13,
                3.243363715958823e-14,
                3.027361666526716e-15,
                1.0784320482299948e-14,
                1.3334783595458289e-13,
                1.4916949078354105e-12,
                1.4900605325148293e-11,
                1.329046621358556e-10,
                1.0585228752755786e-09,
                7.528359605717775e-09,
                4.7814970092157455e-08,
                2.71221536290419e-07,
                1.3741328702211198e-06,
                6.219353473950575e-06,
                2.5151849317961948e-05,
                9.091576418204787e-05,
                0.00029386357275242687,
                0.0008498853917910939,
                0.0022012055111322467,
                0.0051117230888109684,
                0.010660763380623448,
                0.020010816873054414,
                0.03390092581714878,
                0.05201533693164745,
                0.07257341226159911,
                0.0924767241437979,
                0.10806588238254028,
                0.11618658130177524,
                0.11512664229651702,
                0.10511170980007034,
                0.08824076284957923,
                0.0678746076488313,
                0.04763528454507241,
                0.03037137980643002,
                0.017523088351380334,
                0.009118601274504916,
                0.0042684154852038305,
                0.0017936648374849784,
                0.0006756012427944879,
                0.00022783953998173202,
                6.87395446228635e-05
            ],
            "actualIsThisClassMedian": 1.0,
            "actualIsNotThisClassMedian": 0.07722329355344895
        },
        "1": {
            "actualIsThisClass": [
                6.873954462286338e-05,
                0.00022783953998173283,
                0.0006756012427944927,
                0.0017936648374849784,
                0.004268415485203846,
                0.009118601274504964,
                0.017523088351380348,
                0.030371379806430114,
                0.04763528454507241,
                0.06787460764883135,
                0.08824076284957942,
                0.10511170980007038,
                0.11512664229651708,
                0.11618658130177524,
                0.10806588238254018,
                0.0924767241437979,
                0.07257341226159901,
                0.05201533693164724,
                0.03390092581714875,
                0.020010816873054334,
                0.01066076338062344,
                0.00511172308881096,
                0.0022012055111322545,
                0.0008498853917910909,
                0.0002938635727524253,
                9.091576418204804e-05,
                2.5151849317961812e-05,
                6.219353473950597e-06,
                1.374132870221115e-06,
                2.7122153629041703e-07,
                4.781497009215779e-08,
                7.528359605717722e-09,
                1.0585228752755898e-09,
                1.329046621358542e-10,
                1.49006053251484e-11,
                1.4916949078354052e-12,
                1.3334783595458289e-13,
                1.0784320482300103e-14,
                3.0273616665267804e-15,
                3.243363715958904e-14,
                4.1272822432064065e-13,
                4.69633717914041e-12,
                4.771367809356232e-11,
                4.328248716132155e-10,
                3.5056391552256234e-09,
                2.5351749372035026e-08,
                1.6369463020234838e-07,
                9.437279697261037e-07,
                4.85786381413562e-06,
                2.2327001011685878e-05,
                9.162264720661439e-05,
                0.0003357100143595267,
                0.0010982923122417726,
                0.0032082627673362327,
                0.008368203139533263,
                0.019490725716990377,
                0.040541740643460285,
                0.07532563402781163,
                0.12506005407803414,
                0.185676563554286,
                0.24688069947456376,
                0.2947848522265399,
                0.3177188947042913,
                0.3119695192273529,
                0.2834238121210057,
                0.24374316854046377,
                0.20379980278706747,
                0.16899424630956725,
                0.13910812782990728,
                0.11157568254392043,
                0.08491007709469274,
                0.059896542264757775,
                0.03856937687571634,
                0.022583342836104973,
                0.012466601255691585,
                0.008237470269391313,
                0.011219123475497103,
                0.026987242307094962,
                0.06959660881098302,
                0.1664986767678585,
                0.36140435412726923,
                0.7100763686763621,
                1.265149737938746,
                2.0535165953293197,
                3.0600866082434397,
                4.2329231697300935,
                5.507398490018816,
                6.8221657609895425,
                8.098361684675945,
                9.192191788218706,
                9.877965967398358,
                9.914318706161184,
                9.175289545891268,
                7.753957302533273,
                5.9507737442060815,
                4.1457333544709245,
                2.64092071528153,
                1.5698214385912728,
                0.9064870468482622,
                0.5381693753417918
            ],
            "actualIsNotThisClass": [
                3.6851750081207237,
                3.665723710128964,
                3.6076018377670525,
                3.512648795393382,
                3.383826755462423,
                3.225067209292587,
                3.041071833504372,
                2.8370817332055065,
                2.6186308249714707,
                2.391299448609763,
                2.1604832875654036,
                1.9311905083600265,
                1.7078769804332146,
                1.4943258572392104,
                1.2935740588835205,
                1.107884647830005,
                0.9387610280573715,
                0.7869965381927096,
                0.6527514688727791,
                0.5356488362633276,
                0.4348803246009581,
                0.34931454219440466,
                0.27760094690168496,
                0.21826430095253574,
                0.1697861289372991,
                0.13067121822060077,
                0.09949859488420318,
                0.07495754865106974,
                0.055870126219598484,
                0.0412020595167471,
                0.030064367684841293,
                0.02170791281542244,
                0.015513053639230043,
                0.010976285096406989,
                0.007695427625642153,
                0.005354582752125091,
                0.0037097354839836167,
                0.002575582746994648,
                0.0018139142384967063,
                0.0013236729749891063,
                0.0010326764579587843,
                0.0008908805843780733,
                0.0008650096309158631,
                0.0009343484619194685,
                0.0010874894348335148,
                0.0013198391413061271,
                0.0016317132519721301,
                0.0020268767914548382,
                0.0025114188221250135,
                0.0030928823768912274,
                0.0037796008304805135,
                0.004580219398427267,
                0.005503403929901458,
                0.0065577574619452164,
                0.00775197694550081,
                0.00909528696449902,
                0.01059818310665923,
                0.01227350418277296,
                0.014137829539404085,
                0.016213165834003045,
                0.01852884835135892,
                0.021123537807242503,
                0.024047148254926976,
                0.027362499787996986,
                0.03114645652293254,
                0.035490291447705755,
                0.04049902050331351,
                0.04628947323084597,
                0.052986919453502174,
                0.06072015160206512,
                0.06961502858347801,
                0.07978661466778125,
                0.09133018777679086,
                0.10431153502563925,
                0.1187570864313861,
                0.13464454619785873,
                0.15189475085576976,
                0.17036550235149767,
                0.18984808272007347,
                0.2100670507172664,
                0.2306837510328856,
                0.2513037412599126,
                0.2714880749144384,
                0.2907680904383895,
                0.3086630703690902,
                0.3246998777828467,
                0.33843347408675434,
                0.34946709513298935,
                0.35747082725160145,
                0.3621973887433944,
                0.3634940838080278,
                0.3613101433225676,
                0.35569898012012124,
                0.34681523846951057,
                0.33490687737976993,
                0.32030286352596327,
                0.3033973330906643,
                0.2846312894418236,
                0.2644730201648589,
                0.24339843673309702
            ],
            "actualIsThisClassMedian": 0.9227767064465511,
            "actualIsNotThisClassMedian": 0.0
        }
    },
    "calibrationData": [
        {
            "y": 0,
            "x": 0,
            "n": 0
        },
        {
            "y": 0.0,
            "x": 0.0,
            "n": 185.0
        },
        {
            "y": 1.0,
            "x": 0.1273992225671341,
            "n": 4.0
        },
        {
            "y": 0.9230769230769231,
            "x": 0.6440754121227619,
            "n": 13.0
        },
        {
            "y": 0.9478260869565217,
            "x": 0.873456653701713,
            "n": 115.0
        },
        {
            "y": 0.9540636042402827,
            "x": 0.9237369451188053,
            "n": 283.0
        },
        {
            "y": 1,
            "x": 1,
            "n": 0
        }
    ],
    "probaDistribData": {
        "bins": [
            0.0,
            0.1,
            0.2,
            0.3,
            0.4,
            0.5,
            0.6,
            0.7,
            0.8,
            0.9,
            1.0
        ],
        "probaDistribs": [
            [
                185.0,
                0.0,
                0.0,
                0.0,
                0.0,
                0.0,
                1.0,
                0.0,
                6.0,
                13.0
            ],
            [
                0.0,
                4.0,
                0.0,
                0.0,
                0.0,
                0.0,
                12.0,
                0.0,
                109.0,
                270.0
            ]
        ]
    },
    "globalMetrics": {
        "testWeight": 600,
        "targetAvg": [
            0.6583333333333333
        ],
        "targetStd": [
            0.4746641609232744
        ],
        "predictionAvg": [
            0.6916666666666667
        ],
        "predictionStd": [
            0.46180503341658036
        ]
    }
}