{
    "predictedClassCountPerCut": [
        {
            "1": 415,
            "0": 185
        },
        {
            "1": 415,
            "0": 185
        },
        {
            "1": 415,
            "0": 185
        },
        {
            "1": 415,
            "0": 185
        },
        {
            "1": 415,
            "0": 185
        },
        {
            "1": 413,
            "0": 187
        },
        {
            "1": 411,
            "0": 189
        },
        {
            "1": 411,
            "0": 189
        },
        {
            "1": 411,
            "0": 189
        },
        {
            "1": 411,
            "0": 189
        },
        {
            "1": 411,
            "0": 189
        },
        {
            "1": 411,
            "0": 189
        },
        {
            "1": 411,
            "0": 189
        },
        {
            "1": 411,
            "0": 189
        },
        {
            "1": 411,
            "0": 189
        },
        {
            "1": 411,
            "0": 189
        },
        {
            "1": 411,
            "0": 189
        },
        {
            "1": 411,
            "0": 189
        },
        {
            "1": 411,
            "0": 189
        },
        {
            "1": 411,
            "0": 189
        },
        {
            "1": 411,
            "0": 189
        },
        {
            "1": 411,
            "0": 189
        },
        {
            "1": 411,
            "0": 189
        },
        {
            "1": 411,
            "0": 189
        },
        {
            "1": 411,
            "0": 189
        },
        {
            "1": 411,
            "0": 189
        },
        {
            "1": 402,
            "0": 198
        },
        {
            "1": 402,
            "0": 198
        },
        {
            "1": 398,
            "0": 202
        },
        {
            "1": 398,
            "0": 202
        },
        {
            "1": 398,
            "0": 202
        },
        {
            "1": 398,
            "0": 202
        },
        {
            "1": 398,
            "0": 202
        },
        {
            "1": 398,
            "0": 202
        },
        {
            "1": 396,
            "0": 204
        },
        {
            "0": 317,
            "1": 283
        },
        {
            "0": 317,
            "1": 283
        },
        {
            "0": 592,
            "1": 8
        },
        {
            "0": 592,
            "1": 8
        },
        {
            "0": 592,
            "1": 8
        }
    ],
    "cuts": [
        0.0,
        0.025,
        0.05,
        0.075,
        0.1,
        0.125,
        0.15,
        0.175,
        0.2,
        0.225,
        0.25,
        0.275,
        0.3,
        0.325,
        0.35,
        0.375,
        0.4,
        0.425,
        0.45,
        0.475,
        0.5,
        0.525,
        0.55,
        0.575,
        0.6,
        0.625,
        0.65,
        0.675,
        0.7,
        0.725,
        0.75,
        0.775,
        0.8,
        0.825,
        0.85,
        0.875,
        0.9,
        0.925,
        0.95,
        0.975
    ],
    "predictedClassCount": {
        "1": 415,
        "0": 185
    },
    "probabilityDensities": {
        "0": {
            "density": [
                1.6186238092368728,
                1.709249891540055,
                1.7934950003773218,
                1.8699561479833988,
                1.9373203185434313,
                1.994402604517185,
                2.040181645166431,
                2.0738308841081223,
                2.09474430357907,
                2.1025555076098836,
                2.097149303996732,
                2.0786652610676875,
                2.0474930716666964,
                2.0042599233076213,
                1.949810429149896,
                1.8851799991158877,
                1.811562806035208,
                1.7302757134375712,
                1.6427196690929795,
                1.5503401260907408,
                1.4545880307618515,
                1.356882818656709,
                1.2585786951161537,
                1.1609352583677905,
                1.0650932657740522,
                0.9720560644954119,
                0.8826769232654811,
                0.7976522281394423,
                0.7175202560094817,
                0.6426650267544148,
                0.5733245663067554,
                0.5096027934709443,
                0.4514841744182492,
                0.3988502687001164,
                0.35149731497044356,
                0.30915406690661756,
                0.27149918215710084,
                0.23817758085440688,
                0.20881531653944907,
                0.18303263292252953,
                0.16045500734285836,
                0.14072209990778778,
                0.1234946313596653,
                0.10845929951034508,
                0.09533191185405687,
                0.08385896031746537,
                0.07381789377887048,
                0.06501635664259534,
                0.057290659694716715,
                0.05050373538860545,
                0.044542806461721186,
                0.03931696716220682,
                0.03475484293670784,
                0.030802459427074987,
                0.02742141685010541,
                0.02458743264418951,
                0.022289284564496463,
                0.020528158689911438,
                0.019317382222360346,
                0.018682499405120984,
                0.01866163009040552,
                0.019306034113486737,
                0.02068079037958362,
                0.022865487258988387,
                0.02595481052370284,
                0.030058906890987242,
                0.03530339576970345,
                0.04182889978579944,
                0.04978996704928078,
                0.059353265998862786,
                0.07069494812318478,
                0.0839970958946942,
                0.09944320358319274,
                0.11721267753557162,
                0.13747438973788134,
                0.16037937303771196,
                0.18605280653664705,
                0.2145855027889796,
                0.24602517121658043,
                0.2803677905713182,
                0.3175494728953308,
                0.35743923762232604,
                0.39983313277494115,
                0.444450136739926,
                0.4909302458872632,
                0.5388350987028482,
                0.5876514061208554,
                0.6367973522120497,
                0.6856320030828946,
                0.7334676204088346,
                0.7795846267421241,
                0.82324882112459,
                0.8637303048366327,
                0.9003234576399933,
                0.9323672133159712,
                0.9592648270383914,
                0.9805023115735111,
                0.9956647474201411,
                1.004449743937502,
                1.0066774414603668
            ],
            "median": 0.12606873428331955
        },
        "1": {
            "density": [
                1.006677441460365,
                1.004449743937502,
                0.9956647474201393,
                0.9805023115735111,
                0.9592648270383898,
                0.9323672133159695,
                0.9003234576399965,
                0.8637303048366312,
                0.82324882112459,
                0.7795846267421255,
                0.7334676204088333,
                0.6856320030828946,
                0.6367973522120486,
                0.5876514061208554,
                0.5388350987028482,
                0.4909302458872632,
                0.444450136739926,
                0.3998331327749404,
                0.35743923762232604,
                0.3175494728953302,
                0.2803677905713182,
                0.24602517121658,
                0.2145855027889796,
                0.18605280653664688,
                0.16037937303771183,
                0.13747438973788134,
                0.11721267753557162,
                0.09944320358319284,
                0.08399709589469405,
                0.07069494812318455,
                0.05935326599886273,
                0.049789967049280716,
                0.0418288997857994,
                0.03530339576970338,
                0.030058906890987218,
                0.025954810523702784,
                0.022865487258988355,
                0.0206807903795836,
                0.019306034113486702,
                0.01866163009040551,
                0.01868249940512099,
                0.019317382222360346,
                0.02052815868991142,
                0.022289284564496473,
                0.02458743264418951,
                0.02742141685010542,
                0.030802459427074987,
                0.034754842936707865,
                0.03931696716220682,
                0.04454280646172123,
                0.05050373538860545,
                0.057290659694716736,
                0.06501635664259546,
                0.07381789377887044,
                0.08385896031746541,
                0.09533191185405687,
                0.10845929951034526,
                0.1234946313596653,
                0.1407220999077879,
                0.16045500734285867,
                0.18303263292252966,
                0.20881531653944946,
                0.23817758085440688,
                0.27149918215710106,
                0.30915406690661756,
                0.3514973149704442,
                0.3988502687001164,
                0.4514841744182492,
                0.5096027934709453,
                0.5733245663067554,
                0.6426650267544148,
                0.7175202560094829,
                0.7976522281394423,
                0.8826769232654826,
                0.9720560644954136,
                1.0650932657740542,
                1.1609352583677905,
                1.2585786951161537,
                1.356882818656709,
                1.4545880307618515,
                1.5503401260907435,
                1.6427196690929795,
                1.7302757134375744,
                1.811562806035208,
                1.8851799991158844,
                1.949810429149896,
                2.0042599233076213,
                2.0474930716666964,
                2.0786652610676875,
                2.0971493039967286,
                2.1025555076098836,
                2.09474430357907,
                2.073830884108126,
                2.0401816451664345,
                1.994402604517185,
                1.9373203185434347,
                1.8699561479833988,
                1.7934950003773187,
                1.709249891540055,
                1.6186238092368728
            ],
            "median": 0.8739312657166804
        }
    }
}