{
    "tree": {
        "leftChild": [
            1,
            -1,
            3,
            4,
            5,
            6,
            -1,
            -1,
            9,
            -1,
            -1,
            12,
            -1,
            14,
            -1,
            -1,
            17,
            18,
            19,
            -1,
            -1,
            22,
            -1,
            -1,
            25,
            26,
            -1,
            -1,
            29,
            -1,
            -1
        ],
        "rightChild": [
            2,
            -1,
            16,
            11,
            8,
            7,
            -1,
            -1,
            10,
            -1,
            -1,
            13,
            -1,
            15,
            -1,
            -1,
            24,
            21,
            20,
            -1,
            -1,
            23,
            -1,
            -1,
            28,
            27,
            -1,
            -1,
            30,
            -1,
            -1
        ],
        "impurity": [
            0.49999999999999867,
            0.0,
            0.19714750664941794,
            0.3617500504963901,
            0.3298647325707281,
            0.4979004195497898,
            0.1981072015886961,
            3.3306690738754696e-16,
            0.2789458539468307,
            0.1664867968294348,
            0.46830948542337136,
            0.4449986111111113,
            0.0,
            0.2455539824473829,
            0.0,
            4.440892098500626e-16,
            0.1799430790811225,
            0.17277002911227124,
            0.4562427678917871,
            0.0,
            0.25967993044529036,
            0.16832073431635275,
            0.22035081703904646,
            0.14251971297237664,
            0.3742969862320361,
            0.26524646659785767,
            0.43153541315200117,
            -8.881784197001252e-16,
            0.4803582908321917,
            0.2455539824473829,
            0.0
        ],
        "threshold": [
            0.5,
            -2.0,
            830.9999738665724,
            806.999945207398,
            -0.9782727360725403,
            0.261065773665905,
            -2.0,
            -2.0,
            3.84388955106244,
            -2.0,
            -2.0,
            0.24776209145784378,
            -2.0,
            0.20048443228006363,
            -2.0,
            -2.0,
            0.9897649586200714,
            -0.9996316432952881,
            -0.5617448911070824,
            -2.0,
            -2.0,
            -0.6113203465938568,
            -2.0,
            -2.0,
            3.6448485408935314,
            -0.48982448875904083,
            -2.0,
            -2.0,
            0.4272097051143646,
            -2.0,
            -2.0
        ],
        "nSamples": [
            2400,
            702,
            1698,
            126,
            120,
            11,
            5,
            6,
            109,
            83,
            26,
            6,
            2,
            4,
            3,
            1,
            1572,
            1530,
            14,
            2,
            12,
            1516,
            474,
            1042,
            42,
            35,
            16,
            19,
            7,
            4,
            3
        ],
        "feature": [
            20,
            -2,
            2,
            2,
            5,
            10,
            -2,
            -2,
            1,
            -2,
            -2,
            5,
            -2,
            4,
            -2,
            -2,
            6,
            10,
            4,
            -2,
            -2,
            5,
            -2,
            -2,
            1,
            8,
            -2,
            -2,
            7,
            -2,
            -2
        ],
        "probas": [
            [
                0.4999999999999966,
                0.5000000000000033
            ],
            [
                1.0,
                0.0
            ],
            [
                0.11086474501108727,
                0.8891352549889127
            ],
            [
                0.23708371151295105,
                0.7629162884870488
            ],
            [
                0.2083364374580942,
                0.7916635625419058
            ],
            [
                0.53240046643345,
                0.4675995335665501
            ],
            [
                0.8885182096191271,
                0.11148179038087294
            ],
            [
                0.0,
                1.0
            ],
            [
                0.16754387804315446,
                0.8324561219568455
            ],
            [
                0.09164157706093187,
                0.9083584229390682
            ],
            [
                0.3741220540034338,
                0.6258779459965663
            ],
            [
                0.6658333333333333,
                0.3341666666666666
            ],
            [
                0.0,
                1.0
            ],
            [
                0.8566833452466047,
                0.14331665475339528
            ],
            [
                1.0,
                0.0
            ],
            [
                0.0,
                1.0
            ],
            [
                0.0999644260076031,
                0.9000355739923969
            ],
            [
                0.09550650753831215,
                0.9044934924616879
            ],
            [
                0.3520857814336075,
                0.6479142185663924
            ],
            [
                1.0,
                0.0
            ],
            [
                0.15335892514395394,
                0.846641074856046
            ],
            [
                0.09276587465953691,
                0.9072341253404632
            ],
            [
                0.12606873428331955,
                0.8739312657166804
            ],
            [
                0.07722329355344895,
                0.9227767064465511
            ],
            [
                0.24929797191887693,
                0.750702028081123
            ],
            [
                0.15739707137697825,
                0.8426029286230218
            ],
            [
                0.31498028909329834,
                0.6850197109067017
            ],
            [
                0.0,
                1.0
            ],
            [
                0.599100224943764,
                0.4008997750562359
            ],
            [
                0.8566833452466047,
                0.14331665475339528
            ],
            [
                0.0,
                1.0
            ]
        ],
        "targetClassesProportions": [
            [
                0.33416666666666367,
                0.6658333333333364
            ],
            [
                1.0,
                0.0
            ],
            [
                0.058892815076561106,
                0.9411071849234389
            ],
            [
                0.13492063492063483,
                0.8650793650793651
            ],
            [
                0.11666666666666657,
                0.8833333333333334
            ],
            [
                0.36363636363636365,
                0.6363636363636364
            ],
            [
                0.8,
                0.2
            ],
            [
                0.0,
                1.0
            ],
            [
                0.09174311926605497,
                0.9082568807339451
            ],
            [
                0.048192771084337324,
                0.9518072289156627
            ],
            [
                0.23076923076923078,
                0.7692307692307693
            ],
            [
                0.5,
                0.5
            ],
            [
                0.0,
                1.0
            ],
            [
                0.75,
                0.25
            ],
            [
                1.0,
                0.0
            ],
            [
                0.0,
                1.0
            ],
            [
                0.052798982188295124,
                0.947201017811705
            ],
            [
                0.05032679738562071,
                0.9496732026143794
            ],
            [
                0.21428571428571427,
                0.7857142857142857
            ],
            [
                1.0,
                0.0
            ],
            [
                0.08333333333333333,
                0.9166666666666666
            ],
            [
                0.04881266490765147,
                0.9511873350923485
            ],
            [
                0.06751054852320684,
                0.9324894514767932
            ],
            [
                0.0403071017274468,
                0.9596928982725532
            ],
            [
                0.142857142857143,
                0.857142857142857
            ],
            [
                0.08571428571428578,
                0.9142857142857144
            ],
            [
                0.1875,
                0.8125
            ],
            [
                0.0,
                1.0
            ],
            [
                0.42857142857142855,
                0.5714285714285714
            ],
            [
                0.75,
                0.25
            ],
            [
                0.0,
                1.0
            ]
        ]
    },
    "featureNames": [
        "Following",
        "Tweets_Per_Day",
        "Num_Tweets",
        "datetime_cyclical:Profile_Creation_Date:week:sin",
        "datetime_cyclical:Profile_Creation_Date:week:cos",
        "datetime_cyclical:Profile_Creation_Date:month:sin",
        "datetime_cyclical:Profile_Creation_Date:month:cos",
        "datetime_cyclical:Profile_Creation_Date:quarter:sin",
        "datetime_cyclical:Profile_Creation_Date:quarter:cos",
        "datetime_cyclical:Profile_Creation_Date:year:sin",
        "datetime_cyclical:Profile_Creation_Date:year:cos",
        "dummy:Tweet_Sentiment:Neutral",
        "dummy:Tweet_Sentiment:Positive",
        "dummy:Tweet_Sentiment:Negative",
        "dummy:Tweet_Sentiment:N/A",
        "dummy:Tweet_Sentiment:__Others__",
        "dummy:Profile_Picture:Yes",
        "dummy:Profile_Picture:No",
        "dummy:Profile_Picture:N/A",
        "dummy:Profile_Picture:__Others__",
        "dummy:Fraud_Status:Genuine",
        "dummy:Fraud_Status:Fraudulent",
        "dummy:Fraud_Status:N/A",
        "dummy:Fraud_Status:__Others__",
        "dummy:Verified:Not Verified",
        "dummy:Verified:Verified",
        "dummy:Verified:N/A",
        "dummy:Verified:__Others__"
    ],
    "classes": [
        "0",
        "1"
    ]
}