{
    "perClassFacts": {
        "unique": {
            "RFM Score": {
                "impact": 2.0761260759721885,
                "rank": 1,
                "feature": "RFM Score",
                "correlation": 0.8986714083287692,
                "type": "NUMERICAL"
            },
            "Payback Status": {
                "impact": 0.2933855283792959,
                "rank": 2,
                "feature": "Payback Status",
                "positiveCategoricalValue": "11",
                "negativeCategoricalValue": "Default",
                "infoGain": 0.6757779980247911,
                "type": "CATEGORICAL"
            },
            "Age": {
                "impact": 0.12488468346300736,
                "rank": 3,
                "feature": "Age",
                "correlation": -0.9889538594612556,
                "type": "NUMERICAL"
            },
            "Active on Social Media": {
                "impact": 0.1217738075069448,
                "rank": 4,
                "feature": "Active on Social Media",
                "positiveCategoricalValue": "false",
                "negativeCategoricalValue": "true",
                "infoGain": 0.6899720746344096,
                "type": "CATEGORICAL"
            },
            "Credit Balance (AED)": {
                "impact": 0.10886776960290089,
                "rank": 5,
                "feature": "Credit Balance (AED)",
                "correlation": 0.9921734462607961,
                "type": "NUMERICAL"
            },
            "Number of Referrals": {
                "impact": 0.09756173841439969,
                "rank": 6,
                "feature": "Number of Referrals",
                "correlation": -0.9539691329382648,
                "type": "NUMERICAL"
            },
            "tag": {
                "impact": 0.08718765081574242,
                "rank": 7,
                "feature": "tag",
                "positiveCategoricalValue": "true",
                "negativeCategoricalValue": "false",
                "infoGain": 0.6116122595809761,
                "type": "CATEGORICAL"
            },
            "Gender": {
                "impact": 0.0814746967198942,
                "rank": 8,
                "feature": "Gender",
                "positiveCategoricalValue": "Female",
                "negativeCategoricalValue": "Male",
                "infoGain": 0.6931080227146618,
                "type": "CATEGORICAL"
            },
            "Profile Picture on Social Media": {
                "impact": 0.029153777785249507,
                "rank": 9,
                "feature": "Profile Picture on Social Media",
                "positiveCategoricalValue": "true",
                "negativeCategoricalValue": "false",
                "infoGain": 0.6921679275184621,
                "type": "CATEGORICAL"
            },
            "Years with Firm": {
                "impact": 0.023527620799797058,
                "rank": 10,
                "feature": "Years with Firm",
                "correlation": 0.9511519720985281,
                "type": "NUMERICAL"
            },
            "Average Transactions per Month": {
                "impact": 5.7667717199166296e-05,
                "rank": 11,
                "feature": "Average Transactions per Month",
                "correlation": -0.99336078312623,
                "type": "NUMERICAL"
            }
        }
    }
}