{
    "absoluteImportance": {
        "Years with Firm": 0.023527620799797054,
        "Average Transactions per Month": 5.7667717199166316e-05,
        "Credit Balance (AED)": 0.10886776960290083,
        "Gender": 0.08147469671989425,
        "Active on Social Media": 0.12177380750694469,
        "RFM Score": 2.076126075972189,
        "Profile Picture on Social Media": 0.029153777785249496,
        "Number of Referrals": 0.09756173841439968,
        "Payback Status": 0.293385528379296,
        "tag": 0.08718765081574249,
        "Age": 0.12488468346300734
    }
}