{
    "startedAt": 1744696592042,
    "gridSize": 5,
    "nThreads": 4,
    "nSplits": 5,
    "metric": "ROC_AUC",
    "timeout": null,
    "gridPoints": [
        {
            "finishedAt": 1744696592742,
            "score": 1.0,
            "testScoreGibMean": 1.0,
            "testScoreMean": 1.0,
            "testScoreStd": 0.0,
            "trainScoreMean": 1.0,
            "trainScoreStd": 0.0,
            "time": 1558,
            "fitTimeMean": 4.2,
            "fitTimeStd": 1.16619037896906,
            "scoreTimeMean": 307.4,
            "scoreTimeStd": 164.89705879729934,
            "parameters": {
                "C": 0.1,
                "penalty": "l2"
            }
        },
        {
            "finishedAt": 1744696593048,
            "score": 0.9997431163654636,
            "testScoreGibMean": 0.9997431163654636,
            "testScoreMean": 0.9997431163654636,
            "testScoreStd": 0.0005123538763837966,
            "trainScoreMean": 0.9999919733558221,
            "trainScoreStd": 1.6120038283231394e-05,
            "time": 1166,
            "fitTimeMean": 57.4,
            "fitTimeStd": 40.40594015735805,
            "scoreTimeMean": 175.8,
            "scoreTimeStd": 83.70041815905104,
            "parameters": {
                "C": 0.01,
                "penalty": "l2"
            }
        },
        {
            "finishedAt": 1744696593647,
            "score": 1.0,
            "testScoreGibMean": 1.0,
            "testScoreMean": 1.0,
            "testScoreStd": 0.0,
            "trainScoreMean": 1.0,
            "trainScoreStd": 0.0,
            "time": 1750,
            "fitTimeMean": 131.6,
            "fitTimeStd": 89.28068100098699,
            "scoreTimeMean": 218.4,
            "scoreTimeStd": 195.18053181605998,
            "parameters": {
                "C": 10.0,
                "penalty": "l2"
            }
        },
        {
            "finishedAt": 1744696594243,
            "score": 1.0,
            "testScoreGibMean": 1.0,
            "testScoreMean": 1.0,
            "testScoreStd": 0.0,
            "trainScoreMean": 1.0,
            "trainScoreStd": 0.0,
            "time": 1864,
            "fitTimeMean": 81.2,
            "fitTimeStd": 73.06271278839843,
            "scoreTimeMean": 291.6,
            "scoreTimeStd": 136.9972262492931,
            "parameters": {
                "C": 1.0,
                "penalty": "l2"
            }
        },
        {
            "finishedAt": 1744696594747,
            "score": 1.0,
            "testScoreGibMean": 1.0,
            "testScoreMean": 1.0,
            "testScoreStd": 0.0,
            "trainScoreMean": 1.0,
            "trainScoreStd": 0.0,
            "time": 1280,
            "fitTimeMean": 77.8,
            "fitTimeStd": 63.455181033545244,
            "scoreTimeMean": 178.2,
            "scoreTimeStd": 119.77211695549178,
            "parameters": {
                "C": 100.0,
                "penalty": "l2"
            }
        }
    ]
}