[
    {
        "test_score_gib": 1.0,
        "train_score": 1.0,
        "test_score": 1.0,
        "num_samples": 91,
        "fit_time": 5,
        "score_time": 580,
        "time": 585,
        "parameters": {
            "C": 0.1,
            "penalty": "l2"
        },
        "done_at": 1744696592648,
        "split_id": 0
    },
    {
        "test_score_gib": 1.0,
        "train_score": 1.0,
        "test_score": 1.0,
        "num_samples": 91,
        "fit_time": 5,
        "score_time": 268,
        "time": 273,
        "parameters": {
            "C": 0.1,
            "penalty": "l2"
        },
        "done_at": 1744696592346,
        "split_id": 1
    },
    {
        "test_score_gib": 1.0,
        "train_score": 1.0,
        "test_score": 1.0,
        "num_samples": 91,
        "fit_time": 4,
        "score_time": 203,
        "time": 207,
        "parameters": {
            "C": 0.1,
            "penalty": "l2"
        },
        "done_at": 1744696592350,
        "split_id": 2
    },
    {
        "test_score_gib": 1.0,
        "train_score": 1.0,
        "test_score": 1.0,
        "num_samples": 90,
        "fit_time": 2,
        "score_time": 100,
        "time": 102,
        "parameters": {
            "C": 0.1,
            "penalty": "l2"
        },
        "done_at": 1744696592548,
        "split_id": 3
    },
    {
        "test_score_gib": 1.0,
        "train_score": 1.0,
        "test_score": 1.0,
        "num_samples": 90,
        "fit_time": 5,
        "score_time": 386,
        "time": 391,
        "parameters": {
            "C": 0.1,
            "penalty": "l2"
        },
        "done_at": 1744696592742,
        "split_id": 4
    },
    {
        "test_score_gib": 1.0,
        "train_score": 1.0,
        "test_score": 1.0,
        "num_samples": 91,
        "fit_time": 89,
        "score_time": 304,
        "time": 393,
        "parameters": {
            "C": 0.01,
            "penalty": "l2"
        },
        "done_at": 1744696592747,
        "split_id": 0
    },
    {
        "test_score_gib": 1.0,
        "train_score": 1.0,
        "test_score": 1.0,
        "num_samples": 91,
        "fit_time": 93,
        "score_time": 202,
        "time": 295,
        "parameters": {
            "C": 0.01,
            "penalty": "l2"
        },
        "done_at": 1744696592949,
        "split_id": 1
    },
    {
        "test_score_gib": 0.9987212276214834,
        "train_score": 1.0,
        "test_score": 0.9987212276214834,
        "num_samples": 91,
        "fit_time": 89,
        "score_time": 205,
        "time": 294,
        "parameters": {
            "C": 0.01,
            "penalty": "l2"
        },
        "done_at": 1744696592954,
        "split_id": 2
    },
    {
        "test_score_gib": 1.0,
        "train_score": 1.0,
        "test_score": 1.0,
        "num_samples": 90,
        "fit_time": 11,
        "score_time": 94,
        "time": 105,
        "parameters": {
            "C": 0.01,
            "penalty": "l2"
        },
        "done_at": 1744696592849,
        "split_id": 3
    },
    {
        "test_score_gib": 1.0,
        "train_score": 0.9999595992243051,
        "test_score": 1.0,
        "num_samples": 90,
        "fit_time": 5,
        "score_time": 74,
        "time": 79,
        "parameters": {
            "C": 0.01,
            "penalty": "l2"
        },
        "done_at": 1744696593048,
        "split_id": 4
    },
    {
        "test_score_gib": 1.0,
        "train_score": 1.0,
        "test_score": 1.0,
        "num_samples": 91,
        "fit_time": 175,
        "score_time": 201,
        "time": 376,
        "parameters": {
            "C": 10.0,
            "penalty": "l2"
        },
        "done_at": 1744696593347,
        "split_id": 0
    },
    {
        "test_score_gib": 1.0,
        "train_score": 1.0,
        "test_score": 1.0,
        "num_samples": 91,
        "fit_time": 6,
        "score_time": 478,
        "time": 484,
        "parameters": {
            "C": 10.0,
            "penalty": "l2"
        },
        "done_at": 1744696593457,
        "split_id": 1
    },
    {
        "test_score_gib": 1.0,
        "train_score": 1.0,
        "test_score": 1.0,
        "num_samples": 91,
        "fit_time": 273,
        "score_time": 400,
        "time": 673,
        "parameters": {
            "C": 10.0,
            "penalty": "l2"
        },
        "done_at": 1744696593647,
        "split_id": 2
    },
    {
        "test_score_gib": 1.0,
        "train_score": 1.0,
        "test_score": 1.0,
        "num_samples": 90,
        "fit_time": 117,
        "score_time": 6,
        "time": 123,
        "parameters": {
            "C": 10.0,
            "penalty": "l2"
        },
        "done_at": 1744696593464,
        "split_id": 3
    },
    {
        "test_score_gib": 1.0,
        "train_score": 1.0,
        "test_score": 1.0,
        "num_samples": 90,
        "fit_time": 87,
        "score_time": 7,
        "time": 94,
        "parameters": {
            "C": 10.0,
            "penalty": "l2"
        },
        "done_at": 1744696593549,
        "split_id": 4
    },
    {
        "test_score_gib": 1.0,
        "train_score": 1.0,
        "test_score": 1.0,
        "num_samples": 91,
        "fit_time": 2,
        "score_time": 479,
        "time": 481,
        "parameters": {
            "C": 1.0,
            "penalty": "l2"
        },
        "done_at": 1744696594040,
        "split_id": 0
    },
    {
        "test_score_gib": 1.0,
        "train_score": 1.0,
        "test_score": 1.0,
        "num_samples": 91,
        "fit_time": 198,
        "score_time": 395,
        "time": 593,
        "parameters": {
            "C": 1.0,
            "penalty": "l2"
        },
        "done_at": 1744696594242,
        "split_id": 1
    },
    {
        "test_score_gib": 1.0,
        "train_score": 1.0,
        "test_score": 1.0,
        "num_samples": 91,
        "fit_time": 97,
        "score_time": 300,
        "time": 397,
        "parameters": {
            "C": 1.0,
            "penalty": "l2"
        },
        "done_at": 1744696594046,
        "split_id": 2
    },
    {
        "test_score_gib": 1.0,
        "train_score": 1.0,
        "test_score": 1.0,
        "num_samples": 90,
        "fit_time": 105,
        "score_time": 102,
        "time": 207,
        "parameters": {
            "C": 1.0,
            "penalty": "l2"
        },
        "done_at": 1744696594044,
        "split_id": 3
    },
    {
        "test_score_gib": 1.0,
        "train_score": 1.0,
        "test_score": 1.0,
        "num_samples": 90,
        "fit_time": 4,
        "score_time": 182,
        "time": 186,
        "parameters": {
            "C": 1.0,
            "penalty": "l2"
        },
        "done_at": 1744696594243,
        "split_id": 4
    },
    {
        "test_score_gib": 1.0,
        "train_score": 1.0,
        "test_score": 1.0,
        "num_samples": 91,
        "fit_time": 100,
        "score_time": 314,
        "time": 414,
        "parameters": {
            "C": 100.0,
            "penalty": "l2"
        },
        "done_at": 1744696594560,
        "split_id": 0
    },
    {
        "test_score_gib": 1.0,
        "train_score": 1.0,
        "test_score": 1.0,
        "num_samples": 91,
        "fit_time": 14,
        "score_time": 193,
        "time": 207,
        "parameters": {
            "C": 100.0,
            "penalty": "l2"
        },
        "done_at": 1744696594543,
        "split_id": 1
    },
    {
        "test_score_gib": 1.0,
        "train_score": 1.0,
        "test_score": 1.0,
        "num_samples": 91,
        "fit_time": 96,
        "score_time": 297,
        "time": 393,
        "parameters": {
            "C": 100.0,
            "penalty": "l2"
        },
        "done_at": 1744696594645,
        "split_id": 2
    },
    {
        "test_score_gib": 1.0,
        "train_score": 1.0,
        "test_score": 1.0,
        "num_samples": 90,
        "fit_time": 176,
        "score_time": 7,
        "time": 183,
        "parameters": {
            "C": 100.0,
            "penalty": "l2"
        },
        "done_at": 1744696594747,
        "split_id": 3
    },
    {
        "test_score_gib": 1.0,
        "train_score": 1.0,
        "test_score": 1.0,
        "num_samples": 90,
        "fit_time": 3,
        "score_time": 80,
        "time": 83,
        "parameters": {
            "C": 100.0,
            "penalty": "l2"
        },
        "done_at": 1744696594648,
        "split_id": 4
    }
]