{
    "modelInputNRows": 453,
    "modelInputNCols": 27,
    "modelInputIsSparse": false,
    "modelInputMemory": 97848,
    "usedGridSearch": true,
    "gridSize": 5,
    "gridBestScore": 1.0,
    "gridCells": [
        {
            "params": {
                "C": 0.1,
                "penalty": "l2"
            },
            "score": 1.0,
            "scoreStd": 0.0,
            "fitTime": 0.004200000000000001,
            "fitTimeStd": 0.00116619037896906,
            "scoreTime": 0.30739999999999995,
            "scoreTimeStd": 0.16489705879729935
        },
        {
            "params": {
                "C": 0.01,
                "penalty": "l2"
            },
            "score": 0.9997431163654636,
            "scoreStd": 0.0005123538763837966,
            "fitTime": 0.0574,
            "fitTimeStd": 0.04040594015735805,
            "scoreTime": 0.1758,
            "scoreTimeStd": 0.08370041815905103
        },
        {
            "params": {
                "C": 10.0,
                "penalty": "l2"
            },
            "score": 1.0,
            "scoreStd": 0.0,
            "fitTime": 0.1316,
            "fitTimeStd": 0.08928068100098699,
            "scoreTime": 0.2184,
            "scoreTimeStd": 0.19518053181606
        },
        {
            "params": {
                "C": 1.0,
                "penalty": "l2"
            },
            "score": 1.0,
            "scoreStd": 0.0,
            "fitTime": 0.08120000000000001,
            "fitTimeStd": 0.07306271278839843,
            "scoreTime": 0.2916,
            "scoreTimeStd": 0.1369972262492931
        },
        {
            "params": {
                "C": 100.0,
                "penalty": "l2"
            },
            "score": 1.0,
            "scoreStd": 0.0,
            "fitTime": 0.0778,
            "fitTimeStd": 0.06345518103354525,
            "scoreTime": 0.1782,
            "scoreTimeStd": 0.11977211695549178
        }
    ],
    "lmCoefficients": {
        "variables": [
            "Years with Firm",
            "Average Transactions per Month",
            "Credit Balance (AED)",
            "RFM Score",
            "Number of Referrals",
            "Age",
            "dummy:Gender:Male",
            "dummy:Active on Social Media:true",
            "dummy:Profile Picture on Social Media:true",
            "dummy:Payback Status:Default",
            "dummy:Payback Status:4",
            "dummy:Payback Status:8",
            "dummy:Payback Status:11",
            "dummy:Payback Status:7",
            "dummy:Payback Status:6",
            "dummy:Payback Status:12",
            "dummy:Payback Status:3",
            "dummy:Payback Status:10",
            "dummy:Payback Status:1",
            "dummy:Payback Status:9",
            "dummy:Payback Status:2",
            "dummy:tag:false"
        ],
        "coefs": [
            0.0266759232235814,
            -0.11963550388916121,
            0.13144985583404026,
            2.382295244055891,
            -0.10781295769508194,
            -0.13929127937163294,
            -0.16447758206184998,
            -0.24481383173868626,
            0.05830006598996431,
            -0.5918410615003481,
            0.15389109490401356,
            0.026749229524002032,
            0.002154479407743411,
            -0.029382272010803637,
            0.00039507622848410746,
            -0.09298135789878283,
            -0.0073169022053693996,
            -0.03841585884325083,
            -0.0559217212102898,
            0.049865746844928116,
            -0.04770374507534433,
            -0.20063144905549118
        ],
        "interceptStderr": null,
        "interceptTstat": null,
        "interceptPvalue": null,
        "interceptCoef": -0.7744284010663702,
        "rescaledCoefs": [
            0.008385429188506483,
            -1.1957288583908009e-05,
            0.0004513783303975145,
            1.7503171814126497,
            -0.03436882508783383,
            -0.010076315347224245,
            -0.16447758206184998,
            -0.24481383173868626,
            0.05830006598996431,
            -0.5918410615003481,
            0.15389109490401356,
            0.026749229524002032,
            0.002154479407743411,
            -0.029382272010803637,
            0.00039507622848410746,
            -0.09298135789878283,
            -0.0073169022053693996,
            -0.03841585884325083,
            -0.0559217212102898,
            0.049865746844928116,
            -0.04770374507534433,
            -0.20063144905549118
        ],
        "rescaledInterceptCoef": -4.715167015922046
    },
    "probaAware": true
}