{
    "metrics": {},
    "processed_feature_names": [
        "Years with Firm",
        "Average Transactions per Month",
        "Credit Balance (AED)",
        "RFM Score",
        "Number of Referrals",
        "Age",
        "dummy:Gender:Male",
        "dummy:Gender:N/A",
        "dummy:Active on Social Media:true",
        "dummy:Active on Social Media:N/A",
        "dummy:Profile Picture on Social Media:true",
        "dummy:Profile Picture on Social Media:N/A",
        "dummy:Payback Status:Default",
        "dummy:Payback Status:4",
        "dummy:Payback Status:8",
        "dummy:Payback Status:11",
        "dummy:Payback Status:7",
        "dummy:Payback Status:6",
        "dummy:Payback Status:12",
        "dummy:Payback Status:3",
        "dummy:Payback Status:10",
        "dummy:Payback Status:1",
        "dummy:Payback Status:9",
        "dummy:Payback Status:2",
        "dummy:Payback Status:N/A",
        "dummy:tag:false",
        "dummy:tag:N/A"
    ],
    "optimalThreshold": 0.675,
    "usedThreshold": 0.675,
    "perCutData": {
        "cut": [
            0.0,
            0.025,
            0.05,
            0.075,
            0.1,
            0.125,
            0.15,
            0.175,
            0.2,
            0.225,
            0.25,
            0.275,
            0.3,
            0.325,
            0.35,
            0.375,
            0.4,
            0.425,
            0.45,
            0.475,
            0.5,
            0.525,
            0.55,
            0.575,
            0.6,
            0.625,
            0.65,
            0.675,
            0.7,
            0.725,
            0.75,
            0.775,
            0.8,
            0.825,
            0.85,
            0.875,
            0.9,
            0.925,
            0.95,
            0.975
        ],
        "tp": [
            33,
            33,
            33,
            33,
            33,
            33,
            33,
            33,
            33,
            33,
            33,
            33,
            33,
            33,
            33,
            33,
            33,
            33,
            33,
            33,
            33,
            33,
            33,
            33,
            33,
            33,
            33,
            33,
            33,
            33,
            33,
            33,
            30,
            27,
            23,
            19,
            16,
            16,
            16,
            6
        ],
        "tn": [
            0,
            24,
            33,
            41,
            53,
            59,
            62,
            64,
            66,
            66,
            66,
            66,
            66,
            66,
            68,
            68,
            68,
            70,
            70,
            70,
            71,
            74,
            77,
            79,
            79,
            79,
            79,
            80,
            80,
            80,
            80,
            80,
            80,
            80,
            80,
            80,
            80,
            80,
            80,
            80
        ],
        "fp": [
            80,
            56,
            47,
            39,
            27,
            21,
            18,
            16,
            14,
            14,
            14,
            14,
            14,
            14,
            12,
            12,
            12,
            10,
            10,
            10,
            9,
            6,
            3,
            1,
            1,
            1,
            1,
            0,
            0,
            0,
            0,
            0,
            0,
            0,
            0,
            0,
            0,
            0,
            0,
            0
        ],
        "fn": [
            0,
            0,
            0,
            0,
            0,
            0,
            0,
            0,
            0,
            0,
            0,
            0,
            0,
            0,
            0,
            0,
            0,
            0,
            0,
            0,
            0,
            0,
            0,
            0,
            0,
            0,
            0,
            0,
            0,
            0,
            0,
            0,
            3,
            6,
            10,
            14,
            17,
            17,
            17,
            27
        ],
        "precision": [
            0.2920353982300885,
            0.3707865168539326,
            0.4125,
            0.4583333333333333,
            0.55,
            0.6111111111111112,
            0.6470588235294118,
            0.673469387755102,
            0.7021276595744681,
            0.7021276595744681,
            0.7021276595744681,
            0.7021276595744681,
            0.7021276595744681,
            0.7021276595744681,
            0.7333333333333333,
            0.7333333333333333,
            0.7333333333333333,
            0.7674418604651163,
            0.7674418604651163,
            0.7674418604651163,
            0.7857142857142857,
            0.8461538461538461,
            0.9166666666666666,
            0.9705882352941176,
            0.9705882352941176,
            0.9705882352941176,
            0.9705882352941176,
            1.0,
            1.0,
            1.0,
            1.0,
            1.0,
            1.0,
            1.0,
            1.0,
            1.0,
            1.0,
            1.0,
            1.0,
            1.0
        ],
        "recall": [
            1.0,
            1.0,
            1.0,
            1.0,
            1.0,
            1.0,
            1.0,
            1.0,
            1.0,
            1.0,
            1.0,
            1.0,
            1.0,
            1.0,
            1.0,
            1.0,
            1.0,
            1.0,
            1.0,
            1.0,
            1.0,
            1.0,
            1.0,
            1.0,
            1.0,
            1.0,
            1.0,
            1.0,
            1.0,
            1.0,
            1.0,
            1.0,
            0.9090909090909091,
            0.8181818181818182,
            0.696969696969697,
            0.5757575757575758,
            0.48484848484848486,
            0.48484848484848486,
            0.48484848484848486,
            0.18181818181818182
        ],
        "accuracy": [
            0.2920353982300885,
            0.504424778761062,
            0.584070796460177,
            0.6548672566371682,
            0.7610619469026548,
            0.8141592920353983,
            0.8407079646017699,
            0.8584070796460177,
            0.8761061946902655,
            0.8761061946902655,
            0.8761061946902655,
            0.8761061946902655,
            0.8761061946902655,
            0.8761061946902655,
            0.8938053097345132,
            0.8938053097345132,
            0.8938053097345132,
            0.911504424778761,
            0.911504424778761,
            0.911504424778761,
            0.9203539823008849,
            0.9469026548672567,
            0.9734513274336283,
            0.9911504424778761,
            0.9911504424778761,
            0.9911504424778761,
            0.9911504424778761,
            1.0,
            1.0,
            1.0,
            1.0,
            1.0,
            0.9734513274336283,
            0.9469026548672567,
            0.911504424778761,
            0.8761061946902655,
            0.8495575221238938,
            0.8495575221238938,
            0.8495575221238938,
            0.7610619469026548
        ],
        "f1": [
            0.452054794520548,
            0.5409836065573771,
            0.5840707964601769,
            0.6285714285714286,
            0.7096774193548387,
            0.7586206896551725,
            0.7857142857142858,
            0.8048780487804877,
            0.825,
            0.825,
            0.825,
            0.825,
            0.825,
            0.825,
            0.846153846153846,
            0.846153846153846,
            0.846153846153846,
            0.868421052631579,
            0.868421052631579,
            0.868421052631579,
            0.88,
            0.9166666666666666,
            0.9565217391304348,
            0.9850746268656716,
            0.9850746268656716,
            0.9850746268656716,
            0.9850746268656716,
            1.0,
            1.0,
            1.0,
            1.0,
            1.0,
            0.9523809523809523,
            0.9,
            0.8214285714285715,
            0.7307692307692308,
            0.653061224489796,
            0.653061224489796,
            0.653061224489796,
            0.3076923076923077
        ],
        "mcc": [
            0.0,
            0.3335205466776819,
            0.4125,
            0.4846605341198449,
            0.6036348233824818,
            0.6713378020374277,
            0.7081458806173302,
            0.734013290209436,
            0.7610882466238301,
            0.7610882466238301,
            0.7610882466238301,
            0.7610882466238301,
            0.7610882466238301,
            0.7610882466238301,
            0.7895146188218009,
            0.7895146188218009,
            0.7895146188218009,
            0.8194581306613394,
            0.8194581306613394,
            0.8194581306613394,
            0.8350577396632095,
            0.8846989927044722,
            0.9393038202129631,
            0.9790076007636208,
            0.9790076007636208,
            0.9790076007636208,
            0.9790076007636208,
            1.0,
            1.0,
            1.0,
            1.0,
            1.0,
            0.936072754401818,
            0.872410090353458,
            0.7871014035869962,
            0.7000046053086051,
            0.632356734011979,
            0.632356734011979,
            0.632356734011979,
            0.3686988303854687
        ],
        "hammingLoss": [
            0.7079646017699115,
            0.49557522123893805,
            0.415929203539823,
            0.34513274336283184,
            0.23893805309734517,
            0.18584070796460173,
            0.15929203539823011,
            0.1415929203539823,
            0.12389380530973448,
            0.12389380530973448,
            0.12389380530973448,
            0.12389380530973448,
            0.12389380530973448,
            0.12389380530973448,
            0.10619469026548678,
            0.10619469026548678,
            0.10619469026548678,
            0.08849557522123896,
            0.08849557522123896,
            0.08849557522123896,
            0.07964601769911506,
            0.053097345132743334,
            0.026548672566371723,
            0.008849557522123908,
            0.008849557522123908,
            0.008849557522123908,
            0.008849557522123908,
            0.0,
            0.0,
            0.0,
            0.0,
            0.0,
            0.026548672566371723,
            0.053097345132743334,
            0.08849557522123896,
            0.12389380530973448,
            0.1504424778761062,
            0.1504424778761062,
            0.1504424778761062,
            0.23893805309734517
        ],
        "assertionsMetrics": [],
        "overridesMetrics": []
    },
    "tiMetrics": {
        "auc": 1.0,
        "logLoss": 0.15408062685619436,
        "lift": 2.5111111111111106,
        "averagePrecision": 1.0,
        "calibrationLoss": 0.12465885531311793
    },
    "probaPercentiles": [
        0.009643152283190006,
        0.011163453146796036,
        0.012108632535054018,
        0.01269562875713108,
        0.012825279879469045,
        0.012882933303754306,
        0.013311671118714171,
        0.014701059518768884,
        0.014808918102583361,
        0.014977113955945875,
        0.015487751352362633,
        0.016448023573807785,
        0.017009995483020898,
        0.017562270807761377,
        0.018531728109711702,
        0.018931692276887853,
        0.019307276244900123,
        0.02001138920608872,
        0.020981827442248874,
        0.02276914474825484,
        0.02525097164678929,
        0.027984425874420016,
        0.028843202921252104,
        0.029298154113502173,
        0.030045688705740932,
        0.03237182460548442,
        0.03420058082378344,
        0.039325433913217404,
        0.049716394964612505,
        0.05310895474977581,
        0.05525296549427958,
        0.06062076513856991,
        0.06694007654663661,
        0.06926983727141416,
        0.07197205053831918,
        0.07435902825346748,
        0.0760319634116027,
        0.07694741402789237,
        0.07906729514017809,
        0.08089178706597872,
        0.08437005564961068,
        0.08725856795526024,
        0.08821797819278998,
        0.09147289442887549,
        0.09293630136366231,
        0.09656515082755254,
        0.10283235248545027,
        0.10517700847272407,
        0.108041813681461,
        0.11095182561810292,
        0.11261874810916447,
        0.12816761577660432,
        0.1404260842577977,
        0.14529125846293836,
        0.15481869529742529,
        0.16660142304716993,
        0.17877431853527254,
        0.18868634397546888,
        0.3324308245429979,
        0.35790866859173626,
        0.40214743078548015,
        0.4464692385118514,
        0.5008108077827552,
        0.5149721214579045,
        0.5214395137414918,
        0.5301116485080726,
        0.5406109405833649,
        0.5491344816022172,
        0.5589386448303094,
        0.604688836966986,
        0.7233734388902239,
        0.7925393241010732,
        0.7980964270226937,
        0.8109107445325535,
        0.8127132985070233,
        0.8251803254380317,
        0.8305030921106091,
        0.8335430187307362,
        0.8402384508682735,
        0.8491854085090771,
        0.8546067672774953,
        0.8588689294117934,
        0.8702257950152448,
        0.8829509942288293,
        0.8864764446951428,
        0.9102058093575546,
        0.958873663646965,
        0.9621736551153275,
        0.9679459820365119,
        0.9706832651067391,
        0.9719325832823735,
        0.9731175376420012,
        0.9736166952453233,
        0.9739421032643781,
        0.9749573122312939,
        0.976720758119148,
        0.9778321875298597,
        0.9786918997352286,
        0.983448671362616
    ],
    "rocVizData": [
        [
            {
                "x": 0.0,
                "y": 0.0,
                "p": 1.9844136189278785
            },
            {
                "x": 0.0,
                "y": 1.0,
                "p": 0.7844132933094172
            },
            {
                "x": 1.0,
                "y": 1.0,
                "p": 0.008559330061869702
            }
        ]
    ],
    "liftVizData": {
        "bins": [
            {
                "bin_pos_prop": 1.0,
                "bin_lift": 3.4242424242,
                "cum_lift": 0.3636363636,
                "cum_size": 0.1061946903,
                "bin_min": 0.9706832651,
                "bin_max": 0.9844136189,
                "percentile_idx": 0
            },
            {
                "bin_pos_prop": 1.0,
                "bin_lift": 3.4242424242,
                "cum_lift": 0.696969697,
                "cum_size": 0.203539823,
                "bin_min": 0.8491854085,
                "bin_max": 0.9706832651,
                "percentile_idx": 1
            },
            {
                "bin_pos_prop": 0.9090909091,
                "bin_lift": 3.1129476584,
                "cum_lift": 1.0,
                "cum_size": 0.3008849558,
                "bin_min": 0.604688837,
                "bin_max": 0.8491854085,
                "percentile_idx": 2
            },
            {
                "bin_pos_prop": 0.0,
                "bin_lift": 0.0,
                "cum_lift": 1.0,
                "cum_size": 0.3982300885,
                "bin_min": 0.3579086686,
                "bin_max": 0.604688837,
                "percentile_idx": 3
            },
            {
                "bin_pos_prop": 0.0,
                "bin_lift": 0.0,
                "cum_lift": 1.0,
                "cum_size": 0.4955752212,
                "bin_min": 0.1109518256,
                "bin_max": 0.3579086686,
                "percentile_idx": 4
            },
            {
                "bin_pos_prop": 0.0,
                "bin_lift": 0.0,
                "cum_lift": 1.0,
                "cum_size": 0.6017699115,
                "bin_min": 0.0808917871,
                "bin_max": 0.1109518256,
                "percentile_idx": 5
            },
            {
                "bin_pos_prop": 0.0,
                "bin_lift": 0.0,
                "cum_lift": 1.0,
                "cum_size": 0.6991150442,
                "bin_min": 0.0531089547,
                "bin_max": 0.0808917871,
                "percentile_idx": 6
            },
            {
                "bin_pos_prop": 0.0,
                "bin_lift": 0.0,
                "cum_lift": 1.0,
                "cum_size": 0.796460177,
                "bin_min": 0.0227691447,
                "bin_max": 0.0531089547,
                "percentile_idx": 7
            },
            {
                "bin_pos_prop": 0.0,
                "bin_lift": 0.0,
                "cum_lift": 1.0,
                "cum_size": 0.8938053097,
                "bin_min": 0.014977114,
                "bin_max": 0.0227691447,
                "percentile_idx": 8
            },
            {
                "bin_pos_prop": 0.0,
                "bin_lift": 0.0,
                "cum_lift": 1.0,
                "cum_size": 1.0,
                "bin_min": 0.0085593301,
                "bin_max": 0.014977114,
                "percentile_idx": 9
            }
        ],
        "wizard": {
            "positives": 33,
            "total": 113
        }
    },
    "prVizData": [
        {
            "bins": [
                {
                    "x": 1.0,
                    "y": 0.2920353982300885,
                    "p": 0.008559330061869702
                },
                {
                    "x": 1.0,
                    "y": 0.34375,
                    "p": 0.01872479311557127
                },
                {
                    "x": 1.0,
                    "y": 0.39759036144578314,
                    "p": 0.033891416542062694
                },
                {
                    "x": 1.0,
                    "y": 0.4520547945205479,
                    "p": 0.07386798315945166
                },
                {
                    "x": 1.0,
                    "y": 0.5076923076923077,
                    "p": 0.08768351034632021
                },
                {
                    "x": 1.0,
                    "y": 0.559322033898305,
                    "p": 0.10532320320373723
                },
                {
                    "x": 1.0,
                    "y": 0.6111111111111112,
                    "p": 0.14003645873762652
                },
                {
                    "x": 1.0,
                    "y": 0.673469387755102,
                    "p": 0.1804674408362281
                },
                {
                    "x": 1.0,
                    "y": 0.7333333333333333,
                    "p": 0.40027872842852097
                },
                {
                    "x": 1.0,
                    "y": 0.7857142857142857,
                    "p": 0.5031569398492035
                },
                {
                    "x": 1.0,
                    "y": 0.8461538461538461,
                    "p": 0.5308460231221085
                },
                {
                    "x": 1.0,
                    "y": 0.9166666666666666,
                    "p": 0.554773075695075
                },
                {
                    "x": 1.0,
                    "y": 0.9705882352941176,
                    "p": 0.6572469299360988
                },
                {
                    "x": 0.9696969696969697,
                    "y": 1.0,
                    "p": 0.7971102164213796
                },
                {
                    "x": 0.9090909090909091,
                    "y": 1.0,
                    "p": 0.8126156830666167
                },
                {
                    "x": 0.8484848484848485,
                    "y": 1.0,
                    "p": 0.8245667918535143
                },
                {
                    "x": 0.7878787878787878,
                    "y": 1.0,
                    "p": 0.8331109066666458
                },
                {
                    "x": 0.7272727272727273,
                    "y": 1.0,
                    "p": 0.8466596198568018
                },
                {
                    "x": 0.6666666666666666,
                    "y": 1.0,
                    "p": 0.8560602393701792
                },
                {
                    "x": 0.6060606060606061,
                    "y": 1.0,
                    "p": 0.8706767065579155
                },
                {
                    "x": 0.5454545454545454,
                    "y": 1.0,
                    "p": 0.886001482103674
                },
                {
                    "x": 0.48484848484848486,
                    "y": 1.0,
                    "p": 0.9565935272376964
                },
                {
                    "x": 0.42424242424242425,
                    "y": 1.0,
                    "p": 0.9624863691454865
                },
                {
                    "x": 0.36363636363636365,
                    "y": 1.0,
                    "p": 0.9707252784753517
                },
                {
                    "x": 0.30303030303030304,
                    "y": 1.0,
                    "p": 0.9730987955146846
                },
                {
                    "x": 0.24242424242424243,
                    "y": 1.0,
                    "p": 0.9738757646208718
                },
                {
                    "x": 0.18181818181818182,
                    "y": 1.0,
                    "p": 0.9762242480567148
                },
                {
                    "x": 0.12121212121212122,
                    "y": 1.0,
                    "p": 0.9781995632717368
                },
                {
                    "x": 0.06060606060606061,
                    "y": 1.0,
                    "p": 0.9840761209473486
                },
                {
                    "x": 0.030303030303030304,
                    "y": 1.0,
                    "p": 0.9844136189278785
                }
            ],
            "positiveRate": 0.2920353982300885
        }
    ],
    "densityData": {
        "Bad": {
            "actualIsThisClass": [
                3.3165326687989747e-06,
                5.894290347134985e-06,
                1.0299276847192078e-05,
                1.7693986964132158e-05,
                2.988871414442044e-05,
                4.9644789009337115e-05,
                8.108706691535416e-05,
                0.0001302484547149033,
                0.00020576624806797815,
                0.00031974279318451696,
                0.0004887707115363738,
                0.0007351055718806642,
                0.0010879475443414746,
                0.0015847707992646704,
                0.002272619385131941,
                0.0032092764767373406,
                0.004464216058562616,
                0.006119267020190296,
                0.008268960920380172,
                0.011020592763030296,
                0.014494088651085202,
                0.018821827578722285,
                0.024148583714548307,
                0.03063171556304303,
                0.03844160942033483,
                0.04776217934255067,
                0.05879094771014428,
                0.07173791854578937,
                0.08682217544945735,
                0.10426497256478374,
                0.1242781312866183,
                0.1470468835381711,
                0.17270695209074435,
                0.20131660753083078,
                0.23282559525225918,
                0.2670440174043836,
                0.30361526316336723,
                0.3419976659215038,
                0.3814595157688537,
                0.4210912361638758,
                0.4598369325460297,
                0.4965452709610215,
                0.5300370220669656,
                0.5591839944551872,
                0.5829919135465326,
                0.600678481774037,
                0.6117376774760818,
                0.6159824367103588,
                0.6135601300073755,
                0.6049384079802501,
                0.5908625992521497,
                0.5722893704992962,
                0.5503042784080779,
                0.5260327323204895,
                0.500554489254587,
                0.4748310725378167,
                0.4496536006599052,
                0.42561576146045027,
                0.4031134983220577,
                0.3823698441115783,
                0.36348064974122823,
                0.34647500468013276,
                0.3313830948068714,
                0.3183041039056864,
                0.3074674309650402,
                0.29928177096720887,
                0.2943682516142234,
                0.2935755867040649,
                0.29797687931506905,
                0.30884911241574825,
                0.3276373864428427,
                0.35590654835948654,
                0.3952830080039566,
                0.4473893111301789,
                0.5137735363710391,
                0.5958349445810153,
                0.6947466978893242,
                0.8113760549907963,
                0.9462023982083878,
                1.099233877553858,
                1.2699244230837217,
                1.4570943461282446,
                1.6588595844521627,
                1.87257659977088,
                2.094811666822025,
                2.321344397037172,
                2.547215401168305,
                2.7668266549890026,
                2.9741001650947863,
                3.162695921305452,
                3.326284118503383,
                3.4588597755513852,
                3.5550809811777273,
                3.6106060514268425,
                3.62240093497271,
                3.588987168909844,
                3.5106031721220416,
                3.389257795774296,
                3.2286643944619517,
                3.034055240178473
            ],
            "actualIsNotThisClass": [
                3.9711268916177795,
                4.642651624823824,
                5.067452220054009,
                5.175903761639349,
                4.968987579590521,
                4.5211755373643845,
                3.9584050803602735,
                3.420134516251801,
                3.020710192955515,
                2.8237544208532204,
                2.83580734428396,
                3.016796979122182,
                3.2994463653804416,
                3.6090938883045043,
                3.878386142858386,
                4.055342874656656,
                4.106218288671187,
                4.01553388984234,
                3.785025452735909,
                3.432021251388272,
                2.9868549007102927,
                2.488753974940184,
                1.9801765566601413,
                1.5003989466130867,
                1.079784556187549,
                0.7362008110436271,
                0.47442186081531107,
                0.2883475744238574,
                0.16497747399443763,
                0.08870787471390178,
                0.044760509129092366,
                0.02116776587130564,
                0.009371959124430255,
                0.0038811103617445762,
                0.001502118323921771,
                0.0005429702780008853,
                0.00018319530329831963,
                5.76628969635849e-05,
                1.6925022108134223e-05,
                4.630674071073897e-06,
                1.1805753628081532e-06,
                2.803804527439235e-07,
                6.201421439690863e-08,
                1.2770916424288157e-08,
                2.448211987655937e-09,
                4.3680792223428355e-10,
                7.252257705845238e-11,
                1.1202918643079798e-11,
                1.6099218359921436e-12,
                2.1519896189040256e-13,
                2.6753987097701197e-14,
                3.0931824502929792e-15,
                3.3254547093037696e-16,
                3.324210148533206e-17,
                3.0894744335077726e-18,
                2.669372628451868e-19,
                2.1440491627450613e-20,
                1.6007966116507348e-21,
                1.1109400796828434e-22,
                7.166009764434555e-24,
                4.296130970897175e-25,
                2.3937222228394966e-26,
                1.2395110928151305e-27,
                5.964763371211662e-29,
                2.667406126330431e-30,
                1.1084761317699498e-31,
                4.2804954653610214e-33,
                1.5359688741500972e-34,
                5.121327333428044e-36,
                1.5866687697274456e-37,
                4.567580773238497e-39,
                1.2217312860538573e-40,
                3.03632693603285e-42,
                7.011310194786579e-44,
                1.5042588739747185e-45,
                2.998569587329422e-47,
                5.553536702853819e-49,
                9.556202006295339e-51,
                1.527769020251744e-52,
                2.2692567494109853e-54,
                3.131556661739907e-56,
                4.0149950794030974e-58,
                4.782505800902977e-60,
                5.292606353146018e-62,
                5.441583946675195e-64,
                5.197816618493195e-66,
                4.61269611829639e-68,
                3.802993164646396e-70,
                2.912941252401004e-72,
                2.0728705478662553e-74,
                1.3703951513246153e-76,
                8.416889525677354e-79,
                4.802736022767206e-81,
                2.545987461980505e-83,
                1.2538728868742402e-85,
                5.736933172908185e-88,
                2.4385658221731097e-90,
                9.629794656705915e-93,
                3.532863954545724e-95,
                1.2041031216792708e-97
            ],
            "actualIsThisClassMedian": 0.9273169747287562,
            "actualIsNotThisClassMedian": 0.1116237049389821
        },
        "Good": {
            "actualIsThisClass": [
                1.2041031216793394e-97,
                3.5328639545459247e-95,
                9.629794656706462e-93,
                2.438565822172971e-90,
                5.736933172908511e-88,
                1.2538728868743115e-85,
                2.5459874619807944e-83,
                4.8027360227677515e-81,
                8.416889525677354e-79,
                1.3703951513246153e-76,
                2.072870547866373e-74,
                2.9129412524011694e-72,
                3.802993164646612e-70,
                4.6126961182969136e-68,
                5.19781661849349e-66,
                5.441583946675195e-64,
                5.292606353146319e-62,
                4.782505800903249e-60,
                4.014995079403326e-58,
                3.1315566617400405e-56,
                2.2692567494110818e-54,
                1.5277690202517874e-52,
                9.556202006295611e-51,
                5.553536702854056e-49,
                2.9985695873295075e-47,
                1.5042588739747396e-45,
                7.011310194786778e-44,
                3.036326936032936e-42,
                1.2217312860539093e-40,
                4.5675807732385614e-39,
                1.5866687697274456e-37,
                5.121327333428189e-36,
                1.535968874150119e-34,
                4.2804954653611425e-33,
                1.1084761317699498e-31,
                2.667406126330507e-30,
                5.964763371211831e-29,
                1.2395110928151659e-27,
                2.3937222228395816e-26,
                4.2961309708971435e-25,
                7.166009764434759e-24,
                1.1109400796828511e-22,
                1.600796611650746e-21,
                2.144049162745122e-20,
                2.6693726284519056e-19,
                3.0894744335078824e-18,
                3.324210148533253e-17,
                3.32545470930384e-16,
                3.0931824502930893e-15,
                2.675398709770148e-14,
                2.1519896189040716e-13,
                1.6099218359921894e-12,
                1.1202918643080076e-11,
                7.252257705845367e-11,
                4.3680792223429445e-10,
                2.4482119876559804e-09,
                1.2770916424288475e-08,
                6.201421439690929e-08,
                2.80380452743926e-07,
                1.1805753628081763e-06,
                4.6306740710739376e-06,
                1.6925022108134464e-05,
                5.7662896963585e-05,
                0.00018319530329832223,
                0.000542970278000892,
                0.0015021183239217815,
                0.003881110361744618,
                0.009371959124430281,
                0.021167765871305817,
                0.04476050912909258,
                0.08870787471390248,
                0.16497747399443866,
                0.28834757442385817,
                0.47442186081531335,
                0.7362008110436278,
                1.0797845561875528,
                1.5003989466130894,
                1.9801765566601413,
                2.4887539749401864,
                2.9868549007102954,
                3.4320212513882753,
                3.785025452735909,
                4.01553388984234,
                4.106218288671187,
                4.055342874656656,
                3.878386142858383,
                3.609093888304501,
                3.299446365380436,
                3.016796979122182,
                2.83580734428396,
                2.823754420853223,
                3.020710192955515,
                3.420134516251804,
                3.9584050803602735,
                4.521175537364389,
                4.968987579590525,
                5.175903761639354,
                5.067452220054009,
                4.642651624823819,
                3.971126891617783
            ],
            "actualIsNotThisClass": [
                3.034055240178481,
                3.228664394461946,
                3.389257795774296,
                3.510603172122048,
                3.5889871689098376,
                3.62240093497271,
                3.6106060514268363,
                3.5550809811777273,
                3.4588597755513883,
                3.326284118503389,
                3.162695921305452,
                2.9741001650947863,
                2.7668266549889977,
                2.547215401168302,
                2.321344397037172,
                2.094811666822027,
                1.8725765997708785,
                1.6588595844521568,
                1.457094346128246,
                1.2699244230837206,
                1.099233877553858,
                0.9462023982083869,
                0.8113760549907978,
                0.6947466978893235,
                0.595834944581015,
                0.5137735363710391,
                0.44738931113017805,
                0.3952830080039566,
                0.35590654835948643,
                0.3276373864428424,
                0.3088491124157481,
                0.2979768793150688,
                0.2935755867040647,
                0.294368251614224,
                0.29928177096720887,
                0.3074674309650402,
                0.31830410390568653,
                0.33138309480687167,
                0.3464750046801326,
                0.36348064974122823,
                0.3823698441115783,
                0.403113498322058,
                0.4256157614604505,
                0.44965360065990473,
                0.4748310725378169,
                0.5005544892545875,
                0.5260327323204892,
                0.5503042784080782,
                0.5722893704992965,
                0.5908625992521493,
                0.6049384079802498,
                0.6135601300073744,
                0.6159824367103586,
                0.6117376774760818,
                0.600678481774037,
                0.5829919135465318,
                0.5591839944551869,
                0.5300370220669656,
                0.49654527096102086,
                0.45983693254602925,
                0.4210912361638758,
                0.3814595157688535,
                0.3419976659215038,
                0.30361526316336684,
                0.2670440174043834,
                0.23282559525225918,
                0.2013166075308307,
                0.17270695209074435,
                0.1470468835381709,
                0.12427813128661819,
                0.10426497256478366,
                0.08682217544945728,
                0.0717379185457893,
                0.058790947710144176,
                0.04776217934255064,
                0.03844160942033476,
                0.030631715563042988,
                0.024148583714548297,
                0.01882182757872226,
                0.01449408865108519,
                0.011020592763030267,
                0.008268960920380163,
                0.006119267020190274,
                0.004464216058562599,
                0.003209276476737338,
                0.0022726193851319333,
                0.0015847707992646676,
                0.001087947544341469,
                0.0007351055718806616,
                0.0004887707115363712,
                0.0003197427931845153,
                0.00020576624806797742,
                0.0001302484547149026,
                8.108706691535401e-05,
                4.964478900933685e-05,
                2.9888714144420336e-05,
                1.7693986964132158e-05,
                1.0299276847192041e-05,
                5.894290347134985e-06,
                3.3165326687989747e-06
            ],
            "actualIsThisClassMedian": 0.8883762950610179,
            "actualIsNotThisClassMedian": 0.07268302527124387
        }
    },
    "calibrationData": [
        {
            "y": 0,
            "x": 0,
            "n": 0
        },
        {
            "y": 0.0,
            "x": 0.04150184592553946,
            "n": 53.0
        },
        {
            "y": 0.0,
            "x": 0.13794891693465725,
            "n": 13.0
        },
        {
            "y": 0.0,
            "x": 0.3392263008664844,
            "n": 2.0
        },
        {
            "y": 0.0,
            "x": 0.434740657746302,
            "n": 3.0
        },
        {
            "y": 0.0,
            "x": 0.5361232127277787,
            "n": 8.0
        },
        {
            "y": 0.0,
            "x": 0.6572469299360988,
            "n": 1.0
        },
        {
            "y": 1.0,
            "x": 0.7933104572267404,
            "n": 3.0
        },
        {
            "y": 1.0,
            "x": 0.849123623767074,
            "n": 14.0
        },
        {
            "y": 1.0,
            "x": 0.9729830128832971,
            "n": 16.0
        },
        {
            "y": 1,
            "x": 1,
            "n": 0
        }
    ],
    "probaDistribData": {
        "bins": [
            0.0,
            0.1,
            0.2,
            0.3,
            0.4,
            0.5,
            0.6,
            0.7,
            0.8,
            0.9,
            1.0
        ],
        "probaDistribs": [
            [
                53.0,
                13.0,
                0.0,
                2.0,
                3.0,
                8.0,
                1.0,
                0.0,
                0.0,
                0.0
            ],
            [
                0.0,
                0.0,
                0.0,
                0.0,
                0.0,
                0.0,
                0.0,
                3.0,
                14.0,
                16.0
            ]
        ]
    },
    "globalMetrics": {
        "testWeight": 113,
        "targetAvg": [
            0.2920353982300885
        ],
        "targetStd": [
            0.45672389145028497
        ],
        "predictionAvg": [
            0.2920353982300885
        ],
        "predictionStd": [
            0.45469849835982756
        ]
    }
}