{
    "predictedClassCountPerCut": [
        {
            "Good": 113
        },
        {
            "Good": 89,
            "Bad": 24
        },
        {
            "Good": 80,
            "Bad": 33
        },
        {
            "Good": 72,
            "Bad": 41
        },
        {
            "Good": 60,
            "Bad": 53
        },
        {
            "Bad": 59,
            "Good": 54
        },
        {
            "Bad": 62,
            "Good": 51
        },
        {
            "Bad": 64,
            "Good": 49
        },
        {
            "Bad": 66,
            "Good": 47
        },
        {
            "Bad": 66,
            "Good": 47
        },
        {
            "Bad": 66,
            "Good": 47
        },
        {
            "Bad": 66,
            "Good": 47
        },
        {
            "Bad": 66,
            "Good": 47
        },
        {
            "Bad": 66,
            "Good": 47
        },
        {
            "Bad": 68,
            "Good": 45
        },
        {
            "Bad": 68,
            "Good": 45
        },
        {
            "Bad": 68,
            "Good": 45
        },
        {
            "Bad": 70,
            "Good": 43
        },
        {
            "Bad": 70,
            "Good": 43
        },
        {
            "Bad": 70,
            "Good": 43
        },
        {
            "Bad": 71,
            "Good": 42
        },
        {
            "Bad": 74,
            "Good": 39
        },
        {
            "Bad": 77,
            "Good": 36
        },
        {
            "Bad": 79,
            "Good": 34
        },
        {
            "Bad": 79,
            "Good": 34
        },
        {
            "Bad": 79,
            "Good": 34
        },
        {
            "Bad": 79,
            "Good": 34
        },
        {
            "Bad": 80,
            "Good": 33
        },
        {
            "Bad": 80,
            "Good": 33
        },
        {
            "Bad": 80,
            "Good": 33
        },
        {
            "Bad": 80,
            "Good": 33
        },
        {
            "Bad": 80,
            "Good": 33
        },
        {
            "Bad": 83,
            "Good": 30
        },
        {
            "Bad": 86,
            "Good": 27
        },
        {
            "Bad": 90,
            "Good": 23
        },
        {
            "Bad": 94,
            "Good": 19
        },
        {
            "Bad": 97,
            "Good": 16
        },
        {
            "Bad": 97,
            "Good": 16
        },
        {
            "Bad": 97,
            "Good": 16
        },
        {
            "Bad": 107,
            "Good": 6
        }
    ],
    "cuts": [
        0.0,
        0.025,
        0.05,
        0.075,
        0.1,
        0.125,
        0.15,
        0.175,
        0.2,
        0.225,
        0.25,
        0.275,
        0.3,
        0.325,
        0.35,
        0.375,
        0.4,
        0.425,
        0.45,
        0.475,
        0.5,
        0.525,
        0.55,
        0.575,
        0.6,
        0.625,
        0.65,
        0.675,
        0.7,
        0.725,
        0.75,
        0.775,
        0.8,
        0.825,
        0.85,
        0.875,
        0.9,
        0.925,
        0.95,
        0.975
    ],
    "predictedClassCount": {
        "Bad": 80,
        "Good": 33
    },
    "probabilityDensities": {
        "Bad": {
            "density": [
                0.5858531799586079,
                0.6042771103100584,
                0.6212567161213194,
                0.636662414396461,
                0.6503799138968153,
                0.6623120751081558,
                0.6723805047653849,
                0.6805268496342638,
                0.6867137603607476,
                0.6909255030090596,
                0.693168203257828,
                0.6934697159390888,
                0.6918791205144909,
                0.6884658510130837,
                0.6833184767357826,
                0.6765431574982458,
                0.6682618041799008,
                0.6586099817251233,
                0.6477345973667565,
                0.6357914215893241,
                0.6229424931102933,
                0.60935346184077,
                0.5951909253179694,
                0.5806198144288144,
                0.5658008833376112,
                0.5508883563883588,
                0.5360277813986545,
                0.5213541342518282,
                0.5069902141117792,
                0.4930453620453929,
                0.47961452848392844,
                0.4667777069560794,
                0.454599743072455,
                0.44313051904122686,
                0.43240550526502486,
                0.4224466620303478,
                0.41326366616871907,
                0.40485543004709246,
                0.3972118735177557,
                0.3903159036829453,
                0.3841455526328756,
                0.378676219788517,
                0.37388296317543773,
                0.3697427828873363,
                0.36623684014648744,
                0.3633525566794564,
                0.3610855415184839,
                0.3594412957094947,
                0.35843664963977545,
                0.3581008926689946,
                0.35847656033381375,
                0.35961985048387085,
                0.3616006461928647,
                0.36450213008682003,
                0.3684199817741214,
                0.3734611572980471,
                0.37974225692687624,
                0.3873874951237395,
                0.3965262941774849,
                0.40729053070223054,
                0.4198114719911094,
                0.43421644698297435,
                0.45062530428661046,
                0.4691467171887499,
                0.48987440269649735,
                0.5128833282394955,
                0.538225985453911,
                0.5659288152290576,
                0.5959888716361632,
                0.6283708141841376,
                0.6630043177708027,
                0.6997819874520943,
                0.7385578605085075,
                0.7791465710774933,
                0.8213232427491858,
                0.8648241619890805,
                0.9093482701582978,
                0.9545594944669106,
                1.0000899187525767,
                1.0455437739740523,
                1.0905022063031955,
                1.1345287583372254,
                1.1771754769545542,
                1.2179895404675096,
                1.2565202787642622,
                1.2923264438434363,
                1.3249835752389858,
                1.3540912959347589,
                1.3792803699835525,
                1.4002193535329928,
                1.4166206765096205,
                1.428246002825488,
                1.4349107324580557,
                1.4364875287306489,
                1.4329087780200718,
                1.4241679162108052,
                1.410319585632436,
                1.39147861698875,
                1.3678178618776662,
                1.3395649318544964
            ],
            "median": 0.8890481743818971
        },
        "Good": {
            "density": [
                1.3395649318544978,
                1.3678178618776662,
                1.3914786169887536,
                1.4103195856324335,
                1.4241679162108027,
                1.4329087780200667,
                1.4364875287306438,
                1.434910732458062,
                1.428246002825479,
                1.4166206765096205,
                1.400219353532989,
                1.3792803699835536,
                1.3540912959347577,
                1.3249835752389836,
                1.292326443843434,
                1.25652027876426,
                1.2179895404675074,
                1.1771754769545542,
                1.1345287583372243,
                1.0905022063031935,
                1.0455437739740523,
                1.0000899187525758,
                0.9545594944669089,
                0.9093482701582993,
                0.8648241619890836,
                0.8213232427491843,
                0.7791465710774913,
                0.7385578605085088,
                0.699781987452095,
                0.6630043177708022,
                0.6283708141841393,
                0.5959888716361627,
                0.5659288152290576,
                0.5382259854539104,
                0.5128833282394946,
                0.48987440269649646,
                0.46914671718875073,
                0.4506253042866101,
                0.43421644698297435,
                0.4198114719911094,
                0.407290530702232,
                0.3965262941774849,
                0.38738749512373916,
                0.37974225692687524,
                0.3734611572980474,
                0.3684199817741208,
                0.36450213008682103,
                0.36160064619286403,
                0.3596198504838721,
                0.35847656033381503,
                0.358100892668994,
                0.35843664963977484,
                0.3594412957094944,
                0.3610855415184832,
                0.3633525566794574,
                0.3662368401464878,
                0.3697427828873363,
                0.3738829631754384,
                0.378676219788517,
                0.38414555263287525,
                0.3903159036829453,
                0.39721187351775467,
                0.4048554300470935,
                0.4132636661687198,
                0.4224466620303474,
                0.43240550526502486,
                0.44313051904122763,
                0.454599743072455,
                0.4667777069560794,
                0.47961452848392844,
                0.49304536204539334,
                0.5069902141117801,
                0.5213541342518295,
                0.536027781398655,
                0.5508883563883593,
                0.5658008833376112,
                0.5806198144288138,
                0.5951909253179684,
                0.6093534618407722,
                0.6229424931102955,
                0.6357914215893247,
                0.6477345973667578,
                0.6586099817251233,
                0.6682618041799008,
                0.676543157498247,
                0.6833184767357838,
                0.6884658510130831,
                0.6918791205144927,
                0.69346971593909,
                0.6931682032578256,
                0.6909255030090591,
                0.6867137603607476,
                0.6805268496342638,
                0.6723805047653844,
                0.6623120751081564,
                0.6503799138968147,
                0.6366624143964604,
                0.6212567161213189,
                0.6042771103100584,
                0.585853179958609
            ],
            "median": 0.11095182561810292
        }
    }
}