{
  "starred": false,
  "clusterMetas": {},
  "sessionName": "baseline model",
  "customMeta": {
    "kv": {}
  },
  "tags": [],
  "activeClassifierThreshold": 0.675,
  "description": "",
  "name": "Logistic Regression (baseline model)",
  "labels": [
    {
      "key": "trainDataset:dataset-name",
      "value": "train"
    },
    {
      "key": "testDataset:dataset-name",
      "value": "test"
    },
    {
      "key": "evaluationDataset:dataset-name",
      "value": "test"
    },
    {
      "key": "model:algorithm",
      "value": "LOGISTIC_REGRESSION"
    },
    {
      "key": "model:name",
      "value": "Logistic Regression (baseline model)"
    },
    {
      "key": "model:session-name",
      "value": "baseline model"
    },
    {
      "key": "model:date",
      "value": "2025-04-15T05:56:39.393+0000"
    },
    {
      "key": "evaluation:date",
      "value": "2025-04-15T05:56:39.393+0000"
    }
  ]
}