{
  "columns": [
    {"name":"Profile_Creation_Date","type":"string"},
    {"name":"Username","type":"string"},
    {"name":"Fraud_Status","type":"string"},
    {"name":"Followers","type":"string"},
    {"name":"Following","type":"string"},
    {"name":"Num_Tweets","type":"string"},
    {"name":"Verified","type":"string","meaning":"Text"},
    {"name":"Profile_Bio","type":"string"},
    {"name":"Profile_Picture","type":"string"},
    {"name":"Profile_Creation_Method","type":"string"},
    {"name":"Tweets_Per_Day","type":"float"},
    {"name":"Engagement_Rate","type":"string"},
    {"name":"Tweet_Sentiment","type":"string"}
  ],
  "userModified": true
}