{
    "details": {
        "gender": {
            "levels": [
                "Male"
            ],
            "with_others": false
        },
        "has_kids": {
            "levels": [
                "false"
            ],
            "with_others": false
        },
        "income_bracket": {
            "levels": [
                "Medium",
                "Low"
            ],
            "with_others": false
        },
        "platform_used": {
            "levels": [
                "Mobile",
                "PC"
            ],
            "with_others": false
        },
        "used_lego_before": {
            "levels": [
                "false"
            ],
            "with_others": false
        },
        "owns_tablet": {
            "levels": [
                "true"
            ],
            "with_others": false
        }
    }
}