{
  "script": {
    "steps": [],
    "maxProcessedMemTableBytes": -1,
    "columnsSelection": {
      "mode": "ALL",
      "list": [
        {
          "name": "Survived",
          "d": true
        },
        {
          "name": "PassengerId",
          "d": true
        },
        {
          "name": "Pclass",
          "d": true
        },
        {
          "name": "Name",
          "d": true
        },
        {
          "name": "count_name",
          "d": true
        },
        {
          "name": "Sex",
          "d": true
        },
        {
          "name": "Age",
          "d": true
        },
        {
          "name": "Age1",
          "d": true
        },
        {
          "name": "SibSp",
          "d": true
        },
        {
          "name": "Parch",
          "d": true
        },
        {
          "name": "Family",
          "d": true
        },
        {
          "name": "Ticket",
          "d": true
        },
        {
          "name": "Fare",
          "d": true
        },
        {
          "name": "Cabin",
          "d": true
        },
        {
          "name": "Embarked",
          "d": true
        }
      ]
    },
    "columnOrder": [],
    "columnWidthsByName": {
      "Survived": 100,
      "PassengerId": 100,
      "Pclass": 100,
      "Name": 300,
      "count_name": 100,
      "Sex": 100,
      "Age": 134,
      "SibSp": 100,
      "Parch": 100,
      "Ticket": 100,
      "Fare": 134,
      "Cabin": 100,
      "Embarked": 100,
      "Age1": 100,
      "Family": 100
    },
    "columnUseScientificNotationByName": {},
    "coloring": {
      "scheme": "MEANING_AND_STATUS",
      "individualColumns": [],
      "individualColumnsRules": [],
      "valueColoringMode": "HASH"
    },
    "sorting": [],
    "analysisColumnData": {},
    "explorationSampling": {
      "selection": {
        "maxRecordsForDisplay": -1,
        "maxStoredBytes": 104857600,
        "timeout": -1,
        "filter": {
          "distinct": false,
          "enabled": false
        },
        "partitionSelectionMethod": "ALL",
        "latestPartitionsN": 1,
        "ordering": {
          "enabled": false,
          "rules": []
        },
        "samplingMethod": "HEAD_SEQUENTIAL",
        "maxRecords": 10000,
        "targetRatio": 0.02,
        "ascending": true,
        "withinFirstN": -1,
        "maxReadUncompressedBytes": -1
      },
      "autoRefreshSample": false,
      "_refreshTrigger": 1742793789226
    },
    "vizSampling": {
      "selection": {
        "useMemTable": false,
        "filter": {
          "distinct": false,
          "enabled": false
        },
        "partitionSelectionMethod": "ALL",
        "latestPartitionsN": 1,
        "ordering": {
          "enabled": false,
          "rules": []
        },
        "samplingMethod": "FULL",
        "maxRecords": -1,
        "targetRatio": 0.02,
        "ascending": true,
        "withinFirstN": -1,
        "maxReadUncompressedBytes": -1
      },
      "autoRefreshSample": false,
      "_refreshTrigger": 0
    },
    "exploreUIParams": {
      "autoRefresh": true
    },
    "globalSearchQuery": "",
    "explorationFilters": [],
    "previewMode": "ALL_ROWS"
  },
  "charts": [],
  "interactiveSearch": {
    "savedQueries": []
  },
  "customMeasures": []
}