{
  "script": {
    "steps": [],
    "maxProcessedMemTableBytes": -1,
    "columnsSelection": {
      "mode": "ALL",
      "list": [
        {
          "name": "Survived",
          "d": true
        },
        {
          "name": "PassengerId",
          "d": true
        },
        {
          "name": "Pclass",
          "d": true
        },
        {
          "name": "Name",
          "d": true
        },
        {
          "name": "Sex",
          "d": true
        },
        {
          "name": "Age",
          "d": true
        },
        {
          "name": "SibSp",
          "d": true
        },
        {
          "name": "Parch",
          "d": true
        },
        {
          "name": "Ticket",
          "d": true
        },
        {
          "name": "Fare",
          "d": true
        },
        {
          "name": "Cabin",
          "d": true
        },
        {
          "name": "Embarked",
          "d": true
        }
      ]
    },
    "columnOrder": [],
    "columnWidthsByName": {
      "Survived": 100,
      "PassengerId": 100,
      "Pclass": 100,
      "Name": 300,
      "Sex": 100,
      "Age": 134,
      "SibSp": 100,
      "Parch": 100,
      "Ticket": 100,
      "Fare": 134,
      "Cabin": 100,
      "Embarked": 100
    },
    "columnUseScientificNotationByName": {},
    "coloring": {
      "scheme": "MEANING_AND_STATUS",
      "individualColumns": [],
      "individualColumnsRules": [],
      "valueColoringMode": "HASH"
    },
    "sorting": [],
    "analysisColumnData": {},
    "explorationSampling": {
      "selection": {
        "maxRecordsForDisplay": -1,
        "maxStoredBytes": 104857600,
        "timeout": -1,
        "filter": {
          "distinct": false,
          "enabled": false
        },
        "partitionSelectionMethod": "ALL",
        "latestPartitionsN": 1,
        "ordering": {
          "enabled": false,
          "rules": []
        },
        "samplingMethod": "HEAD_SEQUENTIAL",
        "maxRecords": 10000,
        "targetRatio": 0.02,
        "ascending": true,
        "withinFirstN": -1,
        "maxReadUncompressedBytes": -1
      },
      "autoRefreshSample": false,
      "_refreshTrigger": 1742280033398
    },
    "vizSampling": {
      "selection": {
        "useMemTable": false,
        "filter": {
          "distinct": false,
          "enabled": false
        },
        "partitionSelectionMethod": "ALL",
        "latestPartitionsN": 1,
        "ordering": {
          "enabled": false,
          "rules": []
        },
        "samplingMethod": "FULL",
        "maxRecords": -1,
        "targetRatio": 0.02,
        "ascending": true,
        "withinFirstN": -1,
        "maxReadUncompressedBytes": -1
      },
      "autoRefreshSample": false,
      "_refreshTrigger": 0
    },
    "exploreUIParams": {
      "autoRefresh": true
    },
    "globalSearchQuery": "",
    "explorationFilters": [],
    "previewMode": "ALL_ROWS"
  },
  "charts": [
    {
      "copySelectionFromScript": true,
      "engineType": "LINO",
      "def": {
        "type": "pivot_table",
        "variant": "normal",
        "name": "Count by Survived and Pclass",
        "userEditedName": false,
        "displayWithEChartsByDefault": true,
        "genericDimension0": [],
        "genericDimension1": [],
        "facetDimension": [],
        "animationDimension": [],
        "genericMeasures": [
          {
            "function": "COUNT",
            "type": "NUMERICAL",
            "displayed": true,
            "isA": "measure",
            "displayAxis": "axis1",
            "displayType": "column",
            "computeMode": "NORMAL",
            "computeModeDim": 0,
            "multiplier": "Auto",
            "digitGrouping": "DEFAULT",
            "useParenthesesForNegativeValues": false,
            "shouldFormatInPercentage": false,
            "hideTrailingZeros": true,
            "prefix": "",
            "suffix": "",
            "showValue": true,
            "showDisplayLabel": true,
            "labelPosition": "BOTTOM",
            "labelFontSize": 16,
            "percentile": 50.0,
            "isCustomPercentile": false,
            "kpiTextAlign": "CENTER",
            "kpiValueFontSizeMode": "RESPONSIVE",
            "kpiValueFontSize": 32,
            "responsiveTextAreaFill": 100,
            "valueTextFormatting": {
              "fontSize": 11,
              "fontColor": "#333",
              "hasBackground": false
            },
            "labelTextFormatting": {
              "fontSize": 11,
              "fontColor": "#333",
              "hasBackground": false
            },
            "valuesInChartDisplayOptions": {
              "displayValues": true,
              "textFormatting": {
                "fontSize": 11,
                "fontColor": "AUTO",
                "hasBackground": false,
                "backgroundColor": "#D9D9D9BF"
              },
              "addDetails": false,
              "additionalMeasures": []
            },
            "colorRules": []
          }
        ],
        "xDimension": [
          {
            "column": "Survived",
            "type": "NUMERICAL",
            "numParams": {
              "mode": "NONE",
              "nbBins": 30,
              "binSize": 100,
              "emptyBinsMode": "ZEROS"
            },
            "maxValues": 100,
            "generateOthersCategory": true,
            "forceLastPositionOthers": false,
            "oneTickPerBin": "AUTO",
            "filters": [],
            "isA": "dimension",
            "possibleSorts": [
              {
                "type": "NATURAL",
                "label": "Natural ordering",
                "sortAscending": true
              },
              {
                "type": "AGGREGATION",
                "measureIdx": 0,
                "label": "Count of records, descending"
              },
              {
                "type": "AGGREGATION",
                "measureIdx": 0,
                "label": "Count of records, ascending",
                "sortAscending": true
              }
            ],
            "sort": {
              "type": "NATURAL",
              "label": "Natural ordering",
              "sortAscending": true
            },
            "prefix": "",
            "suffix": "",
            "multiplier": "Auto",
            "hideTrailingZeros": true,
            "digitGrouping": "DEFAULT",
            "useParenthesesForNegativeValues": false,
            "shouldFormatInPercentage": false
          }
        ],
        "yDimension": [
          {
            "column": "Pclass",
            "type": "NUMERICAL",
            "numParams": {
              "mode": "NONE",
              "nbBins": 10,
              "binSize": 100,
              "emptyBinsMode": "ZEROS",
              "niceBounds": true
            },
            "maxValues": 100,
            "generateOthersCategory": true,
            "forceLastPositionOthers": false,
            "oneTickPerBin": "AUTO",
            "filters": [],
            "isA": "dimension",
            "possibleSorts": [
              {
                "type": "NATURAL",
                "label": "Natural ordering",
                "sortAscending": true
              },
              {
                "type": "AGGREGATION",
                "measureIdx": 0,
                "label": "Count of records, descending"
              },
              {
                "type": "AGGREGATION",
                "measureIdx": 0,
                "label": "Count of records, ascending",
                "sortAscending": true
              }
            ],
            "sort": {
              "type": "NATURAL",
              "label": "Natural ordering",
              "sortAscending": true
            },
            "prefix": "",
            "suffix": "",
            "multiplier": "Auto",
            "hideTrailingZeros": true,
            "digitGrouping": "DEFAULT",
            "useParenthesesForNegativeValues": false,
            "shouldFormatInPercentage": false
          }
        ],
        "uaXDimension": [],
        "uaYDimension": [],
        "uaDimensionPair": [],
        "uaSize": [],
        "uaColor": [],
        "uaShape": [],
        "uaTooltip": [],
        "groupDimension": [],
        "xMeasure": [],
        "yMeasure": [],
        "colorMeasure": [],
        "sizeMeasure": [],
        "geometry": [],
        "geoLayers": [
          {
            "geometry": [],
            "colorOptions": {
              "ccScaleMode": "NORMAL",
              "paletteType": "CONTINUOUS",
              "quantizationMode": "NONE",
              "numQuantizeSteps": 5,
              "paletteMiddleValue": 0.0,
              "heatDensityMapIntensity": 0.5,
              "heatDensityMapRadius": 0.5,
              "singleColor": "#2678B1",
              "transparency": 0.75,
              "colorPalette": "default",
              "customPalette": {
                "id": "__dku_custom__",
                "name": "Custom Palette",
                "colors": [],
                "values": [],
                "fixedValues": false
              },
              "customColors": {}
            },
            "uaColor": []
          }
        ],
        "tooltipMeasures": [],
        "boxplotBreakdownDim": [],
        "boxplotValue": [],
        "filters": [],
        "xAxisFormatting": {
          "displayAxis": true,
          "showAxisTitle": true,
          "axisTitleFormatting": {
            "fontSize": 15,
            "fontColor": "#333",
            "hasBackground": false
          },
          "axisValuesFormatting": {
            "numberFormatting": {
              "multiplier": "Auto",
              "hideTrailingZeros": true,
              "digitGrouping": "DEFAULT",
              "useParenthesesForNegativeValues": false,
              "shouldFormatInPercentage": false,
              "prefix": "",
              "suffix": ""
            },
            "axisTicksFormatting": {
              "fontSize": 12,
              "fontColor": "#333",
              "hasBackground": false
            }
          },
          "ticksConfig": {
            "mode": "INTERVAL"
          },
          "customExtent": {
            "editMode": "AUTO",
            "manualExtent": [
              null,
              null
            ]
          },
          "isLogScale": false,
          "includeZero": true
        },
        "yAxesFormatting": [
          {
            "id": "y_left_0",
            "displayAxis": true,
            "showAxisTitle": true,
            "axisTitleFormatting": {
              "fontSize": 15,
              "fontColor": "#333",
              "hasBackground": false
            },
            "axisValuesFormatting": {
              "numberFormatting": {
                "multiplier": "Auto",
                "hideTrailingZeros": true,
                "digitGrouping": "DEFAULT",
                "useParenthesesForNegativeValues": false,
                "shouldFormatInPercentage": false,
                "prefix": "",
                "suffix": ""
              },
              "axisTicksFormatting": {
                "fontSize": 12,
                "fontColor": "#333",
                "hasBackground": false
              }
            },
            "ticksConfig": {
              "mode": "INTERVAL"
            },
            "customExtent": {
              "editMode": "AUTO",
              "manualExtent": [
                null,
                null
              ]
            },
            "isLogScale": false,
            "includeZero": true
          },
          {
            "id": "y_right_0",
            "displayAxis": true,
            "showAxisTitle": true,
            "axisTitleFormatting": {
              "fontSize": 15,
              "fontColor": "#333",
              "hasBackground": false
            },
            "axisValuesFormatting": {
              "numberFormatting": {
                "multiplier": "Auto",
                "hideTrailingZeros": true,
                "digitGrouping": "DEFAULT",
                "useParenthesesForNegativeValues": false,
                "shouldFormatInPercentage": false,
                "prefix": "",
                "suffix": ""
              },
              "axisTicksFormatting": {
                "fontSize": 12,
                "fontColor": "#333",
                "hasBackground": false
              }
            },
            "ticksConfig": {
              "mode": "INTERVAL"
            },
            "customExtent": {
              "editMode": "AUTO",
              "manualExtent": [
                null,
                null
              ]
            },
            "isLogScale": false,
            "includeZero": true
          }
        ],
        "radialAxisFormatting": {
          "showAxisTitle": false,
          "axisTitleFormatting": {
            "fontSize": 15,
            "fontColor": "#333",
            "hasBackground": false
          },
          "ticksConfig": {
            "mode": "INTERVAL"
          },
          "customExtent": {},
          "isLogScale": false,
          "includeZero": true
        },
        "smoothing": true,
        "showLegend": true,
        "strokeWidth": 2,
        "fillOpacity": 0.6,
        "tooltipOptions": {
          "display": true
        },
        "hexbinRadius": 20,
        "hexbinNumber": 20,
        "hexbinRadiusMode": "NUM_HEXAGONS",
        "valuesInChartDisplayOptions": {
          "displayValues": false,
          "displayPieLabelsOrValues": true,
          "displayMode": "LABELS",
          "overlappingStrategy": "AUTO",
          "textFormatting": {
            "fontSize": 11,
            "fontColor": "AUTO",
            "hasBackground": false,
            "backgroundColor": "#D9D9D9BF"
          }
        },
        "stackedColumnsOptions": {
          "totalsInChartDisplayOptions": {
            "textFormatting": {
              "fontSize": 11,
              "fontColor": "#333",
              "hasBackground": false
            },
            "addDetails": false,
            "additionalMeasures": []
          }
        },
        "chartHeight": 200,
        "singleXAxis": true,
        "multiTooltips": false,
        "animationFrameDuration": 3000,
        "animationRepeat": true,
        "colorMode": "UNIQUE_SCALE",
        "colorOptions": {
          "ccScaleMode": "NORMAL",
          "paletteType": "CONTINUOUS",
          "quantizationMode": "NONE",
          "numQuantizeSteps": 5,
          "paletteMiddleValue": 0.0,
          "heatDensityMapIntensity": 0.5,
          "heatDensityMapRadius": 0.5,
          "singleColor": "#2678B1",
          "transparency": 0.75,
          "colorPalette": "default",
          "customPalette": {
            "id": "__dku_custom__",
            "name": "Custom Palette",
            "colors": [],
            "values": [],
            "fixedValues": false
          },
          "customColors": {}
        },
        "colorGroups": [],
        "bubblesOptions": {
          "defaultRadius": 5.0,
          "singleShape": "FILLED_CIRCLE"
        },
        "computeMode": "NORMAL",
        "xAxisMode": "NORMAL",
        "yAxisMode": "NORMAL",
        "pieOptions": {
          "donutHoleSize": 54.0
        },
        "scatterZoomOptions": {
          "scale": [
            1.0,
            1.0
          ],
          "translate": [
            0.0,
            0.0
          ],
          "chartWidth": 0.0,
          "enabled": true,
          "persisted": true
        },
        "linesZoomOptions": {
          "displayBrush": true,
          "enabled": true,
          "persisted": true
        },
        "scatterOptions": {
          "equalScales": false,
          "identityLine": false,
          "connectPoints": {
            "enabled": false,
            "splitBy": "COLOR",
            "lineFormatting": {
              "color": "#000",
              "size": 1
            }
          },
          "optimizeRendering": false,
          "regression": {
            "show": false,
            "displayFormula": false,
            "type": "LINEAR",
            "labelPosition": "INSIDE_END",
            "lineFormatting": {
              "color": "#000",
              "size": 1
            },
            "textFormatting": {
              "fontSize": 11,
              "fontColor": "#333",
              "hasBackground": false,
              "backgroundColor": "#D9D9D9BF"
            }
          },
          "numberOfRecords": 1000000.0
        },
        "scatterMPOptions": {
          "connectPoints": {
            "enabled": false,
            "splitBy": "COLOR",
            "lineFormatting": {
              "color": "#000",
              "size": 1
            }
          },
          "optimizeRendering": false,
          "pairColorOptions": {
            "singleColor": "#659a88",
            "transparency": 0.75,
            "colorPalette": "default",
            "customPalette": {
              "id": "__dku_custom__",
              "name": "Custom Palette",
              "colors": [],
              "values": [],
              "fixedValues": false
            },
            "customColors": {}
          },
          "numberOfRecords": 1000000.0
        },
        "mapOptions": {
          "tilesLayer": "cartodb-positron",
          "lockSquareGrid": false
        },
        "mapGridOptions": {
          "gridLonDeg": 0.6,
          "gridLatDeg": 0.6
        },
        "radarOptions": {
          "filled": false,
          "polygonsSource": "MEASURES",
          "lineStyle": {
            "width": 2.0,
            "type": "SOLID"
          }
        },
        "sankeyOptions": {
          "curveness": 0.5,
          "linkColorVariant": "GRADIENT",
          "nodeLabelFormatting": {
            "fontSize": 11,
            "fontColor": "AUTO",
            "hasBackground": false,
            "backgroundColor": "#D9D9D9BF"
          }
        },
        "gaugeOptions": {
          "min": {
            "sourceType": "Constant",
            "percentile": 0.0,
            "isCustomPercentile": false,
            "constantValue": 0.0,
            "constantDateValue": 0.0,
            "defaultConstantValue": 0.0,
            "ignoreExistingFilters": false
          },
          "max": {
            "sourceType": "Constant",
            "percentile": 0.0,
            "isCustomPercentile": false,
            "constantValue": 0.0,
            "constantDateValue": 0.0,
            "defaultConstantValue": 0.0,
            "ignoreExistingFilters": false
          },
          "axis": {
            "ticksConfig": {
              "mode": "INTERVAL"
            },
            "axisValuesFormatting": {
              "numberFormatting": {
                "multiplier": "Auto",
                "hideTrailingZeros": true,
                "digitGrouping": "DEFAULT",
                "useParenthesesForNegativeValues": false,
                "shouldFormatInPercentage": false,
                "prefix": "",
                "suffix": ""
              },
              "axisTicksFormatting": {
                "fontSize": 12,
                "fontColor": "#333",
                "hasBackground": false
              }
            },
            "thickness": 30,
            "customRanges": false
          },
          "displayPointer": false
        },
        "useLiveProcessingIfAvailable": true,
        "legendPlacement": "OUTER_RIGHT",
        "legendFormatting": {
          "fontSize": 11,
          "fontColor": "#333",
          "hasBackground": false
        },
        "pivotTableOptions": {
          "displayEmptyValues": false,
          "showSidebar": true,
          "measureDisplayMode": "ROWS",
          "displayTotals": {
            "subTotals": {
              "rows": true,
              "columns": true
            },
            "grandTotal": {
              "row": true,
              "column": true
            }
          },
          "tableFormatting": {
            "showRowHeaders": true,
            "showRowMainHeaders": true,
            "rowMainHeaders": {
              "fontSize": 12,
              "fontColor": "#333",
              "hasBackground": false
            },
            "rowSubheaders": {
              "fontSize": 12,
              "fontColor": "#333",
              "hasBackground": false
            },
            "freezeRowHeaders": true,
            "showColumnHeaders": true,
            "showColumnMainHeaders": true,
            "columnMainHeaders": {
              "fontSize": 12,
              "fontColor": "#333",
              "hasBackground": false
            },
            "columnSubheaders": {
              "fontSize": 12,
              "fontColor": "#333",
              "hasBackground": false
            },
            "values": {
              "fontSize": 12,
              "fontColor": "#333",
              "hasBackground": false
            },
            "rowHeaders": {
              "fontSize": 12,
              "fontColor": "#333",
              "hasBackground": false
            },
            "columnHeaders": {
              "fontSize": 12,
              "fontColor": "#333",
              "hasBackground": false
            }
          },
          "areRowsExpandedByDefault": true,
          "areColumnExpandedByDefault": true,
          "rowIdByCustomExpandedStatus": {},
          "columnIdByCustomExpandedStatus": {},
          "columnIdByCustomWidth": {}
        },
        "gridlinesOptions": {
          "vertical": {
            "show": false,
            "lineFormatting": {
              "type": "FILLED",
              "color": "#d9d9d9",
              "size": 1
            }
          },
          "horizontal": {
            "show": false,
            "displayAxis": {
              "type": "LEFT_Y_AXIS"
            },
            "lineFormatting": {
              "type": "FILLED",
              "color": "#d9d9d9",
              "size": 1
            }
          }
        }
      }
    },
    {
      "copySelectionFromScript": true,
      "engineType": "LINO",
      "def": {
        "type": "pivot_table",
        "variant": "normal",
        "name": "Count by Survived and Pclass",
        "userEditedName": false,
        "displayWithEChartsByDefault": true,
        "genericDimension0": [],
        "genericDimension1": [],
        "facetDimension": [],
        "animationDimension": [],
        "genericMeasures": [
          {
            "function": "COUNT",
            "type": "NUMERICAL",
            "displayed": true,
            "isA": "measure",
            "displayAxis": "axis1",
            "displayType": "column",
            "computeMode": "NORMAL",
            "computeModeDim": 0,
            "multiplier": "Auto",
            "digitGrouping": "DEFAULT",
            "useParenthesesForNegativeValues": false,
            "shouldFormatInPercentage": false,
            "hideTrailingZeros": true,
            "showValue": true,
            "showDisplayLabel": true,
            "labelPosition": "BOTTOM",
            "labelFontSize": 16,
            "percentile": 50.0,
            "isCustomPercentile": false,
            "kpiTextAlign": "CENTER",
            "kpiValueFontSizeMode": "RESPONSIVE",
            "kpiValueFontSize": 32,
            "responsiveTextAreaFill": 100,
            "valueTextFormatting": {
              "fontSize": 11,
              "fontColor": "#333",
              "hasBackground": false
            },
            "labelTextFormatting": {
              "fontSize": 11,
              "fontColor": "#333",
              "hasBackground": false
            },
            "valuesInChartDisplayOptions": {
              "displayValues": true,
              "textFormatting": {
                "fontSize": 11,
                "fontColor": "AUTO",
                "hasBackground": false,
                "backgroundColor": "#D9D9D9BF"
              },
              "addDetails": false,
              "additionalMeasures": []
            },
            "colorRules": []
          }
        ],
        "xDimension": [
          {
            "column": "Survived",
            "type": "NUMERICAL",
            "numParams": {
              "mode": "NONE",
              "nbBins": 30,
              "binSize": 100,
              "emptyBinsMode": "ZEROS"
            },
            "maxValues": 100,
            "generateOthersCategory": true,
            "forceLastPositionOthers": false,
            "oneTickPerBin": "AUTO",
            "filters": [],
            "isA": "dimension",
            "possibleSorts": [
              {
                "type": "NATURAL",
                "label": "Natural ordering",
                "sortAscending": true
              },
              {
                "type": "AGGREGATION",
                "measureIdx": 0,
                "label": "Count of records, descending"
              },
              {
                "type": "AGGREGATION",
                "measureIdx": 0,
                "label": "Count of records, ascending",
                "sortAscending": true
              }
            ],
            "sort": {
              "type": "NATURAL",
              "label": "Natural ordering",
              "sortAscending": true
            },
            "multiplier": "Auto",
            "hideTrailingZeros": true,
            "digitGrouping": "DEFAULT",
            "useParenthesesForNegativeValues": false,
            "shouldFormatInPercentage": false
          }
        ],
        "yDimension": [
          {
            "column": "Pclass",
            "type": "NUMERICAL",
            "numParams": {
              "mode": "NONE",
              "nbBins": 30,
              "binSize": 100,
              "emptyBinsMode": "ZEROS"
            },
            "maxValues": 100,
            "generateOthersCategory": true,
            "forceLastPositionOthers": false,
            "oneTickPerBin": "AUTO",
            "filters": [],
            "isA": "dimension",
            "possibleSorts": [
              {
                "type": "NATURAL",
                "label": "Natural ordering",
                "sortAscending": true
              },
              {
                "type": "AGGREGATION",
                "measureIdx": 0,
                "label": "Count of records, descending"
              },
              {
                "type": "AGGREGATION",
                "measureIdx": 0,
                "label": "Count of records, ascending",
                "sortAscending": true
              }
            ],
            "sort": {
              "type": "NATURAL",
              "label": "Natural ordering",
              "sortAscending": true
            },
            "multiplier": "Auto",
            "hideTrailingZeros": true,
            "digitGrouping": "DEFAULT",
            "useParenthesesForNegativeValues": false,
            "shouldFormatInPercentage": false
          },
          {
            "column": "Sex",
            "type": "ALPHANUM",
            "numParams": {
              "emptyBinsMode": "ZEROS"
            },
            "maxValues": 20,
            "generateOthersCategory": true,
            "forceLastPositionOthers": false,
            "oneTickPerBin": "AUTO",
            "filters": [],
            "isA": "dimension",
            "possibleSorts": [
              {
                "type": "NATURAL",
                "label": "Natural ordering",
                "sortAscending": true
              },
              {
                "type": "AGGREGATION",
                "measureIdx": 0,
                "label": "Count of records, descending"
              },
              {
                "type": "AGGREGATION",
                "measureIdx": 0,
                "label": "Count of records, ascending",
                "sortAscending": true
              }
            ],
            "sort": {
              "type": "NATURAL",
              "label": "Natural ordering",
              "sortAscending": true
            },
            "multiplier": "Auto",
            "hideTrailingZeros": true,
            "digitGrouping": "DEFAULT",
            "useParenthesesForNegativeValues": false,
            "shouldFormatInPercentage": false
          }
        ],
        "uaXDimension": [],
        "uaYDimension": [],
        "uaDimensionPair": [],
        "uaSize": [],
        "uaColor": [],
        "uaShape": [],
        "uaTooltip": [],
        "groupDimension": [],
        "xMeasure": [],
        "yMeasure": [],
        "colorMeasure": [],
        "sizeMeasure": [],
        "geometry": [],
        "geoLayers": [
          {
            "geometry": [],
            "colorOptions": {
              "ccScaleMode": "NORMAL",
              "paletteType": "CONTINUOUS",
              "quantizationMode": "NONE",
              "numQuantizeSteps": 5,
              "paletteMiddleValue": 0.0,
              "heatDensityMapIntensity": 0.5,
              "heatDensityMapRadius": 0.5,
              "singleColor": "#2678B1",
              "transparency": 0.75,
              "colorPalette": "default",
              "customPalette": {
                "id": "__dku_custom__",
                "name": "Custom Palette",
                "colors": [],
                "values": [],
                "fixedValues": false
              },
              "customColors": {}
            },
            "uaColor": []
          }
        ],
        "tooltipMeasures": [],
        "boxplotBreakdownDim": [],
        "boxplotValue": [],
        "filters": [],
        "xAxisFormatting": {
          "displayAxis": true,
          "showAxisTitle": true,
          "axisTitleFormatting": {
            "fontSize": 15,
            "fontColor": "#333",
            "hasBackground": false
          },
          "axisValuesFormatting": {
            "numberFormatting": {
              "multiplier": "Auto",
              "hideTrailingZeros": true,
              "digitGrouping": "DEFAULT",
              "useParenthesesForNegativeValues": false,
              "shouldFormatInPercentage": false,
              "prefix": "",
              "suffix": ""
            },
            "axisTicksFormatting": {
              "fontSize": 12,
              "fontColor": "#333",
              "hasBackground": false
            }
          },
          "ticksConfig": {
            "mode": "INTERVAL"
          },
          "customExtent": {
            "editMode": "AUTO",
            "manualExtent": [
              null,
              null
            ]
          },
          "isLogScale": false,
          "includeZero": true
        },
        "yAxesFormatting": [
          {
            "id": "y_left_0",
            "displayAxis": true,
            "showAxisTitle": true,
            "axisTitleFormatting": {
              "fontSize": 15,
              "fontColor": "#333",
              "hasBackground": false
            },
            "axisValuesFormatting": {
              "numberFormatting": {
                "multiplier": "Auto",
                "hideTrailingZeros": true,
                "digitGrouping": "DEFAULT",
                "useParenthesesForNegativeValues": false,
                "shouldFormatInPercentage": false,
                "prefix": "",
                "suffix": ""
              },
              "axisTicksFormatting": {
                "fontSize": 12,
                "fontColor": "#333",
                "hasBackground": false
              }
            },
            "ticksConfig": {
              "mode": "INTERVAL"
            },
            "customExtent": {
              "editMode": "AUTO",
              "manualExtent": [
                null,
                null
              ]
            },
            "isLogScale": false,
            "includeZero": true
          },
          {
            "id": "y_right_0",
            "displayAxis": true,
            "showAxisTitle": true,
            "axisTitleFormatting": {
              "fontSize": 15,
              "fontColor": "#333",
              "hasBackground": false
            },
            "axisValuesFormatting": {
              "numberFormatting": {
                "multiplier": "Auto",
                "hideTrailingZeros": true,
                "digitGrouping": "DEFAULT",
                "useParenthesesForNegativeValues": false,
                "shouldFormatInPercentage": false,
                "prefix": "",
                "suffix": ""
              },
              "axisTicksFormatting": {
                "fontSize": 12,
                "fontColor": "#333",
                "hasBackground": false
              }
            },
            "ticksConfig": {
              "mode": "INTERVAL"
            },
            "customExtent": {
              "editMode": "AUTO",
              "manualExtent": [
                null,
                null
              ]
            },
            "isLogScale": false,
            "includeZero": true
          }
        ],
        "radialAxisFormatting": {
          "showAxisTitle": false,
          "axisTitleFormatting": {
            "fontSize": 15,
            "fontColor": "#333",
            "hasBackground": false
          },
          "ticksConfig": {
            "mode": "INTERVAL"
          },
          "customExtent": {},
          "isLogScale": false,
          "includeZero": true
        },
        "smoothing": true,
        "showLegend": true,
        "strokeWidth": 2,
        "fillOpacity": 0.6,
        "tooltipOptions": {
          "display": true
        },
        "hexbinRadius": 20,
        "hexbinNumber": 20,
        "hexbinRadiusMode": "NUM_HEXAGONS",
        "valuesInChartDisplayOptions": {
          "displayValues": false,
          "displayPieLabelsOrValues": true,
          "displayMode": "LABELS",
          "overlappingStrategy": "AUTO",
          "textFormatting": {
            "fontSize": 11,
            "fontColor": "AUTO",
            "hasBackground": false,
            "backgroundColor": "#D9D9D9BF"
          }
        },
        "stackedColumnsOptions": {
          "totalsInChartDisplayOptions": {
            "textFormatting": {
              "fontSize": 11,
              "fontColor": "#333",
              "hasBackground": false
            },
            "addDetails": false,
            "additionalMeasures": []
          }
        },
        "chartHeight": 200,
        "singleXAxis": true,
        "multiTooltips": false,
        "animationFrameDuration": 3000,
        "animationRepeat": true,
        "colorMode": "UNIQUE_SCALE",
        "colorOptions": {
          "ccScaleMode": "NORMAL",
          "paletteType": "CONTINUOUS",
          "quantizationMode": "NONE",
          "numQuantizeSteps": 5,
          "paletteMiddleValue": 0.0,
          "heatDensityMapIntensity": 0.5,
          "heatDensityMapRadius": 0.5,
          "singleColor": "#2678B1",
          "transparency": 0.75,
          "colorPalette": "default",
          "customPalette": {
            "id": "__dku_custom__",
            "name": "Custom Palette",
            "colors": [],
            "values": [],
            "fixedValues": false
          },
          "customColors": {}
        },
        "colorGroups": [],
        "bubblesOptions": {
          "defaultRadius": 5.0,
          "singleShape": "FILLED_CIRCLE"
        },
        "computeMode": "NORMAL",
        "xAxisMode": "NORMAL",
        "yAxisMode": "NORMAL",
        "pieOptions": {
          "donutHoleSize": 54.0
        },
        "scatterZoomOptions": {
          "scale": [
            1.0,
            1.0
          ],
          "translate": [
            0.0,
            0.0
          ],
          "chartWidth": 0.0,
          "enabled": true,
          "persisted": true
        },
        "linesZoomOptions": {
          "displayBrush": true,
          "enabled": true,
          "persisted": true
        },
        "scatterOptions": {
          "equalScales": false,
          "identityLine": false,
          "connectPoints": {
            "enabled": false,
            "splitBy": "COLOR",
            "lineFormatting": {
              "color": "#000",
              "size": 1
            }
          },
          "optimizeRendering": false,
          "regression": {
            "show": false,
            "displayFormula": false,
            "type": "LINEAR",
            "labelPosition": "INSIDE_END",
            "lineFormatting": {
              "color": "#000",
              "size": 1
            },
            "textFormatting": {
              "fontSize": 11,
              "fontColor": "#333",
              "hasBackground": false,
              "backgroundColor": "#D9D9D9BF"
            }
          },
          "numberOfRecords": 1000000.0
        },
        "scatterMPOptions": {
          "connectPoints": {
            "enabled": false,
            "splitBy": "COLOR",
            "lineFormatting": {
              "color": "#000",
              "size": 1
            }
          },
          "optimizeRendering": false,
          "pairColorOptions": {
            "singleColor": "#659a88",
            "transparency": 0.75,
            "colorPalette": "default",
            "customPalette": {
              "id": "__dku_custom__",
              "name": "Custom Palette",
              "colors": [],
              "values": [],
              "fixedValues": false
            },
            "customColors": {}
          },
          "numberOfRecords": 1000000.0
        },
        "mapOptions": {
          "tilesLayer": "cartodb-positron",
          "lockSquareGrid": false
        },
        "mapGridOptions": {
          "gridLonDeg": 0.5,
          "gridLatDeg": 0.5
        },
        "radarOptions": {
          "filled": false,
          "polygonsSource": "MEASURES",
          "lineStyle": {
            "width": 2.0,
            "type": "SOLID"
          }
        },
        "sankeyOptions": {
          "curveness": 0.5,
          "linkColorVariant": "GRADIENT",
          "nodeLabelFormatting": {
            "fontSize": 11,
            "fontColor": "AUTO",
            "hasBackground": false,
            "backgroundColor": "#D9D9D9BF"
          }
        },
        "gaugeOptions": {
          "min": {
            "sourceType": "Constant",
            "percentile": 0.0,
            "isCustomPercentile": false,
            "constantValue": 0.0,
            "constantDateValue": 0.0,
            "defaultConstantValue": 0.0,
            "ignoreExistingFilters": false
          },
          "max": {
            "sourceType": "Constant",
            "percentile": 0.0,
            "isCustomPercentile": false,
            "constantValue": 0.0,
            "constantDateValue": 0.0,
            "defaultConstantValue": 0.0,
            "ignoreExistingFilters": false
          },
          "axis": {
            "ticksConfig": {
              "mode": "INTERVAL"
            },
            "axisValuesFormatting": {
              "numberFormatting": {
                "multiplier": "Auto",
                "hideTrailingZeros": true,
                "digitGrouping": "DEFAULT",
                "useParenthesesForNegativeValues": false,
                "shouldFormatInPercentage": false,
                "prefix": "",
                "suffix": ""
              },
              "axisTicksFormatting": {
                "fontSize": 12,
                "fontColor": "#333",
                "hasBackground": false
              }
            },
            "thickness": 30,
            "customRanges": false
          },
          "displayPointer": false
        },
        "useLiveProcessingIfAvailable": true,
        "legendPlacement": "OUTER_RIGHT",
        "legendFormatting": {
          "fontSize": 11,
          "fontColor": "#333",
          "hasBackground": false
        },
        "pivotTableOptions": {
          "displayEmptyValues": false,
          "showSidebar": true,
          "measureDisplayMode": "ROWS",
          "displayTotals": {
            "subTotals": {
              "rows": true,
              "columns": true
            },
            "grandTotal": {
              "row": true,
              "column": true
            }
          },
          "tableFormatting": {
            "showRowHeaders": true,
            "showRowMainHeaders": true,
            "rowMainHeaders": {
              "fontSize": 12,
              "fontColor": "#333",
              "hasBackground": false
            },
            "rowSubheaders": {
              "fontSize": 12,
              "fontColor": "#333",
              "hasBackground": false
            },
            "freezeRowHeaders": true,
            "showColumnHeaders": true,
            "showColumnMainHeaders": true,
            "columnMainHeaders": {
              "fontSize": 12,
              "fontColor": "#333",
              "hasBackground": false
            },
            "columnSubheaders": {
              "fontSize": 12,
              "fontColor": "#333",
              "hasBackground": false
            },
            "values": {
              "fontSize": 12,
              "fontColor": "#333",
              "hasBackground": false
            },
            "rowHeaders": {
              "fontSize": 12,
              "fontColor": "#333",
              "hasBackground": false
            },
            "columnHeaders": {
              "fontSize": 12,
              "fontColor": "#333",
              "hasBackground": false
            }
          },
          "areRowsExpandedByDefault": true,
          "areColumnExpandedByDefault": true,
          "rowIdByCustomExpandedStatus": {},
          "columnIdByCustomExpandedStatus": {},
          "columnIdByCustomWidth": {}
        },
        "gridlinesOptions": {
          "vertical": {
            "show": false,
            "lineFormatting": {
              "type": "FILLED",
              "color": "#d9d9d9",
              "size": 1
            }
          },
          "horizontal": {
            "show": true,
            "displayAxis": {
              "type": "LEFT_Y_AXIS"
            },
            "lineFormatting": {
              "type": "FILLED",
              "color": "#d9d9d9",
              "size": 1
            }
          }
        }
      }
    },
    {
      "copySelectionFromScript": true,
      "engineType": "LINO",
      "def": {
        "type": "pivot_table",
        "variant": "normal",
        "name": "Count by Survived and Embarked",
        "userEditedName": false,
        "displayWithEChartsByDefault": true,
        "genericDimension0": [],
        "genericDimension1": [],
        "facetDimension": [],
        "animationDimension": [],
        "genericMeasures": [
          {
            "function": "COUNT",
            "type": "NUMERICAL",
            "displayed": true,
            "isA": "measure",
            "displayAxis": "axis1",
            "displayType": "column",
            "computeMode": "PERCENTAGE",
            "computeModeDim": 0,
            "multiplier": "Auto",
            "digitGrouping": "DEFAULT",
            "useParenthesesForNegativeValues": false,
            "shouldFormatInPercentage": false,
            "hideTrailingZeros": true,
            "showValue": true,
            "showDisplayLabel": true,
            "labelPosition": "BOTTOM",
            "labelFontSize": 16,
            "percentile": 50.0,
            "isCustomPercentile": false,
            "kpiTextAlign": "CENTER",
            "kpiValueFontSizeMode": "RESPONSIVE",
            "kpiValueFontSize": 32,
            "responsiveTextAreaFill": 100,
            "valueTextFormatting": {
              "fontSize": 11,
              "fontColor": "#333",
              "hasBackground": false
            },
            "labelTextFormatting": {
              "fontSize": 11,
              "fontColor": "#333",
              "hasBackground": false
            },
            "valuesInChartDisplayOptions": {
              "displayValues": true,
              "textFormatting": {
                "fontSize": 11,
                "fontColor": "AUTO",
                "hasBackground": false,
                "backgroundColor": "#D9D9D9BF"
              },
              "addDetails": false,
              "additionalMeasures": []
            },
            "colorRules": []
          }
        ],
        "xDimension": [
          {
            "column": "Survived",
            "type": "NUMERICAL",
            "numParams": {
              "mode": "NONE",
              "nbBins": 30,
              "binSize": 100,
              "emptyBinsMode": "ZEROS"
            },
            "maxValues": 100,
            "generateOthersCategory": true,
            "forceLastPositionOthers": false,
            "oneTickPerBin": "AUTO",
            "filters": [],
            "isA": "dimension",
            "possibleSorts": [
              {
                "type": "NATURAL",
                "label": "Natural ordering",
                "sortAscending": true
              },
              {
                "type": "AGGREGATION",
                "measureIdx": 0,
                "label": "Count of records, descending"
              },
              {
                "type": "AGGREGATION",
                "measureIdx": 0,
                "label": "Count of records, ascending",
                "sortAscending": true
              }
            ],
            "sort": {
              "type": "NATURAL",
              "label": "Natural ordering",
              "sortAscending": true
            },
            "multiplier": "Auto",
            "hideTrailingZeros": true,
            "digitGrouping": "DEFAULT",
            "useParenthesesForNegativeValues": false,
            "shouldFormatInPercentage": false
          }
        ],
        "yDimension": [
          {
            "column": "Embarked",
            "type": "ALPHANUM",
            "numParams": {
              "emptyBinsMode": "ZEROS"
            },
            "maxValues": 20,
            "generateOthersCategory": true,
            "forceLastPositionOthers": false,
            "oneTickPerBin": "AUTO",
            "filters": [],
            "isA": "dimension",
            "possibleSorts": [
              {
                "type": "NATURAL",
                "label": "Natural ordering",
                "sortAscending": true
              },
              {
                "type": "AGGREGATION",
                "measureIdx": 0,
                "label": "Count of records, descending"
              },
              {
                "type": "AGGREGATION",
                "measureIdx": 0,
                "label": "Count of records, ascending",
                "sortAscending": true
              }
            ],
            "sort": {
              "type": "NATURAL",
              "label": "Natural ordering",
              "sortAscending": true
            },
            "multiplier": "Auto",
            "hideTrailingZeros": true,
            "digitGrouping": "DEFAULT",
            "useParenthesesForNegativeValues": false,
            "shouldFormatInPercentage": false
          }
        ],
        "uaXDimension": [],
        "uaYDimension": [],
        "uaDimensionPair": [],
        "uaSize": [],
        "uaColor": [],
        "uaShape": [],
        "uaTooltip": [],
        "groupDimension": [],
        "xMeasure": [],
        "yMeasure": [],
        "colorMeasure": [],
        "sizeMeasure": [],
        "geometry": [],
        "geoLayers": [
          {
            "geometry": [],
            "colorOptions": {
              "ccScaleMode": "NORMAL",
              "paletteType": "CONTINUOUS",
              "quantizationMode": "NONE",
              "numQuantizeSteps": 5,
              "paletteMiddleValue": 0.0,
              "heatDensityMapIntensity": 0.5,
              "heatDensityMapRadius": 0.5,
              "singleColor": "#2678B1",
              "transparency": 0.75,
              "colorPalette": "default",
              "customPalette": {
                "id": "__dku_custom__",
                "name": "Custom Palette",
                "colors": [],
                "values": [],
                "fixedValues": false
              },
              "customColors": {}
            },
            "uaColor": []
          }
        ],
        "tooltipMeasures": [],
        "boxplotBreakdownDim": [],
        "boxplotValue": [],
        "filters": [],
        "xAxisFormatting": {
          "displayAxis": true,
          "showAxisTitle": true,
          "axisTitleFormatting": {
            "fontSize": 15,
            "fontColor": "#333",
            "hasBackground": false
          },
          "axisValuesFormatting": {
            "numberFormatting": {
              "multiplier": "Auto",
              "hideTrailingZeros": true,
              "digitGrouping": "DEFAULT",
              "useParenthesesForNegativeValues": false,
              "shouldFormatInPercentage": false,
              "prefix": "",
              "suffix": ""
            },
            "axisTicksFormatting": {
              "fontSize": 12,
              "fontColor": "#333",
              "hasBackground": false
            }
          },
          "ticksConfig": {
            "mode": "INTERVAL"
          },
          "customExtent": {
            "editMode": "AUTO",
            "manualExtent": [
              null,
              null
            ]
          },
          "isLogScale": false,
          "includeZero": true
        },
        "yAxesFormatting": [
          {
            "id": "y_left_0",
            "displayAxis": true,
            "showAxisTitle": true,
            "axisTitleFormatting": {
              "fontSize": 15,
              "fontColor": "#333",
              "hasBackground": false
            },
            "axisValuesFormatting": {
              "numberFormatting": {
                "multiplier": "Auto",
                "hideTrailingZeros": true,
                "digitGrouping": "DEFAULT",
                "useParenthesesForNegativeValues": false,
                "shouldFormatInPercentage": false,
                "prefix": "",
                "suffix": ""
              },
              "axisTicksFormatting": {
                "fontSize": 12,
                "fontColor": "#333",
                "hasBackground": false
              }
            },
            "ticksConfig": {
              "mode": "INTERVAL"
            },
            "customExtent": {
              "editMode": "AUTO",
              "manualExtent": [
                null,
                null
              ]
            },
            "isLogScale": false,
            "includeZero": true
          },
          {
            "id": "y_right_0",
            "displayAxis": true,
            "showAxisTitle": true,
            "axisTitleFormatting": {
              "fontSize": 15,
              "fontColor": "#333",
              "hasBackground": false
            },
            "axisValuesFormatting": {
              "numberFormatting": {
                "multiplier": "Auto",
                "hideTrailingZeros": true,
                "digitGrouping": "DEFAULT",
                "useParenthesesForNegativeValues": false,
                "shouldFormatInPercentage": false,
                "prefix": "",
                "suffix": ""
              },
              "axisTicksFormatting": {
                "fontSize": 12,
                "fontColor": "#333",
                "hasBackground": false
              }
            },
            "ticksConfig": {
              "mode": "INTERVAL"
            },
            "customExtent": {
              "editMode": "AUTO",
              "manualExtent": [
                null,
                null
              ]
            },
            "isLogScale": false,
            "includeZero": true
          }
        ],
        "radialAxisFormatting": {
          "showAxisTitle": false,
          "axisTitleFormatting": {
            "fontSize": 15,
            "fontColor": "#333",
            "hasBackground": false
          },
          "ticksConfig": {
            "mode": "INTERVAL"
          },
          "customExtent": {},
          "isLogScale": false,
          "includeZero": true
        },
        "smoothing": true,
        "showLegend": true,
        "strokeWidth": 2,
        "fillOpacity": 0.6,
        "tooltipOptions": {
          "display": true
        },
        "hexbinRadius": 20,
        "hexbinNumber": 20,
        "hexbinRadiusMode": "NUM_HEXAGONS",
        "valuesInChartDisplayOptions": {
          "displayValues": false,
          "displayPieLabelsOrValues": true,
          "displayMode": "LABELS",
          "overlappingStrategy": "AUTO",
          "textFormatting": {
            "fontSize": 11,
            "fontColor": "AUTO",
            "hasBackground": false,
            "backgroundColor": "#D9D9D9BF"
          }
        },
        "stackedColumnsOptions": {
          "totalsInChartDisplayOptions": {
            "textFormatting": {
              "fontSize": 11,
              "fontColor": "#333",
              "hasBackground": false
            },
            "addDetails": false,
            "additionalMeasures": []
          }
        },
        "chartHeight": 200,
        "singleXAxis": true,
        "multiTooltips": false,
        "animationFrameDuration": 3000,
        "animationRepeat": true,
        "colorMode": "UNIQUE_SCALE",
        "colorOptions": {
          "ccScaleMode": "NORMAL",
          "paletteType": "CONTINUOUS",
          "quantizationMode": "NONE",
          "numQuantizeSteps": 5,
          "paletteMiddleValue": 0.0,
          "heatDensityMapIntensity": 0.5,
          "heatDensityMapRadius": 0.5,
          "singleColor": "#2678B1",
          "transparency": 0.75,
          "colorPalette": "default",
          "customPalette": {
            "id": "__dku_custom__",
            "name": "Custom Palette",
            "colors": [],
            "values": [],
            "fixedValues": false
          },
          "customColors": {}
        },
        "colorGroups": [],
        "bubblesOptions": {
          "defaultRadius": 5.0,
          "singleShape": "FILLED_CIRCLE"
        },
        "computeMode": "NORMAL",
        "xAxisMode": "NORMAL",
        "yAxisMode": "NORMAL",
        "pieOptions": {
          "donutHoleSize": 54.0
        },
        "scatterZoomOptions": {
          "scale": [
            1.0,
            1.0
          ],
          "translate": [
            0.0,
            0.0
          ],
          "chartWidth": 0.0,
          "enabled": true,
          "persisted": true
        },
        "linesZoomOptions": {
          "displayBrush": true,
          "enabled": true,
          "persisted": true
        },
        "scatterOptions": {
          "equalScales": false,
          "identityLine": false,
          "connectPoints": {
            "enabled": false,
            "splitBy": "COLOR",
            "lineFormatting": {
              "color": "#000",
              "size": 1
            }
          },
          "optimizeRendering": false,
          "regression": {
            "show": false,
            "displayFormula": false,
            "type": "LINEAR",
            "labelPosition": "INSIDE_END",
            "lineFormatting": {
              "color": "#000",
              "size": 1
            },
            "textFormatting": {
              "fontSize": 11,
              "fontColor": "#333",
              "hasBackground": false,
              "backgroundColor": "#D9D9D9BF"
            }
          },
          "numberOfRecords": 1000000.0
        },
        "scatterMPOptions": {
          "connectPoints": {
            "enabled": false,
            "splitBy": "COLOR",
            "lineFormatting": {
              "color": "#000",
              "size": 1
            }
          },
          "optimizeRendering": false,
          "pairColorOptions": {
            "singleColor": "#659a88",
            "transparency": 0.75,
            "colorPalette": "default",
            "customPalette": {
              "id": "__dku_custom__",
              "name": "Custom Palette",
              "colors": [],
              "values": [],
              "fixedValues": false
            },
            "customColors": {}
          },
          "numberOfRecords": 1000000.0
        },
        "mapOptions": {
          "tilesLayer": "cartodb-positron",
          "lockSquareGrid": false
        },
        "mapGridOptions": {
          "gridLonDeg": 0.5,
          "gridLatDeg": 0.5
        },
        "radarOptions": {
          "filled": false,
          "polygonsSource": "MEASURES",
          "lineStyle": {
            "width": 2.0,
            "type": "SOLID"
          }
        },
        "sankeyOptions": {
          "curveness": 0.5,
          "linkColorVariant": "GRADIENT",
          "nodeLabelFormatting": {
            "fontSize": 11,
            "fontColor": "AUTO",
            "hasBackground": false,
            "backgroundColor": "#D9D9D9BF"
          }
        },
        "gaugeOptions": {
          "min": {
            "sourceType": "Constant",
            "percentile": 0.0,
            "isCustomPercentile": false,
            "constantValue": 0.0,
            "constantDateValue": 0.0,
            "defaultConstantValue": 0.0,
            "ignoreExistingFilters": false
          },
          "max": {
            "sourceType": "Constant",
            "percentile": 0.0,
            "isCustomPercentile": false,
            "constantValue": 0.0,
            "constantDateValue": 0.0,
            "defaultConstantValue": 0.0,
            "ignoreExistingFilters": false
          },
          "axis": {
            "ticksConfig": {
              "mode": "INTERVAL"
            },
            "axisValuesFormatting": {
              "numberFormatting": {
                "multiplier": "Auto",
                "hideTrailingZeros": true,
                "digitGrouping": "DEFAULT",
                "useParenthesesForNegativeValues": false,
                "shouldFormatInPercentage": false,
                "prefix": "",
                "suffix": ""
              },
              "axisTicksFormatting": {
                "fontSize": 12,
                "fontColor": "#333",
                "hasBackground": false
              }
            },
            "thickness": 30,
            "customRanges": false
          },
          "displayPointer": false
        },
        "useLiveProcessingIfAvailable": true,
        "legendPlacement": "OUTER_RIGHT",
        "legendFormatting": {
          "fontSize": 11,
          "fontColor": "#333",
          "hasBackground": false
        },
        "pivotTableOptions": {
          "displayEmptyValues": false,
          "showSidebar": true,
          "measureDisplayMode": "ROWS",
          "displayTotals": {
            "subTotals": {
              "rows": true,
              "columns": true
            },
            "grandTotal": {
              "row": true,
              "column": true
            }
          },
          "tableFormatting": {
            "showRowHeaders": true,
            "showRowMainHeaders": true,
            "rowMainHeaders": {
              "fontSize": 12,
              "fontColor": "#333",
              "hasBackground": false
            },
            "rowSubheaders": {
              "fontSize": 12,
              "fontColor": "#333",
              "hasBackground": false
            },
            "freezeRowHeaders": true,
            "showColumnHeaders": true,
            "showColumnMainHeaders": true,
            "columnMainHeaders": {
              "fontSize": 12,
              "fontColor": "#333",
              "hasBackground": false
            },
            "columnSubheaders": {
              "fontSize": 12,
              "fontColor": "#333",
              "hasBackground": false
            },
            "values": {
              "fontSize": 12,
              "fontColor": "#333",
              "hasBackground": false
            },
            "rowHeaders": {
              "fontSize": 12,
              "fontColor": "#333",
              "hasBackground": false
            },
            "columnHeaders": {
              "fontSize": 12,
              "fontColor": "#333",
              "hasBackground": false
            }
          },
          "areRowsExpandedByDefault": true,
          "areColumnExpandedByDefault": true,
          "rowIdByCustomExpandedStatus": {},
          "columnIdByCustomExpandedStatus": {},
          "columnIdByCustomWidth": {}
        },
        "gridlinesOptions": {
          "vertical": {
            "show": false,
            "lineFormatting": {
              "type": "FILLED",
              "color": "#d9d9d9",
              "size": 1
            }
          },
          "horizontal": {
            "show": true,
            "displayAxis": {
              "type": "LEFT_Y_AXIS"
            },
            "lineFormatting": {
              "type": "FILLED",
              "color": "#d9d9d9",
              "size": 1
            }
          }
        }
      }
    },
    {
      "copySelectionFromScript": true,
      "engineType": "LINO",
      "def": {
        "type": "pivot_table",
        "variant": "normal",
        "name": "Count by Survived and Age",
        "userEditedName": false,
        "displayWithEChartsByDefault": true,
        "genericDimension0": [],
        "genericDimension1": [],
        "facetDimension": [],
        "animationDimension": [],
        "genericMeasures": [
          {
            "function": "COUNT",
            "type": "NUMERICAL",
            "displayed": true,
            "isA": "measure",
            "displayAxis": "axis1",
            "displayType": "column",
            "computeMode": "NORMAL",
            "computeModeDim": 0,
            "multiplier": "Auto",
            "digitGrouping": "DEFAULT",
            "useParenthesesForNegativeValues": false,
            "shouldFormatInPercentage": false,
            "hideTrailingZeros": true,
            "showValue": true,
            "showDisplayLabel": true,
            "labelPosition": "BOTTOM",
            "labelFontSize": 16,
            "percentile": 50.0,
            "isCustomPercentile": false,
            "kpiTextAlign": "CENTER",
            "kpiValueFontSizeMode": "RESPONSIVE",
            "kpiValueFontSize": 32,
            "responsiveTextAreaFill": 100,
            "valueTextFormatting": {
              "fontSize": 11,
              "fontColor": "#333",
              "hasBackground": false
            },
            "labelTextFormatting": {
              "fontSize": 11,
              "fontColor": "#333",
              "hasBackground": false
            },
            "valuesInChartDisplayOptions": {
              "displayValues": true,
              "textFormatting": {
                "fontSize": 11,
                "fontColor": "AUTO",
                "hasBackground": false,
                "backgroundColor": "#D9D9D9BF"
              },
              "addDetails": false,
              "additionalMeasures": []
            },
            "colorRules": []
          }
        ],
        "xDimension": [
          {
            "column": "Survived",
            "type": "NUMERICAL",
            "numParams": {
              "mode": "NONE",
              "nbBins": 30,
              "binSize": 100,
              "emptyBinsMode": "ZEROS"
            },
            "maxValues": 100,
            "generateOthersCategory": true,
            "forceLastPositionOthers": false,
            "oneTickPerBin": "AUTO",
            "filters": [],
            "isA": "dimension",
            "possibleSorts": [
              {
                "type": "NATURAL",
                "label": "Natural ordering",
                "sortAscending": true
              },
              {
                "type": "AGGREGATION",
                "measureIdx": 0,
                "label": "Count of records, descending"
              },
              {
                "type": "AGGREGATION",
                "measureIdx": 0,
                "label": "Count of records, ascending",
                "sortAscending": true
              }
            ],
            "sort": {
              "type": "NATURAL",
              "label": "Natural ordering",
              "sortAscending": true
            },
            "multiplier": "Auto",
            "hideTrailingZeros": true,
            "digitGrouping": "DEFAULT",
            "useParenthesesForNegativeValues": false,
            "shouldFormatInPercentage": false
          }
        ],
        "yDimension": [
          {
            "column": "Age",
            "type": "NUMERICAL",
            "numParams": {
              "mode": "FIXED_SIZE",
              "nbBins": "10",
              "binSize": "10",
              "emptyBinsMode": "ZEROS"
            },
            "maxValues": 100,
            "generateOthersCategory": true,
            "forceLastPositionOthers": false,
            "oneTickPerBin": "AUTO",
            "filters": [],
            "isA": "dimension",
            "possibleSorts": [
              {
                "type": "NATURAL",
                "label": "Natural ordering",
                "sortAscending": true
              },
              {
                "type": "AGGREGATION",
                "measureIdx": 0,
                "label": "Count of records, descending"
              },
              {
                "type": "AGGREGATION",
                "measureIdx": 0,
                "label": "Count of records, ascending",
                "sortAscending": true
              }
            ],
            "sort": {
              "type": "NATURAL",
              "label": "Natural ordering",
              "sortAscending": true
            },
            "multiplier": "Auto",
            "hideTrailingZeros": true,
            "digitGrouping": "DEFAULT",
            "useParenthesesForNegativeValues": false,
            "shouldFormatInPercentage": false
          }
        ],
        "uaXDimension": [],
        "uaYDimension": [],
        "uaDimensionPair": [],
        "uaSize": [],
        "uaColor": [],
        "uaShape": [],
        "uaTooltip": [],
        "groupDimension": [],
        "xMeasure": [],
        "yMeasure": [],
        "colorMeasure": [],
        "sizeMeasure": [],
        "geometry": [],
        "geoLayers": [
          {
            "geometry": [],
            "colorOptions": {
              "ccScaleMode": "NORMAL",
              "paletteType": "CONTINUOUS",
              "quantizationMode": "NONE",
              "numQuantizeSteps": 5,
              "paletteMiddleValue": 0.0,
              "heatDensityMapIntensity": 0.5,
              "heatDensityMapRadius": 0.5,
              "singleColor": "#2678B1",
              "transparency": 0.75,
              "colorPalette": "default",
              "customPalette": {
                "id": "__dku_custom__",
                "name": "Custom Palette",
                "colors": [],
                "values": [],
                "fixedValues": false
              },
              "customColors": {}
            },
            "uaColor": []
          }
        ],
        "tooltipMeasures": [],
        "boxplotBreakdownDim": [],
        "boxplotValue": [],
        "filters": [],
        "xAxisFormatting": {
          "displayAxis": true,
          "showAxisTitle": true,
          "axisTitleFormatting": {
            "fontSize": 15,
            "fontColor": "#333",
            "hasBackground": false
          },
          "axisValuesFormatting": {
            "numberFormatting": {
              "multiplier": "Auto",
              "hideTrailingZeros": true,
              "digitGrouping": "DEFAULT",
              "useParenthesesForNegativeValues": false,
              "shouldFormatInPercentage": false,
              "prefix": "",
              "suffix": ""
            },
            "axisTicksFormatting": {
              "fontSize": 12,
              "fontColor": "#333",
              "hasBackground": false
            }
          },
          "ticksConfig": {
            "mode": "INTERVAL"
          },
          "customExtent": {
            "editMode": "AUTO",
            "manualExtent": [
              null,
              null
            ]
          },
          "isLogScale": false,
          "includeZero": true
        },
        "yAxesFormatting": [
          {
            "id": "y_left_0",
            "displayAxis": true,
            "showAxisTitle": true,
            "axisTitleFormatting": {
              "fontSize": 15,
              "fontColor": "#333",
              "hasBackground": false
            },
            "axisValuesFormatting": {
              "numberFormatting": {
                "multiplier": "Auto",
                "hideTrailingZeros": true,
                "digitGrouping": "DEFAULT",
                "useParenthesesForNegativeValues": false,
                "shouldFormatInPercentage": false,
                "prefix": "",
                "suffix": ""
              },
              "axisTicksFormatting": {
                "fontSize": 12,
                "fontColor": "#333",
                "hasBackground": false
              }
            },
            "ticksConfig": {
              "mode": "INTERVAL"
            },
            "customExtent": {
              "editMode": "AUTO",
              "manualExtent": [
                null,
                null
              ]
            },
            "isLogScale": false,
            "includeZero": true
          },
          {
            "id": "y_right_0",
            "displayAxis": true,
            "showAxisTitle": true,
            "axisTitleFormatting": {
              "fontSize": 15,
              "fontColor": "#333",
              "hasBackground": false
            },
            "axisValuesFormatting": {
              "numberFormatting": {
                "multiplier": "Auto",
                "hideTrailingZeros": true,
                "digitGrouping": "DEFAULT",
                "useParenthesesForNegativeValues": false,
                "shouldFormatInPercentage": false,
                "prefix": "",
                "suffix": ""
              },
              "axisTicksFormatting": {
                "fontSize": 12,
                "fontColor": "#333",
                "hasBackground": false
              }
            },
            "ticksConfig": {
              "mode": "INTERVAL"
            },
            "customExtent": {
              "editMode": "AUTO",
              "manualExtent": [
                null,
                null
              ]
            },
            "isLogScale": false,
            "includeZero": true
          }
        ],
        "radialAxisFormatting": {
          "showAxisTitle": false,
          "axisTitleFormatting": {
            "fontSize": 15,
            "fontColor": "#333",
            "hasBackground": false
          },
          "ticksConfig": {
            "mode": "INTERVAL"
          },
          "customExtent": {},
          "isLogScale": false,
          "includeZero": true
        },
        "smoothing": true,
        "showLegend": true,
        "strokeWidth": 2,
        "fillOpacity": 0.6,
        "tooltipOptions": {
          "display": true
        },
        "hexbinRadius": 20,
        "hexbinNumber": 20,
        "hexbinRadiusMode": "NUM_HEXAGONS",
        "valuesInChartDisplayOptions": {
          "displayValues": false,
          "displayPieLabelsOrValues": true,
          "displayMode": "LABELS",
          "overlappingStrategy": "AUTO",
          "textFormatting": {
            "fontSize": 11,
            "fontColor": "AUTO",
            "hasBackground": false,
            "backgroundColor": "#D9D9D9BF"
          }
        },
        "stackedColumnsOptions": {
          "totalsInChartDisplayOptions": {
            "textFormatting": {
              "fontSize": 11,
              "fontColor": "#333",
              "hasBackground": false
            },
            "addDetails": false,
            "additionalMeasures": []
          }
        },
        "chartHeight": 200,
        "singleXAxis": true,
        "multiTooltips": false,
        "animationFrameDuration": 3000,
        "animationRepeat": true,
        "colorMode": "UNIQUE_SCALE",
        "colorOptions": {
          "ccScaleMode": "NORMAL",
          "paletteType": "CONTINUOUS",
          "quantizationMode": "NONE",
          "numQuantizeSteps": 5,
          "paletteMiddleValue": 0.0,
          "heatDensityMapIntensity": 0.5,
          "heatDensityMapRadius": 0.5,
          "singleColor": "#2678B1",
          "transparency": 0.75,
          "colorPalette": "default",
          "customPalette": {
            "id": "__dku_custom__",
            "name": "Custom Palette",
            "colors": [],
            "values": [],
            "fixedValues": false
          },
          "customColors": {}
        },
        "colorGroups": [],
        "bubblesOptions": {
          "defaultRadius": 5.0,
          "singleShape": "FILLED_CIRCLE"
        },
        "computeMode": "NORMAL",
        "xAxisMode": "NORMAL",
        "yAxisMode": "NORMAL",
        "pieOptions": {
          "donutHoleSize": 54.0
        },
        "scatterZoomOptions": {
          "scale": [
            1.0,
            1.0
          ],
          "translate": [
            0.0,
            0.0
          ],
          "chartWidth": 0.0,
          "enabled": true,
          "persisted": true
        },
        "linesZoomOptions": {
          "displayBrush": true,
          "enabled": true,
          "persisted": true
        },
        "scatterOptions": {
          "equalScales": false,
          "identityLine": false,
          "connectPoints": {
            "enabled": false,
            "splitBy": "COLOR",
            "lineFormatting": {
              "color": "#000",
              "size": 1
            }
          },
          "optimizeRendering": false,
          "regression": {
            "show": false,
            "displayFormula": false,
            "type": "LINEAR",
            "labelPosition": "INSIDE_END",
            "lineFormatting": {
              "color": "#000",
              "size": 1
            },
            "textFormatting": {
              "fontSize": 11,
              "fontColor": "#333",
              "hasBackground": false,
              "backgroundColor": "#D9D9D9BF"
            }
          },
          "numberOfRecords": 1000000.0
        },
        "scatterMPOptions": {
          "connectPoints": {
            "enabled": false,
            "splitBy": "COLOR",
            "lineFormatting": {
              "color": "#000",
              "size": 1
            }
          },
          "optimizeRendering": false,
          "pairColorOptions": {
            "singleColor": "#659a88",
            "transparency": 0.75,
            "colorPalette": "default",
            "customPalette": {
              "id": "__dku_custom__",
              "name": "Custom Palette",
              "colors": [],
              "values": [],
              "fixedValues": false
            },
            "customColors": {}
          },
          "numberOfRecords": 1000000.0
        },
        "mapOptions": {
          "tilesLayer": "cartodb-positron",
          "lockSquareGrid": false
        },
        "mapGridOptions": {
          "gridLonDeg": 0.5,
          "gridLatDeg": 0.5
        },
        "radarOptions": {
          "filled": false,
          "polygonsSource": "MEASURES",
          "lineStyle": {
            "width": 2.0,
            "type": "SOLID"
          }
        },
        "sankeyOptions": {
          "curveness": 0.5,
          "linkColorVariant": "GRADIENT",
          "nodeLabelFormatting": {
            "fontSize": 11,
            "fontColor": "AUTO",
            "hasBackground": false,
            "backgroundColor": "#D9D9D9BF"
          }
        },
        "gaugeOptions": {
          "min": {
            "sourceType": "Constant",
            "percentile": 0.0,
            "isCustomPercentile": false,
            "constantValue": 0.0,
            "constantDateValue": 0.0,
            "defaultConstantValue": 0.0,
            "ignoreExistingFilters": false
          },
          "max": {
            "sourceType": "Constant",
            "percentile": 0.0,
            "isCustomPercentile": false,
            "constantValue": 0.0,
            "constantDateValue": 0.0,
            "defaultConstantValue": 0.0,
            "ignoreExistingFilters": false
          },
          "axis": {
            "ticksConfig": {
              "mode": "INTERVAL"
            },
            "axisValuesFormatting": {
              "numberFormatting": {
                "multiplier": "Auto",
                "hideTrailingZeros": true,
                "digitGrouping": "DEFAULT",
                "useParenthesesForNegativeValues": false,
                "shouldFormatInPercentage": false,
                "prefix": "",
                "suffix": ""
              },
              "axisTicksFormatting": {
                "fontSize": 12,
                "fontColor": "#333",
                "hasBackground": false
              }
            },
            "thickness": 30,
            "customRanges": false
          },
          "displayPointer": false
        },
        "useLiveProcessingIfAvailable": true,
        "legendPlacement": "OUTER_RIGHT",
        "legendFormatting": {
          "fontSize": 11,
          "fontColor": "#333",
          "hasBackground": false
        },
        "pivotTableOptions": {
          "displayEmptyValues": false,
          "showSidebar": true,
          "measureDisplayMode": "ROWS",
          "displayTotals": {
            "subTotals": {
              "rows": true,
              "columns": true
            },
            "grandTotal": {
              "row": true,
              "column": true
            }
          },
          "tableFormatting": {
            "showRowHeaders": true,
            "showRowMainHeaders": true,
            "rowMainHeaders": {
              "fontSize": 12,
              "fontColor": "#333",
              "hasBackground": false
            },
            "rowSubheaders": {
              "fontSize": 12,
              "fontColor": "#333",
              "hasBackground": false
            },
            "freezeRowHeaders": true,
            "showColumnHeaders": true,
            "showColumnMainHeaders": true,
            "columnMainHeaders": {
              "fontSize": 12,
              "fontColor": "#333",
              "hasBackground": false
            },
            "columnSubheaders": {
              "fontSize": 12,
              "fontColor": "#333",
              "hasBackground": false
            },
            "values": {
              "fontSize": 12,
              "fontColor": "#333",
              "hasBackground": false
            },
            "rowHeaders": {
              "fontSize": 12,
              "fontColor": "#333",
              "hasBackground": false
            },
            "columnHeaders": {
              "fontSize": 12,
              "fontColor": "#333",
              "hasBackground": false
            }
          },
          "areRowsExpandedByDefault": true,
          "areColumnExpandedByDefault": true,
          "rowIdByCustomExpandedStatus": {},
          "columnIdByCustomExpandedStatus": {},
          "columnIdByCustomWidth": {}
        },
        "gridlinesOptions": {
          "vertical": {
            "show": false,
            "lineFormatting": {
              "type": "FILLED",
              "color": "#d9d9d9",
              "size": 1
            }
          },
          "horizontal": {
            "show": true,
            "displayAxis": {
              "type": "LEFT_Y_AXIS"
            },
            "lineFormatting": {
              "type": "FILLED",
              "color": "#d9d9d9",
              "size": 1
            }
          }
        }
      }
    },
    {
      "copySelectionFromScript": true,
      "engineType": "LINO",
      "def": {
        "type": "pivot_table",
        "variant": "normal",
        "name": "New chart",
        "userEditedName": false,
        "displayWithEChartsByDefault": true,
        "genericDimension0": [],
        "genericDimension1": [],
        "facetDimension": [],
        "animationDimension": [],
        "genericMeasures": [],
        "xDimension": [],
        "yDimension": [],
        "uaXDimension": [],
        "uaYDimension": [],
        "uaDimensionPair": [],
        "uaSize": [],
        "uaColor": [],
        "uaShape": [],
        "uaTooltip": [],
        "groupDimension": [],
        "xMeasure": [],
        "yMeasure": [],
        "colorMeasure": [],
        "sizeMeasure": [],
        "geometry": [],
        "geoLayers": [
          {
            "geometry": [],
            "colorOptions": {
              "ccScaleMode": "NORMAL",
              "paletteType": "CONTINUOUS",
              "quantizationMode": "NONE",
              "numQuantizeSteps": 5,
              "paletteMiddleValue": 0.0,
              "heatDensityMapIntensity": 0.5,
              "heatDensityMapRadius": 0.5,
              "singleColor": "#2678B1",
              "transparency": 0.75,
              "colorPalette": "default",
              "customPalette": {
                "id": "__dku_custom__",
                "name": "Custom Palette",
                "colors": [],
                "values": [],
                "fixedValues": false
              },
              "customColors": {}
            },
            "uaColor": []
          }
        ],
        "tooltipMeasures": [],
        "boxplotBreakdownDim": [],
        "boxplotValue": [],
        "filters": [],
        "xAxisFormatting": {
          "displayAxis": true,
          "showAxisTitle": true,
          "axisTitleFormatting": {
            "fontSize": 15,
            "fontColor": "#333",
            "hasBackground": false
          },
          "axisValuesFormatting": {
            "numberFormatting": {
              "multiplier": "Auto",
              "hideTrailingZeros": true,
              "digitGrouping": "DEFAULT",
              "useParenthesesForNegativeValues": false,
              "shouldFormatInPercentage": false,
              "prefix": "",
              "suffix": ""
            },
            "axisTicksFormatting": {
              "fontSize": 12,
              "fontColor": "#333",
              "hasBackground": false
            }
          },
          "ticksConfig": {
            "mode": "INTERVAL"
          },
          "customExtent": {
            "editMode": "AUTO",
            "manualExtent": [
              null,
              null
            ]
          },
          "isLogScale": false,
          "includeZero": true
        },
        "yAxesFormatting": [
          {
            "id": "y_left_0",
            "displayAxis": true,
            "showAxisTitle": true,
            "axisTitleFormatting": {
              "fontSize": 15,
              "fontColor": "#333",
              "hasBackground": false
            },
            "axisValuesFormatting": {
              "numberFormatting": {
                "multiplier": "Auto",
                "hideTrailingZeros": true,
                "digitGrouping": "DEFAULT",
                "useParenthesesForNegativeValues": false,
                "shouldFormatInPercentage": false,
                "prefix": "",
                "suffix": ""
              },
              "axisTicksFormatting": {
                "fontSize": 12,
                "fontColor": "#333",
                "hasBackground": false
              }
            },
            "ticksConfig": {
              "mode": "INTERVAL"
            },
            "customExtent": {
              "editMode": "AUTO",
              "manualExtent": [
                null,
                null
              ]
            },
            "isLogScale": false,
            "includeZero": true
          },
          {
            "id": "y_right_0",
            "displayAxis": true,
            "showAxisTitle": true,
            "axisTitleFormatting": {
              "fontSize": 15,
              "fontColor": "#333",
              "hasBackground": false
            },
            "axisValuesFormatting": {
              "numberFormatting": {
                "multiplier": "Auto",
                "hideTrailingZeros": true,
                "digitGrouping": "DEFAULT",
                "useParenthesesForNegativeValues": false,
                "shouldFormatInPercentage": false,
                "prefix": "",
                "suffix": ""
              },
              "axisTicksFormatting": {
                "fontSize": 12,
                "fontColor": "#333",
                "hasBackground": false
              }
            },
            "ticksConfig": {
              "mode": "INTERVAL"
            },
            "customExtent": {
              "editMode": "AUTO",
              "manualExtent": [
                null,
                null
              ]
            },
            "isLogScale": false,
            "includeZero": true
          }
        ],
        "radialAxisFormatting": {
          "showAxisTitle": false,
          "axisTitleFormatting": {
            "fontSize": 15,
            "fontColor": "#333",
            "hasBackground": false
          },
          "ticksConfig": {
            "mode": "INTERVAL"
          },
          "customExtent": {},
          "isLogScale": false,
          "includeZero": true
        },
        "smoothing": true,
        "showLegend": true,
        "strokeWidth": 2,
        "fillOpacity": 0.6,
        "tooltipOptions": {
          "display": true
        },
        "hexbinRadius": 20,
        "hexbinNumber": 20,
        "hexbinRadiusMode": "NUM_HEXAGONS",
        "valuesInChartDisplayOptions": {
          "displayValues": false,
          "displayPieLabelsOrValues": true,
          "displayMode": "LABELS",
          "overlappingStrategy": "AUTO",
          "textFormatting": {
            "fontSize": 11,
            "fontColor": "AUTO",
            "hasBackground": false,
            "backgroundColor": "#D9D9D9BF"
          }
        },
        "stackedColumnsOptions": {
          "totalsInChartDisplayOptions": {
            "textFormatting": {
              "fontSize": 11,
              "fontColor": "#333",
              "hasBackground": false
            },
            "addDetails": false,
            "additionalMeasures": []
          }
        },
        "chartHeight": 200,
        "singleXAxis": true,
        "multiTooltips": false,
        "animationFrameDuration": 3000,
        "animationRepeat": true,
        "colorMode": "UNIQUE_SCALE",
        "colorOptions": {
          "ccScaleMode": "NORMAL",
          "paletteType": "CONTINUOUS",
          "quantizationMode": "NONE",
          "numQuantizeSteps": 5,
          "paletteMiddleValue": 0.0,
          "heatDensityMapIntensity": 0.5,
          "heatDensityMapRadius": 0.5,
          "singleColor": "#2678B1",
          "transparency": 0.75,
          "colorPalette": "default",
          "customPalette": {
            "id": "__dku_custom__",
            "name": "Custom Palette",
            "colors": [],
            "values": [],
            "fixedValues": false
          },
          "customColors": {}
        },
        "colorGroups": [],
        "bubblesOptions": {
          "defaultRadius": 5.0,
          "singleShape": "FILLED_CIRCLE"
        },
        "xAxisMode": "NORMAL",
        "yAxisMode": "NORMAL",
        "pieOptions": {
          "donutHoleSize": 54.0
        },
        "scatterZoomOptions": {
          "scale": [
            1.0,
            1.0
          ],
          "translate": [
            0.0,
            0.0
          ],
          "chartWidth": 0.0,
          "enabled": true,
          "persisted": true
        },
        "linesZoomOptions": {
          "displayBrush": true,
          "enabled": true,
          "persisted": true
        },
        "scatterOptions": {
          "equalScales": false,
          "identityLine": false,
          "connectPoints": {
            "enabled": false,
            "splitBy": "COLOR",
            "lineFormatting": {
              "color": "#000",
              "size": 1
            }
          },
          "optimizeRendering": false,
          "regression": {
            "show": false,
            "displayFormula": false,
            "type": "LINEAR",
            "labelPosition": "INSIDE_END",
            "lineFormatting": {
              "color": "#000",
              "size": 1
            },
            "textFormatting": {
              "fontSize": 11,
              "fontColor": "#333",
              "hasBackground": false,
              "backgroundColor": "#D9D9D9BF"
            }
          },
          "numberOfRecords": 1000000.0
        },
        "scatterMPOptions": {
          "connectPoints": {
            "enabled": false,
            "splitBy": "COLOR",
            "lineFormatting": {
              "color": "#000",
              "size": 1
            }
          },
          "optimizeRendering": false,
          "pairColorOptions": {
            "singleColor": "#659a88",
            "transparency": 0.75,
            "colorPalette": "default",
            "customPalette": {
              "id": "__dku_custom__",
              "name": "Custom Palette",
              "colors": [],
              "values": [],
              "fixedValues": false
            },
            "customColors": {}
          },
          "numberOfRecords": 1000000.0
        },
        "mapOptions": {
          "tilesLayer": "cartodb-positron",
          "lockSquareGrid": false
        },
        "mapGridOptions": {
          "gridLonDeg": 0.5,
          "gridLatDeg": 0.5
        },
        "radarOptions": {
          "filled": false,
          "polygonsSource": "MEASURES",
          "lineStyle": {
            "width": 2.0,
            "type": "SOLID"
          }
        },
        "sankeyOptions": {
          "curveness": 0.5,
          "linkColorVariant": "GRADIENT",
          "nodeLabelFormatting": {
            "fontSize": 11,
            "fontColor": "AUTO",
            "hasBackground": false,
            "backgroundColor": "#D9D9D9BF"
          }
        },
        "gaugeOptions": {
          "min": {
            "sourceType": "Constant",
            "percentile": 0.0,
            "isCustomPercentile": false,
            "constantValue": 0.0,
            "constantDateValue": 0.0,
            "defaultConstantValue": 0.0,
            "ignoreExistingFilters": false
          },
          "max": {
            "sourceType": "Constant",
            "percentile": 0.0,
            "isCustomPercentile": false,
            "constantValue": 0.0,
            "constantDateValue": 0.0,
            "defaultConstantValue": 0.0,
            "ignoreExistingFilters": false
          },
          "axis": {
            "ticksConfig": {
              "mode": "INTERVAL"
            },
            "axisValuesFormatting": {
              "numberFormatting": {
                "multiplier": "Auto",
                "hideTrailingZeros": true,
                "digitGrouping": "DEFAULT",
                "useParenthesesForNegativeValues": false,
                "shouldFormatInPercentage": false,
                "prefix": "",
                "suffix": ""
              },
              "axisTicksFormatting": {
                "fontSize": 12,
                "fontColor": "#333",
                "hasBackground": false
              }
            },
            "thickness": 30,
            "customRanges": false
          },
          "displayPointer": false
        },
        "useLiveProcessingIfAvailable": true,
        "legendPlacement": "OUTER_RIGHT",
        "legendFormatting": {
          "fontSize": 11,
          "fontColor": "#333",
          "hasBackground": false
        },
        "pivotTableOptions": {
          "displayEmptyValues": false,
          "showSidebar": true,
          "measureDisplayMode": "ROWS",
          "displayTotals": {
            "subTotals": {
              "rows": true,
              "columns": true
            },
            "grandTotal": {
              "row": true,
              "column": true
            }
          },
          "tableFormatting": {
            "showRowHeaders": true,
            "showRowMainHeaders": true,
            "freezeRowHeaders": true,
            "showColumnHeaders": true,
            "showColumnMainHeaders": true,
            "columnMainHeaders": {
              "fontSize": 12,
              "fontColor": "#333",
              "hasBackground": false
            },
            "columnSubheaders": {
              "fontSize": 12,
              "fontColor": "#333",
              "hasBackground": false
            },
            "values": {
              "fontSize": 12,
              "fontColor": "#333",
              "hasBackground": false
            },
            "rowHeaders": {
              "fontSize": 12,
              "fontColor": "#333",
              "hasBackground": false
            },
            "columnHeaders": {
              "fontSize": 12,
              "fontColor": "#333",
              "hasBackground": false
            }
          },
          "areRowsExpandedByDefault": true,
          "areColumnExpandedByDefault": true,
          "rowIdByCustomExpandedStatus": {},
          "columnIdByCustomExpandedStatus": {},
          "columnIdByCustomWidth": {}
        },
        "gridlinesOptions": {
          "vertical": {
            "show": false,
            "lineFormatting": {
              "type": "FILLED",
              "color": "#d9d9d9",
              "size": 1
            }
          },
          "horizontal": {
            "show": true,
            "displayAxis": {
              "type": "LEFT_Y_AXIS"
            },
            "lineFormatting": {
              "type": "FILLED",
              "color": "#d9d9d9",
              "size": 1
            }
          }
        }
      }
    }
  ],
  "interactiveSearch": {
    "savedQueries": []
  },
  "customMeasures": []
}