{
  "starred": false,
  "clusterMetas": {},
  "sessionName": "imp1",
  "customMeta": {
    "kv": {}
  },
  "tags": [],
  "activeClassifierThreshold": 0.375,
  "description": "",
  "name": "Decision Tree (imp1) - v1",
  "labels": [
    {
      "key": "trainDataset:dataset-name",
      "value": "train"
    },
    {
      "key": "testDataset:dataset-name",
      "value": "train"
    },
    {
      "key": "evaluationDataset:dataset-name",
      "value": "train"
    },
    {
      "key": "model:algorithm",
      "value": "DECISION_TREE_CLASSIFICATION"
    },
    {
      "key": "model:session-name",
      "value": "imp1"
    },
    {
      "key": "model:date",
      "value": "2025-04-14T07:16:56.723+0000"
    },
    {
      "key": "evaluation:date",
      "value": "2025-04-14T07:16:56.723+0000"
    },
    {
      "key": "model:name",
      "value": "Decision Tree (imp1) - v1"
    }
  ]
}