{
    "featuresDistribution": {
        "Years with Firm": {
            "type": "NUMERIC",
            "nbDistinct": 11,
            "count": 453,
            "missingCount": 0.0,
            "histogram": {
                "scale": [
                    0.0,
                    0.20408163265306123,
                    0.40816326530612246,
                    0.6122448979591837,
                    0.8163265306122449,
                    1.0204081632653061,
                    1.2244897959183674,
                    1.4285714285714286,
                    1.6326530612244898,
                    1.836734693877551,
                    2.0408163265306123,
                    2.2448979591836737,
                    2.4489795918367347,
                    2.6530612244897958,
                    2.857142857142857,
                    3.0612244897959187,
                    3.2653061224489797,
                    3.4693877551020407,
                    3.673469387755102,
                    3.8775510204081636,
                    4.081632653061225,
                    4.285714285714286,
                    4.4897959183673475,
                    4.6938775510204085,
                    4.8979591836734695,
                    5.1020408163265305,
                    5.3061224489795915,
                    5.510204081632653,
                    5.714285714285714,
                    5.918367346938775,
                    6.122448979591837,
                    6.326530612244898,
                    6.530612244897959,
                    6.73469387755102,
                    6.938775510204081,
                    7.142857142857143,
                    7.346938775510204,
                    7.551020408163265,
                    7.755102040816327,
                    7.959183673469388,
                    8.16326530612245,
                    8.36734693877551,
                    8.571428571428571,
                    8.775510204081632,
                    8.979591836734695,
                    9.183673469387756,
                    9.387755102040817,
                    9.591836734693878,
                    9.795918367346939,
                    10.0
                ],
                "distribution": [
                    0.07947019867549669,
                    0.0,
                    0.0,
                    0.0,
                    0.09933774834437085,
                    0.0,
                    0.0,
                    0.0,
                    0.0,
                    0.08388520971302428,
                    0.0,
                    0.0,
                    0.0,
                    0.0,
                    0.0772626931567329,
                    0.0,
                    0.0,
                    0.0,
                    0.0,
                    0.10375275938189846,
                    0.0,
                    0.0,
                    0.0,
                    0.0,
                    0.10375275938189846,
                    0.0,
                    0.0,
                    0.0,
                    0.0,
                    0.0706401766004415,
                    0.0,
                    0.0,
                    0.0,
                    0.0,
                    0.09492273730684327,
                    0.0,
                    0.0,
                    0.0,
                    0.0,
                    0.08388520971302428,
                    0.0,
                    0.0,
                    0.0,
                    0.0,
                    0.10154525386313466,
                    0.0,
                    0.0,
                    0.0,
                    0.10154525386313466
                ]
            },
            "quantiles": {
                "scale": [
                    0.5,
                    1.5,
                    2.5,
                    3.5,
                    4.5,
                    5.5,
                    6.5,
                    8.0,
                    9.5,
                    10.0
                ],
                "distribution": [
                    0.07947019867549669,
                    0.09933774834437085,
                    0.08388520971302428,
                    0.0772626931567329,
                    0.10375275938189846,
                    0.10375275938189846,
                    0.0706401766004415,
                    0.17880794701986755,
                    0.10154525386313466,
                    0.10154525386313466
                ]
            },
            "topValues": [
                {
                    "value": 4.0,
                    "count": 47.0
                },
                {
                    "value": 5.0,
                    "count": 47.0
                },
                {
                    "value": 9.0,
                    "count": 46.0
                },
                {
                    "value": 10.0,
                    "count": 46.0
                },
                {
                    "value": 1.0,
                    "count": 45.0
                },
                {
                    "value": 7.0,
                    "count": 43.0
                },
                {
                    "value": 2.0,
                    "count": 38.0
                },
                {
                    "value": 8.0,
                    "count": 38.0
                },
                {
                    "value": 0.0,
                    "count": 36.0
                },
                {
                    "value": 3.0,
                    "count": 35.0
                },
                {
                    "value": 6.0,
                    "count": 32.0
                }
            ]
        },
        "Average Transactions per Month": {
            "type": "NUMERIC",
            "nbDistinct": 405,
            "count": 453,
            "missingCount": 0.0,
            "histogram": {
                "scale": [
                    1.02,
                    2345.1597775510204,
                    4689.299555102041,
                    7033.439332653062,
                    9377.579110204082,
                    11721.718887755102,
                    14065.858665306123,
                    16409.998442857144,
                    18754.138220408164,
                    21098.277997959183,
                    23442.417775510203,
                    25786.557553061226,
                    28130.697330612245,
                    30474.837108163265,
                    32818.976885714284,
                    35163.116663265304,
                    37507.25644081632,
                    39851.39621836734,
                    42195.53599591836,
                    44539.67577346938,
                    46883.8155510204,
                    49227.95532857143,
                    51572.09510612245,
                    53916.23488367347,
                    56260.37466122449,
                    58604.514438775506,
                    60948.654216326526,
                    63292.793993877545,
                    65636.93377142858,
                    67981.07354897959,
                    70325.21332653062,
                    72669.35310408163,
                    75013.49288163266,
                    77357.63265918368,
                    79701.7724367347,
                    82045.91221428572,
                    84390.05199183674,
                    86734.19176938776,
                    89078.33154693877,
                    91422.4713244898,
                    93766.61110204081,
                    96110.75087959184,
                    98454.89065714287,
                    100799.03043469388,
                    103143.1702122449,
                    105487.30998979592,
                    107831.44976734695,
                    110175.58954489796,
                    112519.72932244898,
                    114863.8691
                ],
                "distribution": [
                    0.9911699779249448,
                    0.0,
                    0.0,
                    0.0,
                    0.0,
                    0.0,
                    0.0,
                    0.0,
                    0.0,
                    0.0,
                    0.0,
                    0.0,
                    0.0,
                    0.0,
                    0.0,
                    0.0,
                    0.0,
                    0.0,
                    0.0,
                    0.0,
                    0.0,
                    0.0,
                    0.0,
                    0.0,
                    0.0,
                    0.0,
                    0.0,
                    0.0,
                    0.0,
                    0.0,
                    0.0,
                    0.0,
                    0.0,
                    0.0,
                    0.0,
                    0.0,
                    0.0,
                    0.0,
                    0.0,
                    0.0,
                    0.0,
                    0.0,
                    0.0,
                    0.002207505518763797,
                    0.002207505518763797,
                    0.002207505518763797,
                    0.0,
                    0.0,
                    0.002207505518763797
                ]
            },
            "quantiles": {
                "scale": [
                    1.758,
                    3.4936,
                    5.296000000000001,
                    7.051000000000001,
                    8.950600000000001,
                    11.0032,
                    13.105200000000002,
                    14.961800000000002,
                    16.9448,
                    57440.969549999994
                ],
                "distribution": [
                    0.09933774834437085,
                    0.10154525386313466,
                    0.09933774834437085,
                    0.09933774834437085,
                    0.09933774834437085,
                    0.10154525386313466,
                    0.09933774834437085,
                    0.09933774834437085,
                    0.09933774834437085,
                    0.10154525386313466
                ]
            },
            "topValues": [
                {
                    "value": 1.13,
                    "count": 3.0
                },
                {
                    "value": 1.62,
                    "count": 3.0
                },
                {
                    "value": 5.61,
                    "count": 3.0
                },
                {
                    "value": 6.04,
                    "count": 3.0
                },
                {
                    "value": 7.11,
                    "count": 3.0
                },
                {
                    "value": 13.64,
                    "count": 3.0
                },
                {
                    "value": 14.41,
                    "count": 3.0
                },
                {
                    "value": 17.22,
                    "count": 3.0
                },
                {
                    "value": 1.17,
                    "count": 2.0
                },
                {
                    "value": 1.19,
                    "count": 2.0
                },
                {
                    "value": 1.79,
                    "count": 2.0
                },
                {
                    "value": 1.94,
                    "count": 2.0
                },
                {
                    "value": 2.46,
                    "count": 2.0
                },
                {
                    "value": 2.94,
                    "count": 2.0
                },
                {
                    "value": 4.78,
                    "count": 2.0
                },
                {
                    "value": 4.8,
                    "count": 2.0
                },
                {
                    "value": 5.14,
                    "count": 2.0
                },
                {
                    "value": 5.81,
                    "count": 2.0
                },
                {
                    "value": 7.09,
                    "count": 2.0
                },
                {
                    "value": 7.38,
                    "count": 2.0
                },
                {
                    "value": 7.72,
                    "count": 2.0
                },
                {
                    "value": 8.46,
                    "count": 2.0
                },
                {
                    "value": 8.58,
                    "count": 2.0
                },
                {
                    "value": 8.91,
                    "count": 2.0
                },
                {
                    "value": 9.48,
                    "count": 2.0
                },
                {
                    "value": 9.9,
                    "count": 2.0
                },
                {
                    "value": 9.98,
                    "count": 2.0
                },
                {
                    "value": 10.58,
                    "count": 2.0
                },
                {
                    "value": 10.99,
                    "count": 2.0
                },
                {
                    "value": 13.46,
                    "count": 2.0
                },
                {
                    "value": 14.04,
                    "count": 2.0
                },
                {
                    "value": 14.36,
                    "count": 2.0
                },
                {
                    "value": 14.61,
                    "count": 2.0
                },
                {
                    "value": 15.7,
                    "count": 2.0
                },
                {
                    "value": 16.87,
                    "count": 2.0
                },
                {
                    "value": 17.69,
                    "count": 2.0
                },
                {
                    "value": 18.07,
                    "count": 2.0
                },
                {
                    "value": 18.13,
                    "count": 2.0
                },
                {
                    "value": 18.77,
                    "count": 2.0
                },
                {
                    "value": 18.79,
                    "count": 2.0
                },
                {
                    "value": 1.02,
                    "count": 1.0
                },
                {
                    "value": 1.08,
                    "count": 1.0
                },
                {
                    "value": 1.14,
                    "count": 1.0
                },
                {
                    "value": 1.23,
                    "count": 1.0
                },
                {
                    "value": 1.31,
                    "count": 1.0
                },
                {
                    "value": 1.32,
                    "count": 1.0
                },
                {
                    "value": 1.38,
                    "count": 1.0
                },
                {
                    "value": 1.42,
                    "count": 1.0
                },
                {
                    "value": 1.47,
                    "count": 1.0
                },
                {
                    "value": 1.51,
                    "count": 1.0
                }
            ]
        },
        "Credit Balance (AED)": {
            "type": "NUMERIC",
            "nbDistinct": 360,
            "count": 453,
            "missingCount": 0.0,
            "histogram": {
                "scale": [
                    0.0,
                    20.387755102040817,
                    40.775510204081634,
                    61.163265306122454,
                    81.55102040816327,
                    101.93877551020408,
                    122.32653061224491,
                    142.71428571428572,
                    163.10204081632654,
                    183.48979591836735,
                    203.87755102040816,
                    224.26530612244898,
                    244.65306122448982,
                    265.0408163265306,
                    285.42857142857144,
                    305.81632653061223,
                    326.2040816326531,
                    346.5918367346939,
                    366.9795918367347,
                    387.36734693877554,
                    407.7551020408163,
                    428.14285714285717,
                    448.53061224489795,
                    468.9183673469388,
                    489.30612244897964,
                    509.6938775510204,
                    530.0816326530612,
                    550.469387755102,
                    570.8571428571429,
                    591.2448979591837,
                    611.6326530612245,
                    632.0204081632653,
                    652.4081632653061,
                    672.795918367347,
                    693.1836734693878,
                    713.5714285714286,
                    733.9591836734694,
                    754.3469387755102,
                    774.7346938775511,
                    795.1224489795918,
                    815.5102040816327,
                    835.8979591836735,
                    856.2857142857143,
                    876.6734693877552,
                    897.0612244897959,
                    917.4489795918367,
                    937.8367346938776,
                    958.2244897959184,
                    978.6122448979593,
                    999.0
                ],
                "distribution": [
                    0.024282560706401765,
                    0.013245033112582781,
                    0.013245033112582781,
                    0.037527593818984545,
                    0.01545253863134658,
                    0.017660044150110375,
                    0.026490066225165563,
                    0.024282560706401765,
                    0.019867549668874173,
                    0.011037527593818985,
                    0.006622516556291391,
                    0.02869757174392936,
                    0.024282560706401765,
                    0.024282560706401765,
                    0.026490066225165563,
                    0.01545253863134658,
                    0.01545253863134658,
                    0.01545253863134658,
                    0.01545253863134658,
                    0.03090507726269316,
                    0.024282560706401765,
                    0.013245033112582781,
                    0.03090507726269316,
                    0.019867549668874173,
                    0.017660044150110375,
                    0.02207505518763797,
                    0.011037527593818985,
                    0.02207505518763797,
                    0.017660044150110375,
                    0.024282560706401765,
                    0.01545253863134658,
                    0.01545253863134658,
                    0.024282560706401765,
                    0.02207505518763797,
                    0.024282560706401765,
                    0.019867549668874173,
                    0.024282560706401765,
                    0.01545253863134658,
                    0.017660044150110375,
                    0.019867549668874173,
                    0.026490066225165563,
                    0.019867549668874173,
                    0.01545253863134658,
                    0.024282560706401765,
                    0.01545253863134658,
                    0.017660044150110375,
                    0.02869757174392936,
                    0.019867549668874173,
                    0.024282560706401765
                ]
            },
            "quantiles": {
                "scale": [
                    49.0,
                    148.56,
                    246.42000000000007,
                    348.70000000000005,
                    451.34000000000003,
                    551.3000000000002,
                    653.9000000000003,
                    757.0800000000002,
                    857.76,
                    952.28
                ],
                "distribution": [
                    0.09713024282560706,
                    0.10375275938189846,
                    0.09933774834437085,
                    0.09933774834437085,
                    0.09933774834437085,
                    0.10154525386313466,
                    0.09933774834437085,
                    0.09933774834437085,
                    0.10154525386313466,
                    0.09933774834437085
                ]
            },
            "topValues": [
                {
                    "value": 68.0,
                    "count": 3.0
                },
                {
                    "value": 143.0,
                    "count": 3.0
                },
                {
                    "value": 263.0,
                    "count": 3.0
                },
                {
                    "value": 290.0,
                    "count": 3.0
                },
                {
                    "value": 460.0,
                    "count": 3.0
                },
                {
                    "value": 472.0,
                    "count": 3.0
                },
                {
                    "value": 553.0,
                    "count": 3.0
                },
                {
                    "value": 569.0,
                    "count": 3.0
                },
                {
                    "value": 671.0,
                    "count": 3.0
                },
                {
                    "value": 685.0,
                    "count": 3.0
                },
                {
                    "value": 938.0,
                    "count": 3.0
                },
                {
                    "value": 985.0,
                    "count": 3.0
                },
                {
                    "value": 8.0,
                    "count": 2.0
                },
                {
                    "value": 18.0,
                    "count": 2.0
                },
                {
                    "value": 30.0,
                    "count": 2.0
                },
                {
                    "value": 54.0,
                    "count": 2.0
                },
                {
                    "value": 64.0,
                    "count": 2.0
                },
                {
                    "value": 66.0,
                    "count": 2.0
                },
                {
                    "value": 67.0,
                    "count": 2.0
                },
                {
                    "value": 72.0,
                    "count": 2.0
                },
                {
                    "value": 98.0,
                    "count": 2.0
                },
                {
                    "value": 126.0,
                    "count": 2.0
                },
                {
                    "value": 142.0,
                    "count": 2.0
                },
                {
                    "value": 145.0,
                    "count": 2.0
                },
                {
                    "value": 158.0,
                    "count": 2.0
                },
                {
                    "value": 166.0,
                    "count": 2.0
                },
                {
                    "value": 226.0,
                    "count": 2.0
                },
                {
                    "value": 233.0,
                    "count": 2.0
                },
                {
                    "value": 237.0,
                    "count": 2.0
                },
                {
                    "value": 243.0,
                    "count": 2.0
                },
                {
                    "value": 251.0,
                    "count": 2.0
                },
                {
                    "value": 255.0,
                    "count": 2.0
                },
                {
                    "value": 267.0,
                    "count": 2.0
                },
                {
                    "value": 284.0,
                    "count": 2.0
                },
                {
                    "value": 295.0,
                    "count": 2.0
                },
                {
                    "value": 307.0,
                    "count": 2.0
                },
                {
                    "value": 355.0,
                    "count": 2.0
                },
                {
                    "value": 378.0,
                    "count": 2.0
                },
                {
                    "value": 396.0,
                    "count": 2.0
                },
                {
                    "value": 399.0,
                    "count": 2.0
                },
                {
                    "value": 410.0,
                    "count": 2.0
                },
                {
                    "value": 418.0,
                    "count": 2.0
                },
                {
                    "value": 419.0,
                    "count": 2.0
                },
                {
                    "value": 457.0,
                    "count": 2.0
                },
                {
                    "value": 502.0,
                    "count": 2.0
                },
                {
                    "value": 506.0,
                    "count": 2.0
                },
                {
                    "value": 520.0,
                    "count": 2.0
                },
                {
                    "value": 535.0,
                    "count": 2.0
                },
                {
                    "value": 558.0,
                    "count": 2.0
                },
                {
                    "value": 602.0,
                    "count": 2.0
                }
            ]
        },
        "Gender": {
            "type": "CATEGORY",
            "nbDistinct": 2,
            "count": 453,
            "missingCount": 0.0,
            "values": {
                "scale": [
                    "Male",
                    "Female"
                ],
                "distribution": [
                    0.5121412803532008,
                    0.4878587196467991
                ]
            }
        },
        "Number of Referrals": {
            "type": "NUMERIC",
            "nbDistinct": 11,
            "count": 453,
            "missingCount": 0.0,
            "histogram": {
                "scale": [
                    0.0,
                    0.20408163265306123,
                    0.40816326530612246,
                    0.6122448979591837,
                    0.8163265306122449,
                    1.0204081632653061,
                    1.2244897959183674,
                    1.4285714285714286,
                    1.6326530612244898,
                    1.836734693877551,
                    2.0408163265306123,
                    2.2448979591836737,
                    2.4489795918367347,
                    2.6530612244897958,
                    2.857142857142857,
                    3.0612244897959187,
                    3.2653061224489797,
                    3.4693877551020407,
                    3.673469387755102,
                    3.8775510204081636,
                    4.081632653061225,
                    4.285714285714286,
                    4.4897959183673475,
                    4.6938775510204085,
                    4.8979591836734695,
                    5.1020408163265305,
                    5.3061224489795915,
                    5.510204081632653,
                    5.714285714285714,
                    5.918367346938775,
                    6.122448979591837,
                    6.326530612244898,
                    6.530612244897959,
                    6.73469387755102,
                    6.938775510204081,
                    7.142857142857143,
                    7.346938775510204,
                    7.551020408163265,
                    7.755102040816327,
                    7.959183673469388,
                    8.16326530612245,
                    8.36734693877551,
                    8.571428571428571,
                    8.775510204081632,
                    8.979591836734695,
                    9.183673469387756,
                    9.387755102040817,
                    9.591836734693878,
                    9.795918367346939,
                    10.0
                ],
                "distribution": [
                    0.09050772626931568,
                    0.0,
                    0.0,
                    0.0,
                    0.10375275938189846,
                    0.0,
                    0.0,
                    0.0,
                    0.0,
                    0.08388520971302428,
                    0.0,
                    0.0,
                    0.0,
                    0.0,
                    0.07505518763796909,
                    0.0,
                    0.0,
                    0.0,
                    0.0,
                    0.0684326710816777,
                    0.0,
                    0.0,
                    0.0,
                    0.0,
                    0.10596026490066225,
                    0.0,
                    0.0,
                    0.0,
                    0.0,
                    0.10375275938189846,
                    0.0,
                    0.0,
                    0.0,
                    0.0,
                    0.09050772626931568,
                    0.0,
                    0.0,
                    0.0,
                    0.0,
                    0.11699779249448124,
                    0.0,
                    0.0,
                    0.0,
                    0.0,
                    0.08609271523178808,
                    0.0,
                    0.0,
                    0.0,
                    0.07505518763796909
                ]
            },
            "quantiles": {
                "scale": [
                    0.5,
                    1.5,
                    2.5,
                    3.5,
                    4.5,
                    5.5,
                    6.5,
                    7.5,
                    8.5,
                    9.5
                ],
                "distribution": [
                    0.09050772626931568,
                    0.10375275938189846,
                    0.08388520971302428,
                    0.07505518763796909,
                    0.0684326710816777,
                    0.10596026490066225,
                    0.10375275938189846,
                    0.09050772626931568,
                    0.11699779249448124,
                    0.16114790286975716
                ]
            },
            "topValues": [
                {
                    "value": 8.0,
                    "count": 53.0
                },
                {
                    "value": 5.0,
                    "count": 48.0
                },
                {
                    "value": 1.0,
                    "count": 47.0
                },
                {
                    "value": 6.0,
                    "count": 47.0
                },
                {
                    "value": 0.0,
                    "count": 41.0
                },
                {
                    "value": 7.0,
                    "count": 41.0
                },
                {
                    "value": 9.0,
                    "count": 39.0
                },
                {
                    "value": 2.0,
                    "count": 38.0
                },
                {
                    "value": 3.0,
                    "count": 34.0
                },
                {
                    "value": 10.0,
                    "count": 34.0
                },
                {
                    "value": 4.0,
                    "count": 31.0
                }
            ]
        },
        "Payback Status": {
            "type": "CATEGORY",
            "nbDistinct": 13,
            "count": 453,
            "missingCount": 0.0,
            "values": {
                "scale": [
                    "Default",
                    "4",
                    "8",
                    "11",
                    "7",
                    "6",
                    "3",
                    "12",
                    "10",
                    "1",
                    "9",
                    "2",
                    "5"
                ],
                "distribution": [
                    0.4282560706401766,
                    0.0772626931567329,
                    0.0684326710816777,
                    0.052980132450331126,
                    0.05077262693156733,
                    0.04856512141280353,
                    0.046357615894039736,
                    0.046357615894039736,
                    0.04415011037527594,
                    0.037527593818984545,
                    0.03532008830022075,
                    0.033112582781456956,
                    0.03090507726269316
                ]
            }
        },
        "tag": {
            "type": "CATEGORY",
            "nbDistinct": 2,
            "count": 453,
            "missingCount": 0.0,
            "values": {
                "scale": [
                    "false",
                    "true"
                ],
                "distribution": [
                    0.7064017660044151,
                    0.293598233995585
                ]
            }
        },
        "Age": {
            "type": "NUMERIC",
            "nbDistinct": 48,
            "count": 453,
            "missingCount": 0.0,
            "histogram": {
                "scale": [
                    17.0,
                    17.959183673469386,
                    18.918367346938776,
                    19.877551020408163,
                    20.836734693877553,
                    21.79591836734694,
                    22.755102040816325,
                    23.714285714285715,
                    24.6734693877551,
                    25.632653061224488,
                    26.591836734693878,
                    27.551020408163264,
                    28.51020408163265,
                    29.46938775510204,
                    30.428571428571427,
                    31.387755102040813,
                    32.3469387755102,
                    33.30612244897959,
                    34.265306122448976,
                    35.224489795918366,
                    36.183673469387756,
                    37.14285714285714,
                    38.10204081632653,
                    39.06122448979592,
                    40.0204081632653,
                    40.97959183673469,
                    41.93877551020408,
                    42.897959183673464,
                    43.857142857142854,
                    44.816326530612244,
                    45.77551020408163,
                    46.734693877551024,
                    47.69387755102041,
                    48.65306122448979,
                    49.61224489795918,
                    50.57142857142857,
                    51.53061224489796,
                    52.48979591836734,
                    53.44897959183673,
                    54.40816326530612,
                    55.36734693877551,
                    56.326530612244895,
                    57.285714285714285,
                    58.244897959183675,
                    59.20408163265306,
                    60.16326530612245,
                    61.12244897959184,
                    62.08163265306122,
                    63.04081632653061,
                    64.0
                ],
                "distribution": [
                    0.024282560706401765,
                    0.026490066225165563,
                    0.013245033112582781,
                    0.026490066225165563,
                    0.02207505518763797,
                    0.004415011037527594,
                    0.019867549668874173,
                    0.033112582781456956,
                    0.006622516556291391,
                    0.03090507726269316,
                    0.026490066225165563,
                    0.02207505518763797,
                    0.02207505518763797,
                    0.019867549668874173,
                    0.024282560706401765,
                    0.024282560706401765,
                    0.024282560706401765,
                    0.013245033112582781,
                    0.011037527593818985,
                    0.017660044150110375,
                    0.01545253863134658,
                    0.024282560706401765,
                    0.019867549668874173,
                    0.017660044150110375,
                    0.0,
                    0.02207505518763797,
                    0.02869757174392936,
                    0.02207505518763797,
                    0.017660044150110375,
                    0.024282560706401765,
                    0.019867549668874173,
                    0.01545253863134658,
                    0.02869757174392936,
                    0.024282560706401765,
                    0.03090507726269316,
                    0.01545253863134658,
                    0.02207505518763797,
                    0.017660044150110375,
                    0.01545253863134658,
                    0.019867549668874173,
                    0.02869757174392936,
                    0.019867549668874173,
                    0.02207505518763797,
                    0.017660044150110375,
                    0.017660044150110375,
                    0.01545253863134658,
                    0.026490066225165563,
                    0.017660044150110375,
                    0.019867549668874173
                ]
            },
            "quantiles": {
                "scale": [
                    19.0,
                    23.5,
                    28.5,
                    33.5,
                    38.5,
                    43.0,
                    47.5,
                    52.5,
                    57.0,
                    61.5
                ],
                "distribution": [
                    0.09050772626931568,
                    0.08609271523178808,
                    0.12141280353200883,
                    0.09713024282560706,
                    0.09492273730684327,
                    0.09050772626931568,
                    0.11258278145695365,
                    0.10154525386313466,
                    0.09050772626931568,
                    0.11479028697571744
                ]
            },
            "topValues": [
                {
                    "value": 24.0,
                    "count": 15.0
                },
                {
                    "value": 26.0,
                    "count": 14.0
                },
                {
                    "value": 50.0,
                    "count": 14.0
                },
                {
                    "value": 48.0,
                    "count": 13.0
                },
                {
                    "value": 42.0,
                    "count": 13.0
                },
                {
                    "value": 56.0,
                    "count": 13.0
                },
                {
                    "value": 20.0,
                    "count": 12.0
                },
                {
                    "value": 18.0,
                    "count": 12.0
                },
                {
                    "value": 27.0,
                    "count": 12.0
                },
                {
                    "value": 62.0,
                    "count": 12.0
                },
                {
                    "value": 45.0,
                    "count": 11.0
                },
                {
                    "value": 33.0,
                    "count": 11.0
                },
                {
                    "value": 38.0,
                    "count": 11.0
                },
                {
                    "value": 31.0,
                    "count": 11.0
                },
                {
                    "value": 32.0,
                    "count": 11.0
                },
                {
                    "value": 17.0,
                    "count": 11.0
                },
                {
                    "value": 49.0,
                    "count": 11.0
                },
                {
                    "value": 41.0,
                    "count": 10.0
                },
                {
                    "value": 52.0,
                    "count": 10.0
                },
                {
                    "value": 58.0,
                    "count": 10.0
                },
                {
                    "value": 43.0,
                    "count": 10.0
                },
                {
                    "value": 21.0,
                    "count": 10.0
                },
                {
                    "value": 28.0,
                    "count": 10.0
                },
                {
                    "value": 29.0,
                    "count": 10.0
                },
                {
                    "value": 57.0,
                    "count": 9.0
                },
                {
                    "value": 64.0,
                    "count": 9.0
                },
                {
                    "value": 46.0,
                    "count": 9.0
                },
                {
                    "value": 30.0,
                    "count": 9.0
                },
                {
                    "value": 23.0,
                    "count": 9.0
                },
                {
                    "value": 55.0,
                    "count": 9.0
                },
                {
                    "value": 39.0,
                    "count": 9.0
                },
                {
                    "value": 53.0,
                    "count": 8.0
                },
                {
                    "value": 63.0,
                    "count": 8.0
                },
                {
                    "value": 44.0,
                    "count": 8.0
                },
                {
                    "value": 36.0,
                    "count": 8.0
                },
                {
                    "value": 60.0,
                    "count": 8.0
                },
                {
                    "value": 40.0,
                    "count": 8.0
                },
                {
                    "value": 59.0,
                    "count": 8.0
                },
                {
                    "value": 47.0,
                    "count": 7.0
                },
                {
                    "value": 51.0,
                    "count": 7.0
                },
                {
                    "value": 54.0,
                    "count": 7.0
                },
                {
                    "value": 61.0,
                    "count": 7.0
                },
                {
                    "value": 37.0,
                    "count": 7.0
                },
                {
                    "value": 19.0,
                    "count": 6.0
                },
                {
                    "value": 34.0,
                    "count": 6.0
                },
                {
                    "value": 35.0,
                    "count": 5.0
                },
                {
                    "value": 25.0,
                    "count": 3.0
                },
                {
                    "value": 22.0,
                    "count": 2.0
                }
            ]
        }
    }
}