{
    "perClassFacts": {
        "unique": {
            "Payback Status": {
                "impact": 1.075214413440509,
                "rank": 1,
                "feature": "Payback Status",
                "positiveCategoricalValue": "11",
                "negativeCategoricalValue": "Default",
                "infoGain": 0.6757779980247911,
                "type": "CATEGORICAL"
            },
            "Number of Referrals": {
                "impact": 0.23316487197036384,
                "rank": 2,
                "feature": "Number of Referrals",
                "correlation": -0.9633362979949508,
                "type": "NUMERICAL"
            },
            "Age": {
                "impact": 0.18105537522347914,
                "rank": 3,
                "feature": "Age",
                "correlation": -0.9929857256328328,
                "type": "NUMERICAL"
            },
            "tag": {
                "impact": 0.08505775668555965,
                "rank": 4,
                "feature": "tag",
                "positiveCategoricalValue": "false",
                "negativeCategoricalValue": "true",
                "infoGain": 0.6116122595809761,
                "type": "CATEGORICAL"
            },
            "Credit Balance (AED)": {
                "impact": 0.07614724493852139,
                "rank": 5,
                "feature": "Credit Balance (AED)",
                "correlation": 0.9994467496118713,
                "type": "NUMERICAL"
            },
            "Years with Firm": {
                "impact": 0.05542292943708514,
                "rank": 6,
                "feature": "Years with Firm",
                "correlation": 0.9574963375378234,
                "type": "NUMERICAL"
            },
            "Gender": {
                "impact": 0.03339047194222179,
                "rank": 7,
                "feature": "Gender",
                "positiveCategoricalValue": "Male",
                "negativeCategoricalValue": "Female",
                "infoGain": 0.6931080227146618,
                "type": "CATEGORICAL"
            }
        }
    }
}