{
    "startedAt": 1744698390633,
    "gridSize": 5,
    "nThreads": 4,
    "nSplits": 5,
    "metric": "ROC_AUC",
    "timeout": null,
    "gridPoints": [
        {
            "finishedAt": 1744698390715,
            "score": 0.8129479678170735,
            "testScoreGibMean": 0.8129479678170735,
            "testScoreMean": 0.8129479678170735,
            "testScoreStd": 0.04260290205343917,
            "trainScoreMean": 0.8632963444724985,
            "trainScoreStd": 0.009767937744101627,
            "time": 119,
            "fitTimeMean": 6.4,
            "fitTimeStd": 2.244994432064365,
            "scoreTimeMean": 17.4,
            "scoreTimeStd": 4.758150901348127,
            "parameters": {
                "C": 0.1,
                "penalty": "l2"
            }
        },
        {
            "finishedAt": 1744698390767,
            "score": 0.7979954075409625,
            "testScoreGibMean": 0.7979954075409625,
            "testScoreMean": 0.7979954075409625,
            "testScoreStd": 0.056079882075552194,
            "trainScoreMean": 0.8363820548282034,
            "trainScoreStd": 0.007023694833666711,
            "time": 130,
            "fitTimeMean": 7.2,
            "fitTimeStd": 1.9390719429665317,
            "scoreTimeMean": 18.8,
            "scoreTimeStd": 5.3814496188294845,
            "parameters": {
                "C": 0.01,
                "penalty": "l2"
            }
        },
        {
            "finishedAt": 1744698390805,
            "score": 0.7885328726671715,
            "testScoreGibMean": 0.7885328726671715,
            "testScoreMean": 0.7885328726671715,
            "testScoreStd": 0.05348333939707253,
            "trainScoreMean": 0.8712021804796989,
            "trainScoreStd": 0.0108018647995604,
            "time": 142,
            "fitTimeMean": 9.8,
            "fitTimeStd": 4.578209256903839,
            "scoreTimeMean": 18.6,
            "scoreTimeStd": 6.280127387243033,
            "parameters": {
                "C": 10.0,
                "penalty": "l2"
            }
        },
        {
            "finishedAt": 1744698390852,
            "score": 0.7907614637333449,
            "testScoreGibMean": 0.7907614637333449,
            "testScoreMean": 0.7907614637333449,
            "testScoreStd": 0.05446400896796941,
            "trainScoreMean": 0.8700345010804746,
            "trainScoreStd": 0.011339207379429625,
            "time": 150,
            "fitTimeMean": 8.8,
            "fitTimeStd": 2.4,
            "scoreTimeMean": 21.2,
            "scoreTimeStd": 9.516301802696255,
            "parameters": {
                "C": 1.0,
                "penalty": "l2"
            }
        },
        {
            "finishedAt": 1744698390884,
            "score": 0.7876274791787209,
            "testScoreGibMean": 0.7876274791787209,
            "testScoreMean": 0.7876274791787209,
            "testScoreStd": 0.05399008562972066,
            "trainScoreMean": 0.8711069070735794,
            "trainScoreStd": 0.010989169102581173,
            "time": 125,
            "fitTimeMean": 11.4,
            "fitTimeStd": 7.472616676907761,
            "scoreTimeMean": 13.6,
            "scoreTimeStd": 2.8705400188814645,
            "parameters": {
                "C": 100.0,
                "penalty": "l2"
            }
        }
    ]
}