[
    {
        "test_score_gib": 0.8062659846547315,
        "train_score": 0.8687806658286363,
        "test_score": 0.8062659846547315,
        "num_samples": 91,
        "fit_time": 5,
        "score_time": 25,
        "time": 30,
        "parameters": {
            "C": 0.1,
            "penalty": "l2"
        },
        "done_at": 1744698390689,
        "split_id": 0
    },
    {
        "test_score_gib": 0.8369565217391305,
        "train_score": 0.8560074611735128,
        "test_score": 0.8369565217391305,
        "num_samples": 91,
        "fit_time": 4,
        "score_time": 20,
        "time": 24,
        "parameters": {
            "C": 0.1,
            "penalty": "l2"
        },
        "done_at": 1744698390687,
        "split_id": 1
    },
    {
        "test_score_gib": 0.8171355498721227,
        "train_score": 0.8564129597339929,
        "test_score": 0.8171355498721227,
        "num_samples": 91,
        "fit_time": 5,
        "score_time": 16,
        "time": 21,
        "parameters": {
            "C": 0.1,
            "penalty": "l2"
        },
        "done_at": 1744698390688,
        "split_id": 2
    },
    {
        "test_score_gib": 0.8663101604278075,
        "train_score": 0.8552462698540029,
        "test_score": 0.8663101604278075,
        "num_samples": 90,
        "fit_time": 10,
        "score_time": 11,
        "time": 21,
        "parameters": {
            "C": 0.1,
            "penalty": "l2"
        },
        "done_at": 1744698390695,
        "split_id": 3
    },
    {
        "test_score_gib": 0.7378325762491889,
        "train_score": 0.8801308985132514,
        "test_score": 0.7378325762491889,
        "num_samples": 90,
        "fit_time": 8,
        "score_time": 15,
        "time": 23,
        "parameters": {
            "C": 0.1,
            "penalty": "l2"
        },
        "done_at": 1744698390715,
        "split_id": 4
    },
    {
        "test_score_gib": 0.8369565217391304,
        "train_score": 0.8448157009042618,
        "test_score": 0.8369565217391304,
        "num_samples": 91,
        "fit_time": 6,
        "score_time": 23,
        "time": 29,
        "parameters": {
            "C": 0.01,
            "penalty": "l2"
        },
        "done_at": 1744698390723,
        "split_id": 0
    },
    {
        "test_score_gib": 0.8049872122762148,
        "train_score": 0.8337455902031548,
        "test_score": 0.8049872122762148,
        "num_samples": 91,
        "fit_time": 8,
        "score_time": 23,
        "time": 31,
        "parameters": {
            "C": 0.01,
            "penalty": "l2"
        },
        "done_at": 1744698390730,
        "split_id": 1
    },
    {
        "test_score_gib": 0.7263427109974425,
        "train_score": 0.8276631117959532,
        "test_score": 0.7263427109974425,
        "num_samples": 91,
        "fit_time": 9,
        "score_time": 22,
        "time": 31,
        "parameters": {
            "C": 0.01,
            "penalty": "l2"
        },
        "done_at": 1744698390732,
        "split_id": 2
    },
    {
        "test_score_gib": 0.8770053475935828,
        "train_score": 0.8312209209048612,
        "test_score": 0.8770053475935828,
        "num_samples": 90,
        "fit_time": 9,
        "score_time": 9,
        "time": 18,
        "parameters": {
            "C": 0.01,
            "penalty": "l2"
        },
        "done_at": 1744698390737,
        "split_id": 3
    },
    {
        "test_score_gib": 0.744970798182998,
        "train_score": 0.8444974143503555,
        "test_score": 0.744970798182998,
        "num_samples": 90,
        "fit_time": 4,
        "score_time": 17,
        "time": 21,
        "parameters": {
            "C": 0.01,
            "penalty": "l2"
        },
        "done_at": 1744698390767,
        "split_id": 4
    },
    {
        "test_score_gib": 0.7627877237851661,
        "train_score": 0.8786748307043509,
        "test_score": 0.7627877237851661,
        "num_samples": 91,
        "fit_time": 9,
        "score_time": 13,
        "time": 22,
        "parameters": {
            "C": 10.0,
            "penalty": "l2"
        },
        "done_at": 1744698390771,
        "split_id": 0
    },
    {
        "test_score_gib": 0.8126598465473146,
        "train_score": 0.8635091845423949,
        "test_score": 0.8126598465473146,
        "num_samples": 91,
        "fit_time": 10,
        "score_time": 17,
        "time": 27,
        "parameters": {
            "C": 10.0,
            "penalty": "l2"
        },
        "done_at": 1744698390779,
        "split_id": 1
    },
    {
        "test_score_gib": 0.8203324808184143,
        "train_score": 0.8601029966343618,
        "test_score": 0.8203324808184143,
        "num_samples": 91,
        "fit_time": 18,
        "score_time": 30,
        "time": 48,
        "parameters": {
            "C": 10.0,
            "penalty": "l2"
        },
        "done_at": 1744698390805,
        "split_id": 2
    },
    {
        "test_score_gib": 0.8495989304812834,
        "train_score": 0.8650729985560726,
        "test_score": 0.8495989304812834,
        "num_samples": 90,
        "fit_time": 8,
        "score_time": 20,
        "time": 28,
        "parameters": {
            "C": 10.0,
            "penalty": "l2"
        },
        "done_at": 1744698390800,
        "split_id": 3
    },
    {
        "test_score_gib": 0.6969500324464634,
        "train_score": 0.8887766645119587,
        "test_score": 0.6969500324464634,
        "num_samples": 90,
        "fit_time": 4,
        "score_time": 13,
        "time": 17,
        "parameters": {
            "C": 10.0,
            "penalty": "l2"
        },
        "done_at": 1744698390794,
        "split_id": 4
    },
    {
        "test_score_gib": 0.7634271099744245,
        "train_score": 0.8775394347350066,
        "test_score": 0.7634271099744245,
        "num_samples": 91,
        "fit_time": 7,
        "score_time": 21,
        "time": 28,
        "parameters": {
            "C": 1.0,
            "penalty": "l2"
        },
        "done_at": 1744698390811,
        "split_id": 0
    },
    {
        "test_score_gib": 0.8164961636828645,
        "train_score": 0.8630631361258667,
        "test_score": 0.8164961636828645,
        "num_samples": 91,
        "fit_time": 7,
        "score_time": 13,
        "time": 20,
        "parameters": {
            "C": 1.0,
            "penalty": "l2"
        },
        "done_at": 1744698390817,
        "split_id": 1
    },
    {
        "test_score_gib": 0.8184143222506394,
        "train_score": 0.8588865009529216,
        "test_score": 0.8184143222506394,
        "num_samples": 91,
        "fit_time": 13,
        "score_time": 35,
        "time": 48,
        "parameters": {
            "C": 1.0,
            "penalty": "l2"
        },
        "done_at": 1744698390852,
        "split_id": 2
    },
    {
        "test_score_gib": 0.8562834224598931,
        "train_score": 0.8620247072035938,
        "test_score": 0.8562834224598931,
        "num_samples": 90,
        "fit_time": 10,
        "score_time": 9,
        "time": 19,
        "parameters": {
            "C": 1.0,
            "penalty": "l2"
        },
        "done_at": 1744698390829,
        "split_id": 3
    },
    {
        "test_score_gib": 0.698896820246593,
        "train_score": 0.8887766645119586,
        "test_score": 0.698896820246593,
        "num_samples": 90,
        "fit_time": 7,
        "score_time": 28,
        "time": 35,
        "parameters": {
            "C": 1.0,
            "penalty": "l2"
        },
        "done_at": 1744698390848,
        "split_id": 4
    },
    {
        "test_score_gib": 0.7634271099744245,
        "train_score": 0.878918129840639,
        "test_score": 0.7634271099744245,
        "num_samples": 91,
        "fit_time": 26,
        "score_time": 18,
        "time": 44,
        "parameters": {
            "C": 100.0,
            "penalty": "l2"
        },
        "done_at": 1744698390869,
        "split_id": 0
    },
    {
        "test_score_gib": 0.8107416879795397,
        "train_score": 0.8634686346863469,
        "test_score": 0.8107416879795397,
        "num_samples": 91,
        "fit_time": 6,
        "score_time": 14,
        "time": 20,
        "parameters": {
            "C": 100.0,
            "penalty": "l2"
        },
        "done_at": 1744698390863,
        "split_id": 1
    },
    {
        "test_score_gib": 0.8203324808184143,
        "train_score": 0.8599407972101699,
        "test_score": 0.8203324808184143,
        "num_samples": 91,
        "fit_time": 10,
        "score_time": 15,
        "time": 25,
        "parameters": {
            "C": 100.0,
            "penalty": "l2"
        },
        "done_at": 1744698390878,
        "split_id": 2
    },
    {
        "test_score_gib": 0.8489304812834225,
        "train_score": 0.8644312530081824,
        "test_score": 0.8489304812834225,
        "num_samples": 90,
        "fit_time": 9,
        "score_time": 10,
        "time": 19,
        "parameters": {
            "C": 100.0,
            "penalty": "l2"
        },
        "done_at": 1744698390882,
        "split_id": 3
    },
    {
        "test_score_gib": 0.6943543153796237,
        "train_score": 0.8888978668390434,
        "test_score": 0.6943543153796237,
        "num_samples": 90,
        "fit_time": 6,
        "score_time": 11,
        "time": 17,
        "parameters": {
            "C": 100.0,
            "penalty": "l2"
        },
        "done_at": 1744698390884,
        "split_id": 4
    }
]