{
    "modelInputNRows": 453,
    "modelInputNCols": 22,
    "modelInputIsSparse": false,
    "modelInputMemory": 79728,
    "usedGridSearch": true,
    "gridSize": 5,
    "gridBestScore": 0.8129479678170735,
    "gridCells": [
        {
            "params": {
                "C": 0.1,
                "penalty": "l2"
            },
            "score": 0.8129479678170735,
            "scoreStd": 0.04260290205343917,
            "fitTime": 0.0064,
            "fitTimeStd": 0.002244994432064365,
            "scoreTime": 0.0174,
            "scoreTimeStd": 0.004758150901348127
        },
        {
            "params": {
                "C": 0.01,
                "penalty": "l2"
            },
            "score": 0.7979954075409625,
            "scoreStd": 0.056079882075552194,
            "fitTime": 0.0072,
            "fitTimeStd": 0.0019390719429665318,
            "scoreTime": 0.0188,
            "scoreTimeStd": 0.005381449618829484
        },
        {
            "params": {
                "C": 10.0,
                "penalty": "l2"
            },
            "score": 0.7885328726671715,
            "scoreStd": 0.05348333939707253,
            "fitTime": 0.009800000000000001,
            "fitTimeStd": 0.004578209256903839,
            "scoreTime": 0.018600000000000002,
            "scoreTimeStd": 0.006280127387243034
        },
        {
            "params": {
                "C": 1.0,
                "penalty": "l2"
            },
            "score": 0.7907614637333449,
            "scoreStd": 0.05446400896796941,
            "fitTime": 0.0088,
            "fitTimeStd": 0.0024,
            "scoreTime": 0.0212,
            "scoreTimeStd": 0.009516301802696255
        },
        {
            "params": {
                "C": 100.0,
                "penalty": "l2"
            },
            "score": 0.7876274791787209,
            "scoreStd": 0.05399008562972066,
            "fitTime": 0.0114,
            "fitTimeStd": 0.007472616676907761,
            "scoreTime": 0.0136,
            "scoreTimeStd": 0.0028705400188814645
        }
    ],
    "lmCoefficients": {
        "variables": [
            "Years with Firm",
            "Average Transactions per Month",
            "Credit Balance (AED)",
            "Number of Referrals",
            "Age",
            "dummy:Gender:Male",
            "dummy:Payback Status:Default",
            "dummy:Payback Status:4",
            "dummy:Payback Status:8",
            "dummy:Payback Status:11",
            "dummy:Payback Status:7",
            "dummy:Payback Status:6",
            "dummy:Payback Status:12",
            "dummy:Payback Status:3",
            "dummy:Payback Status:10",
            "dummy:Payback Status:1",
            "dummy:Payback Status:9",
            "dummy:Payback Status:2",
            "dummy:tag:false"
        ],
        "coefs": [
            0.06251704264809853,
            -0.2523892063742188,
            0.09101679803338537,
            -0.24565596083832425,
            -0.2007901924712565,
            0.06672189795704797,
            -1.9812055356115679,
            0.6184380454946247,
            0.11660274194820226,
            0.24556634223064952,
            0.09201312012363506,
            0.09355657667984119,
            0.04634019528924337,
            0.24214096028021728,
            0.269279213556577,
            0.13897146395004056,
            0.3728448708547306,
            -0.07533477656565465,
            0.20092770801148496
        ],
        "interceptStderr": null,
        "interceptTstat": null,
        "interceptPvalue": null,
        "interceptCoef": 0.08963838006587918,
        "rescaledCoefs": [
            0.019651887202053835,
            -2.522571041181919e-05,
            0.0003125375077345533,
            -0.07831068667751855,
            -0.014525139743832861,
            0.06672189795704797,
            -1.9812055356115679,
            0.6184380454946247,
            0.11660274194820226,
            0.24556634223064952,
            0.09201312012363506,
            0.09355657667984119,
            0.04634019528924337,
            0.24214096028021728,
            0.269279213556577,
            0.13897146395004056,
            0.3728448708547306,
            -0.07533477656565465,
            0.20092770801148496
        ],
        "rescaledInterceptCoef": 0.8354544084303851
    },
    "probaAware": true
}