{
    "metrics": {},
    "processed_feature_names": [
        "Years with Firm",
        "Average Transactions per Month",
        "Credit Balance (AED)",
        "Number of Referrals",
        "Age",
        "dummy:Gender:Male",
        "dummy:Gender:N/A",
        "dummy:Payback Status:Default",
        "dummy:Payback Status:4",
        "dummy:Payback Status:8",
        "dummy:Payback Status:11",
        "dummy:Payback Status:7",
        "dummy:Payback Status:6",
        "dummy:Payback Status:12",
        "dummy:Payback Status:3",
        "dummy:Payback Status:10",
        "dummy:Payback Status:1",
        "dummy:Payback Status:9",
        "dummy:Payback Status:2",
        "dummy:Payback Status:N/A",
        "dummy:tag:false",
        "dummy:tag:N/A"
    ],
    "optimalThreshold": 0.3,
    "usedThreshold": 0.3,
    "perCutData": {
        "cut": [
            0.0,
            0.025,
            0.05,
            0.075,
            0.1,
            0.125,
            0.15,
            0.175,
            0.2,
            0.225,
            0.25,
            0.275,
            0.3,
            0.325,
            0.35,
            0.375,
            0.4,
            0.425,
            0.45,
            0.475,
            0.5,
            0.525,
            0.55,
            0.575,
            0.6,
            0.625,
            0.65,
            0.675,
            0.7,
            0.725,
            0.75,
            0.775,
            0.8,
            0.825,
            0.85,
            0.875,
            0.9,
            0.925,
            0.95,
            0.975
        ],
        "tp": [
            33,
            33,
            33,
            33,
            33,
            33,
            33,
            33,
            33,
            33,
            33,
            33,
            33,
            33,
            33,
            33,
            33,
            33,
            31,
            31,
            31,
            30,
            29,
            28,
            24,
            20,
            14,
            12,
            9,
            4,
            3,
            2,
            1,
            0,
            0,
            0,
            0,
            0,
            0,
            0
        ],
        "tn": [
            0,
            0,
            0,
            1,
            6,
            12,
            19,
            31,
            37,
            42,
            42,
            45,
            46,
            46,
            46,
            46,
            46,
            46,
            46,
            49,
            49,
            51,
            54,
            56,
            57,
            64,
            66,
            67,
            70,
            73,
            78,
            78,
            79,
            79,
            80,
            80,
            80,
            80,
            80,
            80
        ],
        "fp": [
            80,
            80,
            80,
            79,
            74,
            68,
            61,
            49,
            43,
            38,
            38,
            35,
            34,
            34,
            34,
            34,
            34,
            34,
            34,
            31,
            31,
            29,
            26,
            24,
            23,
            16,
            14,
            13,
            10,
            7,
            2,
            2,
            1,
            1,
            0,
            0,
            0,
            0,
            0,
            0
        ],
        "fn": [
            0,
            0,
            0,
            0,
            0,
            0,
            0,
            0,
            0,
            0,
            0,
            0,
            0,
            0,
            0,
            0,
            0,
            0,
            2,
            2,
            2,
            3,
            4,
            5,
            9,
            13,
            19,
            21,
            24,
            29,
            30,
            31,
            32,
            33,
            33,
            33,
            33,
            33,
            33,
            33
        ],
        "precision": [
            0.2920353982300885,
            0.2920353982300885,
            0.2920353982300885,
            0.29464285714285715,
            0.308411214953271,
            0.32673267326732675,
            0.35106382978723405,
            0.4024390243902439,
            0.4342105263157895,
            0.4647887323943662,
            0.4647887323943662,
            0.4852941176470588,
            0.4925373134328358,
            0.4925373134328358,
            0.4925373134328358,
            0.4925373134328358,
            0.4925373134328358,
            0.4925373134328358,
            0.47692307692307695,
            0.5,
            0.5,
            0.5084745762711864,
            0.5272727272727272,
            0.5384615384615384,
            0.5106382978723404,
            0.5555555555555556,
            0.5,
            0.48,
            0.47368421052631576,
            0.36363636363636365,
            0.6,
            0.5,
            0.5,
            0.0,
            0.0,
            0.0,
            0.0,
            0.0,
            0.0,
            0.0
        ],
        "recall": [
            1.0,
            1.0,
            1.0,
            1.0,
            1.0,
            1.0,
            1.0,
            1.0,
            1.0,
            1.0,
            1.0,
            1.0,
            1.0,
            1.0,
            1.0,
            1.0,
            1.0,
            1.0,
            0.9393939393939394,
            0.9393939393939394,
            0.9393939393939394,
            0.9090909090909091,
            0.8787878787878788,
            0.8484848484848485,
            0.7272727272727273,
            0.6060606060606061,
            0.42424242424242425,
            0.36363636363636365,
            0.2727272727272727,
            0.12121212121212122,
            0.09090909090909091,
            0.06060606060606061,
            0.030303030303030304,
            0.0,
            0.0,
            0.0,
            0.0,
            0.0,
            0.0,
            0.0
        ],
        "accuracy": [
            0.2920353982300885,
            0.2920353982300885,
            0.2920353982300885,
            0.3008849557522124,
            0.34513274336283184,
            0.39823008849557523,
            0.46017699115044247,
            0.5663716814159292,
            0.6194690265486725,
            0.6637168141592921,
            0.6637168141592921,
            0.6902654867256637,
            0.6991150442477876,
            0.6991150442477876,
            0.6991150442477876,
            0.6991150442477876,
            0.6991150442477876,
            0.6991150442477876,
            0.6814159292035398,
            0.7079646017699115,
            0.7079646017699115,
            0.7168141592920354,
            0.7345132743362832,
            0.7433628318584071,
            0.7168141592920354,
            0.7433628318584071,
            0.7079646017699115,
            0.6991150442477876,
            0.6991150442477876,
            0.6814159292035398,
            0.7168141592920354,
            0.7079646017699115,
            0.7079646017699115,
            0.6991150442477876,
            0.7079646017699115,
            0.7079646017699115,
            0.7079646017699115,
            0.7079646017699115,
            0.7079646017699115,
            0.7079646017699115
        ],
        "f1": [
            0.452054794520548,
            0.452054794520548,
            0.452054794520548,
            0.4551724137931034,
            0.4714285714285714,
            0.4925373134328358,
            0.5196850393700788,
            0.5739130434782609,
            0.6055045871559633,
            0.6346153846153846,
            0.6346153846153846,
            0.6534653465346535,
            0.66,
            0.66,
            0.66,
            0.66,
            0.66,
            0.66,
            0.6326530612244897,
            0.6526315789473685,
            0.6526315789473685,
            0.6521739130434782,
            0.6590909090909091,
            0.6588235294117647,
            0.5999999999999999,
            0.5797101449275361,
            0.4590163934426229,
            0.41379310344827586,
            0.34615384615384615,
            0.18181818181818182,
            0.15789473684210525,
            0.10810810810810813,
            0.05714285714285715,
            0.0,
            0.0,
            0.0,
            0.0,
            0.0,
            0.0,
            0.0
        ],
        "mcc": [
            0.0,
            0.0,
            0.0,
            0.06068801952845153,
            0.1520882675340058,
            0.22138179913917722,
            0.2887518996897996,
            0.3948988756013614,
            0.44813208814037475,
            0.49397781782894085,
            0.49397781782894085,
            0.522472909514427,
            0.532173801707563,
            0.532173801707563,
            0.532173801707563,
            0.532173801707563,
            0.532173801707563,
            0.532173801707563,
            0.4731736039956788,
            0.5042857028638563,
            0.5042857028638563,
            0.49755544342065133,
            0.5037906089601621,
            0.5003800764139438,
            0.4057040653490665,
            0.396274575076071,
            0.2625037135803868,
            0.22033384699639635,
            0.17960644478312893,
            0.05171203333895149,
            0.14573048321258575,
            0.08761584332884137,
            0.06139307794132837,
            -0.06068801952845153,
            0.0,
            0.0,
            0.0,
            0.0,
            0.0,
            0.0
        ],
        "hammingLoss": [
            0.7079646017699115,
            0.7079646017699115,
            0.7079646017699115,
            0.6991150442477876,
            0.6548672566371682,
            0.6017699115044248,
            0.5398230088495575,
            0.4336283185840708,
            0.38053097345132747,
            0.33628318584070793,
            0.33628318584070793,
            0.3097345132743363,
            0.3008849557522124,
            0.3008849557522124,
            0.3008849557522124,
            0.3008849557522124,
            0.3008849557522124,
            0.3008849557522124,
            0.31858407079646023,
            0.2920353982300885,
            0.2920353982300885,
            0.2831858407079646,
            0.2654867256637168,
            0.2566371681415929,
            0.2831858407079646,
            0.2566371681415929,
            0.2920353982300885,
            0.3008849557522124,
            0.3008849557522124,
            0.31858407079646023,
            0.2831858407079646,
            0.2920353982300885,
            0.2920353982300885,
            0.3008849557522124,
            0.2920353982300885,
            0.2920353982300885,
            0.2920353982300885,
            0.2920353982300885,
            0.2920353982300885,
            0.2920353982300885
        ],
        "assertionsMetrics": [],
        "overridesMetrics": []
    },
    "tiMetrics": {
        "auc": 0.8003787878787878,
        "logLoss": 0.5159382258955482,
        "lift": 1.8262626262626263,
        "averagePrecision": 0.5065122229286336,
        "calibrationLoss": 0.1509046838122066
    },
    "probaPercentiles": [
        0.0817165219346179,
        0.08541611787467088,
        0.08680148490537754,
        0.0909812148001919,
        0.09770632013669756,
        0.1103034048728628,
        0.11516542211550543,
        0.11675760759026041,
        0.11704309749104427,
        0.1221884367174499,
        0.13351872646752683,
        0.137150852025404,
        0.14039159923754707,
        0.14428453776942782,
        0.14591166243744474,
        0.1491175621048833,
        0.15019545529795347,
        0.15159258495358108,
        0.15416666539324206,
        0.15853150040368058,
        0.1609013104465564,
        0.1625641383825132,
        0.16426911682970688,
        0.1651739918361711,
        0.1674635003426616,
        0.1705274259757349,
        0.17382631481257999,
        0.17809388795372164,
        0.18259971964340566,
        0.18586032085996898,
        0.18906260726271185,
        0.19814345718430634,
        0.20071504626541997,
        0.2086588185241032,
        0.20990686155971977,
        0.21241646935486877,
        0.2304258227087601,
        0.25100894762967363,
        0.26593469796751296,
        0.2935680608789115,
        0.4256287809567071,
        0.4437080726734074,
        0.4523342707095394,
        0.46369530441673157,
        0.4837908870754179,
        0.50416426522121,
        0.5055693142831353,
        0.5244349901938224,
        0.5307739112156138,
        0.5454391459878022,
        0.5506144902230593,
        0.5680246226905977,
        0.5715300506801428,
        0.5767196405441967,
        0.5838887585959879,
        0.589219247348932,
        0.5950056970509502,
        0.5994860883792604,
        0.6010671266682289,
        0.6017702248287737,
        0.6045754631408645,
        0.6079407380502123,
        0.6118765671055019,
        0.6145921692943783,
        0.6146625445116072,
        0.6149581395301822,
        0.6164046696314386,
        0.6220740272833409,
        0.6273158075672597,
        0.6337914994620654,
        0.6374413519968068,
        0.6393736184502917,
        0.6427781670310518,
        0.6440231050828603,
        0.6465133893360258,
        0.669641099472423,
        0.6710117988967487,
        0.6755453094189839,
        0.6821901736327696,
        0.6889240168541958,
        0.6928453460406704,
        0.6958696363304637,
        0.6973242917612547,
        0.7074072879232881,
        0.7115875774997027,
        0.7152841423020203,
        0.7185431818078631,
        0.7198834367153333,
        0.7222432595204963,
        0.7235215613937621,
        0.7264422241863924,
        0.7319555968484309,
        0.7331622329350782,
        0.7398984443078667,
        0.743480385376963,
        0.7554552664490944,
        0.7722653481125491,
        0.7865422341015935,
        0.8001793986705927
    ],
    "rocVizData": [
        [
            {
                "x": 0.0,
                "y": 0.0,
                "p": 1.8338626011573393
            },
            {
                "x": 0.025,
                "y": 0.030303030303030304,
                "p": 0.7895822167795923
            },
            {
                "x": 0.025,
                "y": 0.09090909090909091,
                "p": 0.763998194022981
            },
            {
                "x": 0.0875,
                "y": 0.09090909090909091,
                "p": 0.7319533237621955
            },
            {
                "x": 0.1,
                "y": 0.18181818181818182,
                "p": 0.7208928080904766
            },
            {
                "x": 0.1125,
                "y": 0.2727272727272727,
                "p": 0.7110417131760277
            },
            {
                "x": 0.15,
                "y": 0.30303030303030304,
                "p": 0.6931963785889782
            },
            {
                "x": 0.15,
                "y": 0.36363636363636365,
                "p": 0.6843960057608142
            },
            {
                "x": 0.175,
                "y": 0.3939393939393939,
                "p": 0.670398816692132
            },
            {
                "x": 0.175,
                "y": 0.48484848484848486,
                "p": 0.6440761325363599
            },
            {
                "x": 0.2,
                "y": 0.6060606060606061,
                "p": 0.6255473908073719
            },
            {
                "x": 0.225,
                "y": 0.6363636363636364,
                "p": 0.6149834745026491
            },
            {
                "x": 0.225,
                "y": 0.696969696969697,
                "p": 0.6146455731707847
            },
            {
                "x": 0.25,
                "y": 0.7272727272727273,
                "p": 0.6074504198868546
            },
            {
                "x": 0.2875,
                "y": 0.7878787878787878,
                "p": 0.5959308004061383
            },
            {
                "x": 0.3,
                "y": 0.8484848484848485,
                "p": 0.5794788456603693
            },
            {
                "x": 0.325,
                "y": 0.8787878787878788,
                "p": 0.5673870602002975
            },
            {
                "x": 0.3625,
                "y": 0.9393939393939394,
                "p": 0.5059465572154876
            },
            {
                "x": 0.425,
                "y": 0.9393939393939394,
                "p": 0.4506920218388602
            },
            {
                "x": 0.425,
                "y": 1.0,
                "p": 0.4366599245256152
            },
            {
                "x": 1.0,
                "y": 1.0,
                "p": 0.07476695856956234
            }
        ]
    ],
    "liftVizData": {
        "bins": [
            {
                "bin_pos_prop": 0.3333333333,
                "bin_lift": 1.1414141414,
                "cum_lift": 0.1212121212,
                "cum_size": 0.1061946903,
                "bin_min": 0.7235215614,
                "bin_max": 0.8338626012,
                "percentile_idx": 0
            },
            {
                "bin_pos_prop": 0.6363636364,
                "bin_lift": 2.1790633609,
                "cum_lift": 0.3333333333,
                "cum_size": 0.203539823,
                "bin_min": 0.6889240169,
                "bin_max": 0.7235215614,
                "percentile_idx": 1
            },
            {
                "bin_pos_prop": 0.6363636364,
                "bin_lift": 2.1790633609,
                "cum_lift": 0.5454545455,
                "cum_size": 0.3008849558,
                "bin_min": 0.6337914995,
                "bin_max": 0.6889240169,
                "percentile_idx": 2
            },
            {
                "bin_pos_prop": 0.5454545455,
                "bin_lift": 1.867768595,
                "cum_lift": 0.7272727273,
                "cum_size": 0.3982300885,
                "bin_min": 0.6017702248,
                "bin_max": 0.6337914995,
                "percentile_idx": 3
            },
            {
                "bin_pos_prop": 0.4545454545,
                "bin_lift": 1.5564738292,
                "cum_lift": 0.8787878788,
                "cum_size": 0.4955752212,
                "bin_min": 0.545439146,
                "bin_max": 0.6017702248,
                "percentile_idx": 4
            },
            {
                "bin_pos_prop": 0.3333333333,
                "bin_lift": 1.1414141414,
                "cum_lift": 1.0,
                "cum_size": 0.6017699115,
                "bin_min": 0.2935680609,
                "bin_max": 0.545439146,
                "percentile_idx": 5
            },
            {
                "bin_pos_prop": 0.0,
                "bin_lift": 0.0,
                "cum_lift": 1.0,
                "cum_size": 0.6991150442,
                "bin_min": 0.1858603209,
                "bin_max": 0.2935680609,
                "percentile_idx": 6
            },
            {
                "bin_pos_prop": 0.0,
                "bin_lift": 0.0,
                "cum_lift": 1.0,
                "cum_size": 0.796460177,
                "bin_min": 0.1585315004,
                "bin_max": 0.1858603209,
                "percentile_idx": 7
            },
            {
                "bin_pos_prop": 0.0,
                "bin_lift": 0.0,
                "cum_lift": 1.0,
                "cum_size": 0.8938053097,
                "bin_min": 0.1221884367,
                "bin_max": 0.1585315004,
                "percentile_idx": 8
            },
            {
                "bin_pos_prop": 0.0,
                "bin_lift": 0.0,
                "cum_lift": 1.0,
                "cum_size": 1.0,
                "bin_min": 0.0747669586,
                "bin_max": 0.1221884367,
                "percentile_idx": 9
            }
        ],
        "wizard": {
            "positives": 33,
            "total": 113
        }
    },
    "prVizData": [
        {
            "bins": [
                {
                    "x": 1.0,
                    "y": 0.2920353982300885,
                    "p": 0.07476695856956234
                },
                {
                    "x": 1.0,
                    "y": 0.34375,
                    "p": 0.14592059314274455
                },
                {
                    "x": 1.0,
                    "y": 0.39759036144578314,
                    "p": 0.17279092317884415
                },
                {
                    "x": 1.0,
                    "y": 0.4520547945205479,
                    "p": 0.2113512509969491
                },
                {
                    "x": 0.9696969696969697,
                    "y": 0.48484848484848486,
                    "p": 0.44341707479151354
                },
                {
                    "x": 0.9393939393939394,
                    "y": 0.5,
                    "p": 0.5033686706812471
                },
                {
                    "x": 0.8787878787878788,
                    "y": 0.5,
                    "p": 0.5308421569204752
                },
                {
                    "x": 0.8484848484848485,
                    "y": 0.5185185185185185,
                    "p": 0.5700435705765484
                },
                {
                    "x": 0.8181818181818182,
                    "y": 0.5294117647058824,
                    "p": 0.5868287005530668
                },
                {
                    "x": 0.7575757575757576,
                    "y": 0.5208333333333334,
                    "p": 0.5996342253781405
                },
                {
                    "x": 0.7272727272727273,
                    "y": 0.5333333333333333,
                    "p": 0.6032225423192221
                },
                {
                    "x": 0.696969696969697,
                    "y": 0.5476190476190477,
                    "p": 0.6144786860570146
                },
                {
                    "x": 0.6363636363636364,
                    "y": 0.5384615384615384,
                    "p": 0.6149834745026491
                },
                {
                    "x": 0.6060606060606061,
                    "y": 0.5555555555555556,
                    "p": 0.6255473908073719
                },
                {
                    "x": 0.5454545454545454,
                    "y": 0.5294117647058824,
                    "p": 0.6366840012304212
                },
                {
                    "x": 0.48484848484848486,
                    "y": 0.5,
                    "p": 0.6400672785093691
                },
                {
                    "x": 0.45454545454545453,
                    "y": 0.5172413793103449,
                    "p": 0.6465133893360258
                },
                {
                    "x": 0.3939393939393939,
                    "y": 0.48148148148148145,
                    "p": 0.670398816692132
                },
                {
                    "x": 0.36363636363636365,
                    "y": 0.48,
                    "p": 0.6801540208991899
                },
                {
                    "x": 0.3333333333333333,
                    "y": 0.4782608695652174,
                    "p": 0.6919426909164501
                },
                {
                    "x": 0.30303030303030304,
                    "y": 0.47619047619047616,
                    "p": 0.6963788282812229
                },
                {
                    "x": 0.2727272727272727,
                    "y": 0.47368421052631576,
                    "p": 0.707091250944789
                },
                {
                    "x": 0.24242424242424243,
                    "y": 0.47058823529411764,
                    "p": 0.7137710347944024
                },
                {
                    "x": 0.18181818181818182,
                    "y": 0.4,
                    "p": 0.7185987822378782
                },
                {
                    "x": 0.15151515151515152,
                    "y": 0.38461538461538464,
                    "p": 0.7228787660757996
                },
                {
                    "x": 0.12121212121212122,
                    "y": 0.3333333333333333,
                    "p": 0.7236822602232528
                },
                {
                    "x": 0.09090909090909091,
                    "y": 0.3,
                    "p": 0.7319533237621955
                },
                {
                    "x": 0.09090909090909091,
                    "y": 0.375,
                    "p": 0.7392106635243149
                },
                {
                    "x": 0.09090909090909091,
                    "y": 0.42857142857142855,
                    "p": 0.7416670234655712
                },
                {
                    "x": 0.09090909090909091,
                    "y": 0.5,
                    "p": 0.7462004282440509
                },
                {
                    "x": 0.09090909090909091,
                    "y": 0.6,
                    "p": 0.763998194022981
                },
                {
                    "x": 0.06060606060606061,
                    "y": 0.5,
                    "p": 0.7769156222879311
                },
                {
                    "x": 0.030303030303030304,
                    "y": 0.3333333333333333,
                    "p": 0.7895822167795923
                },
                {
                    "x": 0.030303030303030304,
                    "y": 0.5,
                    "p": 0.8016244689284565
                },
                {
                    "x": 0.0,
                    "y": 0.0,
                    "p": 0.8338626011573393
                }
            ],
            "positiveRate": 0.2920353982300885
        }
    ],
    "densityData": {
        "Bad": {
            "actualIsThisClass": [
                0.041529081144989974,
                0.05045753745308274,
                0.0609124991006161,
                0.07306544038034793,
                0.08708849661208572,
                0.10315025109105896,
                0.12141090564496035,
                0.1420169247082495,
                0.16509528392177367,
                0.19074749462317026,
                0.21904361222611038,
                0.25001646617433526,
                0.28365636870781896,
                0.31990656624420916,
                0.3586596885877179,
                0.39975542625396704,
                0.44297962502031046,
                0.48806493086310854,
                0.5346930506407562,
                0.5824986184270108,
                0.6310745794848359,
                0.6799789292335284,
                0.728742578940029,
                0.7768780684128715,
                0.82388881270597,
                0.8692785571630673,
                0.912560723578227,
                0.9532673583743542,
                0.9909574382587609,
                1.0252243451088758,
                1.0557023842804265,
                1.0820722832711536,
                1.104065665284639,
                1.1214685402931037,
                1.1341238917117549,
                1.1419334584601113,
                1.1448588203596073,
                1.142921891308144,
                1.136204912324521,
                1.1248500187309216,
                1.1090584357724573,
                1.089089337671973,
                1.0652583884149478,
                1.0379359693105574,
                1.0075450883726438,
                0.9745589587202663,
                0.9394982258720402,
                0.9029278152160497,
                0.8654533595713843,
                0.8277171517602926,
                0.7903935485435869,
                0.7541837312534041,
                0.719809707149199,
                0.6880074169869682,
                0.659518802230227,
                0.6350826837477167,
                0.6154243166566341,
                0.6012435166164919,
                0.5932013039169701,
                0.5919050844544363,
                0.5978924809164333,
                0.6116140411281252,
                0.6334151794841654,
                0.6635178455221544,
                0.7020025527732109,
                0.7487915310126567,
                0.8036338744972458,
                0.8660936355410679,
                0.9355418448098345,
                1.0111534161573679,
                1.091909806220843,
                1.1766081424390795,
                1.2638773074247693,
                1.3522011779480758,
                1.439948874315858,
                1.5254114975944142,
                1.6068444399702866,
                1.6825139734352321,
                1.750746481767694,
                1.8099784280651805,
                1.8588049697685527,
                1.8960250650136203,
                1.9206809708229067,
                1.9320902188690239,
                1.9298684623876907,
                1.913942002719828,
                1.8845493015960457,
                1.842231334332412,
                1.7878112037290583,
                1.722363977167426,
                1.6471781941533021,
                1.5637108867303757,
                1.473538236128052,
                1.3783041398890186,
                1.2796689786370732,
                1.17926075475499,
                1.0786305400511362,
                0.9792138373463425,
                0.8822990588869587,
                0.7890038829210873
            ],
            "actualIsNotThisClass": [
                1.4732218917508369e-05,
                3.986468980193876e-05,
                0.00010264861900624808,
                0.0002515780469157041,
                0.0005870494520004747,
                0.0013046879677793568,
                0.002762746019303904,
                0.005576737223524066,
                0.010736548888082495,
                0.019727987471164235,
                0.03462452285557135,
                0.05810259502982225,
                0.09333529759809278,
                0.14374380590700322,
                0.21263485453650713,
                0.30281236735567213,
                0.4162927904330248,
                0.5542419194474222,
                0.7171662230109667,
                0.905251368545081,
                1.1186078947005513,
                1.3571472643074236,
                1.6199367308104786,
                1.9041570712274793,
                2.204099990812264,
                2.510812630453058,
                2.812873256377053,
                3.098345613361294,
                3.357371439773266,
                3.584409362240995,
                3.779083629203274,
                3.9450618193233664,
                4.0871795464324245,
                4.207823860324277,
                4.304004247338141,
                4.3663720834387005,
                4.380752057745111,
                4.331812225297184,
                4.207706226425651,
                4.004176420953106,
                3.726815770929542,
                3.3908339158938783,
                3.018493159959568,
                2.6350740655276046,
                2.264576401551796,
                1.9262812842933237,
                1.632869970826415,
                1.390203295214579,
                1.198343030578443,
                1.0531271180017738,
                0.9476634672496793,
                0.8734086849881401,
                0.8208695068698335,
                0.7802092234314632,
                0.7420445229512848,
                0.6985050986787563,
                0.6443444364309036,
                0.5777139864952954,
                0.5002528868572769,
                0.4163818598987183,
                0.3319947893959306,
                0.2529587221019133,
                0.18386634297514454,
                0.1273409416792121,
                0.08396218844939657,
                0.05267397257109344,
                0.031428845715172835,
                0.017830251974272078,
                0.009616053436493513,
                0.004929307864398997,
                0.002401496373536591,
                0.001111871306779734,
                0.0004891950625580648,
                0.00020452621298572282,
                8.12538416284846e-05,
                3.067315452666256e-05,
                1.1002370266731234e-05,
                3.74992382542532e-06,
                1.214403791425612e-06,
                3.7368448164446766e-07,
                1.0925606968748e-07,
                3.03516468393786e-08,
                8.011483899248422e-09,
                2.0092578745703846e-09,
                4.787937808949617e-10,
                1.0840506933927129e-10,
                2.3320462362308416e-11,
                4.766607885031671e-12,
                9.256880319578595e-13,
                1.708051953316602e-13,
                2.994449324217073e-14,
                4.987817825471337e-15,
                7.893692095305622e-16,
                1.1869270457360825e-16,
                1.6956662495161422e-17,
                2.3015875306652595e-18,
                2.968135015126479e-19,
                3.636696981568592e-20,
                4.233466858423709e-21,
                4.682190519272376e-22
            ],
            "actualIsThisClassMedian": 0.7895514924013192,
            "actualIsNotThisClassMedian": 0.361859554988068
        },
        "Good": {
            "actualIsThisClass": [
                4.68219051927241e-22,
                4.233466858423799e-21,
                3.636696981568695e-20,
                2.9681350151265426e-19,
                2.301587530665276e-18,
                1.6956662495161783e-17,
                1.1869270457360909e-16,
                7.89369209530579e-16,
                4.987817825471408e-15,
                2.994449324217116e-14,
                1.7080519533166627e-13,
                9.256880319578694e-13,
                4.7666078850318066e-12,
                2.3320462362308664e-11,
                1.0840506933927284e-10,
                4.787937808949668e-10,
                2.009257874570413e-09,
                8.011483899248566e-09,
                3.035164683937882e-08,
                1.0925606968748155e-07,
                3.7368448164447094e-07,
                1.214403791425625e-06,
                3.749923825425333e-06,
                1.1002370266731312e-05,
                3.0673154526662885e-05,
                8.125384162848488e-05,
                0.000204526212985725,
                0.0004891950625580657,
                0.001111871306779742,
                0.0024014963735366083,
                0.004929307864399014,
                0.009616053436493572,
                0.01783025197427211,
                0.031428845715173,
                0.05267397257109351,
                0.08396218844939683,
                0.12734094167921248,
                0.18386634297514476,
                0.25295872210191384,
                0.3319947893959309,
                0.41638185989871884,
                0.5002528868572769,
                0.5777139864952954,
                0.6443444364309038,
                0.6985050986787563,
                0.7420445229512844,
                0.7802092234314635,
                0.8208695068698335,
                0.8734086849881405,
                0.9476634672496793,
                1.0531271180017734,
                1.1983430305784442,
                1.3902032952145804,
                1.632869970826415,
                1.926281284293327,
                2.264576401551796,
                2.6350740655276046,
                3.018493159959568,
                3.390833915893884,
                3.7268157709295386,
                4.004176420953106,
                4.207706226425651,
                4.331812225297188,
                4.380752057745108,
                4.366372083438696,
                4.304004247338141,
                4.207823860324269,
                4.08717954643242,
                3.945061819323363,
                3.7790836292032703,
                3.584409362240992,
                3.35737143977326,
                3.098345613361291,
                2.8128732563770455,
                2.5108126304530534,
                2.2040999908122623,
                1.9041570712274776,
                1.6199367308104786,
                1.3571472643074225,
                1.1186078947005504,
                0.905251368545079,
                0.717166223010966,
                0.5542419194474204,
                0.4162927904330244,
                0.3028123673556724,
                0.21263485453650666,
                0.14374380590700328,
                0.09333529759809261,
                0.05810259502982227,
                0.03462452285557125,
                0.019727987471164225,
                0.010736548888082533,
                0.00557673722352406,
                0.0027627460193039135,
                0.0013046879677793522,
                0.0005870494520004741,
                0.0002515780469157059,
                0.00010264861900624845,
                3.986468980193904e-05,
                1.4732218917508525e-05
            ],
            "actualIsNotThisClass": [
                0.7890038829210873,
                0.8822990588869587,
                0.9792138373463425,
                1.0786305400511351,
                1.1792607547549911,
                1.2796689786370745,
                1.3783041398890221,
                1.473538236128052,
                1.5637108867303757,
                1.6471781941533021,
                1.7223639771674275,
                1.7878112037290568,
                1.842231334332412,
                1.8845493015960457,
                1.913942002719828,
                1.9298684623876925,
                1.9320902188690223,
                1.9206809708229102,
                1.8960250650136203,
                1.8588049697685527,
                1.8099784280651772,
                1.750746481767691,
                1.6825139734352321,
                1.6068444399702881,
                1.5254114975944142,
                1.4399488743158555,
                1.3522011779480771,
                1.2638773074247693,
                1.1766081424390817,
                1.091909806220842,
                1.0111534161573679,
                0.9355418448098337,
                0.8660936355410687,
                0.8036338744972465,
                0.7487915310126574,
                0.7020025527732102,
                0.6635178455221553,
                0.6334151794841643,
                0.6116140411281243,
                0.5978924809164333,
                0.5919050844544371,
                0.5932013039169698,
                0.6012435166164921,
                0.6154243166566343,
                0.6350826837477158,
                0.6595188022302282,
                0.688007416986967,
                0.7198097071492002,
                0.7541837312534048,
                0.7903935485435883,
                0.8277171517602926,
                0.865453359571385,
                0.9029278152160497,
                0.9394982258720402,
                0.9745589587202663,
                1.0075450883726438,
                1.0379359693105592,
                1.0652583884149458,
                1.089089337671973,
                1.1090584357724593,
                1.1248500187309196,
                1.136204912324517,
                1.1429218913081431,
                1.1448588203596073,
                1.1419334584601124,
                1.1341238917117538,
                1.1214685402931037,
                1.104065665284639,
                1.0820722832711527,
                1.0557023842804265,
                1.0252243451088776,
                0.9909574382587583,
                0.9532673583743542,
                0.9125607235782262,
                0.8692785571630666,
                0.8238888127059686,
                0.7768780684128694,
                0.728742578940029,
                0.6799789292335284,
                0.6310745794848363,
                0.5824986184270102,
                0.534693050640756,
                0.48806493086310787,
                0.4429796250203101,
                0.3997554262539672,
                0.35865968858771763,
                0.3199065662442093,
                0.2836563687078187,
                0.25001646617433504,
                0.21904361222611,
                0.19074749462317017,
                0.16509528392177367,
                0.14201692470824936,
                0.12141090564496046,
                0.10315025109105883,
                0.08708849661208565,
                0.073065440380348,
                0.060912499100616045,
                0.05045753745308269,
                0.041529081144989974
            ],
            "actualIsThisClassMedian": 0.638140445011932,
            "actualIsNotThisClassMedian": 0.21044850759868078
        }
    },
    "calibrationData": [
        {
            "y": 0,
            "x": 0,
            "n": 0
        },
        {
            "y": 0.0,
            "x": 0.0848295281072123,
            "n": 6.0
        },
        {
            "y": 0.0,
            "x": 0.15253688728361697,
            "n": 31.0
        },
        {
            "y": 0.0,
            "x": 0.2353720146055839,
            "n": 9.0
        },
        {
            "y": 0.4,
            "x": 0.45249282595495866,
            "n": 5.0
        },
        {
            "y": 0.4666666666666667,
            "x": 0.5555147162983654,
            "n": 15.0
        },
        {
            "y": 0.5357142857142857,
            "x": 0.6421754487572079,
            "n": 28.0
        },
        {
            "y": 0.47058823529411764,
            "x": 0.7343927032562237,
            "n": 17.0
        },
        {
            "y": 0.5,
            "x": 0.8177435350428979,
            "n": 2.0
        },
        {
            "y": 1,
            "x": 1,
            "n": 0
        }
    ],
    "probaDistribData": {
        "bins": [
            0.0,
            0.1,
            0.2,
            0.3,
            0.4,
            0.5,
            0.6,
            0.7,
            0.8,
            0.9,
            1.0
        ],
        "probaDistribs": [
            [
                6.0,
                31.0,
                9.0,
                0.0,
                3.0,
                8.0,
                13.0,
                9.0,
                1.0,
                0.0
            ],
            [
                0.0,
                0.0,
                0.0,
                0.0,
                2.0,
                7.0,
                15.0,
                8.0,
                1.0,
                0.0
            ]
        ]
    },
    "globalMetrics": {
        "testWeight": 113,
        "targetAvg": [
            0.2920353982300885
        ],
        "targetStd": [
            0.45672389145028497
        ],
        "predictionAvg": [
            0.5929203539823009
        ],
        "predictionStd": [
            0.4912899427179473
        ]
    }
}