{
    "predictedClassCountPerCut": [
        {
            "Good": 113
        },
        {
            "Good": 113
        },
        {
            "Good": 113
        },
        {
            "Good": 112,
            "Bad": 1
        },
        {
            "Good": 107,
            "Bad": 6
        },
        {
            "Good": 101,
            "Bad": 12
        },
        {
            "Good": 94,
            "Bad": 19
        },
        {
            "Good": 82,
            "Bad": 31
        },
        {
            "Good": 76,
            "Bad": 37
        },
        {
            "Good": 71,
            "Bad": 42
        },
        {
            "Good": 71,
            "Bad": 42
        },
        {
            "Good": 68,
            "Bad": 45
        },
        {
            "Good": 67,
            "Bad": 46
        },
        {
            "Good": 67,
            "Bad": 46
        },
        {
            "Good": 67,
            "Bad": 46
        },
        {
            "Good": 67,
            "Bad": 46
        },
        {
            "Good": 67,
            "Bad": 46
        },
        {
            "Good": 67,
            "Bad": 46
        },
        {
            "Good": 65,
            "Bad": 48
        },
        {
            "Good": 62,
            "Bad": 51
        },
        {
            "Good": 62,
            "Bad": 51
        },
        {
            "Good": 59,
            "Bad": 54
        },
        {
            "Bad": 58,
            "Good": 55
        },
        {
            "Bad": 61,
            "Good": 52
        },
        {
            "Bad": 66,
            "Good": 47
        },
        {
            "Bad": 77,
            "Good": 36
        },
        {
            "Bad": 85,
            "Good": 28
        },
        {
            "Bad": 88,
            "Good": 25
        },
        {
            "Bad": 94,
            "Good": 19
        },
        {
            "Bad": 102,
            "Good": 11
        },
        {
            "Bad": 108,
            "Good": 5
        },
        {
            "Bad": 109,
            "Good": 4
        },
        {
            "Bad": 111,
            "Good": 2
        },
        {
            "Bad": 112,
            "Good": 1
        },
        {
            "Bad": 113
        },
        {
            "Bad": 113
        },
        {
            "Bad": 113
        },
        {
            "Bad": 113
        },
        {
            "Bad": 113
        },
        {
            "Bad": 113
        }
    ],
    "cuts": [
        0.0,
        0.025,
        0.05,
        0.075,
        0.1,
        0.125,
        0.15,
        0.175,
        0.2,
        0.225,
        0.25,
        0.275,
        0.3,
        0.325,
        0.35,
        0.375,
        0.4,
        0.425,
        0.45,
        0.475,
        0.5,
        0.525,
        0.55,
        0.575,
        0.6,
        0.625,
        0.65,
        0.675,
        0.7,
        0.725,
        0.75,
        0.775,
        0.8,
        0.825,
        0.85,
        0.875,
        0.9,
        0.925,
        0.95,
        0.975
    ],
    "predictedClassCount": {
        "Good": 67,
        "Bad": 46
    },
    "probabilityDensities": {
        "Bad": {
            "density": [
                0.0403712894103443,
                0.05041981241921165,
                0.06250736456645656,
                0.07692823484793386,
                0.09399130750290857,
                0.11401427641726675,
                0.13731637180990375,
                0.16420962945470113,
                0.19498881477494523,
                0.22992020437977082,
                0.2692295209431518,
                0.31308940752328474,
                0.36160690746321067,
                0.41481147865246043,
                0.4726441093700635,
                0.5349481115788466,
                0.6014621427243294,
                0.6718159476389043,
                0.7455292197596669,
                0.822013860153815,
                0.9005797710554335,
                0.9804441669923628,
                1.0607442314395608,
                1.1405528005834453,
                1.2188966274085065,
                1.2947766760250565,
                1.3671898222916146,
                1.4351512936746316,
                1.497717167434119,
                1.5540062579222582,
                1.6032207560585887,
                1.6446650317364278,
                1.6777620686913794,
                1.7020670684901473,
                1.7172778349819486,
                1.7232416337835805,
                1.7199583152714448,
                1.7075795963900462,
                1.6864045175619296,
                1.6568712251375948,
                1.61954537322518,
                1.575105584203829,
                1.5243265446477536,
                1.4680604307044465,
                1.4072174416166758,
                1.3427462607386718,
                1.275615251764468,
                1.2067951301327495,
                1.1372437272901261,
                1.0678932959326786,
                0.9996405998923673,
                0.9333398093138484,
                0.8697979987205547,
                0.8097728412884909,
                0.7539719242262938,
                0.7030529913446688,
                0.6576243589179147,
                0.6182447539530692,
                0.5854218891193426,
                0.5596092105169673,
                0.5412004242883378,
                0.5305216144072685,
                0.5278209939602424,
                0.5332565723473826,
                0.5468822574937668,
                0.5686331320158159,
                0.5983108323336993,
                0.635570107400051,
                0.6799077270967426,
                0.7306549385527219,
                0.7869746225530049,
                0.8478641755462515,
                0.9121649332599878,
                0.9785786626347935,
                1.0456912890567964,
                1.1120036119637504,
                1.1759683168622181,
                1.2360321444784956,
                1.2906816610257672,
                1.3384907216535853,
                1.378167464564884,
                1.4085985434672854,
                1.4288883201589972,
                1.438390905534446,
                1.4367332521449212,
                1.4238279479174458,
                1.3998749101593095,
                1.3653517934074861,
                1.3209935595705158,
                1.2677622674037825,
                1.206808675878587,
                1.1394276837269353,
                1.0670099161340765,
                0.9909919019095156,
                0.9128072563310923,
                0.8338411050844192,
                0.7553896738274898,
                0.6786265556578033,
                0.6045766910059515,
                0.534098589667539
            ],
            "median": 0.4545608540121978
        },
        "Good": {
            "density": [
                0.5340985896675394,
                0.6045766910059515,
                0.6786265556578039,
                0.7553896738274891,
                0.8338411050844208,
                0.9128072563310923,
                0.9909919019095191,
                1.0670099161340765,
                1.1394276837269333,
                1.206808675878585,
                1.2677622674037814,
                1.3209935595705133,
                1.3653517934074837,
                1.3998749101593095,
                1.4238279479174407,
                1.43673325214492,
                1.438390905534446,
                1.428888320159,
                1.4085985434672854,
                1.3781674645648878,
                1.3384907216535842,
                1.2906816610257672,
                1.2360321444784956,
                1.1759683168622224,
                1.1120036119637535,
                1.0456912890567935,
                0.9785786626347918,
                0.9121649332599878,
                0.847864175546253,
                0.7869746225530057,
                0.7306549385527199,
                0.6799077270967426,
                0.6355701074000499,
                0.5983108323336993,
                0.5686331320158153,
                0.5468822574937668,
                0.533256572347383,
                0.5278209939602415,
                0.5305216144072694,
                0.5412004242883383,
                0.5596092105169683,
                0.5854218891193431,
                0.6182447539530692,
                0.6576243589179147,
                0.7030529913446688,
                0.7539719242262951,
                0.8097728412884895,
                0.8697979987205547,
                0.9333398093138467,
                0.9996405998923673,
                1.0678932959326766,
                1.1372437272901272,
                1.2067951301327475,
                1.2756152517644703,
                1.3427462607386693,
                1.4072174416166696,
                1.4680604307044476,
                1.5243265446477563,
                1.5751055842038304,
                1.6195453732251814,
                1.6568712251375963,
                1.6864045175619324,
                1.7075795963900462,
                1.7199583152714448,
                1.7232416337835805,
                1.7172778349819486,
                1.7020670684901489,
                1.677762068691378,
                1.6446650317364278,
                1.6032207560585916,
                1.5540062579222595,
                1.497717167434119,
                1.4351512936746291,
                1.3671898222916121,
                1.2947766760250532,
                1.2188966274085065,
                1.1405528005834453,
                1.0607442314395616,
                0.9804441669923611,
                0.9005797710554343,
                0.822013860153815,
                0.7455292197596676,
                0.6718159476389025,
                0.6014621427243294,
                0.5349481115788466,
                0.47264410937006307,
                0.4148114786524608,
                0.3616069074632099,
                0.3130894075232842,
                0.26922952094315106,
                0.2299202043797702,
                0.1949888147749455,
                0.1642096294547007,
                0.137316371809904,
                0.1140142764172666,
                0.09399130750290836,
                0.07692823484793379,
                0.06250736456645645,
                0.05041981241921156,
                0.04037128941034428
            ],
            "median": 0.5454391459878022
        }
    }
}