{
  "starred": false,
  "clusterMetas": {},
  "sessionName": "improved model",
  "customMeta": {
    "kv": {}
  },
  "tags": [],
  "activeClassifierThreshold": 0.3,
  "description": "",
  "name": "Logistic Regression (improved model)",
  "labels": [
    {
      "key": "trainDataset:dataset-name",
      "value": "trainv2"
    },
    {
      "key": "testDataset:dataset-name",
      "value": "testv2"
    },
    {
      "key": "evaluationDataset:dataset-name",
      "value": "testv2"
    },
    {
      "key": "model:algorithm",
      "value": "LOGISTIC_REGRESSION"
    },
    {
      "key": "model:name",
      "value": "Logistic Regression (improved model)"
    },
    {
      "key": "model:session-name",
      "value": "improved model"
    },
    {
      "key": "model:date",
      "value": "2025-04-15T06:26:34.177+0000"
    },
    {
      "key": "evaluation:date",
      "value": "2025-04-15T06:26:34.177+0000"
    }
  ]
}