{
    "global": {
        "size": 566,
        "facts": [
            {
                "type": "numerical",
                "feature_label": "Average Transactions per Month",
                "cluster_label": "cluster_outliers",
                "mean": 106725.1837,
                "std": 5688.643659220634,
                "diff": 11.830102475951312,
                "global_mean": 764.3541427561838,
                "global_std": 8956.881799852965
            },
            {
                "type": "numerical",
                "feature_label": "RFM Score",
                "cluster_label": "cluster_2",
                "mean": 4.014218009478673,
                "std": 0.8250753096119505,
                "diff": 1.133535390684782,
                "global_mean": 2.46113074204947,
                "global_std": 1.370126844024662
            },
            {
                "type": "categorical",
                "feature_label": "Profile Picture on Social Media",
                "cluster_label": "cluster_2",
                "category_value": "true",
                "global_ratio": 0.5247349823321554,
                "current_ratio": 1.0,
                "current_impact": 0.9784947955806405,
                "diff": -0.9057239057239059
            },
            {
                "type": "numerical",
                "feature_label": "Age",
                "cluster_label": "cluster_1",
                "mean": 50.86910994764398,
                "std": 9.693114145372286,
                "diff": 0.7567005419426788,
                "global_mean": 40.35865724381625,
                "global_std": 13.889844292755782
            },
            {
                "type": "numerical",
                "feature_label": "RFM Score",
                "cluster_label": "cluster_0",
                "mean": 1.525,
                "std": 0.5372887913245717,
                "diff": -0.6832438515689867,
                "global_mean": 2.46113074204947,
                "global_std": 1.370126844024662
            },
            {
                "type": "numerical",
                "feature_label": "Age",
                "cluster_label": "cluster_outliers",
                "mean": 31.0,
                "std": 3.1622776601683795,
                "diff": -0.6737769730577354,
                "global_mean": 40.35865724381625,
                "global_std": 13.889844292755782
            },
            {
                "type": "numerical",
                "feature_label": "RFM Score",
                "cluster_label": "cluster_1",
                "mean": 1.5392670157068062,
                "std": 0.5499066781219811,
                "diff": -0.6728309355904208,
                "global_mean": 2.46113074204947,
                "global_std": 1.370126844024662
            },
            {
                "type": "numerical",
                "feature_label": "Age",
                "cluster_label": "cluster_0",
                "mean": 31.09375,
                "std": 10.151554006266153,
                "diff": -0.6670274373520764,
                "global_mean": 40.35865724381625,
                "global_std": 13.889844292755782
            },
            {
                "type": "categorical",
                "feature_label": "Payback Status",
                "cluster_label": "cluster_1",
                "category_value": "Default",
                "global_ratio": 0.42402826855123676,
                "current_ratio": 0.6910994764397905,
                "current_impact": 0.6778123516692157,
                "diff": -0.6298429319371726
            },
            {
                "type": "categorical",
                "feature_label": "Profile Picture on Social Media",
                "cluster_label": "cluster_0",
                "category_value": "false",
                "global_ratio": 0.4752650176678445,
                "current_ratio": 0.76875,
                "current_impact": 0.7514861775098732,
                "diff": -0.617518587360595
            }
        ]
    },
    "clusters": [
        {
            "cluster": "cluster_0",
            "size": 160,
            "facts": [
                {
                    "type": "numerical",
                    "feature_label": "RFM Score",
                    "cluster_label": "cluster_0",
                    "mean": 1.525,
                    "std": 0.5372887913245717,
                    "diff": -0.6832438515689867,
                    "global_mean": 2.46113074204947,
                    "global_std": 1.370126844024662
                },
                {
                    "type": "numerical",
                    "feature_label": "Age",
                    "cluster_label": "cluster_0",
                    "mean": 31.09375,
                    "std": 10.151554006266153,
                    "diff": -0.6670274373520764,
                    "global_mean": 40.35865724381625,
                    "global_std": 13.889844292755782
                },
                {
                    "type": "categorical",
                    "feature_label": "Profile Picture on Social Media",
                    "cluster_label": "cluster_0",
                    "category_value": "false",
                    "global_ratio": 0.4752650176678445,
                    "current_ratio": 0.76875,
                    "current_impact": 0.7514861775098732,
                    "diff": -0.617518587360595
                }
            ]
        },
        {
            "cluster": "cluster_1",
            "size": 191,
            "facts": [
                {
                    "type": "numerical",
                    "feature_label": "Age",
                    "cluster_label": "cluster_1",
                    "mean": 50.86910994764398,
                    "std": 9.693114145372286,
                    "diff": 0.7567005419426788,
                    "global_mean": 40.35865724381625,
                    "global_std": 13.889844292755782
                },
                {
                    "type": "numerical",
                    "feature_label": "RFM Score",
                    "cluster_label": "cluster_1",
                    "mean": 1.5392670157068062,
                    "std": 0.5499066781219811,
                    "diff": -0.6728309355904208,
                    "global_mean": 2.46113074204947,
                    "global_std": 1.370126844024662
                },
                {
                    "type": "categorical",
                    "feature_label": "Payback Status",
                    "cluster_label": "cluster_1",
                    "category_value": "Default",
                    "global_ratio": 0.42402826855123676,
                    "current_ratio": 0.6910994764397905,
                    "current_impact": 0.6778123516692157,
                    "diff": -0.6298429319371726
                }
            ]
        },
        {
            "cluster": "cluster_2",
            "size": 211,
            "facts": [
                {
                    "type": "numerical",
                    "feature_label": "RFM Score",
                    "cluster_label": "cluster_2",
                    "mean": 4.014218009478673,
                    "std": 0.8250753096119505,
                    "diff": 1.133535390684782,
                    "global_mean": 2.46113074204947,
                    "global_std": 1.370126844024662
                },
                {
                    "type": "categorical",
                    "feature_label": "Profile Picture on Social Media",
                    "cluster_label": "cluster_2",
                    "category_value": "true",
                    "global_ratio": 0.5247349823321554,
                    "current_ratio": 1.0,
                    "current_impact": 0.9784947955806405,
                    "diff": -0.9057239057239059
                },
                {
                    "type": "numerical",
                    "feature_label": "Age",
                    "cluster_label": "cluster_2",
                    "mean": 38.04739336492891,
                    "std": 13.526961800568928,
                    "diff": -0.1663995528080023,
                    "global_mean": 40.35865724381625,
                    "global_std": 13.889844292755782
                }
            ]
        },
        {
            "cluster": "cluster_outliers",
            "size": 4,
            "facts": [
                {
                    "type": "numerical",
                    "feature_label": "Average Transactions per Month",
                    "cluster_label": "cluster_outliers",
                    "mean": 106725.1837,
                    "std": 5688.643659220634,
                    "diff": 11.830102475951312,
                    "global_mean": 764.3541427561838,
                    "global_std": 8956.881799852965
                },
                {
                    "type": "numerical",
                    "feature_label": "Age",
                    "cluster_label": "cluster_outliers",
                    "mean": 31.0,
                    "std": 3.1622776601683795,
                    "diff": -0.6737769730577354,
                    "global_mean": 40.35865724381625,
                    "global_std": 13.889844292755782
                },
                {
                    "type": "categorical",
                    "feature_label": "Gender",
                    "cluster_label": "cluster_outliers",
                    "category_value": "Female",
                    "global_ratio": 0.4911660777385159,
                    "current_ratio": 0.75,
                    "current_impact": 0.5651186269560828,
                    "diff": -0.5269784172661871
                }
            ]
        }
    ]
}