{
    "cluster_labels": [
        "cluster_0",
        "cluster_1",
        "cluster_2",
        "cluster_outliers"
    ],
    "cluster_sizes": [
        160,
        191,
        211,
        4
    ],
    "total_size": 566,
    "num_names": [
        "Age",
        "Average Transactions per Month",
        "Credit Balance (AED)",
        "Number of Referrals",
        "RFM Score",
        "Years with Firm"
    ],
    "num_averages": [
        40.35865724381625,
        764.3541427561838,
        502.35689045936397,
        4.892226148409894,
        2.46113074204947,
        5.128975265017668
    ],
    "num_std_devs": [
        13.889844292755782,
        8956.881799852965,
        289.8699797273387,
        3.1663121104251286,
        1.370126844024662,
        3.192243033546756
    ],
    "cluster_num_averages": [
        [
            31.09375,
            10.477,
            389.76875,
            6.775,
            1.525,
            4.65
        ],
        [
            50.86910994764398,
            10.021780104712043,
            597.8010471204188,
            3.6649214659685865,
            1.5392670157068062,
            5.172774869109948
        ],
        [
            38.04739336492891,
            10.110094786729858,
            499.92890995260666,
            4.563981042654029,
            4.014218009478673,
            5.459715639810427
        ],
        [
            31.0,
            106725.1837,
            576.5,
            5.5,
            2.0,
            4.75
        ]
    ],
    "cluster_num_std_devs": [
        [
            10.151554006266153,
            5.514145993509406,
            277.7980403432563,
            2.6301349894811636,
            0.5372887913245717,
            3.0410193590535326
        ],
        [
            9.693114145372286,
            5.559968285958586,
            270.46391373060607,
            2.9078432718769327,
            0.5499066781219811,
            3.293772776267499
        ],
        [
            13.526961800568928,
            5.461053185580101,
            285.02995610026755,
            3.1273648240165466,
            0.8250753096119505,
            3.1940477252438138
        ],
        [
            3.1622776601683795,
            5688.643659220634,
            388.4932431844858,
            2.886751345948129,
            0.816496580927726,
            2.753785273643051
        ]
    ],
    "cat_names": [
        "Active on Social Media",
        "Gender",
        "Payback Status",
        "Profile Picture on Social Media",
        "tag"
    ],
    "levels": [
        [
            "true",
            "false"
        ],
        [
            "Male",
            "Female"
        ],
        [
            "Default",
            "4",
            "8",
            "11",
            "7",
            "3",
            "10",
            "6",
            "12",
            "1",
            "2",
            "9",
            "5"
        ],
        [
            "true",
            "false"
        ],
        [
            "false",
            "true"
        ]
    ],
    "proportions": [
        [
            0.5159010600706714,
            0.4840989399293286
        ],
        [
            0.508833922261484,
            0.4911660777385159
        ],
        [
            0.42402826855123676,
            0.07420494699646643,
            0.0636042402826855,
            0.05653710247349823,
            0.053003533568904596,
            0.04946996466431095,
            0.04770318021201413,
            0.044169611307420496,
            0.04063604240282685,
            0.038869257950530034,
            0.037102473498233215,
            0.037102473498233215,
            0.03356890459363958
        ],
        [
            0.5247349823321554,
            0.4752650176678445
        ],
        [
            0.7049469964664311,
            0.2950530035335689
        ]
    ],
    "cluster_proportions": [
        [
            [
                0.55625,
                0.44375
            ],
            [
                0.5625,
                0.4375
            ],
            [
                0.6625,
                0.0125,
                0.0625,
                0.0375,
                0.0375,
                0.025,
                0.01875,
                0.025,
                0.025,
                0.025,
                0.01875,
                0.0125,
                0.0375
            ],
            [
                0.23125,
                0.76875
            ],
            [
                0.73125,
                0.26875
            ]
        ],
        [
            [
                0.5497382198952879,
                0.450261780104712
            ],
            [
                0.46596858638743455,
                0.5340314136125655
            ],
            [
                0.6910994764397905,
                0.03664921465968586,
                0.031413612565445025,
                0.02617801047120419,
                0.020942408376963352,
                0.031413612565445025,
                0.020942408376963352,
                0.031413612565445025,
                0.020942408376963352,
                0.031413612565445025,
                0.02617801047120419,
                0.020942408376963352,
                0.010471204188481676
            ],
            [
                0.24607329842931938,
                0.7539267015706806
            ],
            [
                0.6596858638743456,
                0.3403141361256545
            ]
        ],
        [
            [
                0.45023696682464454,
                0.5497630331753555
            ],
            [
                0.5118483412322274,
                0.4881516587677725
            ],
            [
                0.0,
                0.15165876777251186,
                0.0947867298578199,
                0.0995260663507109,
                0.09004739336492891,
                0.08530805687203792,
                0.0947867298578199,
                0.07109004739336493,
                0.07109004739336493,
                0.05687203791469194,
                0.061611374407582936,
                0.07109004739336493,
                0.052132701421800945
            ],
            [
                1.0,
                0.0
            ],
            [
                0.7203791469194313,
                0.2796208530805687
            ]
        ],
        [
            [
                0.75,
                0.25
            ],
            [
                0.25,
                0.75
            ],
            [
                0.5,
                0.25,
                0.0,
                0.0,
                0.25,
                0.0,
                0.0,
                0.0,
                0.0,
                0.0,
                0.0,
                0.0,
                0.0
            ],
            [
                0.5,
                0.5
            ],
            [
                1.0,
                0.0
            ]
        ]
    ]
}