[
    {
        "variable": "Years with Firm",
        "per_cluster": [
            {
                "min": 0.0,
                "max": 10.0,
                "median": 4.0,
                "percentile25": 2.0,
                "percentile75": 7.0,
                "percentile9": 1.0,
                "percentile91": 9.0,
                "std": 3.031501278244824,
                "distribution": [
                    11,
                    0,
                    0,
                    0,
                    0,
                    0,
                    18,
                    0,
                    0,
                    0,
                    0,
                    0,
                    17,
                    0,
                    0,
                    0,
                    0,
                    0,
                    18,
                    0,
                    0,
                    0,
                    0,
                    0,
                    22,
                    0,
                    0,
                    0,
                    0,
                    0,
                    16,
                    0,
                    0,
                    0,
                    0,
                    0,
                    10,
                    0,
                    0,
                    0,
                    0,
                    0,
                    14,
                    0,
                    0,
                    0,
                    0,
                    0,
                    8,
                    0,
                    0,
                    0,
                    0,
                    0,
                    12,
                    0,
                    0,
                    0,
                    0,
                    14
                ],
                "max_ratio": 0.1375,
                "total_no_nan": 160,
                "total": 160,
                "cluster_name": "cluster_0"
            },
            {
                "min": 0.0,
                "max": 10.0,
                "median": 5.0,
                "percentile25": 2.0,
                "percentile75": 8.0,
                "percentile9": 1.0,
                "percentile91": 10.0,
                "std": 3.285139018884871,
                "distribution": [
                    15,
                    0,
                    0,
                    0,
                    0,
                    0,
                    21,
                    0,
                    0,
                    0,
                    0,
                    0,
                    15,
                    0,
                    0,
                    0,
                    0,
                    0,
                    17,
                    0,
                    0,
                    0,
                    0,
                    0,
                    22,
                    0,
                    0,
                    0,
                    0,
                    0,
                    12,
                    0,
                    0,
                    0,
                    0,
                    0,
                    12,
                    0,
                    0,
                    0,
                    0,
                    0,
                    15,
                    0,
                    0,
                    0,
                    0,
                    0,
                    20,
                    0,
                    0,
                    0,
                    0,
                    0,
                    19,
                    0,
                    0,
                    0,
                    0,
                    23
                ],
                "max_ratio": 0.12041884816753927,
                "total_no_nan": 191,
                "total": 191,
                "cluster_name": "cluster_1"
            },
            {
                "min": 0.0,
                "max": 10.0,
                "median": 6.0,
                "percentile25": 3.0,
                "percentile75": 8.0,
                "percentile9": 1.0,
                "percentile91": 10.0,
                "std": 3.186469902645606,
                "distribution": [
                    18,
                    0,
                    0,
                    0,
                    0,
                    0,
                    17,
                    0,
                    0,
                    0,
                    0,
                    0,
                    15,
                    0,
                    0,
                    0,
                    0,
                    0,
                    11,
                    0,
                    0,
                    0,
                    0,
                    0,
                    15,
                    0,
                    0,
                    0,
                    0,
                    0,
                    27,
                    0,
                    0,
                    0,
                    0,
                    0,
                    18,
                    0,
                    0,
                    0,
                    0,
                    0,
                    24,
                    0,
                    0,
                    0,
                    0,
                    0,
                    19,
                    0,
                    0,
                    0,
                    0,
                    0,
                    21,
                    0,
                    0,
                    0,
                    0,
                    26
                ],
                "max_ratio": 0.12796208530805686,
                "total_no_nan": 211,
                "total": 211,
                "cluster_name": "cluster_2"
            },
            {
                "min": 2.0,
                "max": 8.0,
                "median": 4.5,
                "percentile25": 2.75,
                "percentile75": 6.5,
                "percentile9": 2.27,
                "percentile91": 7.46,
                "std": 2.384848003542364,
                "distribution": [
                    0,
                    0,
                    0,
                    0,
                    0,
                    0,
                    0,
                    0,
                    0,
                    0,
                    0,
                    0,
                    1,
                    0,
                    0,
                    0,
                    0,
                    0,
                    1,
                    0,
                    0,
                    0,
                    0,
                    0,
                    0,
                    0,
                    0,
                    0,
                    0,
                    0,
                    0,
                    0,
                    0,
                    0,
                    0,
                    0,
                    1,
                    0,
                    0,
                    0,
                    0,
                    0,
                    0,
                    0,
                    0,
                    0,
                    0,
                    0,
                    1,
                    0,
                    0,
                    0,
                    0,
                    0,
                    0,
                    0,
                    0,
                    0,
                    0,
                    0
                ],
                "max_ratio": 0.25,
                "total_no_nan": 4,
                "total": 4,
                "cluster_name": "cluster_outliers"
            }
        ],
        "type": "numerical",
        "scale": {
            "min": 0.0,
            "max": 10.0,
            "max_ratio": 0.25
        },
        "global": {
            "min": 0.0,
            "max": 10.0,
            "median": 5.0,
            "percentile25": 2.0,
            "percentile75": 8.0,
            "percentile9": 1.0,
            "percentile91": 10.0,
            "std": 3.189421784181168,
            "distribution": [
                44,
                0,
                0,
                0,
                0,
                0,
                56,
                0,
                0,
                0,
                0,
                0,
                48,
                0,
                0,
                0,
                0,
                0,
                47,
                0,
                0,
                0,
                0,
                0,
                59,
                0,
                0,
                0,
                0,
                0,
                55,
                0,
                0,
                0,
                0,
                0,
                41,
                0,
                0,
                0,
                0,
                0,
                53,
                0,
                0,
                0,
                0,
                0,
                48,
                0,
                0,
                0,
                0,
                0,
                52,
                0,
                0,
                0,
                0,
                63
            ],
            "max_ratio": 0.11130742049469965,
            "total_no_nan": 566,
            "total": 566
        }
    },
    {
        "variable": "Average Transactions per Month",
        "per_cluster": [
            {
                "min": 1.02,
                "max": 19.55,
                "median": 9.930000000000001,
                "percentile25": 6.0975,
                "percentile75": 15.177500000000002,
                "percentile9": 2.4303000000000003,
                "percentile91": 18.13,
                "std": 5.496887278269402,
                "distribution": [
                    160,
                    0,
                    0,
                    0,
                    0,
                    0,
                    0,
                    0,
                    0,
                    0,
                    0,
                    0,
                    0,
                    0,
                    0,
                    0,
                    0,
                    0,
                    0,
                    0,
                    0,
                    0,
                    0,
                    0,
                    0,
                    0,
                    0,
                    0,
                    0,
                    0,
                    0,
                    0,
                    0,
                    0,
                    0,
                    0,
                    0,
                    0,
                    0,
                    0,
                    0,
                    0,
                    0,
                    0,
                    0,
                    0,
                    0,
                    0,
                    0,
                    0,
                    0,
                    0,
                    0,
                    0,
                    0,
                    0,
                    0,
                    0,
                    0,
                    0
                ],
                "max_ratio": 1.0,
                "total_no_nan": 160,
                "total": 160,
                "cluster_name": "cluster_0"
            },
            {
                "min": 1.17,
                "max": 19.99,
                "median": 9.47,
                "percentile25": 5.175000000000001,
                "percentile75": 14.66,
                "percentile9": 2.685,
                "percentile91": 18.467,
                "std": 5.5453942942181875,
                "distribution": [
                    191,
                    0,
                    0,
                    0,
                    0,
                    0,
                    0,
                    0,
                    0,
                    0,
                    0,
                    0,
                    0,
                    0,
                    0,
                    0,
                    0,
                    0,
                    0,
                    0,
                    0,
                    0,
                    0,
                    0,
                    0,
                    0,
                    0,
                    0,
                    0,
                    0,
                    0,
                    0,
                    0,
                    0,
                    0,
                    0,
                    0,
                    0,
                    0,
                    0,
                    0,
                    0,
                    0,
                    0,
                    0,
                    0,
                    0,
                    0,
                    0,
                    0,
                    0,
                    0,
                    0,
                    0,
                    0,
                    0,
                    0,
                    0,
                    0,
                    0
                ],
                "max_ratio": 1.0,
                "total_no_nan": 191,
                "total": 191,
                "cluster_name": "cluster_1"
            },
            {
                "min": 1.08,
                "max": 19.76,
                "median": 10.58,
                "percentile25": 5.515000000000001,
                "percentile75": 14.97,
                "percentile9": 2.316,
                "percentile91": 17.482,
                "std": 5.448096932011116,
                "distribution": [
                    211,
                    0,
                    0,
                    0,
                    0,
                    0,
                    0,
                    0,
                    0,
                    0,
                    0,
                    0,
                    0,
                    0,
                    0,
                    0,
                    0,
                    0,
                    0,
                    0,
                    0,
                    0,
                    0,
                    0,
                    0,
                    0,
                    0,
                    0,
                    0,
                    0,
                    0,
                    0,
                    0,
                    0,
                    0,
                    0,
                    0,
                    0,
                    0,
                    0,
                    0,
                    0,
                    0,
                    0,
                    0,
                    0,
                    0,
                    0,
                    0,
                    0,
                    0,
                    0,
                    0,
                    0,
                    0,
                    0,
                    0,
                    0,
                    0,
                    0
                ],
                "max_ratio": 1.0,
                "total_no_nan": 211,
                "total": 211,
                "cluster_name": "cluster_2"
            },
            {
                "min": 102162.445,
                "max": 114863.8691,
                "median": 104937.21035,
                "percentile25": 103232.893225,
                "percentile75": 108429.500825,
                "percentile9": 102547.80636100001,
                "percentile91": 112547.496521,
                "std": 4926.509921962335,
                "distribution": [
                    0,
                    0,
                    0,
                    0,
                    0,
                    0,
                    0,
                    0,
                    0,
                    0,
                    0,
                    0,
                    0,
                    0,
                    0,
                    0,
                    0,
                    0,
                    0,
                    0,
                    0,
                    0,
                    0,
                    0,
                    0,
                    0,
                    0,
                    0,
                    0,
                    0,
                    0,
                    0,
                    0,
                    0,
                    0,
                    0,
                    0,
                    0,
                    0,
                    0,
                    0,
                    0,
                    0,
                    0,
                    0,
                    0,
                    0,
                    0,
                    0,
                    0,
                    0,
                    0,
                    0,
                    1,
                    1,
                    1,
                    0,
                    0,
                    0,
                    1
                ],
                "max_ratio": 0.25,
                "total_no_nan": 4,
                "total": 4,
                "cluster_name": "cluster_outliers"
            }
        ],
        "type": "numerical",
        "scale": {
            "min": 1.02,
            "max": 114863.8691,
            "max_ratio": 1.0
        },
        "global": {
            "min": 1.02,
            "max": 114863.8691,
            "median": 9.98,
            "percentile25": 5.595,
            "percentile75": 15.0675,
            "percentile9": 2.46,
            "percentile91": 18.152,
            "std": 8948.965862115787,
            "distribution": [
                562,
                0,
                0,
                0,
                0,
                0,
                0,
                0,
                0,
                0,
                0,
                0,
                0,
                0,
                0,
                0,
                0,
                0,
                0,
                0,
                0,
                0,
                0,
                0,
                0,
                0,
                0,
                0,
                0,
                0,
                0,
                0,
                0,
                0,
                0,
                0,
                0,
                0,
                0,
                0,
                0,
                0,
                0,
                0,
                0,
                0,
                0,
                0,
                0,
                0,
                0,
                0,
                0,
                1,
                1,
                1,
                0,
                0,
                0,
                1
            ],
            "max_ratio": 0.9929328621908127,
            "total_no_nan": 566,
            "total": 566
        }
    },
    {
        "variable": "Credit Balance (AED)",
        "per_cluster": [
            {
                "min": 0.0,
                "max": 999.0,
                "median": 333.0,
                "percentile25": 156.75,
                "percentile75": 599.25,
                "percentile9": 42.24,
                "percentile91": 830.14,
                "std": 276.92856077594723,
                "distribution": [
                    6,
                    6,
                    4,
                    0,
                    7,
                    4,
                    2,
                    6,
                    4,
                    3,
                    3,
                    2,
                    3,
                    5,
                    6,
                    6,
                    3,
                    3,
                    4,
                    3,
                    2,
                    4,
                    4,
                    4,
                    4,
                    0,
                    2,
                    4,
                    4,
                    0,
                    1,
                    2,
                    1,
                    3,
                    3,
                    2,
                    2,
                    1,
                    0,
                    6,
                    0,
                    3,
                    3,
                    2,
                    2,
                    0,
                    2,
                    1,
                    1,
                    3,
                    2,
                    1,
                    1,
                    1,
                    0,
                    1,
                    4,
                    0,
                    2,
                    2
                ],
                "max_ratio": 0.04375,
                "total_no_nan": 160,
                "total": 160,
                "cluster_name": "cluster_0"
            },
            {
                "min": 14.0,
                "max": 999.0,
                "median": 648.0,
                "percentile25": 381.5,
                "percentile75": 827.5000000000001,
                "percentile9": 164.0,
                "percentile91": 934.0,
                "std": 269.7549638513882,
                "distribution": [
                    1,
                    0,
                    0,
                    5,
                    2,
                    2,
                    1,
                    1,
                    3,
                    4,
                    1,
                    0,
                    1,
                    3,
                    1,
                    2,
                    3,
                    5,
                    3,
                    2,
                    3,
                    3,
                    2,
                    2,
                    2,
                    3,
                    2,
                    0,
                    6,
                    1,
                    3,
                    4,
                    4,
                    6,
                    5,
                    3,
                    3,
                    1,
                    3,
                    3,
                    3,
                    11,
                    3,
                    2,
                    3,
                    6,
                    5,
                    3,
                    5,
                    5,
                    6,
                    2,
                    5,
                    5,
                    3,
                    6,
                    5,
                    7,
                    3,
                    4
                ],
                "max_ratio": 0.05759162303664921,
                "total_no_nan": 191,
                "total": 191,
                "cluster_name": "cluster_1"
            },
            {
                "min": 1.0,
                "max": 999.0,
                "median": 493.0,
                "percentile25": 241.00000000000006,
                "percentile75": 738.0,
                "percentile9": 102.5,
                "percentile91": 895.4000000000001,
                "std": 284.35372749371527,
                "distribution": [
                    4,
                    1,
                    1,
                    5,
                    6,
                    2,
                    3,
                    4,
                    5,
                    4,
                    5,
                    5,
                    4,
                    3,
                    2,
                    3,
                    5,
                    2,
                    4,
                    1,
                    1,
                    0,
                    1,
                    5,
                    3,
                    7,
                    2,
                    9,
                    4,
                    7,
                    6,
                    4,
                    2,
                    2,
                    1,
                    3,
                    8,
                    5,
                    2,
                    1,
                    4,
                    3,
                    2,
                    5,
                    4,
                    3,
                    5,
                    2,
                    4,
                    3,
                    2,
                    4,
                    4,
                    5,
                    1,
                    4,
                    2,
                    6,
                    2,
                    4
                ],
                "max_ratio": 0.04265402843601896,
                "total_no_nan": 211,
                "total": 211,
                "cluster_name": "cluster_2"
            },
            {
                "min": 206.0,
                "max": 993.0,
                "median": 553.5,
                "percentile25": 267.5,
                "percentile75": 862.5,
                "percentile9": 228.14,
                "percentile91": 946.02,
                "std": 336.4450177963704,
                "distribution": [
                    0,
                    0,
                    0,
                    0,
                    0,
                    0,
                    0,
                    0,
                    0,
                    0,
                    0,
                    0,
                    1,
                    0,
                    0,
                    0,
                    0,
                    1,
                    0,
                    0,
                    0,
                    0,
                    0,
                    0,
                    0,
                    0,
                    0,
                    0,
                    0,
                    0,
                    0,
                    0,
                    0,
                    0,
                    0,
                    0,
                    0,
                    0,
                    0,
                    0,
                    0,
                    0,
                    0,
                    0,
                    0,
                    0,
                    0,
                    0,
                    0,
                    1,
                    0,
                    0,
                    0,
                    0,
                    0,
                    0,
                    0,
                    0,
                    0,
                    1
                ],
                "max_ratio": 0.25,
                "total_no_nan": 4,
                "total": 4,
                "cluster_name": "cluster_outliers"
            }
        ],
        "type": "numerical",
        "scale": {
            "min": 0.0,
            "max": 999.0,
            "max_ratio": 0.25
        },
        "global": {
            "min": 0.0,
            "max": 999.0,
            "median": 502.0,
            "percentile25": 251.0,
            "percentile75": 752.75,
            "percentile9": 92.39999999999999,
            "percentile91": 917.3000000000001,
            "std": 289.6137976359957,
            "distribution": [
                11,
                7,
                5,
                10,
                15,
                8,
                6,
                11,
                12,
                11,
                9,
                7,
                9,
                11,
                9,
                11,
                11,
                11,
                11,
                6,
                6,
                7,
                7,
                11,
                9,
                10,
                6,
                13,
                14,
                8,
                10,
                10,
                7,
                11,
                9,
                8,
                13,
                7,
                5,
                10,
                7,
                17,
                8,
                9,
                9,
                9,
                12,
                6,
                10,
                12,
                10,
                7,
                10,
                11,
                4,
                11,
                11,
                13,
                7,
                11
            ],
            "max_ratio": 0.030035335689045935,
            "total_no_nan": 566,
            "total": 566
        }
    },
    {
        "variable": "RFM Score",
        "per_cluster": [
            {
                "min": 1.0,
                "max": 3.0,
                "median": 2.0,
                "percentile25": 1.0,
                "percentile75": 2.0,
                "percentile9": 1.0,
                "percentile91": 2.0,
                "std": 0.5356071321407136,
                "distribution": [
                    79,
                    0,
                    0,
                    0,
                    0,
                    0,
                    0,
                    0,
                    0,
                    0,
                    0,
                    0,
                    0,
                    0,
                    0,
                    78,
                    0,
                    0,
                    0,
                    0,
                    0,
                    0,
                    0,
                    0,
                    0,
                    0,
                    0,
                    0,
                    0,
                    0,
                    3,
                    0,
                    0,
                    0,
                    0,
                    0,
                    0,
                    0,
                    0,
                    0,
                    0,
                    0,
                    0,
                    0,
                    0,
                    0,
                    0,
                    0,
                    0,
                    0,
                    0,
                    0,
                    0,
                    0,
                    0,
                    0,
                    0,
                    0,
                    0,
                    0
                ],
                "max_ratio": 0.49375,
                "total_no_nan": 160,
                "total": 160,
                "cluster_name": "cluster_0"
            },
            {
                "min": 1.0,
                "max": 3.0,
                "median": 2.0,
                "percentile25": 1.0,
                "percentile75": 2.0,
                "percentile9": 1.0,
                "percentile91": 2.0,
                "std": 0.5484652426725779,
                "distribution": [
                    93,
                    0,
                    0,
                    0,
                    0,
                    0,
                    0,
                    0,
                    0,
                    0,
                    0,
                    0,
                    0,
                    0,
                    0,
                    93,
                    0,
                    0,
                    0,
                    0,
                    0,
                    0,
                    0,
                    0,
                    0,
                    0,
                    0,
                    0,
                    0,
                    0,
                    5,
                    0,
                    0,
                    0,
                    0,
                    0,
                    0,
                    0,
                    0,
                    0,
                    0,
                    0,
                    0,
                    0,
                    0,
                    0,
                    0,
                    0,
                    0,
                    0,
                    0,
                    0,
                    0,
                    0,
                    0,
                    0,
                    0,
                    0,
                    0,
                    0
                ],
                "max_ratio": 0.4869109947643979,
                "total_no_nan": 191,
                "total": 191,
                "cluster_name": "cluster_1"
            },
            {
                "min": 2.0,
                "max": 5.0,
                "median": 4.0,
                "percentile25": 3.0,
                "percentile75": 5.0,
                "percentile9": 3.0,
                "percentile91": 5.0,
                "std": 0.8231178328100277,
                "distribution": [
                    0,
                    0,
                    0,
                    0,
                    0,
                    0,
                    0,
                    0,
                    0,
                    0,
                    0,
                    0,
                    0,
                    0,
                    0,
                    3,
                    0,
                    0,
                    0,
                    0,
                    0,
                    0,
                    0,
                    0,
                    0,
                    0,
                    0,
                    0,
                    0,
                    0,
                    61,
                    0,
                    0,
                    0,
                    0,
                    0,
                    0,
                    0,
                    0,
                    0,
                    0,
                    0,
                    0,
                    0,
                    0,
                    77,
                    0,
                    0,
                    0,
                    0,
                    0,
                    0,
                    0,
                    0,
                    0,
                    0,
                    0,
                    0,
                    0,
                    70
                ],
                "max_ratio": 0.36492890995260663,
                "total_no_nan": 211,
                "total": 211,
                "cluster_name": "cluster_2"
            },
            {
                "min": 1.0,
                "max": 3.0,
                "median": 2.0,
                "percentile25": 1.75,
                "percentile75": 2.25,
                "percentile9": 1.27,
                "percentile91": 2.73,
                "std": 0.7071067811865476,
                "distribution": [
                    1,
                    0,
                    0,
                    0,
                    0,
                    0,
                    0,
                    0,
                    0,
                    0,
                    0,
                    0,
                    0,
                    0,
                    0,
                    2,
                    0,
                    0,
                    0,
                    0,
                    0,
                    0,
                    0,
                    0,
                    0,
                    0,
                    0,
                    0,
                    0,
                    0,
                    1,
                    0,
                    0,
                    0,
                    0,
                    0,
                    0,
                    0,
                    0,
                    0,
                    0,
                    0,
                    0,
                    0,
                    0,
                    0,
                    0,
                    0,
                    0,
                    0,
                    0,
                    0,
                    0,
                    0,
                    0,
                    0,
                    0,
                    0,
                    0,
                    0
                ],
                "max_ratio": 0.5,
                "total_no_nan": 4,
                "total": 4,
                "cluster_name": "cluster_outliers"
            }
        ],
        "type": "numerical",
        "scale": {
            "min": 1.0,
            "max": 5.0,
            "max_ratio": 0.5
        },
        "global": {
            "min": 1.0,
            "max": 5.0,
            "median": 2.0,
            "percentile25": 1.0,
            "percentile75": 4.0,
            "percentile9": 1.0,
            "percentile91": 5.0,
            "std": 1.3689159495379726,
            "distribution": [
                173,
                0,
                0,
                0,
                0,
                0,
                0,
                0,
                0,
                0,
                0,
                0,
                0,
                0,
                0,
                176,
                0,
                0,
                0,
                0,
                0,
                0,
                0,
                0,
                0,
                0,
                0,
                0,
                0,
                0,
                70,
                0,
                0,
                0,
                0,
                0,
                0,
                0,
                0,
                0,
                0,
                0,
                0,
                0,
                0,
                77,
                0,
                0,
                0,
                0,
                0,
                0,
                0,
                0,
                0,
                0,
                0,
                0,
                0,
                70
            ],
            "max_ratio": 0.31095406360424027,
            "total_no_nan": 566,
            "total": 566
        }
    },
    {
        "variable": "Number of Referrals",
        "per_cluster": [
            {
                "min": 0.0,
                "max": 10.0,
                "median": 7.0,
                "percentile25": 5.0,
                "percentile75": 9.0,
                "percentile9": 2.310000000000001,
                "percentile91": 10.0,
                "std": 2.6219029348928995,
                "distribution": [
                    4,
                    0,
                    0,
                    0,
                    0,
                    0,
                    5,
                    0,
                    0,
                    0,
                    0,
                    0,
                    6,
                    0,
                    0,
                    0,
                    0,
                    0,
                    6,
                    0,
                    0,
                    0,
                    0,
                    0,
                    9,
                    0,
                    0,
                    0,
                    0,
                    0,
                    11,
                    0,
                    0,
                    0,
                    0,
                    0,
                    22,
                    0,
                    0,
                    0,
                    0,
                    0,
                    22,
                    0,
                    0,
                    0,
                    0,
                    0,
                    27,
                    0,
                    0,
                    0,
                    0,
                    0,
                    24,
                    0,
                    0,
                    0,
                    0,
                    24
                ],
                "max_ratio": 0.16875,
                "total_no_nan": 160,
                "total": 160,
                "cluster_name": "cluster_0"
            },
            {
                "min": 0.0,
                "max": 10.0,
                "median": 3.0,
                "percentile25": 1.0,
                "percentile75": 6.0,
                "percentile9": 0.0,
                "percentile91": 8.0,
                "std": 2.9002211269928093,
                "distribution": [
                    30,
                    0,
                    0,
                    0,
                    0,
                    0,
                    28,
                    0,
                    0,
                    0,
                    0,
                    0,
                    22,
                    0,
                    0,
                    0,
                    0,
                    0,
                    24,
                    0,
                    0,
                    0,
                    0,
                    0,
                    16,
                    0,
                    0,
                    0,
                    0,
                    0,
                    16,
                    0,
                    0,
                    0,
                    0,
                    0,
                    15,
                    0,
                    0,
                    0,
                    0,
                    0,
                    18,
                    0,
                    0,
                    0,
                    0,
                    0,
                    9,
                    0,
                    0,
                    0,
                    0,
                    0,
                    6,
                    0,
                    0,
                    0,
                    0,
                    7
                ],
                "max_ratio": 0.15706806282722513,
                "total_no_nan": 191,
                "total": 191,
                "cluster_name": "cluster_1"
            },
            {
                "min": 0.0,
                "max": 10.0,
                "median": 5.0,
                "percentile25": 2.0,
                "percentile75": 7.0,
                "percentile9": 0.0,
                "percentile91": 9.0,
                "std": 3.1199452054401013,
                "distribution": [
                    24,
                    0,
                    0,
                    0,
                    0,
                    0,
                    23,
                    0,
                    0,
                    0,
                    0,
                    0,
                    21,
                    0,
                    0,
                    0,
                    0,
                    0,
                    20,
                    0,
                    0,
                    0,
                    0,
                    0,
                    15,
                    0,
                    0,
                    0,
                    0,
                    0,
                    27,
                    0,
                    0,
                    0,
                    0,
                    0,
                    17,
                    0,
                    0,
                    0,
                    0,
                    0,
                    12,
                    0,
                    0,
                    0,
                    0,
                    0,
                    22,
                    0,
                    0,
                    0,
                    0,
                    0,
                    19,
                    0,
                    0,
                    0,
                    0,
                    11
                ],
                "max_ratio": 0.12796208530805686,
                "total_no_nan": 211,
                "total": 211,
                "cluster_name": "cluster_2"
            },
            {
                "min": 2.0,
                "max": 9.0,
                "median": 5.5,
                "percentile25": 4.25,
                "percentile75": 6.75,
                "percentile9": 2.81,
                "percentile91": 8.19,
                "std": 2.5,
                "distribution": [
                    0,
                    0,
                    0,
                    0,
                    0,
                    0,
                    0,
                    0,
                    0,
                    0,
                    0,
                    0,
                    1,
                    0,
                    0,
                    0,
                    0,
                    0,
                    0,
                    0,
                    0,
                    0,
                    0,
                    0,
                    0,
                    0,
                    0,
                    0,
                    0,
                    0,
                    1,
                    0,
                    0,
                    0,
                    0,
                    0,
                    1,
                    0,
                    0,
                    0,
                    0,
                    0,
                    0,
                    0,
                    0,
                    0,
                    0,
                    0,
                    0,
                    0,
                    0,
                    0,
                    0,
                    0,
                    1,
                    0,
                    0,
                    0,
                    0,
                    0
                ],
                "max_ratio": 0.25,
                "total_no_nan": 4,
                "total": 4,
                "cluster_name": "cluster_outliers"
            }
        ],
        "type": "numerical",
        "scale": {
            "min": 0.0,
            "max": 10.0,
            "max_ratio": 0.25
        },
        "global": {
            "min": 0.0,
            "max": 10.0,
            "median": 5.0,
            "percentile25": 2.0,
            "percentile75": 8.0,
            "percentile9": 0.0,
            "percentile91": 9.0,
            "std": 3.1635137783623923,
            "distribution": [
                58,
                0,
                0,
                0,
                0,
                0,
                56,
                0,
                0,
                0,
                0,
                0,
                50,
                0,
                0,
                0,
                0,
                0,
                50,
                0,
                0,
                0,
                0,
                0,
                40,
                0,
                0,
                0,
                0,
                0,
                55,
                0,
                0,
                0,
                0,
                0,
                55,
                0,
                0,
                0,
                0,
                0,
                52,
                0,
                0,
                0,
                0,
                0,
                58,
                0,
                0,
                0,
                0,
                0,
                50,
                0,
                0,
                0,
                0,
                42
            ],
            "max_ratio": 0.10247349823321555,
            "total_no_nan": 566,
            "total": 566
        }
    },
    {
        "variable": "Age",
        "per_cluster": [
            {
                "min": 17.0,
                "max": 58.0,
                "median": 30.0,
                "percentile25": 22.750000000000004,
                "percentile75": 38.0,
                "percentile9": 18.0,
                "percentile91": 45.690000000000005,
                "std": 10.119780676353614,
                "distribution": [
                    11,
                    9,
                    4,
                    8,
                    0,
                    3,
                    5,
                    6,
                    4,
                    0,
                    2,
                    6,
                    5,
                    0,
                    7,
                    8,
                    5,
                    6,
                    0,
                    8,
                    5,
                    2,
                    4,
                    0,
                    3,
                    5,
                    5,
                    0,
                    2,
                    5,
                    1,
                    7,
                    0,
                    2,
                    3,
                    4,
                    0,
                    4,
                    0,
                    1,
                    1,
                    0,
                    3,
                    1,
                    1,
                    2,
                    0,
                    0,
                    0,
                    0,
                    0,
                    1,
                    1,
                    0,
                    0,
                    0,
                    0,
                    0,
                    0,
                    0
                ],
                "max_ratio": 0.06875,
                "total_no_nan": 160,
                "total": 160,
                "cluster_name": "cluster_0"
            },
            {
                "min": 21.0,
                "max": 64.0,
                "median": 52.0,
                "percentile25": 45.5,
                "percentile75": 59.0,
                "percentile9": 35.1,
                "percentile91": 62.0,
                "std": 9.667706200897108,
                "distribution": [
                    0,
                    0,
                    0,
                    0,
                    0,
                    1,
                    0,
                    0,
                    2,
                    0,
                    0,
                    0,
                    1,
                    0,
                    0,
                    1,
                    2,
                    2,
                    0,
                    2,
                    3,
                    3,
                    1,
                    0,
                    1,
                    1,
                    4,
                    0,
                    4,
                    1,
                    5,
                    1,
                    0,
                    6,
                    4,
                    3,
                    0,
                    4,
                    5,
                    9,
                    6,
                    0,
                    10,
                    7,
                    8,
                    5,
                    0,
                    7,
                    11,
                    8,
                    0,
                    6,
                    7,
                    10,
                    8,
                    0,
                    6,
                    11,
                    8,
                    7
                ],
                "max_ratio": 0.05759162303664921,
                "total_no_nan": 191,
                "total": 191,
                "cluster_name": "cluster_1"
            },
            {
                "min": 17.0,
                "max": 64.0,
                "median": 37.0,
                "percentile25": 26.0,
                "percentile75": 49.0,
                "percentile9": 20.9,
                "percentile91": 58.0,
                "std": 13.494869319292798,
                "distribution": [
                    6,
                    4,
                    3,
                    6,
                    0,
                    7,
                    1,
                    6,
                    11,
                    0,
                    1,
                    11,
                    7,
                    0,
                    4,
                    5,
                    6,
                    7,
                    0,
                    4,
                    3,
                    4,
                    1,
                    0,
                    7,
                    4,
                    3,
                    0,
                    4,
                    4,
                    4,
                    9,
                    0,
                    3,
                    3,
                    5,
                    0,
                    4,
                    4,
                    5,
                    5,
                    0,
                    4,
                    3,
                    4,
                    4,
                    0,
                    2,
                    2,
                    7,
                    0,
                    4,
                    2,
                    2,
                    3,
                    0,
                    3,
                    4,
                    1,
                    5
                ],
                "max_ratio": 0.052132701421800945,
                "total_no_nan": 211,
                "total": 211,
                "cluster_name": "cluster_2"
            },
            {
                "min": 28.0,
                "max": 35.0,
                "median": 30.5,
                "percentile25": 28.75,
                "percentile75": 32.75,
                "percentile9": 28.27,
                "percentile91": 34.19,
                "std": 2.7386127875258306,
                "distribution": [
                    0,
                    0,
                    0,
                    0,
                    0,
                    0,
                    0,
                    0,
                    0,
                    0,
                    0,
                    0,
                    0,
                    0,
                    1,
                    1,
                    0,
                    0,
                    0,
                    1,
                    0,
                    0,
                    1,
                    0,
                    0,
                    0,
                    0,
                    0,
                    0,
                    0,
                    0,
                    0,
                    0,
                    0,
                    0,
                    0,
                    0,
                    0,
                    0,
                    0,
                    0,
                    0,
                    0,
                    0,
                    0,
                    0,
                    0,
                    0,
                    0,
                    0,
                    0,
                    0,
                    0,
                    0,
                    0,
                    0,
                    0,
                    0,
                    0,
                    0
                ],
                "max_ratio": 0.25,
                "total_no_nan": 4,
                "total": 4,
                "cluster_name": "cluster_outliers"
            }
        ],
        "type": "numerical",
        "scale": {
            "min": 17.0,
            "max": 64.0,
            "max_ratio": 0.25
        },
        "global": {
            "min": 17.0,
            "max": 64.0,
            "median": 41.0,
            "percentile25": 28.25,
            "percentile75": 52.0,
            "percentile9": 20.849999999999998,
            "percentile91": 60.0,
            "std": 13.877568687801128,
            "distribution": [
                17,
                13,
                7,
                14,
                0,
                11,
                6,
                12,
                17,
                0,
                3,
                17,
                13,
                0,
                12,
                15,
                13,
                15,
                0,
                15,
                11,
                9,
                7,
                0,
                11,
                10,
                12,
                0,
                10,
                10,
                10,
                17,
                0,
                11,
                10,
                12,
                0,
                12,
                9,
                15,
                12,
                0,
                17,
                11,
                13,
                11,
                0,
                9,
                13,
                15,
                0,
                11,
                10,
                12,
                11,
                0,
                9,
                15,
                9,
                12
            ],
            "max_ratio": 0.030035335689045935,
            "total_no_nan": 566,
            "total": 566
        }
    },
    {
        "variable": "Gender",
        "per_cluster": [
            {
                "distribution": [
                    {
                        "label": "Male",
                        "total_no_nan": 90,
                        "ratio": 0.5625
                    },
                    {
                        "label": "Female",
                        "total_no_nan": 70,
                        "ratio": 0.4375
                    },
                    {
                        "label": null,
                        "total_no_nan": 0,
                        "ratio": 0.0
                    }
                ],
                "max_ratio": 0.5625,
                "total": 160,
                "total_no_nan": 160,
                "cluster_name": "cluster_0"
            },
            {
                "distribution": [
                    {
                        "label": "Male",
                        "total_no_nan": 89,
                        "ratio": 0.46596858638743455
                    },
                    {
                        "label": "Female",
                        "total_no_nan": 102,
                        "ratio": 0.5340314136125655
                    },
                    {
                        "label": null,
                        "total_no_nan": 0,
                        "ratio": 0.0
                    }
                ],
                "max_ratio": 0.5340314136125655,
                "total": 191,
                "total_no_nan": 191,
                "cluster_name": "cluster_1"
            },
            {
                "distribution": [
                    {
                        "label": "Male",
                        "total_no_nan": 108,
                        "ratio": 0.5118483412322274
                    },
                    {
                        "label": "Female",
                        "total_no_nan": 103,
                        "ratio": 0.4881516587677725
                    },
                    {
                        "label": null,
                        "total_no_nan": 0,
                        "ratio": 0.0
                    }
                ],
                "max_ratio": 0.5118483412322274,
                "total": 211,
                "total_no_nan": 211,
                "cluster_name": "cluster_2"
            },
            {
                "distribution": [
                    {
                        "label": "Male",
                        "total_no_nan": 1,
                        "ratio": 0.25
                    },
                    {
                        "label": "Female",
                        "total_no_nan": 3,
                        "ratio": 0.75
                    },
                    {
                        "label": null,
                        "total_no_nan": 0,
                        "ratio": 0.0
                    }
                ],
                "max_ratio": 0.75,
                "total": 4,
                "total_no_nan": 4,
                "cluster_name": "cluster_outliers"
            }
        ],
        "type": "categorical",
        "global": {
            "distribution": [
                {
                    "label": "Male",
                    "total_no_nan": 288,
                    "ratio": 0.508833922261484
                },
                {
                    "label": "Female",
                    "total_no_nan": 278,
                    "ratio": 0.4911660777385159
                },
                {
                    "label": null,
                    "total_no_nan": 0,
                    "ratio": 0.0
                }
            ],
            "max_ratio": 0.508833922261484,
            "total": 566,
            "total_no_nan": 566
        },
        "scale": {
            "max_ratio": 0.75,
            "categories": [
                "Male",
                "Female",
                null
            ]
        }
    },
    {
        "variable": "Active on Social Media",
        "per_cluster": [
            {
                "distribution": [
                    {
                        "label": "true",
                        "total_no_nan": 89,
                        "ratio": 0.55625
                    },
                    {
                        "label": "false",
                        "total_no_nan": 71,
                        "ratio": 0.44375
                    },
                    {
                        "label": null,
                        "total_no_nan": 0,
                        "ratio": 0.0
                    }
                ],
                "max_ratio": 0.55625,
                "total": 160,
                "total_no_nan": 160,
                "cluster_name": "cluster_0"
            },
            {
                "distribution": [
                    {
                        "label": "true",
                        "total_no_nan": 105,
                        "ratio": 0.5497382198952879
                    },
                    {
                        "label": "false",
                        "total_no_nan": 86,
                        "ratio": 0.450261780104712
                    },
                    {
                        "label": null,
                        "total_no_nan": 0,
                        "ratio": 0.0
                    }
                ],
                "max_ratio": 0.5497382198952879,
                "total": 191,
                "total_no_nan": 191,
                "cluster_name": "cluster_1"
            },
            {
                "distribution": [
                    {
                        "label": "true",
                        "total_no_nan": 95,
                        "ratio": 0.45023696682464454
                    },
                    {
                        "label": "false",
                        "total_no_nan": 116,
                        "ratio": 0.5497630331753555
                    },
                    {
                        "label": null,
                        "total_no_nan": 0,
                        "ratio": 0.0
                    }
                ],
                "max_ratio": 0.5497630331753555,
                "total": 211,
                "total_no_nan": 211,
                "cluster_name": "cluster_2"
            },
            {
                "distribution": [
                    {
                        "label": "true",
                        "total_no_nan": 3,
                        "ratio": 0.75
                    },
                    {
                        "label": "false",
                        "total_no_nan": 1,
                        "ratio": 0.25
                    },
                    {
                        "label": null,
                        "total_no_nan": 0,
                        "ratio": 0.0
                    }
                ],
                "max_ratio": 0.75,
                "total": 4,
                "total_no_nan": 4,
                "cluster_name": "cluster_outliers"
            }
        ],
        "type": "categorical",
        "global": {
            "distribution": [
                {
                    "label": "true",
                    "total_no_nan": 292,
                    "ratio": 0.5159010600706714
                },
                {
                    "label": "false",
                    "total_no_nan": 274,
                    "ratio": 0.4840989399293286
                },
                {
                    "label": null,
                    "total_no_nan": 0,
                    "ratio": 0.0
                }
            ],
            "max_ratio": 0.5159010600706714,
            "total": 566,
            "total_no_nan": 566
        },
        "scale": {
            "max_ratio": 0.75,
            "categories": [
                "true",
                "false",
                null
            ]
        }
    },
    {
        "variable": "Profile Picture on Social Media",
        "per_cluster": [
            {
                "distribution": [
                    {
                        "label": "true",
                        "total_no_nan": 37,
                        "ratio": 0.23125
                    },
                    {
                        "label": "false",
                        "total_no_nan": 123,
                        "ratio": 0.76875
                    },
                    {
                        "label": null,
                        "total_no_nan": 0,
                        "ratio": 0.0
                    }
                ],
                "max_ratio": 0.76875,
                "total": 160,
                "total_no_nan": 160,
                "cluster_name": "cluster_0"
            },
            {
                "distribution": [
                    {
                        "label": "true",
                        "total_no_nan": 47,
                        "ratio": 0.24607329842931938
                    },
                    {
                        "label": "false",
                        "total_no_nan": 144,
                        "ratio": 0.7539267015706806
                    },
                    {
                        "label": null,
                        "total_no_nan": 0,
                        "ratio": 0.0
                    }
                ],
                "max_ratio": 0.7539267015706806,
                "total": 191,
                "total_no_nan": 191,
                "cluster_name": "cluster_1"
            },
            {
                "distribution": [
                    {
                        "label": "true",
                        "total_no_nan": 211,
                        "ratio": 1.0
                    },
                    {
                        "label": "false",
                        "total_no_nan": 0,
                        "ratio": 0.0
                    },
                    {
                        "label": null,
                        "total_no_nan": 0,
                        "ratio": 0.0
                    }
                ],
                "max_ratio": 1.0,
                "total": 211,
                "total_no_nan": 211,
                "cluster_name": "cluster_2"
            },
            {
                "distribution": [
                    {
                        "label": "true",
                        "total_no_nan": 2,
                        "ratio": 0.5
                    },
                    {
                        "label": "false",
                        "total_no_nan": 2,
                        "ratio": 0.5
                    },
                    {
                        "label": null,
                        "total_no_nan": 0,
                        "ratio": 0.0
                    }
                ],
                "max_ratio": 0.5,
                "total": 4,
                "total_no_nan": 4,
                "cluster_name": "cluster_outliers"
            }
        ],
        "type": "categorical",
        "global": {
            "distribution": [
                {
                    "label": "true",
                    "total_no_nan": 297,
                    "ratio": 0.5247349823321554
                },
                {
                    "label": "false",
                    "total_no_nan": 269,
                    "ratio": 0.4752650176678445
                },
                {
                    "label": null,
                    "total_no_nan": 0,
                    "ratio": 0.0
                }
            ],
            "max_ratio": 0.5247349823321554,
            "total": 566,
            "total_no_nan": 566
        },
        "scale": {
            "max_ratio": 1.0,
            "categories": [
                "true",
                "false",
                null
            ]
        }
    },
    {
        "variable": "Payback Status",
        "per_cluster": [
            {
                "distribution": [
                    {
                        "label": "Default",
                        "total_no_nan": 106,
                        "ratio": 0.6625
                    },
                    {
                        "label": "4",
                        "total_no_nan": 2,
                        "ratio": 0.0125
                    },
                    {
                        "label": "8",
                        "total_no_nan": 10,
                        "ratio": 0.0625
                    },
                    {
                        "label": "11",
                        "total_no_nan": 6,
                        "ratio": 0.0375
                    },
                    {
                        "label": "7",
                        "total_no_nan": 6,
                        "ratio": 0.0375
                    },
                    {
                        "label": "3",
                        "total_no_nan": 4,
                        "ratio": 0.025
                    },
                    {
                        "label": "10",
                        "total_no_nan": 3,
                        "ratio": 0.01875
                    },
                    {
                        "label": "6",
                        "total_no_nan": 4,
                        "ratio": 0.025
                    },
                    {
                        "label": "12",
                        "total_no_nan": 4,
                        "ratio": 0.025
                    },
                    {
                        "label": "1",
                        "total_no_nan": 4,
                        "ratio": 0.025
                    },
                    {
                        "label": "9",
                        "total_no_nan": 2,
                        "ratio": 0.0125
                    },
                    {
                        "label": "2",
                        "total_no_nan": 3,
                        "ratio": 0.01875
                    },
                    {
                        "label": "5",
                        "total_no_nan": 6,
                        "ratio": 0.0375
                    },
                    {
                        "label": null,
                        "total_no_nan": 0,
                        "ratio": 0.0
                    }
                ],
                "max_ratio": 0.6625,
                "total": 160,
                "total_no_nan": 160,
                "cluster_name": "cluster_0"
            },
            {
                "distribution": [
                    {
                        "label": "Default",
                        "total_no_nan": 132,
                        "ratio": 0.6910994764397905
                    },
                    {
                        "label": "4",
                        "total_no_nan": 7,
                        "ratio": 0.03664921465968586
                    },
                    {
                        "label": "8",
                        "total_no_nan": 6,
                        "ratio": 0.031413612565445025
                    },
                    {
                        "label": "11",
                        "total_no_nan": 5,
                        "ratio": 0.02617801047120419
                    },
                    {
                        "label": "7",
                        "total_no_nan": 4,
                        "ratio": 0.020942408376963352
                    },
                    {
                        "label": "3",
                        "total_no_nan": 6,
                        "ratio": 0.031413612565445025
                    },
                    {
                        "label": "10",
                        "total_no_nan": 4,
                        "ratio": 0.020942408376963352
                    },
                    {
                        "label": "6",
                        "total_no_nan": 6,
                        "ratio": 0.031413612565445025
                    },
                    {
                        "label": "12",
                        "total_no_nan": 4,
                        "ratio": 0.020942408376963352
                    },
                    {
                        "label": "1",
                        "total_no_nan": 6,
                        "ratio": 0.031413612565445025
                    },
                    {
                        "label": "9",
                        "total_no_nan": 4,
                        "ratio": 0.020942408376963352
                    },
                    {
                        "label": "2",
                        "total_no_nan": 5,
                        "ratio": 0.02617801047120419
                    },
                    {
                        "label": "5",
                        "total_no_nan": 2,
                        "ratio": 0.010471204188481676
                    },
                    {
                        "label": null,
                        "total_no_nan": 0,
                        "ratio": 0.0
                    }
                ],
                "max_ratio": 0.6910994764397905,
                "total": 191,
                "total_no_nan": 191,
                "cluster_name": "cluster_1"
            },
            {
                "distribution": [
                    {
                        "label": "Default",
                        "total_no_nan": 0,
                        "ratio": 0.0
                    },
                    {
                        "label": "4",
                        "total_no_nan": 32,
                        "ratio": 0.15165876777251186
                    },
                    {
                        "label": "8",
                        "total_no_nan": 20,
                        "ratio": 0.0947867298578199
                    },
                    {
                        "label": "11",
                        "total_no_nan": 21,
                        "ratio": 0.0995260663507109
                    },
                    {
                        "label": "7",
                        "total_no_nan": 19,
                        "ratio": 0.09004739336492891
                    },
                    {
                        "label": "3",
                        "total_no_nan": 18,
                        "ratio": 0.08530805687203792
                    },
                    {
                        "label": "10",
                        "total_no_nan": 20,
                        "ratio": 0.0947867298578199
                    },
                    {
                        "label": "6",
                        "total_no_nan": 15,
                        "ratio": 0.07109004739336493
                    },
                    {
                        "label": "12",
                        "total_no_nan": 15,
                        "ratio": 0.07109004739336493
                    },
                    {
                        "label": "1",
                        "total_no_nan": 12,
                        "ratio": 0.05687203791469194
                    },
                    {
                        "label": "9",
                        "total_no_nan": 15,
                        "ratio": 0.07109004739336493
                    },
                    {
                        "label": "2",
                        "total_no_nan": 13,
                        "ratio": 0.061611374407582936
                    },
                    {
                        "label": "5",
                        "total_no_nan": 11,
                        "ratio": 0.052132701421800945
                    },
                    {
                        "label": null,
                        "total_no_nan": 0,
                        "ratio": 0.0
                    }
                ],
                "max_ratio": 0.15165876777251186,
                "total": 211,
                "total_no_nan": 211,
                "cluster_name": "cluster_2"
            },
            {
                "distribution": [
                    {
                        "label": "Default",
                        "total_no_nan": 2,
                        "ratio": 0.5
                    },
                    {
                        "label": "4",
                        "total_no_nan": 1,
                        "ratio": 0.25
                    },
                    {
                        "label": "8",
                        "total_no_nan": 0,
                        "ratio": 0.0
                    },
                    {
                        "label": "11",
                        "total_no_nan": 0,
                        "ratio": 0.0
                    },
                    {
                        "label": "7",
                        "total_no_nan": 1,
                        "ratio": 0.25
                    },
                    {
                        "label": "3",
                        "total_no_nan": 0,
                        "ratio": 0.0
                    },
                    {
                        "label": "10",
                        "total_no_nan": 0,
                        "ratio": 0.0
                    },
                    {
                        "label": "6",
                        "total_no_nan": 0,
                        "ratio": 0.0
                    },
                    {
                        "label": "12",
                        "total_no_nan": 0,
                        "ratio": 0.0
                    },
                    {
                        "label": "1",
                        "total_no_nan": 0,
                        "ratio": 0.0
                    },
                    {
                        "label": "9",
                        "total_no_nan": 0,
                        "ratio": 0.0
                    },
                    {
                        "label": "2",
                        "total_no_nan": 0,
                        "ratio": 0.0
                    },
                    {
                        "label": "5",
                        "total_no_nan": 0,
                        "ratio": 0.0
                    },
                    {
                        "label": null,
                        "total_no_nan": 0,
                        "ratio": 0.0
                    }
                ],
                "max_ratio": 0.5,
                "total": 4,
                "total_no_nan": 4,
                "cluster_name": "cluster_outliers"
            }
        ],
        "type": "categorical",
        "global": {
            "distribution": [
                {
                    "label": "Default",
                    "total_no_nan": 240,
                    "ratio": 0.42402826855123676
                },
                {
                    "label": "4",
                    "total_no_nan": 42,
                    "ratio": 0.07420494699646643
                },
                {
                    "label": "8",
                    "total_no_nan": 36,
                    "ratio": 0.0636042402826855
                },
                {
                    "label": "11",
                    "total_no_nan": 32,
                    "ratio": 0.05653710247349823
                },
                {
                    "label": "7",
                    "total_no_nan": 30,
                    "ratio": 0.053003533568904596
                },
                {
                    "label": "3",
                    "total_no_nan": 28,
                    "ratio": 0.04946996466431095
                },
                {
                    "label": "10",
                    "total_no_nan": 27,
                    "ratio": 0.04770318021201413
                },
                {
                    "label": "6",
                    "total_no_nan": 25,
                    "ratio": 0.044169611307420496
                },
                {
                    "label": "12",
                    "total_no_nan": 23,
                    "ratio": 0.04063604240282685
                },
                {
                    "label": "1",
                    "total_no_nan": 22,
                    "ratio": 0.038869257950530034
                },
                {
                    "label": "9",
                    "total_no_nan": 21,
                    "ratio": 0.037102473498233215
                },
                {
                    "label": "2",
                    "total_no_nan": 21,
                    "ratio": 0.037102473498233215
                },
                {
                    "label": "5",
                    "total_no_nan": 19,
                    "ratio": 0.03356890459363958
                },
                {
                    "label": null,
                    "total_no_nan": 0,
                    "ratio": 0.0
                }
            ],
            "max_ratio": 0.42402826855123676,
            "total": 566,
            "total_no_nan": 566
        },
        "scale": {
            "max_ratio": 0.6910994764397905,
            "categories": [
                "Default",
                "4",
                "8",
                "11",
                "7",
                "3",
                "10",
                "6",
                "12",
                "1",
                "9",
                "2",
                "5",
                null
            ]
        }
    },
    {
        "variable": "tag",
        "per_cluster": [
            {
                "distribution": [
                    {
                        "label": "false",
                        "total_no_nan": 117,
                        "ratio": 0.73125
                    },
                    {
                        "label": "true",
                        "total_no_nan": 43,
                        "ratio": 0.26875
                    },
                    {
                        "label": null,
                        "total_no_nan": 0,
                        "ratio": 0.0
                    }
                ],
                "max_ratio": 0.73125,
                "total": 160,
                "total_no_nan": 160,
                "cluster_name": "cluster_0"
            },
            {
                "distribution": [
                    {
                        "label": "false",
                        "total_no_nan": 126,
                        "ratio": 0.6596858638743456
                    },
                    {
                        "label": "true",
                        "total_no_nan": 65,
                        "ratio": 0.3403141361256545
                    },
                    {
                        "label": null,
                        "total_no_nan": 0,
                        "ratio": 0.0
                    }
                ],
                "max_ratio": 0.6596858638743456,
                "total": 191,
                "total_no_nan": 191,
                "cluster_name": "cluster_1"
            },
            {
                "distribution": [
                    {
                        "label": "false",
                        "total_no_nan": 152,
                        "ratio": 0.7203791469194313
                    },
                    {
                        "label": "true",
                        "total_no_nan": 59,
                        "ratio": 0.2796208530805687
                    },
                    {
                        "label": null,
                        "total_no_nan": 0,
                        "ratio": 0.0
                    }
                ],
                "max_ratio": 0.7203791469194313,
                "total": 211,
                "total_no_nan": 211,
                "cluster_name": "cluster_2"
            },
            {
                "distribution": [
                    {
                        "label": "false",
                        "total_no_nan": 4,
                        "ratio": 1.0
                    },
                    {
                        "label": "true",
                        "total_no_nan": 0,
                        "ratio": 0.0
                    },
                    {
                        "label": null,
                        "total_no_nan": 0,
                        "ratio": 0.0
                    }
                ],
                "max_ratio": 1.0,
                "total": 4,
                "total_no_nan": 4,
                "cluster_name": "cluster_outliers"
            }
        ],
        "type": "categorical",
        "global": {
            "distribution": [
                {
                    "label": "false",
                    "total_no_nan": 399,
                    "ratio": 0.7049469964664311
                },
                {
                    "label": "true",
                    "total_no_nan": 167,
                    "ratio": 0.2950530035335689
                },
                {
                    "label": null,
                    "total_no_nan": 0,
                    "ratio": 0.0
                }
            ],
            "max_ratio": 0.7049469964664311,
            "total": 566,
            "total_no_nan": 566
        },
        "scale": {
            "max_ratio": 1.0,
            "categories": [
                "false",
                "true",
                null
            ]
        }
    }
]