{
    "metrics": {
        "inertia": 3350.4375703925175,
        "silhouette": 0.11971586340341991,
        "nbClusters": 3
    },
    "processed_feature_names": [
        "Years with Firm",
        "Average Transactions per Month",
        "Credit Balance (AED)",
        "RFM Score",
        "Number of Referrals",
        "Age",
        "dummy:Gender:Male",
        "dummy:Gender:Female",
        "dummy:Gender:N/A",
        "dummy:Gender:__Others__",
        "dummy:Active on Social Media:true",
        "dummy:Active on Social Media:false",
        "dummy:Active on Social Media:N/A",
        "dummy:Active on Social Media:__Others__",
        "dummy:Profile Picture on Social Media:true",
        "dummy:Profile Picture on Social Media:false",
        "dummy:Profile Picture on Social Media:N/A",
        "dummy:Profile Picture on Social Media:__Others__",
        "dummy:Payback Status:Default",
        "dummy:Payback Status:4",
        "dummy:Payback Status:8",
        "dummy:Payback Status:11",
        "dummy:Payback Status:7",
        "dummy:Payback Status:3",
        "dummy:Payback Status:10",
        "dummy:Payback Status:6",
        "dummy:Payback Status:12",
        "dummy:Payback Status:1",
        "dummy:Payback Status:9",
        "dummy:Payback Status:2",
        "dummy:Payback Status:5",
        "dummy:Payback Status:N/A",
        "dummy:Payback Status:__Others__",
        "dummy:tag:false",
        "dummy:tag:true",
        "dummy:tag:N/A",
        "dummy:tag:__Others__"
    ],
    "variables_importance": {
        "variables": [
            "Years with Firm",
            "Average Transactions per Month",
            "Credit Balance (AED)",
            "RFM Score",
            "Number of Referrals",
            "Age",
            "dummy:Gender:Male",
            "dummy:Gender:Female",
            "dummy:Active on Social Media:true",
            "dummy:Active on Social Media:false",
            "dummy:Profile Picture on Social Media:true",
            "dummy:Profile Picture on Social Media:false",
            "dummy:Payback Status:Default",
            "dummy:Payback Status:4",
            "dummy:Payback Status:8",
            "dummy:Payback Status:11",
            "dummy:Payback Status:7",
            "dummy:Payback Status:3",
            "dummy:Payback Status:10",
            "dummy:Payback Status:6",
            "dummy:Payback Status:12",
            "dummy:Payback Status:1",
            "dummy:Payback Status:9",
            "dummy:Payback Status:2",
            "dummy:Payback Status:5",
            "dummy:tag:false",
            "dummy:tag:true"
        ],
        "importances": [
            0.03581503710227789,
            0.04885473400702364,
            0.07684290157515428,
            0.23815651421540557,
            0.08073082561870697,
            0.18487964804895857,
            0.007981309519190672,
            0.00659796493843374,
            0.007026991001011196,
            0.006470327427238813,
            0.08046492141814515,
            0.08593284776966638,
            0.08525289533957915,
            0.006930874087969368,
            0.0036369828353928733,
            0.002413448677256497,
            0.0029993071972761755,
            0.0036070943597768007,
            0.002930286992740243,
            0.0022027541944378334,
            0.003060053905170334,
            0.002974048991130645,
            0.0031537164734297867,
            0.0029215643910491503,
            0.003355774899778902,
            0.007131579216344942,
            0.007675595797454463
        ]
    },
    "reduce_vars": [],
    "train_nb_records": 562,
    "train_nb_features": 37,
    "train_nb_outliers": 4,
    "cluster_description": [
        {
            "variable": "dummy:Gender:Male",
            "var": 0.02,
            "values": [
                {
                    "cluster": "cluster_0",
                    "value": 0.5625
                },
                {
                    "cluster": "cluster_1",
                    "value": 0.46596858638743455
                },
                {
                    "cluster": "cluster_2",
                    "value": 0.5118483412322274
                },
                {
                    "cluster": "cluster_outliers",
                    "value": 0.25
                }
            ]
        },
        {
            "variable": "dummy:Gender:Female",
            "var": 0.02,
            "values": [
                {
                    "cluster": "cluster_0",
                    "value": 0.4375
                },
                {
                    "cluster": "cluster_1",
                    "value": 0.5340314136125655
                },
                {
                    "cluster": "cluster_2",
                    "value": 0.4881516587677725
                },
                {
                    "cluster": "cluster_outliers",
                    "value": 0.75
                }
            ]
        },
        {
            "variable": "dummy:Gender:N/A",
            "var": 0.0,
            "values": [
                {
                    "cluster": "cluster_0",
                    "value": 0.0
                },
                {
                    "cluster": "cluster_1",
                    "value": 0.0
                },
                {
                    "cluster": "cluster_2",
                    "value": 0.0
                },
                {
                    "cluster": "cluster_outliers",
                    "value": 0.0
                }
            ]
        },
        {
            "variable": "dummy:Gender:__Others__",
            "var": 0.0,
            "values": [
                {
                    "cluster": "cluster_0",
                    "value": 0.0
                },
                {
                    "cluster": "cluster_1",
                    "value": 0.0
                },
                {
                    "cluster": "cluster_2",
                    "value": 0.0
                },
                {
                    "cluster": "cluster_outliers",
                    "value": 0.0
                }
            ]
        },
        {
            "variable": "dummy:Active on Social Media:true",
            "var": 0.02,
            "values": [
                {
                    "cluster": "cluster_0",
                    "value": 0.55625
                },
                {
                    "cluster": "cluster_1",
                    "value": 0.5497382198952879
                },
                {
                    "cluster": "cluster_2",
                    "value": 0.45023696682464454
                },
                {
                    "cluster": "cluster_outliers",
                    "value": 0.75
                }
            ]
        },
        {
            "variable": "dummy:Active on Social Media:false",
            "var": 0.02,
            "values": [
                {
                    "cluster": "cluster_0",
                    "value": 0.44375
                },
                {
                    "cluster": "cluster_1",
                    "value": 0.450261780104712
                },
                {
                    "cluster": "cluster_2",
                    "value": 0.5497630331753555
                },
                {
                    "cluster": "cluster_outliers",
                    "value": 0.25
                }
            ]
        },
        {
            "variable": "dummy:Active on Social Media:N/A",
            "var": 0.0,
            "values": [
                {
                    "cluster": "cluster_0",
                    "value": 0.0
                },
                {
                    "cluster": "cluster_1",
                    "value": 0.0
                },
                {
                    "cluster": "cluster_2",
                    "value": 0.0
                },
                {
                    "cluster": "cluster_outliers",
                    "value": 0.0
                }
            ]
        },
        {
            "variable": "dummy:Active on Social Media:__Others__",
            "var": 0.0,
            "values": [
                {
                    "cluster": "cluster_0",
                    "value": 0.0
                },
                {
                    "cluster": "cluster_1",
                    "value": 0.0
                },
                {
                    "cluster": "cluster_2",
                    "value": 0.0
                },
                {
                    "cluster": "cluster_outliers",
                    "value": 0.0
                }
            ]
        },
        {
            "variable": "dummy:Profile Picture on Social Media:true",
            "var": 0.13,
            "values": [
                {
                    "cluster": "cluster_0",
                    "value": 0.23125
                },
                {
                    "cluster": "cluster_1",
                    "value": 0.24607329842931938
                },
                {
                    "cluster": "cluster_2",
                    "value": 1.0
                },
                {
                    "cluster": "cluster_outliers",
                    "value": 0.5
                }
            ]
        },
        {
            "variable": "dummy:Profile Picture on Social Media:false",
            "var": 0.13,
            "values": [
                {
                    "cluster": "cluster_0",
                    "value": 0.76875
                },
                {
                    "cluster": "cluster_1",
                    "value": 0.7539267015706806
                },
                {
                    "cluster": "cluster_2",
                    "value": 0.0
                },
                {
                    "cluster": "cluster_outliers",
                    "value": 0.5
                }
            ]
        },
        {
            "variable": "dummy:Profile Picture on Social Media:N/A",
            "var": 0.0,
            "values": [
                {
                    "cluster": "cluster_0",
                    "value": 0.0
                },
                {
                    "cluster": "cluster_1",
                    "value": 0.0
                },
                {
                    "cluster": "cluster_2",
                    "value": 0.0
                },
                {
                    "cluster": "cluster_outliers",
                    "value": 0.0
                }
            ]
        },
        {
            "variable": "dummy:Profile Picture on Social Media:__Others__",
            "var": 0.0,
            "values": [
                {
                    "cluster": "cluster_0",
                    "value": 0.0
                },
                {
                    "cluster": "cluster_1",
                    "value": 0.0
                },
                {
                    "cluster": "cluster_2",
                    "value": 0.0
                },
                {
                    "cluster": "cluster_outliers",
                    "value": 0.0
                }
            ]
        },
        {
            "variable": "dummy:Payback Status:Default",
            "var": 0.1,
            "values": [
                {
                    "cluster": "cluster_0",
                    "value": 0.6625
                },
                {
                    "cluster": "cluster_1",
                    "value": 0.6910994764397905
                },
                {
                    "cluster": "cluster_2",
                    "value": 0.0
                },
                {
                    "cluster": "cluster_outliers",
                    "value": 0.5
                }
            ]
        },
        {
            "variable": "dummy:Payback Status:4",
            "var": 0.01,
            "values": [
                {
                    "cluster": "cluster_0",
                    "value": 0.0125
                },
                {
                    "cluster": "cluster_1",
                    "value": 0.03664921465968586
                },
                {
                    "cluster": "cluster_2",
                    "value": 0.15165876777251186
                },
                {
                    "cluster": "cluster_outliers",
                    "value": 0.25
                }
            ]
        },
        {
            "variable": "dummy:Payback Status:8",
            "var": 0.0,
            "values": [
                {
                    "cluster": "cluster_0",
                    "value": 0.0625
                },
                {
                    "cluster": "cluster_1",
                    "value": 0.031413612565445025
                },
                {
                    "cluster": "cluster_2",
                    "value": 0.0947867298578199
                },
                {
                    "cluster": "cluster_outliers",
                    "value": 0.0
                }
            ]
        },
        {
            "variable": "dummy:Payback Status:11",
            "var": 0.0,
            "values": [
                {
                    "cluster": "cluster_0",
                    "value": 0.0375
                },
                {
                    "cluster": "cluster_1",
                    "value": 0.02617801047120419
                },
                {
                    "cluster": "cluster_2",
                    "value": 0.0995260663507109
                },
                {
                    "cluster": "cluster_outliers",
                    "value": 0.0
                }
            ]
        },
        {
            "variable": "dummy:Payback Status:7",
            "var": 0.01,
            "values": [
                {
                    "cluster": "cluster_0",
                    "value": 0.0375
                },
                {
                    "cluster": "cluster_1",
                    "value": 0.020942408376963352
                },
                {
                    "cluster": "cluster_2",
                    "value": 0.09004739336492891
                },
                {
                    "cluster": "cluster_outliers",
                    "value": 0.25
                }
            ]
        },
        {
            "variable": "dummy:Payback Status:3",
            "var": 0.0,
            "values": [
                {
                    "cluster": "cluster_0",
                    "value": 0.025
                },
                {
                    "cluster": "cluster_1",
                    "value": 0.031413612565445025
                },
                {
                    "cluster": "cluster_2",
                    "value": 0.08530805687203792
                },
                {
                    "cluster": "cluster_outliers",
                    "value": 0.0
                }
            ]
        },
        {
            "variable": "dummy:Payback Status:10",
            "var": 0.0,
            "values": [
                {
                    "cluster": "cluster_0",
                    "value": 0.01875
                },
                {
                    "cluster": "cluster_1",
                    "value": 0.020942408376963352
                },
                {
                    "cluster": "cluster_2",
                    "value": 0.0947867298578199
                },
                {
                    "cluster": "cluster_outliers",
                    "value": 0.0
                }
            ]
        },
        {
            "variable": "dummy:Payback Status:6",
            "var": 0.0,
            "values": [
                {
                    "cluster": "cluster_0",
                    "value": 0.025
                },
                {
                    "cluster": "cluster_1",
                    "value": 0.031413612565445025
                },
                {
                    "cluster": "cluster_2",
                    "value": 0.07109004739336493
                },
                {
                    "cluster": "cluster_outliers",
                    "value": 0.0
                }
            ]
        },
        {
            "variable": "dummy:Payback Status:12",
            "var": 0.0,
            "values": [
                {
                    "cluster": "cluster_0",
                    "value": 0.025
                },
                {
                    "cluster": "cluster_1",
                    "value": 0.020942408376963352
                },
                {
                    "cluster": "cluster_2",
                    "value": 0.07109004739336493
                },
                {
                    "cluster": "cluster_outliers",
                    "value": 0.0
                }
            ]
        },
        {
            "variable": "dummy:Payback Status:1",
            "var": 0.0,
            "values": [
                {
                    "cluster": "cluster_0",
                    "value": 0.025
                },
                {
                    "cluster": "cluster_1",
                    "value": 0.031413612565445025
                },
                {
                    "cluster": "cluster_2",
                    "value": 0.05687203791469194
                },
                {
                    "cluster": "cluster_outliers",
                    "value": 0.0
                }
            ]
        },
        {
            "variable": "dummy:Payback Status:9",
            "var": 0.0,
            "values": [
                {
                    "cluster": "cluster_0",
                    "value": 0.0125
                },
                {
                    "cluster": "cluster_1",
                    "value": 0.020942408376963352
                },
                {
                    "cluster": "cluster_2",
                    "value": 0.07109004739336493
                },
                {
                    "cluster": "cluster_outliers",
                    "value": 0.0
                }
            ]
        },
        {
            "variable": "dummy:Payback Status:2",
            "var": 0.0,
            "values": [
                {
                    "cluster": "cluster_0",
                    "value": 0.01875
                },
                {
                    "cluster": "cluster_1",
                    "value": 0.02617801047120419
                },
                {
                    "cluster": "cluster_2",
                    "value": 0.061611374407582936
                },
                {
                    "cluster": "cluster_outliers",
                    "value": 0.0
                }
            ]
        },
        {
            "variable": "dummy:Payback Status:5",
            "var": 0.0,
            "values": [
                {
                    "cluster": "cluster_0",
                    "value": 0.0375
                },
                {
                    "cluster": "cluster_1",
                    "value": 0.010471204188481676
                },
                {
                    "cluster": "cluster_2",
                    "value": 0.052132701421800945
                },
                {
                    "cluster": "cluster_outliers",
                    "value": 0.0
                }
            ]
        },
        {
            "variable": "dummy:Payback Status:N/A",
            "var": 0.0,
            "values": [
                {
                    "cluster": "cluster_0",
                    "value": 0.0
                },
                {
                    "cluster": "cluster_1",
                    "value": 0.0
                },
                {
                    "cluster": "cluster_2",
                    "value": 0.0
                },
                {
                    "cluster": "cluster_outliers",
                    "value": 0.0
                }
            ]
        },
        {
            "variable": "dummy:Payback Status:__Others__",
            "var": 0.0,
            "values": [
                {
                    "cluster": "cluster_0",
                    "value": 0.0
                },
                {
                    "cluster": "cluster_1",
                    "value": 0.0
                },
                {
                    "cluster": "cluster_2",
                    "value": 0.0
                },
                {
                    "cluster": "cluster_outliers",
                    "value": 0.0
                }
            ]
        },
        {
            "variable": "dummy:tag:false",
            "var": 0.02,
            "values": [
                {
                    "cluster": "cluster_0",
                    "value": 0.73125
                },
                {
                    "cluster": "cluster_1",
                    "value": 0.6596858638743456
                },
                {
                    "cluster": "cluster_2",
                    "value": 0.7203791469194313
                },
                {
                    "cluster": "cluster_outliers",
                    "value": 1.0
                }
            ]
        },
        {
            "variable": "dummy:tag:true",
            "var": 0.02,
            "values": [
                {
                    "cluster": "cluster_0",
                    "value": 0.26875
                },
                {
                    "cluster": "cluster_1",
                    "value": 0.3403141361256545
                },
                {
                    "cluster": "cluster_2",
                    "value": 0.2796208530805687
                },
                {
                    "cluster": "cluster_outliers",
                    "value": 0.0
                }
            ]
        },
        {
            "variable": "dummy:tag:N/A",
            "var": 0.0,
            "values": [
                {
                    "cluster": "cluster_0",
                    "value": 0.0
                },
                {
                    "cluster": "cluster_1",
                    "value": 0.0
                },
                {
                    "cluster": "cluster_2",
                    "value": 0.0
                },
                {
                    "cluster": "cluster_outliers",
                    "value": 0.0
                }
            ]
        },
        {
            "variable": "dummy:tag:__Others__",
            "var": 0.0,
            "values": [
                {
                    "cluster": "cluster_0",
                    "value": 0.0
                },
                {
                    "cluster": "cluster_1",
                    "value": 0.0
                },
                {
                    "cluster": "cluster_2",
                    "value": 0.0
                },
                {
                    "cluster": "cluster_outliers",
                    "value": 0.0
                }
            ]
        },
        {
            "variable": "Years with Firm",
            "var": 0.14,
            "values": [
                {
                    "cluster": "cluster_0",
                    "value": 4.65
                },
                {
                    "cluster": "cluster_1",
                    "value": 5.172774869109948
                },
                {
                    "cluster": "cluster_2",
                    "value": 5.459715639810427
                },
                {
                    "cluster": "cluster_outliers",
                    "value": 4.75
                }
            ]
        },
        {
            "variable": "Average Transactions per Month",
            "var": 2847021778.71,
            "values": [
                {
                    "cluster": "cluster_0",
                    "value": 10.477
                },
                {
                    "cluster": "cluster_1",
                    "value": 10.021780104712043
                },
                {
                    "cluster": "cluster_2",
                    "value": 10.110094786729858
                },
                {
                    "cluster": "cluster_outliers",
                    "value": 106725.1837
                }
            ]
        },
        {
            "variable": "Credit Balance (AED)",
            "var": 8848.09,
            "values": [
                {
                    "cluster": "cluster_0",
                    "value": 389.76875
                },
                {
                    "cluster": "cluster_1",
                    "value": 597.8010471204188
                },
                {
                    "cluster": "cluster_2",
                    "value": 499.92890995260666
                },
                {
                    "cluster": "cluster_outliers",
                    "value": 576.5
                }
            ]
        },
        {
            "variable": "RFM Score",
            "var": 1.4,
            "values": [
                {
                    "cluster": "cluster_0",
                    "value": 1.525
                },
                {
                    "cluster": "cluster_1",
                    "value": 1.5392670157068062
                },
                {
                    "cluster": "cluster_2",
                    "value": 4.014218009478673
                },
                {
                    "cluster": "cluster_outliers",
                    "value": 2.0
                }
            ]
        },
        {
            "variable": "Number of Referrals",
            "var": 1.77,
            "values": [
                {
                    "cluster": "cluster_0",
                    "value": 6.775
                },
                {
                    "cluster": "cluster_1",
                    "value": 3.6649214659685865
                },
                {
                    "cluster": "cluster_2",
                    "value": 4.563981042654029
                },
                {
                    "cluster": "cluster_outliers",
                    "value": 5.5
                }
            ]
        },
        {
            "variable": "Age",
            "var": 87.36,
            "values": [
                {
                    "cluster": "cluster_0",
                    "value": 31.09375
                },
                {
                    "cluster": "cluster_1",
                    "value": 50.86910994764398
                },
                {
                    "cluster": "cluster_2",
                    "value": 38.04739336492891
                },
                {
                    "cluster": "cluster_outliers",
                    "value": 31.0
                }
            ]
        },
        {
            "variable": "cluster_size",
            "var": 8843.0,
            "values": [
                {
                    "cluster": "cluster_2",
                    "value": 211
                },
                {
                    "cluster": "cluster_1",
                    "value": 191
                },
                {
                    "cluster": "cluster_0",
                    "value": 160
                },
                {
                    "cluster": "cluster_outliers",
                    "value": 4
                }
            ]
        }
    ],
    "summary": {
        "clusters": []
    }
}