{
    "state": "DONE",
    "resumed": false,
    "timeOrderingEnabled": false,
    "sampleWeightsEnabled": false,
    "modelId": "m1",
    "startTime": 1744700660069,
    "endTime": 1744700662258,
    "preprocessingTime": 1010,
    "trainingTime": 1179,
    "hyperparamsSearchTime": 0,
    "pythonVersion": "3.9.20",
    "packagesVersion": {
        "pandas": "2.2.3",
        "scikit-learn": "1.3.2",
        "scipy": "1.13.1",
        "lightgbm": "4.6.0",
        "flask": "2.2.5",
        "itsdangerous": "2.2.0",
        "jinja2": "3.1.6",
        "xgboost": "1.7.6",
        "werkzeug": "3.1.3",
        "statsmodels": "0.14.4",
        "pillow": "11.1.0",
        "markupsafe": "3.0.2",
        "cloudpickle": "1.5.0"
    },
    "progress": {
        "stack": [],
        "top_level_todo": [],
        "top_level_done": [
            {
                "name": "Loading source dataset",
                "time": 149
            },
            {
                "name": "Collecting statistics",
                "time": 31
            },
            {
                "name": "Preprocessing data",
                "time": 716
            },
            {
                "name": "Fitting model",
                "time": 90
            },
            {
                "name": "Saving model",
                "time": 356
            },
            {
                "name": "Scoring model",
                "time": 733
            }
        ]
    }
}