{
  "starred": false,
  "clusterMetas": {
    "cluster_1": {
      "name": "cluster_1",
      "color": "#FDC766"
    },
    "cluster_2": {
      "name": "cluster_2",
      "color": "#7BC9A6"
    },
    "cluster_0": {
      "name": "cluster_0",
      "color": "#F06548"
    },
    "cluster_outliers": {
      "name": "cluster_outliers",
      "color": "#4EC5DA"
    }
  },
  "sessionName": "clustering",
  "customMeta": {
    "kv": {}
  },
  "tags": [],
  "activeClassifierThreshold": 0.0,
  "description": "KMeans (k\u003d3)\nCluster outliers\n\nTrained in 2 seconds on 566 records\n",
  "name": "KMeans (k\u003d3) (clustering)",
  "labels": [
    {
      "key": "trainDataset:dataset-name",
      "value": "Zing_prepared"
    },
    {
      "key": "testDataset:dataset-name",
      "value": "Zing_prepared"
    },
    {
      "key": "evaluationDataset:dataset-name",
      "value": "Zing_prepared"
    },
    {
      "key": "model:algorithm",
      "value": "KMEANS"
    },
    {
      "key": "model:name",
      "value": "KMeans (k\u003d3) (clustering)"
    },
    {
      "key": "model:session-name",
      "value": "clustering"
    },
    {
      "key": "model:date",
      "value": "2025-04-15T07:04:22.258+0000"
    },
    {
      "key": "evaluation:date",
      "value": "2025-04-15T07:04:22.258+0000"
    }
  ]
}