{
  "params": {
    "ttPolicy": "SPLIT_SINGLE_DATASET",
    "ssdSplitMode": "RANDOM",
    "splitBeforePrepare": true,
    "ssdSelection": {
      "useMemTable": false,
      "filter": {
        "distinct": false,
        "enabled": false
      },
      "partitionSelectionMethod": "ALL",
      "latestPartitionsN": 1,
      "ordering": {
        "enabled": false,
        "rules": []
      },
      "samplingMethod": "FULL",
      "maxRecords": 100000,
      "targetRatio": 0.02,
      "ascending": true,
      "withinFirstN": -1,
      "maxReadUncompressedBytes": -1,
      "seed": 1337
    },
    "ssdTrainingRatio": 0.8,
    "ssdStratified": false,
    "ssdGrouped": false,
    "ssdSeed": 1337,
    "testOnLargerValues": true,
    "streamAll": false,
    "kfold": false,
    "nFolds": 5,
    "instanceIdRefresher": 0,
    "subSamplingSeed": 1337
  },
  "generationDate": 1744538595645,
  "policyId": "type\u003dSPLIT_SINGLE_DATASET,split\u003dRANDOM,splitBeforePrepare\u003dtrue,ds\u003dtwitter_fraud_profiles_dataset,sel\u003d(method\u003dfull),r\u003d0.8,s\u003d1337",
  "instanceId": "6d83140cb842b05de6fa7073c1dafde5-0",
  "format": "csv1",
  "schema": {
    "columns": [
      {"name":"Profile_Creation_Date","type":"dateonly"},
      {"name":"Username","type":"string"},
      {"name":"Fraud_Status","type":"string"},
      {"name":"Followers","type":"bigint"},
      {"name":"Following","type":"bigint"},
      {"name":"Num_Tweets","type":"bigint"},
      {"name":"Verified","type":"string"},
      {"name":"Profile_Bio","type":"string"},
      {"name":"Profile_Picture","type":"boolean"},
      {"name":"Profile_Creation_Method","type":"string"},
      {"name":"Tweets_Per_Day","type":"double"},
      {"name":"Engagement_Rate","type":"double"},
      {"name":"Tweet_Sentiment","type":"string"}
    ],
    "userModified": false
  },
  "trainPath": "train-6d83140cb842b05de6fa7073c1dafde5-0.csv.gz",
  "testPath": "test-6d83140cb842b05de6fa7073c1dafde5-0.csv.gz",
  "trainRows": 2396,
  "testRows": 604,
  "fullRows": 0
}