{
    "details": {
        "Tweet_Sentiment": {
            "levels": [
                "Neutral",
                "Positive"
            ],
            "with_others": false
        },
        "Profile_Picture": {
            "levels": [
                "Yes"
            ],
            "with_others": false
        },
        "Fraud_Status": {
            "levels": [
                "Genuine"
            ],
            "with_others": false
        },
        "Verified": {
            "levels": [
                "Not Verified"
            ],
            "with_others": false
        }
    }
}