{
    "perClassFacts": {
        "unique": {
            "Age": {
                "impact": 0.10815800920079582,
                "rank": 1,
                "feature": "Age",
                "correlation": -0.9925227544282295,
                "type": "NUMERICAL"
            },
            "tech_savvy_score": {
                "impact": 0.07681101694534122,
                "rank": 2,
                "feature": "tech_savvy_score",
                "correlation": 0.9201199729553063,
                "type": "NUMERICAL"
            },
            "gender": {
                "impact": 0.04667131439822512,
                "rank": 3,
                "feature": "gender",
                "positiveCategoricalValue": "Female",
                "negativeCategoricalValue": "Male",
                "infoGain": 0.6931471805599453,
                "type": "CATEGORICAL"
            },
            "platform_used": {
                "impact": 0.036473154411057904,
                "rank": 4,
                "feature": "platform_used",
                "positiveCategoricalValue": "Mobile",
                "negativeCategoricalValue": "Console",
                "infoGain": 0.5432727813369008,
                "type": "CATEGORICAL"
            },
            "entertainment_budget_pct": {
                "impact": 0.00479573717630781,
                "rank": 5,
                "feature": "entertainment_budget_pct",
                "correlation": 0.8956890499210317,
                "type": "NUMERICAL"
            },
            "owns_tablet": {
                "impact": 0.004410492194636465,
                "rank": 6,
                "feature": "owns_tablet",
                "positiveCategoricalValue": "true",
                "negativeCategoricalValue": "false",
                "infoGain": 0.6780488171170702,
                "type": "CATEGORICAL"
            },
            "hours_playing": {
                "impact": 0.0014262694697278395,
                "rank": 7,
                "feature": "hours_playing",
                "correlation": 0.9538336635483781,
                "type": "NUMERICAL"
            },
            "used_lego_before": {
                "impact": 0.0010823936046673076,
                "rank": 8,
                "feature": "used_lego_before",
                "positiveCategoricalValue": "true",
                "negativeCategoricalValue": "false",
                "infoGain": 0.6930582890371242,
                "type": "CATEGORICAL"
            }
        }
    }
}