{
    "startedAt": 1744614445133,
    "gridSize": 5,
    "nThreads": 4,
    "nSplits": 5,
    "metric": "ROC_AUC",
    "timeout": null,
    "gridPoints": [
        {
            "finishedAt": 1744614445943,
            "score": 0.5368321433256498,
            "testScoreGibMean": 0.5368321433256498,
            "testScoreMean": 0.5368321433256498,
            "testScoreStd": 0.007315940584833871,
            "trainScoreMean": 0.5780141745212947,
            "trainScoreStd": 0.0033295820022295262,
            "time": 2033,
            "fitTimeMean": 132.2,
            "fitTimeStd": 135.44799740121667,
            "scoreTimeMean": 274.4,
            "scoreTimeStd": 227.8724204461786,
            "parameters": {
                "C": 0.1,
                "penalty": "l2"
            }
        },
        {
            "finishedAt": 1744614446834,
            "score": 0.5423876676474079,
            "testScoreGibMean": 0.5423876676474079,
            "testScoreMean": 0.5423876676474079,
            "testScoreStd": 0.008538752696955944,
            "trainScoreMean": 0.5748626143127725,
            "trainScoreStd": 0.002922621180336228,
            "time": 2639,
            "fitTimeMean": 103.0,
            "fitTimeStd": 123.03007762331941,
            "scoreTimeMean": 424.8,
            "scoreTimeStd": 178.78859023998146,
            "parameters": {
                "C": 0.01,
                "penalty": "l2"
            }
        },
        {
            "finishedAt": 1744614447742,
            "score": 0.5326560909028442,
            "testScoreGibMean": 0.5326560909028442,
            "testScoreMean": 0.5326560909028442,
            "testScoreStd": 0.008218937810612613,
            "trainScoreMean": 0.5785815823513608,
            "trainScoreStd": 0.0036890109691809026,
            "time": 2713,
            "fitTimeMean": 24.8,
            "fitTimeStd": 36.64641865175914,
            "scoreTimeMean": 517.8,
            "scoreTimeStd": 159.7778457734363,
            "parameters": {
                "C": 10.0,
                "penalty": "l2"
            }
        },
        {
            "finishedAt": 1744614448432,
            "score": 0.533750554399905,
            "testScoreGibMean": 0.533750554399905,
            "testScoreMean": 0.533750554399905,
            "testScoreStd": 0.007677255606745952,
            "trainScoreMean": 0.5785489357918155,
            "trainScoreStd": 0.00352110861428985,
            "time": 2104,
            "fitTimeMean": 59.0,
            "fitTimeStd": 71.85541037388903,
            "scoreTimeMean": 361.8,
            "scoreTimeStd": 202.92205400103757,
            "parameters": {
                "C": 1.0,
                "penalty": "l2"
            }
        },
        {
            "finishedAt": 1744614449141,
            "score": 0.5325888757706939,
            "testScoreGibMean": 0.5325888757706939,
            "testScoreMean": 0.5325888757706939,
            "testScoreStd": 0.008217826356254386,
            "trainScoreMean": 0.5785731643722151,
            "trainScoreStd": 0.003678854251857859,
            "time": 2305,
            "fitTimeMean": 118.6,
            "fitTimeStd": 98.97393596295946,
            "scoreTimeMean": 342.4,
            "scoreTimeStd": 184.0419517392706,
            "parameters": {
                "C": 100.0,
                "penalty": "l2"
            }
        }
    ]
}