[
    {
        "test_score_gib": 0.5376960701636027,
        "train_score": 0.576288930976431,
        "test_score": 0.5376960701636027,
        "num_samples": 219,
        "fit_time": 8,
        "score_time": 272,
        "time": 280,
        "parameters": {
            "C": 0.1,
            "penalty": "l2"
        },
        "done_at": 1744614445532,
        "split_id": 0
    },
    {
        "test_score_gib": 0.530050505050505,
        "train_score": 0.5821521618989973,
        "test_score": 0.530050505050505,
        "num_samples": 219,
        "fit_time": 9,
        "score_time": 674,
        "time": 683,
        "parameters": {
            "C": 0.1,
            "penalty": "l2"
        },
        "done_at": 1744614445837,
        "split_id": 1
    },
    {
        "test_score_gib": 0.5432659932659932,
        "train_score": 0.5742309008131792,
        "test_score": 0.5432659932659932,
        "num_samples": 219,
        "fit_time": 175,
        "score_time": 105,
        "time": 280,
        "parameters": {
            "C": 0.1,
            "penalty": "l2"
        },
        "done_at": 1744614445533,
        "split_id": 2
    },
    {
        "test_score_gib": 0.5460437710437711,
        "train_score": 0.575530935024606,
        "test_score": 0.5460437710437711,
        "num_samples": 219,
        "fit_time": 373,
        "score_time": 10,
        "time": 383,
        "parameters": {
            "C": 0.1,
            "penalty": "l2"
        },
        "done_at": 1744614445546,
        "split_id": 3
    },
    {
        "test_score_gib": 0.5271043771043771,
        "train_score": 0.5818679438932604,
        "test_score": 0.5271043771043771,
        "num_samples": 219,
        "fit_time": 96,
        "score_time": 311,
        "time": 407,
        "parameters": {
            "C": 0.1,
            "penalty": "l2"
        },
        "done_at": 1744614445943,
        "split_id": 4
    },
    {
        "test_score_gib": 0.5376117389104402,
        "train_score": 0.5751525673400674,
        "test_score": 0.5376117389104402,
        "num_samples": 219,
        "fit_time": 3,
        "score_time": 501,
        "time": 504,
        "parameters": {
            "C": 0.01,
            "penalty": "l2"
        },
        "done_at": 1744614446236,
        "split_id": 0
    },
    {
        "test_score_gib": 0.5287037037037037,
        "train_score": 0.5787731256085686,
        "test_score": 0.5287037037037037,
        "num_samples": 219,
        "fit_time": 8,
        "score_time": 604,
        "time": 612,
        "parameters": {
            "C": 0.01,
            "penalty": "l2"
        },
        "done_at": 1744614446545,
        "split_id": 1
    },
    {
        "test_score_gib": 0.547053872053872,
        "train_score": 0.5716939919471566,
        "test_score": 0.547053872053872,
        "num_samples": 219,
        "fit_time": 299,
        "score_time": 598,
        "time": 897,
        "parameters": {
            "C": 0.01,
            "penalty": "l2"
        },
        "done_at": 1744614446834,
        "split_id": 2
    },
    {
        "test_score_gib": 0.5536195286195286,
        "train_score": 0.5714518803126398,
        "test_score": 0.5536195286195286,
        "num_samples": 219,
        "fit_time": 198,
        "score_time": 216,
        "time": 414,
        "parameters": {
            "C": 0.01,
            "penalty": "l2"
        },
        "done_at": 1744614446549,
        "split_id": 3
    },
    {
        "test_score_gib": 0.544949494949495,
        "train_score": 0.5772415063554304,
        "test_score": 0.544949494949495,
        "num_samples": 219,
        "fit_time": 7,
        "score_time": 205,
        "time": 212,
        "parameters": {
            "C": 0.01,
            "penalty": "l2"
        },
        "done_at": 1744614446748,
        "split_id": 4
    },
    {
        "test_score_gib": 0.5350818013155675,
        "train_score": 0.576015361952862,
        "test_score": 0.5350818013155675,
        "num_samples": 219,
        "fit_time": 8,
        "score_time": 303,
        "time": 311,
        "parameters": {
            "C": 10.0,
            "penalty": "l2"
        },
        "done_at": 1744614447044,
        "split_id": 0
    },
    {
        "test_score_gib": 0.5250841750841752,
        "train_score": 0.5839153661938472,
        "test_score": 0.5250841750841752,
        "num_samples": 219,
        "fit_time": 98,
        "score_time": 505,
        "time": 603,
        "parameters": {
            "C": 10.0,
            "penalty": "l2"
        },
        "done_at": 1744614447337,
        "split_id": 1
    },
    {
        "test_score_gib": 0.5392255892255892,
        "train_score": 0.574825653306666,
        "test_score": 0.5392255892255892,
        "num_samples": 219,
        "fit_time": 8,
        "score_time": 699,
        "time": 707,
        "parameters": {
            "C": 10.0,
            "penalty": "l2"
        },
        "done_at": 1744614447742,
        "split_id": 2
    },
    {
        "test_score_gib": 0.5426767676767676,
        "train_score": 0.5760414747756519,
        "test_score": 0.5426767676767676,
        "num_samples": 219,
        "fit_time": 7,
        "score_time": 695,
        "time": 702,
        "parameters": {
            "C": 10.0,
            "penalty": "l2"
        },
        "done_at": 1744614447740,
        "split_id": 3
    },
    {
        "test_score_gib": 0.5212121212121212,
        "train_score": 0.5821100555277771,
        "test_score": 0.5212121212121212,
        "num_samples": 219,
        "fit_time": 3,
        "score_time": 387,
        "time": 390,
        "parameters": {
            "C": 10.0,
            "penalty": "l2"
        },
        "done_at": 1744614447635,
        "split_id": 4
    },
    {
        "test_score_gib": 0.5355877888345421,
        "train_score": 0.5761731902356902,
        "test_score": 0.5355877888345421,
        "num_samples": 219,
        "fit_time": 9,
        "score_time": 601,
        "time": 610,
        "parameters": {
            "C": 1.0,
            "penalty": "l2"
        },
        "done_at": 1744614448143,
        "split_id": 0
    },
    {
        "test_score_gib": 0.5268518518518519,
        "train_score": 0.5834469328140214,
        "test_score": 0.5268518518518519,
        "num_samples": 219,
        "fit_time": 6,
        "score_time": 491,
        "time": 497,
        "parameters": {
            "C": 1.0,
            "penalty": "l2"
        },
        "done_at": 1744614448234,
        "split_id": 1
    },
    {
        "test_score_gib": 0.5405723905723905,
        "train_score": 0.574904602752704,
        "test_score": 0.5405723905723905,
        "num_samples": 219,
        "fit_time": 188,
        "score_time": 304,
        "time": 492,
        "parameters": {
            "C": 1.0,
            "penalty": "l2"
        },
        "done_at": 1744614448236,
        "split_id": 2
    },
    {
        "test_score_gib": 0.5427609427609428,
        "train_score": 0.5760730545540672,
        "test_score": 0.5427609427609428,
        "num_samples": 219,
        "fit_time": 88,
        "score_time": 407,
        "time": 495,
        "parameters": {
            "C": 1.0,
            "penalty": "l2"
        },
        "done_at": 1744614448243,
        "split_id": 3
    },
    {
        "test_score_gib": 0.5229797979797981,
        "train_score": 0.5821468986025948,
        "test_score": 0.5229797979797981,
        "num_samples": 219,
        "fit_time": 4,
        "score_time": 6,
        "time": 10,
        "parameters": {
            "C": 1.0,
            "penalty": "l2"
        },
        "done_at": 1744614448432,
        "split_id": 4
    },
    {
        "test_score_gib": 0.5354191263282172,
        "train_score": 0.5759785353535354,
        "test_score": 0.5354191263282172,
        "num_samples": 219,
        "fit_time": 91,
        "score_time": 506,
        "time": 597,
        "parameters": {
            "C": 100.0,
            "penalty": "l2"
        },
        "done_at": 1744614448841,
        "split_id": 0
    },
    {
        "test_score_gib": 0.525084175084175,
        "train_score": 0.5839048396010422,
        "test_score": 0.525084175084175,
        "num_samples": 219,
        "fit_time": 303,
        "score_time": 296,
        "time": 599,
        "parameters": {
            "C": 100.0,
            "penalty": "l2"
        },
        "done_at": 1744614449132,
        "split_id": 1
    },
    {
        "test_score_gib": 0.5386363636363636,
        "train_score": 0.5747940735282507,
        "test_score": 0.5386363636363636,
        "num_samples": 219,
        "fit_time": 97,
        "score_time": 103,
        "time": 200,
        "parameters": {
            "C": 100.0,
            "penalty": "l2"
        },
        "done_at": 1744614448737,
        "split_id": 2
    },
    {
        "test_score_gib": 0.5427609427609427,
        "train_score": 0.57612042422169,
        "test_score": 0.5427609427609427,
        "num_samples": 219,
        "fit_time": 3,
        "score_time": 598,
        "time": 601,
        "parameters": {
            "C": 100.0,
            "penalty": "l2"
        },
        "done_at": 1744614449139,
        "split_id": 3
    },
    {
        "test_score_gib": 0.521043771043771,
        "train_score": 0.5820679491565568,
        "test_score": 0.521043771043771,
        "num_samples": 219,
        "fit_time": 99,
        "score_time": 209,
        "time": 308,
        "parameters": {
            "C": 100.0,
            "penalty": "l2"
        },
        "done_at": 1744614449141,
        "split_id": 4
    }
]