{
    "modelInputNRows": 1095,
    "modelInputNCols": 13,
    "modelInputIsSparse": false,
    "modelInputMemory": 113880,
    "usedGridSearch": true,
    "gridSize": 5,
    "gridBestScore": 0.5423876676474079,
    "gridCells": [
        {
            "params": {
                "C": 0.1,
                "penalty": "l2"
            },
            "score": 0.5368321433256498,
            "scoreStd": 0.007315940584833871,
            "fitTime": 0.13219999999999998,
            "fitTimeStd": 0.13544799740121666,
            "scoreTime": 0.2744,
            "scoreTimeStd": 0.22787242044617861
        },
        {
            "params": {
                "C": 0.01,
                "penalty": "l2"
            },
            "score": 0.5423876676474079,
            "scoreStd": 0.008538752696955944,
            "fitTime": 0.103,
            "fitTimeStd": 0.12303007762331941,
            "scoreTime": 0.4248,
            "scoreTimeStd": 0.17878859023998145
        },
        {
            "params": {
                "C": 10.0,
                "penalty": "l2"
            },
            "score": 0.5326560909028442,
            "scoreStd": 0.008218937810612613,
            "fitTime": 0.0248,
            "fitTimeStd": 0.03664641865175914,
            "scoreTime": 0.5177999999999999,
            "scoreTimeStd": 0.1597778457734363
        },
        {
            "params": {
                "C": 1.0,
                "penalty": "l2"
            },
            "score": 0.533750554399905,
            "scoreStd": 0.007677255606745952,
            "fitTime": 0.059,
            "fitTimeStd": 0.07185541037388903,
            "scoreTime": 0.3618,
            "scoreTimeStd": 0.20292205400103758
        },
        {
            "params": {
                "C": 100.0,
                "penalty": "l2"
            },
            "score": 0.5325888757706939,
            "scoreStd": 0.008217826356254386,
            "fitTime": 0.1186,
            "fitTimeStd": 0.09897393596295946,
            "scoreTime": 0.3424,
            "scoreTimeStd": 0.1840419517392706
        }
    ],
    "lmCoefficients": {
        "variables": [
            "entertainment_budget_pct",
            "hours_playing",
            "tech_savvy_score",
            "Age",
            "dummy:gender:Male",
            "dummy:platform_used:Mobile",
            "dummy:platform_used:PC",
            "dummy:platform_used:N/A",
            "dummy:used_lego_before:false",
            "dummy:owns_tablet:true"
        ],
        "coefs": [
            0.005492529430328982,
            0.001677922646035849,
            0.0957156692798361,
            -0.12756028605439712,
            -0.09334262879645022,
            0.0772655555640324,
            -0.03605370113667766,
            0.011622118927507516,
            -0.002167677445929164,
            0.008882570209391382
        ],
        "interceptStderr": null,
        "interceptTstat": null,
        "interceptPvalue": null,
        "interceptCoef": 0.01966524382950186,
        "rescaledCoefs": [
            0.0007756745486803648,
            0.0003129247900467688,
            0.038513345841025476,
            -0.008673549773384037,
            -0.09334262879645022,
            0.0772655555640324,
            -0.03605370113667766,
            0.011622118927507516,
            -0.002167677445929164,
            0.008882570209391382
        ],
        "rescaledInterceptCoef": 0.08809269136725126
    },
    "probaAware": true
}