{
    "diagnostics": [
        {
            "type": "ML_DIAGNOSTICS_DATASET_SANITY_CHECKS",
            "message": "Test set might be too small (252 rows) for reliable performance estimation",
            "step": "Loading test set"
        },
        {
            "type": "ML_DIAGNOSTICS_DATASET_SANITY_CHECKS",
            "message": "Target variable distribution in test data does not match the training data distribution (p-value=0.007), metrics could be misleading",
            "step": "Scoring model"
        },
        {
            "type": "ML_DIAGNOSTICS_MODEL_CHECK",
            "message": "The model (accuracy=0.393) does not perform better than a random classifier (accuracy=0.540)",
            "step": "Scoring model"
        }
    ]
}