{
    "metrics": {},
    "processed_feature_names": [
        "entertainment_budget_pct",
        "hours_playing",
        "tech_savvy_score",
        "Age",
        "dummy:gender:Male",
        "dummy:gender:N/A",
        "dummy:platform_used:Mobile",
        "dummy:platform_used:PC",
        "dummy:platform_used:N/A",
        "dummy:used_lego_before:false",
        "dummy:used_lego_before:N/A",
        "dummy:owns_tablet:true",
        "dummy:owns_tablet:N/A"
    ],
    "optimalThreshold": 0.425,
    "usedThreshold": 0.425,
    "perCutData": {
        "cut": [
            0.0,
            0.025,
            0.05,
            0.075,
            0.1,
            0.125,
            0.15,
            0.175,
            0.2,
            0.225,
            0.25,
            0.275,
            0.3,
            0.325,
            0.35,
            0.375,
            0.4,
            0.425,
            0.45,
            0.475,
            0.5,
            0.525,
            0.55,
            0.575,
            0.6,
            0.625,
            0.65,
            0.675,
            0.7,
            0.725,
            0.75,
            0.775,
            0.8,
            0.825,
            0.85,
            0.875,
            0.9,
            0.925,
            0.95,
            0.975
        ],
        "tp": [
            93,
            93,
            93,
            93,
            93,
            93,
            93,
            93,
            93,
            93,
            93,
            93,
            93,
            93,
            93,
            93,
            92,
            92,
            79,
            63,
            42,
            21,
            9,
            5,
            1,
            0,
            0,
            0,
            0,
            0,
            0,
            0,
            0,
            0,
            0,
            0,
            0,
            0,
            0,
            0
        ],
        "tn": [
            0,
            0,
            0,
            0,
            0,
            0,
            0,
            0,
            0,
            0,
            0,
            0,
            0,
            0,
            0,
            0,
            0,
            7,
            18,
            52,
            88,
            125,
            147,
            157,
            159,
            159,
            159,
            159,
            159,
            159,
            159,
            159,
            159,
            159,
            159,
            159,
            159,
            159,
            159,
            159
        ],
        "fp": [
            159,
            159,
            159,
            159,
            159,
            159,
            159,
            159,
            159,
            159,
            159,
            159,
            159,
            159,
            159,
            159,
            159,
            152,
            141,
            107,
            71,
            34,
            12,
            2,
            0,
            0,
            0,
            0,
            0,
            0,
            0,
            0,
            0,
            0,
            0,
            0,
            0,
            0,
            0,
            0
        ],
        "fn": [
            0,
            0,
            0,
            0,
            0,
            0,
            0,
            0,
            0,
            0,
            0,
            0,
            0,
            0,
            0,
            0,
            1,
            1,
            14,
            30,
            51,
            72,
            84,
            88,
            92,
            93,
            93,
            93,
            93,
            93,
            93,
            93,
            93,
            93,
            93,
            93,
            93,
            93,
            93,
            93
        ],
        "precision": [
            0.36904761904761907,
            0.36904761904761907,
            0.36904761904761907,
            0.36904761904761907,
            0.36904761904761907,
            0.36904761904761907,
            0.36904761904761907,
            0.36904761904761907,
            0.36904761904761907,
            0.36904761904761907,
            0.36904761904761907,
            0.36904761904761907,
            0.36904761904761907,
            0.36904761904761907,
            0.36904761904761907,
            0.36904761904761907,
            0.3665338645418327,
            0.3770491803278688,
            0.35909090909090907,
            0.37058823529411766,
            0.37168141592920356,
            0.38181818181818183,
            0.42857142857142855,
            0.7142857142857143,
            1.0,
            0.0,
            0.0,
            0.0,
            0.0,
            0.0,
            0.0,
            0.0,
            0.0,
            0.0,
            0.0,
            0.0,
            0.0,
            0.0,
            0.0,
            0.0
        ],
        "recall": [
            1.0,
            1.0,
            1.0,
            1.0,
            1.0,
            1.0,
            1.0,
            1.0,
            1.0,
            1.0,
            1.0,
            1.0,
            1.0,
            1.0,
            1.0,
            1.0,
            0.989247311827957,
            0.989247311827957,
            0.8494623655913979,
            0.6774193548387096,
            0.45161290322580644,
            0.22580645161290322,
            0.0967741935483871,
            0.053763440860215055,
            0.010752688172043012,
            0.0,
            0.0,
            0.0,
            0.0,
            0.0,
            0.0,
            0.0,
            0.0,
            0.0,
            0.0,
            0.0,
            0.0,
            0.0,
            0.0,
            0.0
        ],
        "accuracy": [
            0.36904761904761907,
            0.36904761904761907,
            0.36904761904761907,
            0.36904761904761907,
            0.36904761904761907,
            0.36904761904761907,
            0.36904761904761907,
            0.36904761904761907,
            0.36904761904761907,
            0.36904761904761907,
            0.36904761904761907,
            0.36904761904761907,
            0.36904761904761907,
            0.36904761904761907,
            0.36904761904761907,
            0.36904761904761907,
            0.36507936507936506,
            0.39285714285714285,
            0.38492063492063494,
            0.45634920634920634,
            0.5158730158730159,
            0.5793650793650794,
            0.6190476190476191,
            0.6428571428571429,
            0.6349206349206349,
            0.6309523809523809,
            0.6309523809523809,
            0.6309523809523809,
            0.6309523809523809,
            0.6309523809523809,
            0.6309523809523809,
            0.6309523809523809,
            0.6309523809523809,
            0.6309523809523809,
            0.6309523809523809,
            0.6309523809523809,
            0.6309523809523809,
            0.6309523809523809,
            0.6309523809523809,
            0.6309523809523809
        ],
        "f1": [
            0.5391304347826087,
            0.5391304347826087,
            0.5391304347826087,
            0.5391304347826087,
            0.5391304347826087,
            0.5391304347826087,
            0.5391304347826087,
            0.5391304347826087,
            0.5391304347826087,
            0.5391304347826087,
            0.5391304347826087,
            0.5391304347826087,
            0.5391304347826087,
            0.5391304347826087,
            0.5391304347826087,
            0.5391304347826087,
            0.5348837209302325,
            0.5459940652818991,
            0.5047923322683706,
            0.47908745247148293,
            0.4077669902912622,
            0.28378378378378377,
            0.15789473684210525,
            0.1,
            0.021276595744680854,
            0.0,
            0.0,
            0.0,
            0.0,
            0.0,
            0.0,
            0.0,
            0.0,
            0.0,
            0.0,
            0.0,
            0.0,
            0.0,
            0.0,
            0.0
        ],
        "mcc": [
            0.0,
            0.0,
            0.0,
            0.0,
            0.0,
            0.0,
            0.0,
            0.0,
            0.0,
            0.0,
            0.0,
            0.0,
            0.0,
            0.0,
            0.0,
            0.0,
            -0.08253159287285586,
            0.09157673587884688,
            -0.05410192421671012,
            0.004596978919771477,
            0.004921240677362011,
            0.013983592903309585,
            0.03719245789622284,
            0.12093310230643206,
            0.08253159287285586,
            0.0,
            0.0,
            0.0,
            0.0,
            0.0,
            0.0,
            0.0,
            0.0,
            0.0,
            0.0,
            0.0,
            0.0,
            0.0,
            0.0,
            0.0
        ],
        "hammingLoss": [
            0.6309523809523809,
            0.6309523809523809,
            0.6309523809523809,
            0.6309523809523809,
            0.6309523809523809,
            0.6309523809523809,
            0.6309523809523809,
            0.6309523809523809,
            0.6309523809523809,
            0.6309523809523809,
            0.6309523809523809,
            0.6309523809523809,
            0.6309523809523809,
            0.6309523809523809,
            0.6309523809523809,
            0.6309523809523809,
            0.6349206349206349,
            0.6071428571428572,
            0.6150793650793651,
            0.5436507936507937,
            0.4841269841269841,
            0.4206349206349206,
            0.38095238095238093,
            0.3571428571428571,
            0.3650793650793651,
            0.36904761904761907,
            0.36904761904761907,
            0.36904761904761907,
            0.36904761904761907,
            0.36904761904761907,
            0.36904761904761907,
            0.36904761904761907,
            0.36904761904761907,
            0.36904761904761907,
            0.36904761904761907,
            0.36904761904761907,
            0.36904761904761907,
            0.36904761904761907,
            0.36904761904761907,
            0.36904761904761907
        ],
        "assertionsMetrics": [],
        "overridesMetrics": []
    },
    "tiMetrics": {
        "auc": 0.5142354771082708,
        "logLoss": 0.6906056617636639,
        "lift": 1.0296774193548386,
        "averagePrecision": 0.4091761764719778,
        "calibrationLoss": 0.13409358235437466
    },
    "probaPercentiles": [
        0.4134840054878423,
        0.422795229439288,
        0.42737574904904757,
        0.43269028804089216,
        0.43616083813356643,
        0.43911427695738786,
        0.44212192993047456,
        0.4448770362720716,
        0.44604342173615313,
        0.448162384861272,
        0.448747241675327,
        0.4498254160715453,
        0.4504306150297429,
        0.45190553608782097,
        0.4531057365734503,
        0.4555350450354251,
        0.4568919049301154,
        0.4587482635437565,
        0.4595040996167918,
        0.4605672567512217,
        0.4608958242347142,
        0.4612408398117783,
        0.4617001100311796,
        0.46338978739892417,
        0.4642922464479028,
        0.4645583502179261,
        0.4676142919568248,
        0.4690049825165543,
        0.4697498385350308,
        0.4713447112177593,
        0.47240466214761745,
        0.4732091974443726,
        0.47534017587299565,
        0.4768487521097269,
        0.4770943311538335,
        0.47835726537572715,
        0.48013397696296817,
        0.48116493635070245,
        0.48169272193627216,
        0.48345711334922126,
        0.48500397776224924,
        0.4855310151599479,
        0.48610939104960776,
        0.48712880945543646,
        0.4877703567584568,
        0.4891542940235262,
        0.49025315336440606,
        0.49089023965884754,
        0.4918268305449743,
        0.4931802674542912,
        0.49429149123406285,
        0.49611911904484124,
        0.4969493349960048,
        0.4981580357534108,
        0.49932617815931885,
        0.5011152899743159,
        0.5028374393461206,
        0.5044959334611819,
        0.5057744917893445,
        0.506004079247325,
        0.5072570926448651,
        0.5080552899748577,
        0.5096022594189206,
        0.5114045115864269,
        0.5125118932700505,
        0.513419902935184,
        0.5142276123359318,
        0.5162931437248107,
        0.5168523381061648,
        0.5173704607345071,
        0.5182114630883267,
        0.5194547872500201,
        0.5199166383004459,
        0.5217466823470366,
        0.5222188283951193,
        0.5227381424896379,
        0.5235358302226778,
        0.524792133962413,
        0.5268075029139317,
        0.5277783886326001,
        0.5291560278495507,
        0.5303823369627664,
        0.5311018606819977,
        0.5325000962815967,
        0.532937677178195,
        0.5358306276134018,
        0.5371230569689841,
        0.5382785904567048,
        0.5413103959726102,
        0.544191985700694,
        0.5470026166733615,
        0.5506747090110605,
        0.5554086809659582,
        0.5598850439260371,
        0.5618638739376769,
        0.5645296139966259,
        0.5682307415349894,
        0.5840522727842145,
        0.5923474888727355
    ],
    "rocVizData": [
        [
            {
                "x": 0.0,
                "y": 0.0,
                "p": 1.6043833823464784
            },
            {
                "x": 0.012578616352201259,
                "y": 0.06451612903225806,
                "p": 0.5684812926265739
            },
            {
                "x": 0.06918238993710692,
                "y": 0.07526881720430108,
                "p": 0.5570300784863838
            },
            {
                "x": 0.08176100628930817,
                "y": 0.12903225806451613,
                "p": 0.5443295136975971
            },
            {
                "x": 0.11320754716981132,
                "y": 0.17204301075268819,
                "p": 0.5370821893410807
            },
            {
                "x": 0.1509433962264151,
                "y": 0.1935483870967742,
                "p": 0.5313268615079545
            },
            {
                "x": 0.1949685534591195,
                "y": 0.21505376344086022,
                "p": 0.527810149308228
            },
            {
                "x": 0.22641509433962265,
                "y": 0.23655913978494625,
                "p": 0.5236365779722744
            },
            {
                "x": 0.2389937106918239,
                "y": 0.2903225806451613,
                "p": 0.5221179716371003
            },
            {
                "x": 0.2893081761006289,
                "y": 0.2903225806451613,
                "p": 0.5186041384981288
            },
            {
                "x": 0.3081761006289308,
                "y": 0.3225806451612903,
                "p": 0.5168199049943891
            },
            {
                "x": 0.3333333333333333,
                "y": 0.3655913978494624,
                "p": 0.5133118362255727
            },
            {
                "x": 0.36477987421383645,
                "y": 0.3870967741935484,
                "p": 0.5094612527040628
            },
            {
                "x": 0.389937106918239,
                "y": 0.41935483870967744,
                "p": 0.5060669826741515
            },
            {
                "x": 0.41509433962264153,
                "y": 0.45161290322580644,
                "p": 0.5035275097737802
            },
            {
                "x": 0.4528301886792453,
                "y": 0.4731182795698925,
                "p": 0.49888734488846387
            },
            {
                "x": 0.48427672955974843,
                "y": 0.4946236559139785,
                "p": 0.49546375434603646
            },
            {
                "x": 0.5345911949685535,
                "y": 0.5053763440860215,
                "p": 0.4908894261150724
            },
            {
                "x": 0.5534591194968553,
                "y": 0.5376344086021505,
                "p": 0.48805461638449094
            },
            {
                "x": 0.5786163522012578,
                "y": 0.5698924731182796,
                "p": 0.48601044292190054
            },
            {
                "x": 0.6163522012578616,
                "y": 0.6021505376344086,
                "p": 0.4817253334235024
            },
            {
                "x": 0.6415094339622641,
                "y": 0.6344086021505376,
                "p": 0.4786453366645989
            },
            {
                "x": 0.6729559748427673,
                "y": 0.6666666666666666,
                "p": 0.4753619506474392
            },
            {
                "x": 0.6792452830188679,
                "y": 0.7311827956989247,
                "p": 0.471838718224396
            },
            {
                "x": 0.7232704402515723,
                "y": 0.7526881720430108,
                "p": 0.46593431063553636
            },
            {
                "x": 0.7672955974842768,
                "y": 0.7741935483870968,
                "p": 0.4617127594627182
            },
            {
                "x": 0.7987421383647799,
                "y": 0.7956989247311828,
                "p": 0.46059854151144686
            },
            {
                "x": 0.8301886792452831,
                "y": 0.8172043010752689,
                "p": 0.4579291854789277
            },
            {
                "x": 0.8867924528301887,
                "y": 0.8279569892473119,
                "p": 0.4505972794397973
            },
            {
                "x": 0.8867924528301887,
                "y": 0.8817204301075269,
                "p": 0.44940125324044206
            },
            {
                "x": 0.89937106918239,
                "y": 0.9354838709677419,
                "p": 0.44560729909095825
            },
            {
                "x": 0.9119496855345912,
                "y": 0.978494623655914,
                "p": 0.4403010263875312
            },
            {
                "x": 1.0,
                "y": 0.989247311827957,
                "p": 0.4128486280860139
            },
            {
                "x": 1.0,
                "y": 1.0,
                "p": 0.3996649596853563
            }
        ]
    ],
    "liftVizData": {
        "bins": [
            {
                "bin_pos_prop": 0.4615384615,
                "bin_lift": 1.2506203474,
                "cum_lift": 0.1290322581,
                "cum_size": 0.1031746032,
                "bin_min": 0.5441919857,
                "bin_max": 0.6043833823,
                "percentile_idx": 0
            },
            {
                "bin_pos_prop": 0.32,
                "bin_lift": 0.8670967742,
                "cum_lift": 0.2150537634,
                "cum_size": 0.2023809524,
                "bin_min": 0.5277783886,
                "bin_max": 0.5441919857,
                "percentile_idx": 1
            },
            {
                "bin_pos_prop": 0.36,
                "bin_lift": 0.975483871,
                "cum_lift": 0.311827957,
                "cum_size": 0.3015873016,
                "bin_min": 0.5173704607,
                "bin_max": 0.5277783886,
                "percentile_idx": 2
            },
            {
                "bin_pos_prop": 0.4,
                "bin_lift": 1.0838709677,
                "cum_lift": 0.4193548387,
                "cum_size": 0.4007936508,
                "bin_min": 0.5060040792,
                "bin_max": 0.5173704607,
                "percentile_idx": 3
            },
            {
                "bin_pos_prop": 0.32,
                "bin_lift": 0.8670967742,
                "cum_lift": 0.5053763441,
                "cum_size": 0.5,
                "bin_min": 0.4931802675,
                "bin_max": 0.5060040792,
                "percentile_idx": 4
            },
            {
                "bin_pos_prop": 0.36,
                "bin_lift": 0.975483871,
                "cum_lift": 0.6021505376,
                "cum_size": 0.5992063492,
                "bin_min": 0.4834571133,
                "bin_max": 0.4931802675,
                "percentile_idx": 5
            },
            {
                "bin_pos_prop": 0.48,
                "bin_lift": 1.3006451613,
                "cum_lift": 0.7311827957,
                "cum_size": 0.6984126984,
                "bin_min": 0.4713447112,
                "bin_max": 0.4834571133,
                "percentile_idx": 6
            },
            {
                "bin_pos_prop": 0.24,
                "bin_lift": 0.6503225806,
                "cum_lift": 0.7956989247,
                "cum_size": 0.7976190476,
                "bin_min": 0.4605672568,
                "bin_max": 0.4713447112,
                "percentile_idx": 7
            },
            {
                "bin_pos_prop": 0.4,
                "bin_lift": 1.0838709677,
                "cum_lift": 0.9032258065,
                "cum_size": 0.8968253968,
                "bin_min": 0.4481623849,
                "bin_max": 0.4605672568,
                "percentile_idx": 8
            },
            {
                "bin_pos_prop": 0.3461538462,
                "bin_lift": 0.9379652605,
                "cum_lift": 1.0,
                "cum_size": 1.0,
                "bin_min": 0.3996649597,
                "bin_max": 0.4481623849,
                "percentile_idx": 9
            }
        ],
        "wizard": {
            "positives": 93,
            "total": 252
        }
    },
    "prVizData": [
        {
            "bins": [
                {
                    "x": 1.0,
                    "y": 0.36904761904761907,
                    "p": 0.3996649596853563
                },
                {
                    "x": 0.967741935483871,
                    "y": 0.3829787234042553,
                    "p": 0.44144122138618563
                },
                {
                    "x": 0.9139784946236559,
                    "y": 0.37280701754385964,
                    "p": 0.4467175723312132
                },
                {
                    "x": 0.8602150537634409,
                    "y": 0.36199095022624433,
                    "p": 0.4498274537463808
                },
                {
                    "x": 0.8172043010752689,
                    "y": 0.36018957345971564,
                    "p": 0.4562907336185587
                },
                {
                    "x": 0.7849462365591398,
                    "y": 0.3686868686868687,
                    "p": 0.46112594128008466
                },
                {
                    "x": 0.7526881720430108,
                    "y": 0.3783783783783784,
                    "p": 0.46593431063553636
                },
                {
                    "x": 0.7096774193548387,
                    "y": 0.3793103448275862,
                    "p": 0.4725296229841545
                },
                {
                    "x": 0.6666666666666666,
                    "y": 0.3712574850299401,
                    "p": 0.4768472811883466
                },
                {
                    "x": 0.6236559139784946,
                    "y": 0.3625,
                    "p": 0.4789307363900931
                },
                {
                    "x": 0.5913978494623656,
                    "y": 0.3691275167785235,
                    "p": 0.4850970376982567
                },
                {
                    "x": 0.5591397849462365,
                    "y": 0.37142857142857144,
                    "p": 0.48754618402363664
                },
                {
                    "x": 0.5161290322580645,
                    "y": 0.3582089552238806,
                    "p": 0.49025699043568555
                },
                {
                    "x": 0.4838709677419355,
                    "y": 0.36885245901639346,
                    "p": 0.495815386655097
                },
                {
                    "x": 0.45161290322580644,
                    "y": 0.3684210526315789,
                    "p": 0.4992702206520643
                },
                {
                    "x": 0.43010752688172044,
                    "y": 0.38461538461538464,
                    "p": 0.5057684384748413
                },
                {
                    "x": 0.3870967741935484,
                    "y": 0.3673469387755102,
                    "p": 0.50746328661989
                },
                {
                    "x": 0.3655913978494624,
                    "y": 0.38202247191011235,
                    "p": 0.5124635365417083
                },
                {
                    "x": 0.3333333333333333,
                    "y": 0.37349397590361444,
                    "p": 0.5153876444553971
                },
                {
                    "x": 0.3118279569892473,
                    "y": 0.3815789473684211,
                    "p": 0.517528753593506
                },
                {
                    "x": 0.2903225806451613,
                    "y": 0.391304347826087,
                    "p": 0.5198128487085585
                },
                {
                    "x": 0.26881720430107525,
                    "y": 0.3968253968253968,
                    "p": 0.5223509342618489
                },
                {
                    "x": 0.23655913978494625,
                    "y": 0.3793103448275862,
                    "p": 0.5236365779722744
                },
                {
                    "x": 0.22580645161290322,
                    "y": 0.40384615384615385,
                    "p": 0.5276513459300882
                },
                {
                    "x": 0.21505376344086022,
                    "y": 0.43478260869565216,
                    "p": 0.5304081955987116
                },
                {
                    "x": 0.1935483870967742,
                    "y": 0.42857142857142855,
                    "p": 0.5313268615079545
                },
                {
                    "x": 0.17204301075268819,
                    "y": 0.42105263157894735,
                    "p": 0.5332287477446239
                },
                {
                    "x": 0.16129032258064516,
                    "y": 0.45454545454545453,
                    "p": 0.5371926423894683
                },
                {
                    "x": 0.12903225806451613,
                    "y": 0.4,
                    "p": 0.5393752852964822
                },
                {
                    "x": 0.12903225806451613,
                    "y": 0.46153846153846156,
                    "p": 0.5443123606269918
                },
                {
                    "x": 0.10752688172043011,
                    "y": 0.43478260869565216,
                    "p": 0.5472249325160247
                },
                {
                    "x": 0.08602150537634409,
                    "y": 0.4,
                    "p": 0.5532815239782828
                },
                {
                    "x": 0.07526881720430108,
                    "y": 0.3888888888888889,
                    "p": 0.5570300784863838
                },
                {
                    "x": 0.07526881720430108,
                    "y": 0.4666666666666667,
                    "p": 0.5600318273183642
                },
                {
                    "x": 0.07526881720430108,
                    "y": 0.5384615384615384,
                    "p": 0.5631128702742988
                },
                {
                    "x": 0.06451612903225806,
                    "y": 0.5454545454545454,
                    "p": 0.5645628392945398
                },
                {
                    "x": 0.06451612903225806,
                    "y": 0.6,
                    "p": 0.5678798849549131
                },
                {
                    "x": 0.06451612903225806,
                    "y": 0.6666666666666666,
                    "p": 0.5680085547179239
                },
                {
                    "x": 0.06451612903225806,
                    "y": 0.75,
                    "p": 0.5684812926265739
                },
                {
                    "x": 0.043010752688172046,
                    "y": 0.6666666666666666,
                    "p": 0.5841607909331128
                },
                {
                    "x": 0.03225806451612903,
                    "y": 0.6,
                    "p": 0.5866937808697067
                },
                {
                    "x": 0.021505376344086023,
                    "y": 0.5,
                    "p": 0.5888359832519204
                },
                {
                    "x": 0.010752688172043012,
                    "y": 0.3333333333333333,
                    "p": 0.5960023212535835
                },
                {
                    "x": 0.010752688172043012,
                    "y": 0.5,
                    "p": 0.599963500411942
                },
                {
                    "x": 0.010752688172043012,
                    "y": 1.0,
                    "p": 0.6043833823464784
                }
            ],
            "positiveRate": 0.36904761904761907
        }
    ],
    "densityData": {
        "Physical": {
            "actualIsThisClass": [
                1.0403435269324308e-161,
                1.0132777181939414e-153,
                6.166083214450873e-146,
                2.3443471196854357e-138,
                5.568895534287274e-131,
                8.265219783184038e-124,
                7.664471065927416e-117,
                4.440762303983861e-110,
                1.6076316195460478e-103,
                3.636440996049293e-97,
                5.13968264620119e-91,
                4.53916835113297e-85,
                2.5050074629409915e-79,
                8.63872121595546e-74,
                1.8617246229924194e-68,
                2.507426763862402e-63,
                2.1106355560131576e-58,
                1.110453997960171e-53,
                3.65196014236448e-49,
                7.508134801377349e-45,
                9.650923172602024e-41,
                7.757032488605216e-37,
                3.899257311869734e-33,
                1.2260528247870426e-29,
                2.411972888335085e-26,
                2.969488606387714e-23,
                2.288566920446312e-20,
                1.1044931601023002e-17,
                3.339209970242084e-15,
                6.326872345970296e-13,
                7.516256980713445e-11,
                5.601466131538536e-09,
                2.6201421828030777e-07,
                7.696944233472248e-06,
                0.00014208232294530106,
                0.0016492011499150386,
                0.012048267779065229,
                0.055525953332931074,
                0.16286356074298708,
                0.31589899750316,
                0.46927537159438243,
                0.7302507323853944,
                1.306083878456191,
                2.1496529910204853,
                3.1156762206757738,
                4.414958521934353,
                6.163855513349165,
                7.787418788031359,
                8.650294067082465,
                8.844148030432263,
                8.783853250938652,
                8.624682950934295,
                8.405711180308211,
                7.94470938332097,
                6.803622113440198,
                5.122167431461246,
                3.6103407211735212,
                2.5329590906992787,
                1.6543439649985878,
                0.8806010413504142,
                0.34490388877416495,
                0.09339194992213198,
                0.016834181045482257,
                0.0019732073171796296,
                0.00014821578974539906,
                7.069164472264188e-06,
                2.1285316870878302e-07,
                4.031257045722914e-09,
                4.7911485713626295e-11,
                3.568080387850169e-13,
                1.6634698103136874e-15,
                4.85196515155716e-18,
                8.85062815633102e-21,
                1.0094281147779038e-23,
                7.196993167246808e-27,
                3.207415106977884e-30,
                8.93423330961966e-34,
                1.5553821943801853e-37,
                1.6923132921641064e-41,
                1.150743226619081e-45,
                4.890158754587745e-50,
                1.298700195544983e-54,
                2.1554200091518655e-59,
                2.2355702307828023e-64,
                1.4490218538003468e-69,
                5.869334641343687e-75,
                1.4856873883654955e-80,
                2.350109398835955e-86,
                2.3231023594887092e-92,
                1.4350461091511612e-98,
                5.53959844369709e-105,
                1.3362981196084851e-111,
                2.0143681222558563e-118,
                1.89750329342344e-125,
                1.1169463039574903e-132,
                4.1085255397545155e-140,
                9.4436860787996e-148,
                1.3564284880360618e-155,
                1.217446997358328e-163,
                6.828087102852462e-172
            ],
            "actualIsNotThisClass": [
                1.2660790002418967e-115,
                7.30834195629924e-110,
                2.9935506747780794e-104,
                8.700897833638004e-99,
                1.7945320726921948e-93,
                2.626322661310101e-88,
                2.7274364415486915e-83,
                2.0098835659603007e-78,
                1.0509858370478776e-73,
                3.899712001010476e-69,
                1.0267812235660371e-64,
                1.918372860593787e-60,
                2.54330157321867e-56,
                2.392612995047787e-52,
                1.597191005684117e-48,
                7.565735052234212e-45,
                2.5430529321202265e-41,
                6.06554578255282e-38,
                1.0265850976260196e-34,
                1.2329096532435273e-31,
                1.0507027980858056e-28,
                6.353935350181836e-26,
                2.7266118328497096e-23,
                8.302852146941894e-21,
                1.7941757107221024e-18,
                2.751403071932085e-16,
                2.994514983411129e-14,
                2.313328113891382e-12,
                1.2687746857080357e-10,
                4.942449185058024e-09,
                1.368420469441701e-07,
                2.6962910952219293e-06,
                3.78931682102873e-05,
                0.00038134960111385564,
                0.0027671348170508862,
                0.014643266174930662,
                0.05752293926180855,
                0.17188497206011086,
                0.4017494337272176,
                0.7534575157545876,
                1.1601712020680235,
                1.5236565614408277,
                1.8545869332138685,
                2.3481347230883474,
                3.2306709169835846,
                4.522117899415437,
                5.966114634799264,
                7.17294999775829,
                7.889285239038741,
                8.199024504587788,
                8.372726347419569,
                8.490497430732013,
                8.391746101305158,
                7.943336160589809,
                7.058859023243344,
                5.6189381551549955,
                3.7677188301061117,
                2.058579772397603,
                0.9680461824450652,
                0.4806383867999493,
                0.2893305463257165,
                0.17231856616341498,
                0.08153423645258938,
                0.02820271795105368,
                0.006974069048614239,
                0.0012260519752973046,
                0.00015302171246585165,
                1.355386715132261e-05,
                8.519191741118448e-07,
                3.799684198098035e-08,
                1.2025620858249831e-09,
                2.7007075166418368e-11,
                4.303852683909911e-13,
                4.866838899030334e-15,
                3.9052267198381226e-17,
                2.2235926828434606e-19,
                8.984086426666535e-22,
                2.5757416844012423e-24,
                5.240109855692763e-27,
                7.564638474852536e-30,
                7.749000035186496e-33,
                5.6326510702920696e-36,
                2.905291639091381e-39,
                1.0633502073962523e-42,
                2.7616752385409448e-46,
                5.08954070415526e-50,
                6.655708273335346e-54,
                6.1761760123530725e-58,
                4.066818125823847e-62,
                1.900200976249962e-66,
                6.3001954585223234e-71,
                1.4822389104670804e-75,
                2.4745264277165198e-80,
                2.9314040468867954e-85,
                2.464160376252759e-90,
                1.4698464123075012e-95,
                6.221350130053906e-101,
                1.8685599263318703e-106,
                3.982347167895835e-112,
                6.022556803729293e-118
            ],
            "actualIsThisClassMedian": 0.5069792794509415,
            "actualIsNotThisClassMedian": 0.5066601856404762
        },
        "Digital": {
            "actualIsThisClass": [
                6.022556803728608e-118,
                3.982347167895835e-112,
                1.8685599263320298e-106,
                6.221350130053906e-101,
                1.4698464123075012e-95,
                2.4641603762529693e-90,
                2.9314040468867954e-85,
                2.4745264277167306e-80,
                1.4822389104670804e-75,
                6.3001954585223234e-71,
                1.9002009762501782e-66,
                4.066818125823847e-62,
                6.1761760123534234e-58,
                6.655708273335346e-54,
                5.089540704155477e-50,
                2.7616752385408662e-46,
                1.0633502073962824e-42,
                2.905291639091546e-39,
                5.6326510702920696e-36,
                7.749000035186826e-33,
                7.564638474852536e-30,
                5.2401098556928374e-27,
                2.5757416844012423e-24,
                8.984086426666599e-22,
                2.2235926828435396e-19,
                3.9052267198381226e-17,
                4.866838899030438e-15,
                4.303852683909895e-13,
                2.7007075166418846e-11,
                1.2025620858250088e-09,
                3.7996841980980215e-08,
                8.519191741118569e-07,
                1.355386715132261e-05,
                0.00015302171246585274,
                0.0012260519752973025,
                0.00697406904861427,
                0.028202717951053804,
                0.08153423645258938,
                0.1723185661634155,
                0.2893305463257167,
                0.4806383867999523,
                0.9680461824450687,
                2.0585797723976067,
                3.7677188301061286,
                5.618938155155005,
                7.058859023243363,
                7.943336160589802,
                8.391746101305158,
                8.490497430732013,
                8.372726347419569,
                8.199024504587788,
                7.889285239038728,
                7.172949997758284,
                5.966114634799264,
                4.522117899415413,
                3.2306709169835846,
                2.348134723088341,
                1.8545869332138702,
                1.523656561440825,
                1.1601712020680204,
                0.7534575157545856,
                0.4017494337272151,
                0.1718849720601104,
                0.05752293926180809,
                0.014643266174930546,
                0.0027671348170508862,
                0.0003813496011138516,
                3.789316821028716e-05,
                2.696291095221891e-06,
                1.368420469441701e-07,
                4.942449185057902e-09,
                1.2687746857080042e-10,
                2.313328113891382e-12,
                2.994514983411044e-14,
                2.751403071932085e-16,
                1.7941757107220516e-18,
                8.302852146941836e-21,
                2.726611832849768e-23,
                6.353935350181746e-26,
                1.0507027980858056e-28,
                1.2329096532434747e-31,
                1.0265850976260049e-34,
                6.065545782552474e-38,
                2.5430529321201903e-41,
                7.565735052234427e-45,
                1.5971910056840266e-48,
                2.392612995047787e-52,
                2.543301573218525e-56,
                1.918372860593787e-60,
                1.0267812235659202e-64,
                3.899712001010476e-69,
                1.0509858370478776e-73,
                2.0098835659601866e-78,
                2.7274364415486915e-83,
                2.626322661309951e-88,
                1.7945320726921948e-93,
                8.700897833638004e-99,
                2.993550674777824e-104,
                7.30834195629924e-110,
                1.2660790002421127e-115
            ],
            "actualIsNotThisClass": [
                6.828087102852074e-172,
                1.217446997358328e-163,
                1.356428488036293e-155,
                9.4436860787996e-148,
                4.1085255397549825e-140,
                1.1169463039576172e-132,
                1.8975032934235477e-125,
                2.0143681222560852e-118,
                1.3362981196085232e-111,
                5.5395984436974055e-105,
                1.435046109151406e-98,
                2.3231023594887092e-92,
                2.3501093988360882e-86,
                1.4856873883654955e-80,
                5.869334641344188e-75,
                1.4490218538003056e-69,
                2.235570230782866e-64,
                2.1554200091520495e-59,
                1.2987001955450199e-54,
                4.890158754588162e-50,
                1.1507432266191136e-45,
                1.6923132921642025e-41,
                1.5553821943801853e-37,
                8.93423330961966e-34,
                3.207415106978066e-30,
                7.19699316724686e-27,
                1.0094281147779683e-23,
                8.850628156331083e-21,
                4.8519651515573324e-18,
                1.6634698103137347e-15,
                3.568080387850207e-13,
                4.791148571362834e-11,
                4.031257045722942e-09,
                2.1285316870878791e-07,
                7.0691644722642005e-06,
                0.00014821578974540144,
                0.0019732073171796504,
                0.016834181045482285,
                0.09339194992213298,
                0.3449038887741652,
                0.8806010413504181,
                1.6543439649985878,
                2.5329590906992854,
                3.610340721173534,
                5.122167431461246,
                6.803622113440217,
                7.944709383320956,
                8.405711180308232,
                8.624682950934309,
                8.783853250938645,
                8.844148030432263,
                8.650294067082465,
                7.787418788031372,
                6.163855513349137,
                4.414958521934345,
                3.115676220675771,
                2.149652991020482,
                1.3060838784561886,
                0.7302507323853951,
                0.46927537159438204,
                0.3158989975031594,
                0.1628635607429855,
                0.055525953332930755,
                0.012048267779065047,
                0.0016492011499150004,
                0.00014208232294529878,
                7.696944233472002e-06,
                2.6201421828030263e-07,
                5.601466131538297e-09,
                7.516256980713258e-11,
                6.326872345969982e-13,
                3.3392099702418944e-15,
                1.104493160102261e-17,
                2.2885669204461493e-20,
                2.969488606387588e-23,
                2.4119728883348795e-26,
                1.2260528247869554e-29,
                3.899257311869623e-33,
                7.757032488604555e-37,
                9.650923172601202e-41,
                7.508134801376495e-45,
                3.651960142364273e-49,
                1.1104539979600132e-53,
                2.1106355560129177e-58,
                2.5074267638623305e-63,
                1.8617246229922077e-68,
                8.638721215954969e-74,
                2.5050074629405642e-79,
                4.539168351132454e-85,
                5.13968264620046e-91,
                3.6364409960487764e-97,
                1.6076316195459107e-103,
                4.440762303983104e-110,
                7.664471065926545e-117,
                8.265219783182629e-124,
                5.56889553428664e-131,
                2.3443471196854357e-138,
                6.1660832144498215e-146,
                1.0132777181938263e-153,
                1.0403435269324308e-161
            ],
            "actualIsThisClassMedian": 0.49333981435952384,
            "actualIsNotThisClassMedian": 0.49302072054905854
        }
    },
    "calibrationData": [
        {
            "y": 0,
            "x": 0,
            "n": 0
        },
        {
            "y": 1.0,
            "x": 0.3996649596853563,
            "n": 1.0
        },
        {
            "y": 0.36231884057971014,
            "x": 0.4668600665564249,
            "n": 138.0
        },
        {
            "y": 0.36607142857142855,
            "x": 0.5300798384870322,
            "n": 112.0
        },
        {
            "y": 1.0,
            "x": 0.6043833823464784,
            "n": 1.0
        },
        {
            "y": 1,
            "x": 1,
            "n": 0
        }
    ],
    "probaDistribData": {
        "bins": [
            0.0,
            0.1,
            0.2,
            0.3,
            0.4,
            0.5,
            0.6,
            0.7,
            0.8,
            0.9,
            1.0
        ],
        "probaDistribs": [
            [
                0.0,
                0.0,
                0.0,
                0.0,
                88.0,
                71.0,
                0.0,
                0.0,
                0.0,
                0.0
            ],
            [
                0.0,
                0.0,
                0.0,
                1.0,
                50.0,
                41.0,
                1.0,
                0.0,
                0.0,
                0.0
            ]
        ]
    },
    "globalMetrics": {
        "testWeight": 252,
        "targetAvg": [
            0.36904761904761907
        ],
        "targetStd": [
            0.48350715510541586
        ],
        "predictionAvg": [
            0.9682539682539683
        ],
        "predictionStd": [
            0.17532319074900413
        ]
    }
}