{
    "predictedClassCountPerCut": [
        {
            "Digital": 252
        },
        {
            "Digital": 252
        },
        {
            "Digital": 252
        },
        {
            "Digital": 252
        },
        {
            "Digital": 252
        },
        {
            "Digital": 252
        },
        {
            "Digital": 252
        },
        {
            "Digital": 252
        },
        {
            "Digital": 252
        },
        {
            "Digital": 252
        },
        {
            "Digital": 252
        },
        {
            "Digital": 252
        },
        {
            "Digital": 252
        },
        {
            "Digital": 252
        },
        {
            "Digital": 252
        },
        {
            "Digital": 252
        },
        {
            "Digital": 251,
            "Physical": 1
        },
        {
            "Digital": 244,
            "Physical": 8
        },
        {
            "Digital": 220,
            "Physical": 32
        },
        {
            "Digital": 170,
            "Physical": 82
        },
        {
            "Physical": 139,
            "Digital": 113
        },
        {
            "Physical": 197,
            "Digital": 55
        },
        {
            "Physical": 231,
            "Digital": 21
        },
        {
            "Physical": 245,
            "Digital": 7
        },
        {
            "Physical": 251,
            "Digital": 1
        },
        {
            "Physical": 252
        },
        {
            "Physical": 252
        },
        {
            "Physical": 252
        },
        {
            "Physical": 252
        },
        {
            "Physical": 252
        },
        {
            "Physical": 252
        },
        {
            "Physical": 252
        },
        {
            "Physical": 252
        },
        {
            "Physical": 252
        },
        {
            "Physical": 252
        },
        {
            "Physical": 252
        },
        {
            "Physical": 252
        },
        {
            "Physical": 252
        },
        {
            "Physical": 252
        },
        {
            "Physical": 252
        }
    ],
    "cuts": [
        0.0,
        0.025,
        0.05,
        0.075,
        0.1,
        0.125,
        0.15,
        0.175,
        0.2,
        0.225,
        0.25,
        0.275,
        0.3,
        0.325,
        0.35,
        0.375,
        0.4,
        0.425,
        0.45,
        0.475,
        0.5,
        0.525,
        0.55,
        0.575,
        0.6,
        0.625,
        0.65,
        0.675,
        0.7,
        0.725,
        0.75,
        0.775,
        0.8,
        0.825,
        0.85,
        0.875,
        0.9,
        0.925,
        0.95,
        0.975
    ],
    "predictedClassCount": {
        "Digital": 244,
        "Physical": 8
    },
    "probabilityDensities": {
        "Physical": {
            "density": [
                1.2164402634163572e-182,
                1.6140510016461923e-173,
                1.2440217403904268e-164,
                5.569595789292147e-156,
                1.4484560305748168e-147,
                2.1881348227655966e-139,
                1.9201337114147318e-131,
                9.787672198556083e-124,
                2.8981465077197735e-116,
                4.984909906428755e-109,
                4.9807443955766154e-102,
                2.8909202935071977e-95,
                9.747409112256212e-89,
                1.9092441764318687e-82,
                2.172516622789661e-76,
                1.4361737864127694e-70,
                5.51581313815672e-65,
                1.2308117716826624e-59,
                1.5958052603660674e-54,
                1.2022872272381782e-49,
                5.26404990603782e-45,
                1.339586001193571e-40,
                1.9816685508662554e-36,
                1.7044816131605672e-32,
                8.526515808419657e-29,
                2.48153111228657e-25,
                4.203698109549169e-22,
                4.1472405131638216e-19,
                2.3846811080191434e-16,
                7.999658269016539e-14,
                1.5676215050230188e-11,
                1.79753331188985e-09,
                1.2088305137442153e-07,
                4.782547409728034e-06,
                0.00011181122842171351,
                0.0015550356419356396,
                0.013003274117063,
                0.06655861507958676,
                0.21509018174764716,
                0.46325017038908733,
                0.7341444565415582,
                1.0168375347030059,
                1.4537834999564831,
                2.123018031434453,
                3.022861271975947,
                4.35750742359571,
                6.156397236368157,
                7.77444142389983,
                8.538822094976336,
                8.623414813190154,
                8.620971707300718,
                8.637043064992401,
                8.494862899863218,
                8.079018482333227,
                7.089970869937774,
                5.418111330323709,
                3.581082274967957,
                2.1647838039236835,
                1.2546062502837796,
                0.667430110763387,
                0.2979767731422431,
                0.10313383854377525,
                0.025557383329516556,
                0.004192710534560879,
                0.00042925851080893385,
                2.647477493932771e-05,
                9.65497245933032e-07,
                2.0628662761403065e-08,
                2.570732143113461e-10,
                1.8645752747330927e-12,
                7.863132090926284e-15,
                1.9270387117754827e-17,
                2.743860498390988e-20,
                2.2696611119649752e-23,
                1.0905953569273073e-26,
                3.0440967447587873e-30,
                4.935599410309619e-34,
                4.648419682830049e-38,
                2.5430414718886825e-42,
                8.081344356386352e-47,
                1.491748261147308e-51,
                1.599517803390227e-56,
                9.962404159648671e-62,
                3.604298409669612e-67,
                7.574584470285724e-73,
                9.246521143530648e-79,
                6.556610701163925e-85,
                2.7006102058497816e-91,
                6.461388959540276e-98,
                8.97989668094157e-105,
                7.249336647603731e-112,
                3.399434440301266e-119,
                9.259692088840534e-127,
                1.4651021115255008e-134,
                1.3465445194297514e-142,
                7.188777011588142e-151,
                2.2293116304251337e-159,
                4.0157625432168827e-168,
                4.2019099489037185e-177,
                2.5539178912761013e-186
            ],
            "median": 0.5068197325457089
        },
        "Digital": {
            "density": [
                2.553917891275811e-186,
                4.2019099489037185e-177,
                4.015762543217339e-168,
                2.2293116304251337e-159,
                7.188777011587732e-151,
                1.3465445194299045e-142,
                1.4651021115255008e-134,
                9.259692088841587e-127,
                3.399434440301266e-119,
                7.249336647603937e-112,
                8.979896680943358e-105,
                6.461388959540276e-98,
                2.7006102058498585e-91,
                6.556610701163925e-85,
                9.246521143531435e-79,
                7.574584470285509e-73,
                3.604298409669715e-67,
                9.962404159649521e-62,
                1.599517803390227e-56,
                1.491748261147414e-51,
                8.081344356386352e-47,
                2.543041471888719e-42,
                4.648419682829983e-38,
                4.93559941030983e-34,
                3.0440967447589604e-30,
                1.090595356927315e-26,
                2.2696611119650558e-23,
                2.743860498390988e-20,
                1.9270387117755376e-17,
                7.863132090926508e-15,
                1.864575274733086e-12,
                2.570732143113516e-10,
                2.0628662761403065e-08,
                9.654972459330457e-07,
                2.6474774939327333e-05,
                0.00042925851080893537,
                0.0041927105345609195,
                0.025557383329516604,
                0.10313383854377603,
                0.2979767731422444,
                0.667430110763387,
                1.2546062502837807,
                2.1647838039236778,
                3.5810822749679794,
                5.418111330323719,
                7.089970869937737,
                8.079018482333272,
                8.494862899863188,
                8.637043064992309,
                8.620971707300702,
                8.623414813190168,
                8.538822094976366,
                7.7744414238998445,
                6.1563972363681625,
                4.357507423595718,
                3.0228612719759416,
                2.123018031434451,
                1.4537834999564805,
                1.016837534703005,
                0.7341444565415556,
                0.4632501703890861,
                0.21509018174764524,
                0.06655861507958649,
                0.013003274117062816,
                0.0015550356419356203,
                0.00011181122842171332,
                4.7825474097279485e-06,
                1.2088305137442108e-07,
                1.7975333118897863e-09,
                1.5676215050230188e-11,
                7.99965826901631e-14,
                2.384681108019076e-16,
                4.1472405131638216e-19,
                4.20369810954896e-22,
                2.4815311122865525e-25,
                8.526515808419294e-29,
                1.7044816131604946e-32,
                1.9816685508662835e-36,
                1.339586001193571e-40,
                5.2640499060378947e-45,
                1.2022872272381099e-49,
                1.5958052603660674e-54,
                1.2308117716826274e-59,
                5.515813138156563e-65,
                1.436173786412851e-70,
                2.1725166227895373e-76,
                1.909244176431923e-82,
                9.747409112254826e-89,
                2.8909202935071977e-95,
                4.980744395575625e-102,
                4.984909906428897e-109,
                2.898146507719938e-116,
                9.787672198554971e-124,
                1.9201337114147318e-131,
                2.188134822765348e-139,
                1.4484560305748168e-147,
                5.569595789292147e-156,
                1.2440217403902853e-164,
                1.6140510016461923e-173,
                1.2164402634165648e-182
            ],
            "median": 0.4931802674542912
        }
    }
}