{
    "diagnostics": [
        {
            "type": "ML_DIAGNOSTICS_DATASET_SANITY_CHECKS",
            "message": "Training set might be too small (453 rows) for robust training",
            "step": "Loading train set"
        },
        {
            "type": "ML_DIAGNOSTICS_DATASET_SANITY_CHECKS",
            "message": "Test set might be too small (113 rows) for reliable performance estimation",
            "step": "Loading test set"
        },
        {
            "type": "ML_DIAGNOSTICS_LEAKAGE_DETECTION",
            "message": "Feature \"RFM Score\" has suspiciously high importance: 100%, which could be indicative of data leakage or overfitting",
            "step": "Fitting model"
        },
        {
            "type": "ML_DIAGNOSTICS_TRAINING_OVERFIT",
            "message": "The Decision tree seems to have overfit the train set, all the leaves in the model are pure",
            "step": "Fitting model"
        },
        {
            "type": "ML_DIAGNOSTICS_LEAKAGE_DETECTION",
            "message": "AUC=1.000, too good to be true?",
            "step": "Scoring model"
        },
        {
            "type": "ML_DIAGNOSTICS_LEAKAGE_DETECTION",
            "message": "F1 Score=1.000, too good to be true?",
            "step": "Scoring model"
        }
    ]
}