{
    "metrics": {},
    "processed_feature_names": [
        "Years with Firm",
        "Average Transactions per Month",
        "Credit Balance (AED)",
        "RFM Score",
        "Number of Referrals",
        "Age",
        "dummy:Gender:Male",
        "dummy:Gender:Female",
        "dummy:Gender:N/A",
        "dummy:Gender:__Others__",
        "dummy:Active on Social Media:true",
        "dummy:Active on Social Media:false",
        "dummy:Active on Social Media:N/A",
        "dummy:Active on Social Media:__Others__",
        "dummy:Profile Picture on Social Media:true",
        "dummy:Profile Picture on Social Media:false",
        "dummy:Profile Picture on Social Media:N/A",
        "dummy:Profile Picture on Social Media:__Others__",
        "dummy:Payback Status:Default",
        "dummy:Payback Status:4",
        "dummy:Payback Status:8",
        "dummy:Payback Status:11",
        "dummy:Payback Status:7",
        "dummy:Payback Status:6",
        "dummy:Payback Status:12",
        "dummy:Payback Status:3",
        "dummy:Payback Status:10",
        "dummy:Payback Status:1",
        "dummy:Payback Status:9",
        "dummy:Payback Status:2",
        "dummy:Payback Status:5",
        "dummy:Payback Status:N/A",
        "dummy:Payback Status:__Others__",
        "dummy:tag:false",
        "dummy:tag:true",
        "dummy:tag:N/A",
        "dummy:tag:__Others__"
    ],
    "optimalThreshold": 0.0,
    "usedThreshold": 0.0,
    "perCutData": {
        "cut": [
            0.0,
            0.025,
            0.05,
            0.075,
            0.1,
            0.125,
            0.15,
            0.175,
            0.2,
            0.225,
            0.25,
            0.275,
            0.3,
            0.325,
            0.35,
            0.375,
            0.4,
            0.425,
            0.45,
            0.475,
            0.5,
            0.525,
            0.55,
            0.575,
            0.6,
            0.625,
            0.65,
            0.675,
            0.7,
            0.725,
            0.75,
            0.775,
            0.8,
            0.825,
            0.85,
            0.875,
            0.9,
            0.925,
            0.95,
            0.975
        ],
        "tp": [
            33,
            33,
            33,
            33,
            33,
            33,
            33,
            33,
            33,
            33,
            33,
            33,
            33,
            33,
            33,
            33,
            33,
            33,
            33,
            33,
            33,
            33,
            33,
            33,
            33,
            33,
            33,
            33,
            33,
            33,
            33,
            33,
            33,
            33,
            33,
            33,
            33,
            33,
            33,
            33
        ],
        "tn": [
            80,
            80,
            80,
            80,
            80,
            80,
            80,
            80,
            80,
            80,
            80,
            80,
            80,
            80,
            80,
            80,
            80,
            80,
            80,
            80,
            80,
            80,
            80,
            80,
            80,
            80,
            80,
            80,
            80,
            80,
            80,
            80,
            80,
            80,
            80,
            80,
            80,
            80,
            80,
            80
        ],
        "fp": [
            0,
            0,
            0,
            0,
            0,
            0,
            0,
            0,
            0,
            0,
            0,
            0,
            0,
            0,
            0,
            0,
            0,
            0,
            0,
            0,
            0,
            0,
            0,
            0,
            0,
            0,
            0,
            0,
            0,
            0,
            0,
            0,
            0,
            0,
            0,
            0,
            0,
            0,
            0,
            0
        ],
        "fn": [
            0,
            0,
            0,
            0,
            0,
            0,
            0,
            0,
            0,
            0,
            0,
            0,
            0,
            0,
            0,
            0,
            0,
            0,
            0,
            0,
            0,
            0,
            0,
            0,
            0,
            0,
            0,
            0,
            0,
            0,
            0,
            0,
            0,
            0,
            0,
            0,
            0,
            0,
            0,
            0
        ],
        "precision": [
            1.0,
            1.0,
            1.0,
            1.0,
            1.0,
            1.0,
            1.0,
            1.0,
            1.0,
            1.0,
            1.0,
            1.0,
            1.0,
            1.0,
            1.0,
            1.0,
            1.0,
            1.0,
            1.0,
            1.0,
            1.0,
            1.0,
            1.0,
            1.0,
            1.0,
            1.0,
            1.0,
            1.0,
            1.0,
            1.0,
            1.0,
            1.0,
            1.0,
            1.0,
            1.0,
            1.0,
            1.0,
            1.0,
            1.0,
            1.0
        ],
        "recall": [
            1.0,
            1.0,
            1.0,
            1.0,
            1.0,
            1.0,
            1.0,
            1.0,
            1.0,
            1.0,
            1.0,
            1.0,
            1.0,
            1.0,
            1.0,
            1.0,
            1.0,
            1.0,
            1.0,
            1.0,
            1.0,
            1.0,
            1.0,
            1.0,
            1.0,
            1.0,
            1.0,
            1.0,
            1.0,
            1.0,
            1.0,
            1.0,
            1.0,
            1.0,
            1.0,
            1.0,
            1.0,
            1.0,
            1.0,
            1.0
        ],
        "accuracy": [
            1.0,
            1.0,
            1.0,
            1.0,
            1.0,
            1.0,
            1.0,
            1.0,
            1.0,
            1.0,
            1.0,
            1.0,
            1.0,
            1.0,
            1.0,
            1.0,
            1.0,
            1.0,
            1.0,
            1.0,
            1.0,
            1.0,
            1.0,
            1.0,
            1.0,
            1.0,
            1.0,
            1.0,
            1.0,
            1.0,
            1.0,
            1.0,
            1.0,
            1.0,
            1.0,
            1.0,
            1.0,
            1.0,
            1.0,
            1.0
        ],
        "f1": [
            1.0,
            1.0,
            1.0,
            1.0,
            1.0,
            1.0,
            1.0,
            1.0,
            1.0,
            1.0,
            1.0,
            1.0,
            1.0,
            1.0,
            1.0,
            1.0,
            1.0,
            1.0,
            1.0,
            1.0,
            1.0,
            1.0,
            1.0,
            1.0,
            1.0,
            1.0,
            1.0,
            1.0,
            1.0,
            1.0,
            1.0,
            1.0,
            1.0,
            1.0,
            1.0,
            1.0,
            1.0,
            1.0,
            1.0,
            1.0
        ],
        "mcc": [
            1.0,
            1.0,
            1.0,
            1.0,
            1.0,
            1.0,
            1.0,
            1.0,
            1.0,
            1.0,
            1.0,
            1.0,
            1.0,
            1.0,
            1.0,
            1.0,
            1.0,
            1.0,
            1.0,
            1.0,
            1.0,
            1.0,
            1.0,
            1.0,
            1.0,
            1.0,
            1.0,
            1.0,
            1.0,
            1.0,
            1.0,
            1.0,
            1.0,
            1.0,
            1.0,
            1.0,
            1.0,
            1.0,
            1.0,
            1.0
        ],
        "hammingLoss": [
            0.0,
            0.0,
            0.0,
            0.0,
            0.0,
            0.0,
            0.0,
            0.0,
            0.0,
            0.0,
            0.0,
            0.0,
            0.0,
            0.0,
            0.0,
            0.0,
            0.0,
            0.0,
            0.0,
            0.0,
            0.0,
            0.0,
            0.0,
            0.0,
            0.0,
            0.0,
            0.0,
            0.0,
            0.0,
            0.0,
            0.0,
            0.0,
            0.0,
            0.0,
            0.0,
            0.0,
            0.0,
            0.0,
            0.0,
            0.0
        ],
        "assertionsMetrics": [],
        "overridesMetrics": []
    },
    "tiMetrics": {
        "auc": 1.0,
        "logLoss": 2.220446049250313e-16,
        "lift": 2.5111111111111106,
        "averagePrecision": 1.0,
        "calibrationLoss": 0.0
    },
    "probaPercentiles": [
        0.0,
        0.0,
        0.0,
        0.0,
        0.0,
        0.0,
        0.0,
        0.0,
        0.0,
        0.0,
        0.0,
        0.0,
        0.0,
        0.0,
        0.0,
        0.0,
        0.0,
        0.0,
        0.0,
        0.0,
        0.0,
        0.0,
        0.0,
        0.0,
        0.0,
        0.0,
        0.0,
        0.0,
        0.0,
        0.0,
        0.0,
        0.0,
        0.0,
        0.0,
        0.0,
        0.0,
        0.0,
        0.0,
        0.0,
        0.0,
        0.0,
        0.0,
        0.0,
        0.0,
        0.0,
        0.0,
        0.0,
        0.0,
        0.0,
        0.0,
        0.0,
        0.0,
        0.0,
        0.0,
        0.0,
        0.0,
        0.0,
        0.0,
        0.0,
        0.0,
        0.0,
        0.0,
        0.0,
        0.0,
        0.0,
        0.0,
        0.0,
        0.0,
        0.0,
        0.0,
        0.519999999999996,
        1.0,
        1.0,
        1.0,
        1.0,
        1.0,
        1.0,
        1.0,
        1.0,
        1.0,
        1.0,
        1.0,
        1.0,
        1.0,
        1.0,
        1.0,
        1.0,
        1.0,
        1.0,
        1.0,
        1.0,
        1.0,
        1.0,
        1.0,
        1.0,
        1.0,
        1.0,
        1.0,
        1.0
    ],
    "rocVizData": [
        [
            {
                "x": 0.0,
                "y": 0.0,
                "p": 2.0
            },
            {
                "x": 0.0,
                "y": 1.0,
                "p": 1.0
            },
            {
                "x": 1.0,
                "y": 1.0,
                "p": 0.0
            }
        ]
    ],
    "liftVizData": {
        "bins": [
            {
                "bin_pos_prop": 0.2920353982,
                "bin_lift": 1.0,
                "cum_lift": 1.0,
                "cum_size": 1.0,
                "bin_min": 0.0,
                "bin_max": 1.0,
                "percentile_idx": 0
            }
        ],
        "wizard": {
            "positives": 33,
            "total": 113
        }
    },
    "prVizData": [
        {
            "bins": [
                {
                    "x": 1.0,
                    "y": 0.2920353982300885,
                    "p": 0.0
                },
                {
                    "x": 1.0,
                    "y": 1.0,
                    "p": 1.0
                }
            ],
            "positiveRate": 0.2920353982300885
        }
    ],
    "densityData": {
        "Bad": {
            "actualIsThisClass": [
                3.236774845450698e-60,
                5.277841887588233e-59,
                8.365493816477047e-58,
                1.288896698271294e-56,
                1.9303495625090806e-55,
                2.810251145655641e-54,
                3.976908759374647e-53,
                5.470631258727159e-52,
                7.315105260568138e-51,
                9.508128414652007e-50,
                1.2013258411428343e-48,
                1.4754276610132364e-47,
                1.7614338787517495e-46,
                2.0441186033279906e-45,
                2.3058824184748457e-44,
                2.5284801408085646e-43,
                2.6950899067818104e-42,
                2.7924042475718997e-41,
                2.8123841649542866e-40,
                2.7533556946118084e-39,
                2.6202414778682543e-38,
                2.4238829079938286e-37,
                2.179582323413284e-36,
                1.9051371227204733e-35,
                1.6187154942974286e-34,
                1.3369221838195225e-33,
                1.0733294786209534e-32,
                8.376282317549343e-32,
                6.354199960399244e-31,
                4.685562877073522e-30,
                3.358566753277757e-29,
                2.3401167252668258e-28,
                1.5849383660581685e-27,
                1.0434666128897825e-26,
                6.67784076433412e-26,
                4.154175898648925e-25,
                2.5120311834263816e-24,
                1.4765783367240514e-23,
                8.436829652611424e-23,
                4.685904032546197e-22,
                2.529873589545544e-21,
                1.3276866067616211e-20,
                6.773040132401938e-20,
                3.3586368244156757e-19,
                1.6189512199799864e-18,
                7.585702444593196e-18,
                3.455008853494325e-17,
                1.529656257813794e-16,
                6.583090910055389e-16,
                2.753957153250866e-15,
                1.1198911879407508e-14,
                4.426758167596006e-14,
                1.7009325372286614e-13,
                6.353012387832625e-13,
                2.3065540563093282e-12,
                8.140271571994368e-12,
                2.7925790283994905e-11,
                9.312437528055226e-11,
                3.0186488378979964e-10,
                9.511590349234204e-10,
                2.913298617319213e-09,
                8.673775745494882e-09,
                2.5102830758725073e-08,
                7.062013254696981e-08,
                1.9311930076429318e-07,
                5.133506945069685e-07,
                1.3264593618349149e-06,
                3.3316936894863435e-06,
                8.13443709338795e-06,
                1.9305509392339652e-05,
                4.4537552513880544e-05,
                9.987637038049846e-05,
                0.00021771606520868937,
                0.0004613276911392329,
                0.0009502106478729865,
                0.0019024864981422693,
                0.003702666489143029,
                0.007004851445595434,
                0.012881741656249106,
                0.023027222770561063,
                0.04001288459096857,
                0.06758486991068414,
                0.11096612604954899,
                0.17710168315683245,
                0.27475542389020846,
                0.4143441217956888,
                0.6073896835114697,
                0.8654957946914302,
                1.1988195995161415,
                1.6141133477407499,
                2.1125429378726173,
                2.6876232071284054,
                3.323705546504672,
                3.995471368505302,
                4.668795220213309,
                5.303138261288215,
                5.855343747646162,
                6.284390507349912,
                6.556397159212588,
                6.6490356979971885
            ],
            "actualIsNotThisClass": [
                6.649035697997197,
                6.556397159212596,
                6.284390507349909,
                5.85534374764617,
                5.303138261288208,
                4.6687952202132985,
                3.9954713685052967,
                3.323705546504665,
                2.687623207128404,
                2.1125429378726124,
                1.614113347740744,
                1.1988195995161381,
                0.8654957946914267,
                0.6073896835114686,
                0.4143441217956869,
                0.27475542389020824,
                0.17710168315683172,
                0.1109661260495483,
                0.06758486991068396,
                0.04001288459096832,
                0.023027222770561,
                0.012881741656249036,
                0.007004851445595421,
                0.0037026664891430094,
                0.001902486498142259,
                0.0009502106478729831,
                0.00046132769113922965,
                0.00021771606520868861,
                9.987637038049758e-05,
                4.453755251388007e-05,
                1.9305509392339584e-05,
                8.134437093387863e-06,
                3.3316936894863258e-06,
                1.3264593618349032e-06,
                5.133506945069649e-07,
                1.9311930076429112e-07,
                7.062013254696881e-08,
                2.5102830758724983e-08,
                8.67377574549479e-09,
                2.9132986173192027e-09,
                9.511590349234103e-10,
                3.018648837897975e-10,
                9.312437528055159e-11,
                2.7925790283994608e-11,
                8.14027157199431e-12,
                2.3065540563092955e-12,
                6.353012387832581e-13,
                1.7009325372286372e-13,
                4.426758167595943e-14,
                1.1198911879407429e-14,
                2.753957153250866e-15,
                6.583090910055295e-16,
                1.529656257813772e-16,
                3.455008853494325e-17,
                7.585702444593089e-18,
                1.618951219979952e-18,
                3.358636824415604e-19,
                6.773040132401938e-20,
                1.3276866067615929e-20,
                2.5298735895454723e-21,
                4.685904032546197e-22,
                8.436829652611184e-23,
                1.4765783367240094e-23,
                2.512031183426328e-24,
                4.154175898648837e-25,
                6.677840764333978e-26,
                1.0434666128897602e-26,
                1.5849383660581572e-27,
                2.340116725266792e-28,
                3.358566753277662e-29,
                4.685562877073455e-30,
                6.354199960399154e-31,
                8.376282317549105e-32,
                1.0733294786209382e-32,
                1.3369221838195225e-33,
                1.6187154942974057e-34,
                1.905137122720392e-35,
                2.179582323413284e-36,
                2.4238829079937597e-37,
                2.6202414778682173e-38,
                2.7533556946117693e-39,
                2.8123841649542866e-40,
                2.79240424757182e-41,
                2.695089906781772e-42,
                2.5284801408085646e-43,
                2.3058824184747477e-44,
                2.0441186033279324e-45,
                1.7614338787516993e-46,
                1.4754276610131946e-47,
                1.2013258411428001e-48,
                9.508128414651737e-50,
                7.315105260568138e-51,
                5.470631258727003e-52,
                3.976908759374534e-53,
                2.810251145655561e-54,
                1.930349562508998e-55,
                1.288896698271294e-56,
                8.36549381647681e-58,
                5.277841887588233e-59,
                3.236774845450698e-60
            ],
            "actualIsThisClassMedian": 1.0,
            "actualIsNotThisClassMedian": 0.0
        },
        "Good": {
            "actualIsThisClass": [
                3.236774845450698e-60,
                5.277841887588233e-59,
                8.365493816477047e-58,
                1.288896698271294e-56,
                1.9303495625090806e-55,
                2.810251145655641e-54,
                3.976908759374647e-53,
                5.470631258727159e-52,
                7.315105260568138e-51,
                9.508128414652007e-50,
                1.2013258411428343e-48,
                1.4754276610132364e-47,
                1.7614338787517495e-46,
                2.0441186033279906e-45,
                2.3058824184748457e-44,
                2.5284801408085646e-43,
                2.6950899067818104e-42,
                2.7924042475718997e-41,
                2.8123841649542866e-40,
                2.7533556946118084e-39,
                2.6202414778682543e-38,
                2.4238829079938286e-37,
                2.179582323413284e-36,
                1.9051371227204733e-35,
                1.6187154942974286e-34,
                1.3369221838195225e-33,
                1.0733294786209534e-32,
                8.376282317549343e-32,
                6.354199960399244e-31,
                4.685562877073522e-30,
                3.358566753277757e-29,
                2.3401167252668258e-28,
                1.5849383660581572e-27,
                1.043466612889775e-26,
                6.67784076433412e-26,
                4.154175898648896e-25,
                2.5120311834263636e-24,
                1.4765783367240514e-23,
                8.436829652611364e-23,
                4.685904032546197e-22,
                2.529873589545544e-21,
                1.3276866067616211e-20,
                6.773040132401938e-20,
                3.3586368244156757e-19,
                1.6189512199799748e-18,
                7.585702444593196e-18,
                3.455008853494325e-17,
                1.529656257813794e-16,
                6.583090910055389e-16,
                2.753957153250866e-15,
                1.1198911879407508e-14,
                4.426758167596006e-14,
                1.7009325372286614e-13,
                6.353012387832625e-13,
                2.3065540563093282e-12,
                8.140271571994368e-12,
                2.7925790283994905e-11,
                9.312437528055226e-11,
                3.0186488378979964e-10,
                9.511590349234204e-10,
                2.913298617319213e-09,
                8.673775745494882e-09,
                2.5102830758725073e-08,
                7.062013254696956e-08,
                1.9311930076429318e-07,
                5.133506945069685e-07,
                1.3264593618349149e-06,
                3.3316936894863435e-06,
                8.13443709338795e-06,
                1.9305509392339652e-05,
                4.4537552513880544e-05,
                9.987637038049846e-05,
                0.00021771606520868937,
                0.0004613276911392329,
                0.0009502106478729865,
                0.0019024864981422693,
                0.003702666489143029,
                0.007004851445595434,
                0.012881741656249106,
                0.023027222770561063,
                0.04001288459096857,
                0.06758486991068414,
                0.11096612604954899,
                0.17710168315683245,
                0.27475542389020846,
                0.4143441217956888,
                0.6073896835114697,
                0.8654957946914302,
                1.1988195995161408,
                1.6141133477407499,
                2.112542937872618,
                2.6876232071284063,
                3.323705546504674,
                3.9954713685053003,
                4.6687952202133065,
                5.303138261288213,
                5.85534374764617,
                6.284390507349914,
                6.556397159212596,
                6.649035697997197
            ],
            "actualIsNotThisClass": [
                6.6490356979971885,
                6.556397159212588,
                6.284390507349912,
                5.855343747646162,
                5.303138261288206,
                4.6687952202133,
                3.995471368505295,
                3.3237055465046663,
                2.6876232071284054,
                2.1125429378726133,
                1.614113347740744,
                1.1988195995161381,
                0.8654957946914271,
                0.6073896835114686,
                0.4143441217956869,
                0.27475542389020824,
                0.17710168315683172,
                0.1109661260495483,
                0.06758486991068396,
                0.04001288459096832,
                0.023027222770561,
                0.012881741656249036,
                0.007004851445595421,
                0.0037026664891430094,
                0.001902486498142259,
                0.0009502106478729831,
                0.00046132769113922965,
                0.00021771606520868861,
                9.987637038049758e-05,
                4.453755251388007e-05,
                1.9305509392339584e-05,
                8.134437093387863e-06,
                3.3316936894863258e-06,
                1.3264593618349032e-06,
                5.133506945069649e-07,
                1.9311930076429112e-07,
                7.062013254696881e-08,
                2.5102830758725073e-08,
                8.673775745494821e-09,
                2.9132986173191923e-09,
                9.511590349234103e-10,
                3.018648837897975e-10,
                9.312437528055159e-11,
                2.7925790283994608e-11,
                8.14027157199431e-12,
                2.3065540563092955e-12,
                6.353012387832581e-13,
                1.7009325372286372e-13,
                4.426758167595943e-14,
                1.1198911879407429e-14,
                2.753957153250866e-15,
                6.583090910055295e-16,
                1.529656257813772e-16,
                3.455008853494325e-17,
                7.585702444593089e-18,
                1.6189512199799633e-18,
                3.358636824415628e-19,
                6.773040132401938e-20,
                1.3276866067616022e-20,
                2.5298735895454723e-21,
                4.685904032546197e-22,
                8.436829652611184e-23,
                1.4765783367240094e-23,
                2.5120311834263456e-24,
                4.154175898648866e-25,
                6.677840764334025e-26,
                1.0434666128897677e-26,
                1.5849383660581685e-27,
                2.340116725266792e-28,
                3.358566753277662e-29,
                4.685562877073455e-30,
                6.354199960399154e-31,
                8.376282317549105e-32,
                1.0733294786209382e-32,
                1.3369221838195225e-33,
                1.6187154942974057e-34,
                1.905137122720392e-35,
                2.179582323413284e-36,
                2.4238829079937597e-37,
                2.6202414778682173e-38,
                2.7533556946117693e-39,
                2.8123841649542866e-40,
                2.79240424757182e-41,
                2.695089906781772e-42,
                2.5284801408085646e-43,
                2.3058824184747477e-44,
                2.0441186033279324e-45,
                1.7614338787516993e-46,
                1.4754276610131946e-47,
                1.2013258411428001e-48,
                9.508128414651737e-50,
                7.315105260568138e-51,
                5.470631258727003e-52,
                3.976908759374534e-53,
                2.810251145655561e-54,
                1.930349562508998e-55,
                1.288896698271294e-56,
                8.36549381647681e-58,
                5.277841887588233e-59,
                3.236774845450698e-60
            ],
            "actualIsThisClassMedian": 1.0,
            "actualIsNotThisClassMedian": 0.0
        }
    },
    "calibrationData": [
        {
            "y": 0,
            "x": 0,
            "n": 0
        },
        {
            "y": 0.0,
            "x": 0.0,
            "n": 80.0
        },
        {
            "y": 1.0,
            "x": 1.0,
            "n": 33.0
        },
        {
            "y": 1,
            "x": 1,
            "n": 0
        }
    ],
    "probaDistribData": {
        "bins": [
            0.0,
            0.1,
            0.2,
            0.3,
            0.4,
            0.5,
            0.6,
            0.7,
            0.8,
            0.9,
            1.0
        ],
        "probaDistribs": [
            [
                80.0,
                0.0,
                0.0,
                0.0,
                0.0,
                0.0,
                0.0,
                0.0,
                0.0,
                0.0
            ],
            [
                0.0,
                0.0,
                0.0,
                0.0,
                0.0,
                0.0,
                0.0,
                0.0,
                0.0,
                33.0
            ]
        ]
    },
    "globalMetrics": {
        "testWeight": 113,
        "targetAvg": [
            0.2920353982300885
        ],
        "targetStd": [
            0.45672389145028497
        ],
        "predictionAvg": [
            0.2920353982300885
        ],
        "predictionStd": [
            0.45469849835982756
        ]
    }
}