{
    "predictedClassCountPerCut": [
        {
            "Bad": 80,
            "Good": 33
        },
        {
            "Bad": 80,
            "Good": 33
        },
        {
            "Bad": 80,
            "Good": 33
        },
        {
            "Bad": 80,
            "Good": 33
        },
        {
            "Bad": 80,
            "Good": 33
        },
        {
            "Bad": 80,
            "Good": 33
        },
        {
            "Bad": 80,
            "Good": 33
        },
        {
            "Bad": 80,
            "Good": 33
        },
        {
            "Bad": 80,
            "Good": 33
        },
        {
            "Bad": 80,
            "Good": 33
        },
        {
            "Bad": 80,
            "Good": 33
        },
        {
            "Bad": 80,
            "Good": 33
        },
        {
            "Bad": 80,
            "Good": 33
        },
        {
            "Bad": 80,
            "Good": 33
        },
        {
            "Bad": 80,
            "Good": 33
        },
        {
            "Bad": 80,
            "Good": 33
        },
        {
            "Bad": 80,
            "Good": 33
        },
        {
            "Bad": 80,
            "Good": 33
        },
        {
            "Bad": 80,
            "Good": 33
        },
        {
            "Bad": 80,
            "Good": 33
        },
        {
            "Bad": 80,
            "Good": 33
        },
        {
            "Bad": 80,
            "Good": 33
        },
        {
            "Bad": 80,
            "Good": 33
        },
        {
            "Bad": 80,
            "Good": 33
        },
        {
            "Bad": 80,
            "Good": 33
        },
        {
            "Bad": 80,
            "Good": 33
        },
        {
            "Bad": 80,
            "Good": 33
        },
        {
            "Bad": 80,
            "Good": 33
        },
        {
            "Bad": 80,
            "Good": 33
        },
        {
            "Bad": 80,
            "Good": 33
        },
        {
            "Bad": 80,
            "Good": 33
        },
        {
            "Bad": 80,
            "Good": 33
        },
        {
            "Bad": 80,
            "Good": 33
        },
        {
            "Bad": 80,
            "Good": 33
        },
        {
            "Bad": 80,
            "Good": 33
        },
        {
            "Bad": 80,
            "Good": 33
        },
        {
            "Bad": 80,
            "Good": 33
        },
        {
            "Bad": 80,
            "Good": 33
        },
        {
            "Bad": 80,
            "Good": 33
        },
        {
            "Bad": 80,
            "Good": 33
        }
    ],
    "cuts": [
        0.0,
        0.025,
        0.05,
        0.075,
        0.1,
        0.125,
        0.15,
        0.175,
        0.2,
        0.225,
        0.25,
        0.275,
        0.3,
        0.325,
        0.35,
        0.375,
        0.4,
        0.425,
        0.45,
        0.475,
        0.5,
        0.525,
        0.55,
        0.575,
        0.6,
        0.625,
        0.65,
        0.675,
        0.7,
        0.725,
        0.75,
        0.775,
        0.8,
        0.825,
        0.85,
        0.875,
        0.9,
        0.925,
        0.95,
        0.975
    ],
    "predictedClassCount": {
        "Bad": 80,
        "Good": 33
    },
    "probabilityDensities": {
        "Bad": {
            "density": [
                0.6222036087835648,
                0.6213082139810726,
                0.6186113959609434,
                0.6141366474815873,
                0.6079227858149826,
                0.6000233955385781,
                0.5905060635125414,
                0.5794514215628818,
                0.5669520161290474,
                0.5531110273873479,
                0.5380408630527191,
                0.5218616541320651,
                0.5046996813128112,
                0.48668576140032244,
                0.4679536232672777,
                0.4486383021663171,
                0.42887458002173257,
                0.40879549751055483,
                0.38853096143616317,
                0.3682064681677793,
                0.3479419608547589,
                0.3278508348182596,
                0.30803910206956414,
                0.2886047223976452,
                0.2696371049979047,
                0.2512167812619954,
                0.23341524618857723,
                0.2162949629691852,
                0.19990952270206827,
                0.1843039489266626,
                0.1695151347755417,
                0.15557239901911055,
                0.14249814612822795,
                0.1303086146869715,
                0.11901469802745901,
                0.10862282079819666,
                0.09913585527764567,
                0.0905540615621612,
                0.08287603624661738,
                0.07609965483141032,
                0.07022299378773549,
                0.06524521895461768,
                0.061167427692300234,
                0.057993432950379335,
                0.0557304781066089,
                0.05438987208339035,
                0.053987534852371455,
                0.05454444400101711,
                0.05608697357466747,
                0.058647116947309126,
                0.062262586044417895,
                0.06697677987716898,
                0.07283861608773455,
                0.07990222009028256,
                0.08822646746082473,
                0.09787437651733753,
                0.10891234957036815,
                0.12140926313686796,
                0.13543540950987082,
                0.15106129446593275,
                0.1683562985600227,
                0.18738721237856482,
                0.20821665925536917,
                0.2309014222468802,
                0.2554906955422823,
                0.2820242838665567,
                0.3105307767242962,
                0.3410257274228693,
                0.37350986959208166,
                0.4079674062669138,
                0.4443644084035077,
                0.48264736084397547,
                0.5227418941294466,
                0.5645517400929305,
                0.6079579477719448,
                0.6528183938151163,
                0.6989676181926001,
                0.7462170116613029,
                0.7943553761175841,
                0.8431498727596427,
                0.8923473659788598,
                0.9416761632348891,
                0.9908481430037499,
                1.0395612544074084,
                1.0875023635449064,
                1.1343504130719142,
                1.1797798534499853,
                1.2234642967430973,
                1.265080337106046,
                1.3043114764025832,
                1.3408520889052142,
                1.3744113559300752,
                1.404717099680582,
                1.4315194456047287,
                1.454594244259429,
                1.4737461870215198,
                1.4888115549395569,
                1.4996605464867254,
                1.5061991378097312,
                1.5083704380861602
            ],
            "median": 1.0
        },
        "Good": {
            "density": [
                1.5083704380861602,
                1.5061991378097312,
                1.4996605464867254,
                1.4888115549395569,
                1.4737461870215198,
                1.454594244259429,
                1.4315194456047287,
                1.404717099680582,
                1.3744113559300741,
                1.3408520889052142,
                1.304311476402582,
                1.265080337106046,
                1.2234642967430973,
                1.1797798534499853,
                1.1343504130719142,
                1.0875023635449064,
                1.0395612544074084,
                0.990848143003749,
                0.9416761632348882,
                0.892347365978859,
                0.8431498727596427,
                0.7943553761175833,
                0.7462170116613029,
                0.6989676181925994,
                0.6528183938151157,
                0.6079579477719448,
                0.5645517400929301,
                0.5227418941294462,
                0.4826473608439751,
                0.4443644084035073,
                0.4079674062669134,
                0.3735098695920813,
                0.34102572742286896,
                0.3105307767242959,
                0.2820242838665565,
                0.2554906955422821,
                0.23090142224688,
                0.20821665925536917,
                0.18738721237856465,
                0.16835629856002254,
                0.1510612944659326,
                0.13543540950987082,
                0.12140926313686787,
                0.10891234957036805,
                0.09787437651733749,
                0.08822646746082462,
                0.07990222009028249,
                0.0728386160877345,
                0.06697677987716892,
                0.06226258604441784,
                0.058647116947309126,
                0.05608697357466745,
                0.05454444400101711,
                0.053987534852371455,
                0.05438987208339035,
                0.0557304781066089,
                0.05799343295037936,
                0.06116742769230026,
                0.06524521895461766,
                0.07022299378773554,
                0.07609965483141035,
                0.08287603624661745,
                0.09055406156216124,
                0.09913585527764575,
                0.10862282079819675,
                0.11901469802745901,
                0.13030861468697164,
                0.14249814612822806,
                0.15557239901911069,
                0.16951513477554184,
                0.18430394892666294,
                0.19990952270206844,
                0.2162949629691852,
                0.23341524618857745,
                0.25121678126199565,
                0.26963710499790494,
                0.2886047223976454,
                0.30803910206956414,
                0.3278508348182596,
                0.3479419608547589,
                0.3682064681677796,
                0.38853096143616317,
                0.4087954975105552,
                0.42887458002173257,
                0.4486383021663171,
                0.4679536232672777,
                0.4866857614003228,
                0.5046996813128116,
                0.5218616541320651,
                0.5380408630527196,
                0.5531110273873479,
                0.5669520161290474,
                0.5794514215628818,
                0.5905060635125414,
                0.6000233955385781,
                0.6079227858149826,
                0.6141366474815873,
                0.6186113959609434,
                0.6213082139810726,
                0.6222036087835648
            ],
            "median": 0.0
        }
    }
}