{
    "tree": {
        "leftChild": [
            1,
            -1,
            3,
            -1,
            -1
        ],
        "rightChild": [
            2,
            -1,
            4,
            -1,
            -1
        ],
        "impurity": [
            0.499999999999996,
            -3.4861002973229915e-14,
            1.887379141862766e-14,
            0.0,
            0.0
        ],
        "threshold": [
            3.4999999971531417,
            -2.0,
            0.5,
            -2.0,
            -2.0
        ],
        "nSamples": [
            453,
            339,
            114,
            104,
            10
        ],
        "feature": [
            3,
            -2,
            28,
            -2,
            -2
        ],
        "probas": [
            [
                0.5000000000000014,
                0.49999999999999856
            ],
            [
                1.0,
                0.0
            ],
            [
                0.0,
                1.0
            ],
            [
                0.0,
                1.0
            ],
            [
                0.0,
                1.0
            ]
        ],
        "targetClassesProportions": [
            [
                0.7483443708609283,
                0.2516556291390718
            ],
            [
                1.0,
                0.0
            ],
            [
                0.0,
                1.0
            ],
            [
                0.0,
                1.0
            ],
            [
                0.0,
                1.0
            ]
        ]
    },
    "featureNames": [
        "Years with Firm",
        "Average Transactions per Month",
        "Credit Balance (AED)",
        "RFM Score",
        "Number of Referrals",
        "Age",
        "dummy:Gender:Male",
        "dummy:Gender:Female",
        "dummy:Gender:N/A",
        "dummy:Gender:__Others__",
        "dummy:Active on Social Media:true",
        "dummy:Active on Social Media:false",
        "dummy:Active on Social Media:N/A",
        "dummy:Active on Social Media:__Others__",
        "dummy:Profile Picture on Social Media:true",
        "dummy:Profile Picture on Social Media:false",
        "dummy:Profile Picture on Social Media:N/A",
        "dummy:Profile Picture on Social Media:__Others__",
        "dummy:Payback Status:Default",
        "dummy:Payback Status:4",
        "dummy:Payback Status:8",
        "dummy:Payback Status:11",
        "dummy:Payback Status:7",
        "dummy:Payback Status:6",
        "dummy:Payback Status:12",
        "dummy:Payback Status:3",
        "dummy:Payback Status:10",
        "dummy:Payback Status:1",
        "dummy:Payback Status:9",
        "dummy:Payback Status:2",
        "dummy:Payback Status:5",
        "dummy:Payback Status:N/A",
        "dummy:Payback Status:__Others__",
        "dummy:tag:false",
        "dummy:tag:true",
        "dummy:tag:N/A",
        "dummy:tag:__Others__"
    ],
    "classes": [
        "Bad",
        "Good"
    ]
}