{
    "absoluteImportance": {
        "entertainment_budget_pct": 0.282866159653109,
        "hours_playing": 0.06362828776714301,
        "gender": 0.06306987042336816,
        "salary": 0.17120863952779924,
        "has_kids": 0.1025919466225726,
        "income_bracket": 0.0,
        "tech_savvy_score": 0.23212580385941436,
        "platform_used": 0.07139602328594427,
        "used_lego_before": 0.031662179372179924,
        "owns_tablet": 0.0,
        "Age": 0.3275775452388972,
        "grocery_trips_per_week": 0.02648058450330288
    }
}