{
    "modelInputNRows": 1095,
    "modelInputNCols": 32,
    "modelInputIsSparse": false,
    "modelInputMemory": 280320,
    "rawImportance": {
        "variables": [
            "entertainment_budget_pct",
            "hours_playing",
            "salary",
            "tech_savvy_score",
            "Age",
            "grocery_trips_per_week",
            "dummy:gender:Female",
            "dummy:has_kids:true",
            "dummy:platform_used:PC",
            "dummy:platform_used:N/A",
            "dummy:used_lego_before:false"
        ],
        "importances": [
            0.12260759538419669,
            0.09316107015348672,
            0.25864804083495263,
            0.11822069669319259,
            0.1806649241265629,
            0.02884697083166799,
            0.024570481749871625,
            0.05686134328914755,
            0.05595233834046842,
            0.03141382111367722,
            0.029052717482775686
        ]
    },
    "probaAware": true
}