{
    "metrics": {},
    "processed_feature_names": [
        "entertainment_budget_pct",
        "hours_playing",
        "salary",
        "tech_savvy_score",
        "Age",
        "grocery_trips_per_week",
        "dummy:gender:Male",
        "dummy:gender:Female",
        "dummy:gender:N/A",
        "dummy:gender:__Others__",
        "dummy:has_kids:false",
        "dummy:has_kids:true",
        "dummy:has_kids:N/A",
        "dummy:has_kids:__Others__",
        "dummy:income_bracket:Medium",
        "dummy:income_bracket:Low",
        "dummy:income_bracket:High",
        "dummy:income_bracket:N/A",
        "dummy:income_bracket:__Others__",
        "dummy:platform_used:Mobile",
        "dummy:platform_used:PC",
        "dummy:platform_used:Console",
        "dummy:platform_used:N/A",
        "dummy:platform_used:__Others__",
        "dummy:used_lego_before:false",
        "dummy:used_lego_before:true",
        "dummy:used_lego_before:N/A",
        "dummy:used_lego_before:__Others__",
        "dummy:owns_tablet:true",
        "dummy:owns_tablet:false",
        "dummy:owns_tablet:N/A",
        "dummy:owns_tablet:__Others__"
    ],
    "optimalThreshold": 0.0,
    "usedThreshold": 0.0,
    "perCutData": {
        "cut": [
            0.0,
            0.025,
            0.05,
            0.075,
            0.1,
            0.125,
            0.15,
            0.175,
            0.2,
            0.225,
            0.25,
            0.275,
            0.3,
            0.325,
            0.35,
            0.375,
            0.4,
            0.425,
            0.45,
            0.475,
            0.5,
            0.525,
            0.55,
            0.575,
            0.6,
            0.625,
            0.65,
            0.675,
            0.7,
            0.725,
            0.75,
            0.775,
            0.8,
            0.825,
            0.85,
            0.875,
            0.9,
            0.925,
            0.95,
            0.975
        ],
        "tp": [
            91,
            91,
            91,
            91,
            88,
            88,
            88,
            88,
            88,
            88,
            88,
            81,
            81,
            81,
            81,
            80,
            78,
            70,
            70,
            65,
            63,
            44,
            40,
            21,
            21,
            19,
            19,
            17,
            15,
            15,
            15,
            15,
            11,
            11,
            6,
            4,
            4,
            4,
            4,
            4
        ],
        "tn": [
            4,
            4,
            4,
            4,
            7,
            7,
            7,
            8,
            9,
            9,
            9,
            14,
            14,
            14,
            14,
            18,
            26,
            35,
            35,
            51,
            58,
            85,
            94,
            129,
            129,
            133,
            133,
            136,
            138,
            138,
            138,
            138,
            146,
            146,
            148,
            157,
            157,
            157,
            157,
            157
        ],
        "fp": [
            155,
            155,
            155,
            155,
            152,
            152,
            152,
            151,
            150,
            150,
            150,
            145,
            145,
            145,
            145,
            141,
            133,
            124,
            124,
            108,
            101,
            74,
            65,
            30,
            30,
            26,
            26,
            23,
            21,
            21,
            21,
            21,
            13,
            13,
            11,
            2,
            2,
            2,
            2,
            2
        ],
        "fn": [
            2,
            2,
            2,
            2,
            5,
            5,
            5,
            5,
            5,
            5,
            5,
            12,
            12,
            12,
            12,
            13,
            15,
            23,
            23,
            28,
            30,
            49,
            53,
            72,
            72,
            74,
            74,
            76,
            78,
            78,
            78,
            78,
            82,
            82,
            87,
            89,
            89,
            89,
            89,
            89
        ],
        "precision": [
            0.3699186991869919,
            0.3699186991869919,
            0.3699186991869919,
            0.3699186991869919,
            0.36666666666666664,
            0.36666666666666664,
            0.36666666666666664,
            0.3682008368200837,
            0.3697478991596639,
            0.3697478991596639,
            0.3697478991596639,
            0.3584070796460177,
            0.3584070796460177,
            0.3584070796460177,
            0.3584070796460177,
            0.36199095022624433,
            0.3696682464454976,
            0.36082474226804123,
            0.36082474226804123,
            0.37572254335260113,
            0.38414634146341464,
            0.3728813559322034,
            0.38095238095238093,
            0.4117647058823529,
            0.4117647058823529,
            0.4222222222222222,
            0.4222222222222222,
            0.425,
            0.4166666666666667,
            0.4166666666666667,
            0.4166666666666667,
            0.4166666666666667,
            0.4583333333333333,
            0.4583333333333333,
            0.35294117647058826,
            0.6666666666666666,
            0.6666666666666666,
            0.6666666666666666,
            0.6666666666666666,
            0.6666666666666666
        ],
        "recall": [
            0.978494623655914,
            0.978494623655914,
            0.978494623655914,
            0.978494623655914,
            0.946236559139785,
            0.946236559139785,
            0.946236559139785,
            0.946236559139785,
            0.946236559139785,
            0.946236559139785,
            0.946236559139785,
            0.8709677419354839,
            0.8709677419354839,
            0.8709677419354839,
            0.8709677419354839,
            0.8602150537634409,
            0.8387096774193549,
            0.7526881720430108,
            0.7526881720430108,
            0.6989247311827957,
            0.6774193548387096,
            0.4731182795698925,
            0.43010752688172044,
            0.22580645161290322,
            0.22580645161290322,
            0.20430107526881722,
            0.20430107526881722,
            0.1827956989247312,
            0.16129032258064516,
            0.16129032258064516,
            0.16129032258064516,
            0.16129032258064516,
            0.11827956989247312,
            0.11827956989247312,
            0.06451612903225806,
            0.043010752688172046,
            0.043010752688172046,
            0.043010752688172046,
            0.043010752688172046,
            0.043010752688172046
        ],
        "accuracy": [
            0.376984126984127,
            0.376984126984127,
            0.376984126984127,
            0.376984126984127,
            0.376984126984127,
            0.376984126984127,
            0.376984126984127,
            0.38095238095238093,
            0.38492063492063494,
            0.38492063492063494,
            0.38492063492063494,
            0.376984126984127,
            0.376984126984127,
            0.376984126984127,
            0.376984126984127,
            0.3888888888888889,
            0.4126984126984127,
            0.4166666666666667,
            0.4166666666666667,
            0.4603174603174603,
            0.4801587301587302,
            0.5119047619047619,
            0.5317460317460317,
            0.5952380952380952,
            0.5952380952380952,
            0.6031746031746031,
            0.6031746031746031,
            0.6071428571428571,
            0.6071428571428571,
            0.6071428571428571,
            0.6071428571428571,
            0.6071428571428571,
            0.623015873015873,
            0.623015873015873,
            0.6111111111111112,
            0.6388888888888888,
            0.6388888888888888,
            0.6388888888888888,
            0.6388888888888888,
            0.6388888888888888
        ],
        "f1": [
            0.5368731563421829,
            0.5368731563421829,
            0.5368731563421829,
            0.5368731563421829,
            0.5285285285285285,
            0.5285285285285285,
            0.5285285285285285,
            0.5301204819277109,
            0.5317220543806647,
            0.5317220543806647,
            0.5317220543806647,
            0.5078369905956113,
            0.5078369905956113,
            0.5078369905956113,
            0.5078369905956113,
            0.5095541401273885,
            0.5131578947368421,
            0.4878048780487804,
            0.4878048780487804,
            0.4887218045112782,
            0.490272373540856,
            0.41706161137440756,
            0.40404040404040403,
            0.29166666666666663,
            0.29166666666666663,
            0.2753623188405797,
            0.2753623188405797,
            0.2556390977443609,
            0.2325581395348837,
            0.2325581395348837,
            0.2325581395348837,
            0.2325581395348837,
            0.188034188034188,
            0.188034188034188,
            0.10909090909090909,
            0.08080808080808081,
            0.08080808080808081,
            0.08080808080808081,
            0.08080808080808081,
            0.08080808080808081
        ],
        "mcc": [
            0.011558741323655825,
            0.011558741323655825,
            0.011558741323655825,
            0.011558741323655825,
            -0.022066131998506957,
            -0.022066131998506957,
            -0.022066131998506957,
            -0.007524185829177096,
            0.005983520145903766,
            0.005983520145903766,
            0.005983520145903766,
            -0.0650117256809426,
            -0.0650117256809426,
            -0.0650117256809426,
            -0.0650117256809426,
            -0.03904590831629634,
            0.0029177007527677237,
            -0.031165288740348133,
            -0.031165288740348133,
            0.020469929896742095,
            0.04271508679312539,
            0.007455407943280898,
            0.020850534880419318,
            0.044591203222709104,
            0.044591203222709104,
            0.05137902352328467,
            0.05137902352328467,
            0.05036642681058877,
            0.04028706084156271,
            0.04028706084156271,
            0.04028706084156271,
            0.04028706084156271,
            0.060031705112660115,
            0.060031705112660115,
            -0.008977401783763866,
            0.09632284436379855,
            0.09632284436379855,
            0.09632284436379855,
            0.09632284436379855,
            0.09632284436379855
        ],
        "hammingLoss": [
            0.623015873015873,
            0.623015873015873,
            0.623015873015873,
            0.623015873015873,
            0.623015873015873,
            0.623015873015873,
            0.623015873015873,
            0.6190476190476191,
            0.6150793650793651,
            0.6150793650793651,
            0.6150793650793651,
            0.623015873015873,
            0.623015873015873,
            0.623015873015873,
            0.623015873015873,
            0.6111111111111112,
            0.5873015873015873,
            0.5833333333333333,
            0.5833333333333333,
            0.5396825396825398,
            0.5198412698412698,
            0.48809523809523814,
            0.46825396825396826,
            0.40476190476190477,
            0.40476190476190477,
            0.39682539682539686,
            0.39682539682539686,
            0.3928571428571429,
            0.3928571428571429,
            0.3928571428571429,
            0.3928571428571429,
            0.3928571428571429,
            0.376984126984127,
            0.376984126984127,
            0.38888888888888884,
            0.36111111111111116,
            0.36111111111111116,
            0.36111111111111116,
            0.36111111111111116,
            0.36111111111111116
        ],
        "assertionsMetrics": [],
        "overridesMetrics": []
    },
    "tiMetrics": {
        "auc": 0.5147764928653548,
        "logLoss": 1.3177657003141992,
        "lift": 1.056774193548387,
        "averagePrecision": 0.3980261454778067,
        "calibrationLoss": 0.22307855228139756
    },
    "probaPercentiles": [
        0.0,
        0.0015990421710789246,
        0.07995210855394438,
        0.0995857497928749,
        0.1834985017968847,
        0.2745725101161729,
        0.2745725101161729,
        0.2745725101161729,
        0.2745725101161729,
        0.2822101496155046,
        0.3509489051094891,
        0.3563315084128053,
        0.39580393263712504,
        0.39580393263712504,
        0.39580393263712504,
        0.39829657353814113,
        0.4113829382684754,
        0.4113829382684754,
        0.4113829382684754,
        0.4113829382684754,
        0.4113829382684754,
        0.4113829382684754,
        0.4417218391235896,
        0.4529430764261659,
        0.4529430764261659,
        0.4529430764261659,
        0.4529430764261659,
        0.4529430764261659,
        0.4529430764261659,
        0.4529430764261659,
        0.4529430764261659,
        0.4834298584298584,
        0.4834298584298584,
        0.4834298584298584,
        0.5171951189492604,
        0.5231536943350374,
        0.5231536943350374,
        0.5231536943350374,
        0.5231536943350374,
        0.5231536943350374,
        0.5231536943350374,
        0.5231536943350374,
        0.5231536943350374,
        0.5231536943350374,
        0.5231536943350374,
        0.5231536943350374,
        0.5231536943350374,
        0.5231536943350374,
        0.5231536943350374,
        0.5231536943350374,
        0.5231536943350374,
        0.5231536943350374,
        0.5236080768458485,
        0.5382997780287396,
        0.5382997780287396,
        0.5382997780287396,
        0.5382997780287396,
        0.5488584474885845,
        0.5657123574752252,
        0.5657123574752252,
        0.5657123574752252,
        0.5657123574752252,
        0.5657123574752252,
        0.5657123574752252,
        0.5657123574752252,
        0.5657123574752252,
        0.5657123574752252,
        0.5657123574752252,
        0.5657123574752252,
        0.5657123574752252,
        0.5657123574752252,
        0.5657123574752252,
        0.5657123574752252,
        0.5657123574752252,
        0.5657123574752252,
        0.5657123574752252,
        0.5657123574752252,
        0.5657123574752252,
        0.5657123574752252,
        0.5957764807301387,
        0.6032925115438665,
        0.6032925115438665,
        0.6697125027858257,
        0.6697125027858257,
        0.6990307394073665,
        0.7729100153150273,
        0.7849368741837178,
        0.7849368741837178,
        0.7849368741837178,
        0.7849368741837178,
        0.8361037583071689,
        0.8455526027825544,
        0.8455526027825544,
        0.8524822695035462,
        0.8524822695035462,
        0.8524822695035462,
        0.8524822695035462,
        0.9970496453900695,
        1.0
    ],
    "rocVizData": [
        [
            {
                "x": 0.0,
                "y": 0.0,
                "p": 2.0
            },
            {
                "x": 0.06918238993710692,
                "y": 0.06451612903225806,
                "p": 0.8524822695035462
            },
            {
                "x": 0.07547169811320754,
                "y": 0.11827956989247312,
                "p": 0.8455526027825544
            },
            {
                "x": 0.1320754716981132,
                "y": 0.16129032258064516,
                "p": 0.7849368741837178
            },
            {
                "x": 0.16352201257861634,
                "y": 0.20430107526881722,
                "p": 0.6697125027858257
            },
            {
                "x": 0.4088050314465409,
                "y": 0.43010752688172044,
                "p": 0.5657123574752252
            },
            {
                "x": 0.46540880503144655,
                "y": 0.4731182795698925,
                "p": 0.5382997780287396
            },
            {
                "x": 0.6352201257861635,
                "y": 0.6774193548387096,
                "p": 0.5231536943350374
            },
            {
                "x": 0.779874213836478,
                "y": 0.7526881720430108,
                "p": 0.4529430764261659
            },
            {
                "x": 0.8364779874213837,
                "y": 0.8387096774193549,
                "p": 0.4113829382684754
            },
            {
                "x": 0.8867924528301887,
                "y": 0.8602150537634409,
                "p": 0.39580393263712504
            },
            {
                "x": 0.9433962264150944,
                "y": 0.946236559139785,
                "p": 0.2745725101161729
            },
            {
                "x": 1.0,
                "y": 1.0,
                "p": 0.0
            }
        ]
    ],
    "liftVizData": {
        "bins": [
            {
                "bin_pos_prop": 0.4166666667,
                "bin_lift": 1.1290322581,
                "cum_lift": 0.1612903226,
                "cum_size": 0.1428571429,
                "bin_min": 0.7113030444,
                "bin_max": 1.0,
                "percentile_idx": 0
            },
            {
                "bin_pos_prop": 0.4,
                "bin_lift": 1.0838709677,
                "cum_lift": 0.2258064516,
                "cum_size": 0.2023809524,
                "bin_min": 0.5657123575,
                "bin_max": 0.7113030444,
                "percentile_idx": 1
            },
            {
                "bin_pos_prop": 0.3571428571,
                "bin_lift": 0.9677419355,
                "cum_lift": 0.4408602151,
                "cum_size": 0.4246031746,
                "bin_min": 0.538299778,
                "bin_max": 0.5657123575,
                "percentile_idx": 2
            },
            {
                "bin_pos_prop": 0.2727272727,
                "bin_lift": 0.7390029326,
                "cum_lift": 0.4731182796,
                "cum_size": 0.4682539683,
                "bin_min": 0.5231536943,
                "bin_max": 0.538299778,
                "percentile_idx": 3
            },
            {
                "bin_pos_prop": 0.3818181818,
                "bin_lift": 1.0346041056,
                "cum_lift": 0.6989247312,
                "cum_size": 0.6865079365,
                "bin_min": 0.4529430764,
                "bin_max": 0.5231536943,
                "percentile_idx": 4
            },
            {
                "bin_pos_prop": 0.3421052632,
                "bin_lift": 0.9269949066,
                "cum_lift": 0.8387096774,
                "cum_size": 0.8373015873,
                "bin_min": 0.3958039326,
                "bin_max": 0.4529430764,
                "percentile_idx": 5
            },
            {
                "bin_pos_prop": 0.3658536585,
                "bin_lift": 0.9913453973,
                "cum_lift": 1.0,
                "cum_size": 1.0,
                "bin_min": 0.0,
                "bin_max": 0.3958039326,
                "percentile_idx": 6
            }
        ],
        "wizard": {
            "positives": 93,
            "total": 252
        }
    },
    "prVizData": [
        {
            "bins": [
                {
                    "x": 1.0,
                    "y": 0.36904761904761907,
                    "p": 0.0
                },
                {
                    "x": 0.946236559139785,
                    "y": 0.36666666666666664,
                    "p": 0.1685834502103787
                },
                {
                    "x": 0.8709677419354839,
                    "y": 0.3584070796460177,
                    "p": 0.3509489051094891
                },
                {
                    "x": 0.7526881720430108,
                    "y": 0.36082474226804123,
                    "p": 0.4529430764261659
                },
                {
                    "x": 0.6989247311827957,
                    "y": 0.37572254335260113,
                    "p": 0.4834298584298584
                },
                {
                    "x": 0.4731182795698925,
                    "y": 0.3728813559322034,
                    "p": 0.5382997780287396
                },
                {
                    "x": 0.22580645161290322,
                    "y": 0.4117647058823529,
                    "p": 0.6032925115438665
                },
                {
                    "x": 0.16129032258064516,
                    "y": 0.4166666666666667,
                    "p": 0.7849368741837178
                },
                {
                    "x": 0.11827956989247312,
                    "y": 0.4583333333333333,
                    "p": 0.8295376121463078
                },
                {
                    "x": 0.06451612903225806,
                    "y": 0.35294117647058826,
                    "p": 0.8524822695035462
                },
                {
                    "x": 0.043010752688172046,
                    "y": 0.6666666666666666,
                    "p": 1.0
                }
            ],
            "positiveRate": 0.36904761904761907
        }
    ],
    "densityData": {
        "Physical": {
            "actualIsThisClass": [
                0.11241746510814778,
                0.12631766954151744,
                0.14268682607197536,
                0.16218717383751075,
                0.18543299345251502,
                0.2128991713138208,
                0.2448286138366876,
                0.2811513137459529,
                0.32142782823480714,
                0.3648278219850224,
                0.4101503474102626,
                0.4558872430056197,
                0.5003252720759334,
                0.5416773620778285,
                0.578229428492378,
                0.6084874098940581,
                0.6313095574892693,
                0.6460115538242359,
                0.652436164284798,
                0.6509840994288013,
                0.6426077515086902,
                0.6287736873219597,
                0.6114026122010338,
                0.5927965619430374,
                0.5755621695205453,
                0.5625360945028407,
                0.5567144877945138,
                0.5611833947025134,
                0.5790422710080988,
                0.6133094967285335,
                0.6667981257414706,
                0.7419530331706973,
                0.840647439468033,
                0.9639469482849733,
                1.111861195588425,
                1.2831145771482715,
                1.4749754570755447,
                1.6831850884296395,
                1.9020214021931654,
                2.124518535145653,
                2.3428419793944046,
                2.5487947877944506,
                2.734406801292349,
                2.8925411243087735,
                3.017444059053683,
                3.105168697778342,
                3.153818302262531,
                3.163580969484307,
                3.1365574120119266,
                3.076413447792857,
                2.987912607435225,
                2.876398011244697,
                2.747294327104286,
                2.605690609469979,
                2.4560457675441185,
                2.3020344722384865,
                2.146527208320259,
                1.991678202906962,
                1.8390821732022964,
                1.6899565993469357,
                1.5453101515299354,
                1.4060681362440244,
                1.273139614525392,
                1.1474251564565798,
                1.0297763356495824,
                0.920926124104275,
                0.8214124367155625,
                0.7315153557709824,
                0.6512230709516238,
                0.5802338949844468,
                0.5179936455891959,
                0.4637608354055392,
                0.4166876380891295,
                0.375903029475072,
                0.3405857169766997,
                0.310017810167334,
                0.2836146666155952,
                0.2609309138623602,
                0.24164640938856688,
                0.22553829163399078,
                0.2124461220389362,
                0.20223659537035485,
                0.19477281277730646,
                0.18989116881942827,
                0.18738696012911116,
                0.18700821593033556,
                0.18845616462926545,
                0.1913902373189907,
                0.19543552413604787,
                0.20019104017561853,
                0.20523788422682782,
                0.2101472164568527,
                0.21448874703538182,
                0.21784091779723955,
                0.21980400714996834,
                0.22001691181576474,
                0.2181774038614647,
                0.21406441988982464,
                0.20755972138911807,
                0.19866542631144066
            ],
            "actualIsNotThisClass": [
                0.28121616840941926,
                0.2991730516283715,
                0.3173892833628516,
                0.3360461896840962,
                0.3553133453555851,
                0.3753188389227436,
                0.39612125600418163,
                0.41768691146266207,
                0.43987554471679685,
                0.462436972412817,
                0.48502014489061696,
                0.5071947999394846,
                0.5284846012165686,
                0.5484094484475995,
                0.5665336946409885,
                0.5825164069199356,
                0.5961596146183887,
                0.6074506947192858,
                0.6165955891739086,
                0.6240403274717644,
                0.6304792148896572,
                0.6368489168996451,
                0.6443084217581438,
                0.654205436685952,
                0.6680301604176622,
                0.6873576197389271,
                0.7137799435806296,
                0.748830178633027,
                0.7938996219564549,
                0.8501512212355661,
                0.9184323773804933,
                0.9991914113987215,
                1.0924028910221966,
                1.1975077597186472,
                1.3133745522875688,
                1.4382877116752424,
                1.5699679929373411,
                1.7056281018343846,
                1.8420641415588574,
                1.975780338577041,
                2.1031412120853674,
                2.220542244836849,
                2.3245876320582264,
                2.412262211420737,
                2.4810844825847904,
                2.5292288206037665,
                2.5556074953344576,
                2.5599066641776225,
                2.542574690095852,
                2.504765440110023,
                2.4482431144065266,
                2.375258179977249,
                2.288405806311228,
                2.190478675508424,
                2.0843252130727734,
                1.972722385402246,
                1.8582695951196637,
                1.7433073017837621,
                1.6298612221296236,
                1.5196106658244584,
                1.4138779620233768,
                1.3136351051913964,
                1.2195236314699072,
                1.1318841545370104,
                1.0507927045936056,
                0.976101779098204,
                0.9074846236021736,
                0.8444815874926993,
                0.7865474091615102,
                0.7330980351113826,
                0.683555192994949,
                0.6373865784590944,
                0.5941393339392368,
                0.5534646086781242,
                0.5151314441680452,
                0.47902900587054525,
                0.4451571911669029,
                0.41360674719434554,
                0.3845310710621392,
                0.3581126872470026,
                0.3345278850762359,
                0.31391308796054646,
                0.29633621092938445,
                0.281775597524335,
                0.27010821070354607,
                0.26110771228331525,
                0.25445203553242385,
                0.2497391566721473,
                0.24650909519824335,
                0.24426977362259517,
                0.24252425665691313,
                0.24079704261052576,
                0.23865744141440817,
                0.23573857240221274,
                0.23175107403970996,
                0.22649116677820152,
                0.21984319348692283,
                0.21177714345556092,
                0.20234193024613772,
                0.19165534331603176
            ],
            "actualIsThisClassMedian": 0.4768463056649625,
            "actualIsNotThisClassMedian": 0.4768463056649625
        },
        "Digital": {
            "actualIsThisClass": [
                0.19165534331603168,
                0.20234193024613772,
                0.21177714345556092,
                0.21984319348692274,
                0.22649116677820152,
                0.23175107403970996,
                0.23573857240221274,
                0.23865744141440817,
                0.24079704261052584,
                0.24252425665691313,
                0.24426977362259517,
                0.24650909519824335,
                0.24973915667214708,
                0.25445203553242385,
                0.26110771228331525,
                0.27010821070354596,
                0.2817755975243351,
                0.2963362109293847,
                0.31391308796054646,
                0.3345278850762359,
                0.3581126872470028,
                0.3845310710621392,
                0.4136067471943459,
                0.4451571911669029,
                0.47902900587054587,
                0.5151314441680455,
                0.5534646086781242,
                0.5941393339392373,
                0.6373865784590944,
                0.683555192994949,
                0.7330980351113826,
                0.7865474091615109,
                0.8444815874927001,
                0.9074846236021736,
                0.9761017790982031,
                1.0507927045936065,
                1.1318841545370124,
                1.2195236314699083,
                1.3136351051913977,
                1.4138779620233768,
                1.5196106658244597,
                1.6298612221296265,
                1.7433073017837637,
                1.8582695951196655,
                1.9727223854022478,
                2.0843252130727734,
                2.190478675508424,
                2.288405806311228,
                2.3752581799772536,
                2.448243114406531,
                2.504765440110025,
                2.542574690095852,
                2.5599066641776203,
                2.5556074953344554,
                2.5292288206037665,
                2.4810844825847904,
                2.4122622114207393,
                2.3245876320582286,
                2.220542244836849,
                2.1031412120853674,
                1.9757803385770392,
                1.842064141558856,
                1.7056281018343815,
                1.5699679929373398,
                1.438287711675241,
                1.3133745522875677,
                1.1975077597186452,
                1.0924028910221966,
                0.9991914113987206,
                0.9184323773804933,
                0.8501512212355661,
                0.7938996219564536,
                0.7488301786330264,
                0.7137799435806296,
                0.6873576197389258,
                0.6680301604176622,
                0.654205436685952,
                0.6443084217581438,
                0.636848916899644,
                0.6304792148896566,
                0.6240403274717644,
                0.6165955891739086,
                0.6074506947192858,
                0.5961596146183887,
                0.5825164069199356,
                0.5665336946409887,
                0.5484094484476,
                0.5284846012165682,
                0.5071947999394844,
                0.48502014489061696,
                0.46243697241281656,
                0.43987554471679663,
                0.41768691146266207,
                0.39612125600418147,
                0.3753188389227436,
                0.3553133453555851,
                0.3360461896840962,
                0.31738928336285177,
                0.2991730516283715,
                0.28121616840941926
            ],
            "actualIsNotThisClass": [
                0.19866542631144057,
                0.20755972138911807,
                0.21406441988982464,
                0.2181774038614647,
                0.22001691181576474,
                0.21980400714996823,
                0.21784091779723955,
                0.21448874703538182,
                0.2101472164568526,
                0.2052378842268277,
                0.20019104017561834,
                0.19543552413604787,
                0.19139023731899063,
                0.18845616462926537,
                0.18700821593033548,
                0.18738696012911107,
                0.1898911688194282,
                0.19477281277730646,
                0.20223659537035468,
                0.2124461220389363,
                0.2255382916339909,
                0.24164640938856688,
                0.26093091386236,
                0.2836146666155954,
                0.31001781016733454,
                0.3405857169766997,
                0.37590302947507265,
                0.4166876380891295,
                0.46376083540554,
                0.5179936455891969,
                0.5802338949844478,
                0.6512230709516238,
                0.7315153557709824,
                0.821412436715564,
                0.920926124104275,
                1.0297763356495833,
                1.1474251564565807,
                1.273139614525392,
                1.4060681362440257,
                1.5453101515299354,
                1.6899565993469388,
                1.8390821732022997,
                1.991678202906962,
                2.146527208320265,
                2.3020344722384887,
                2.4560457675441163,
                2.6056906094699768,
                2.747294327104284,
                2.8763980112447074,
                2.9879126074352276,
                3.0764134477928597,
                3.1365574120119297,
                3.163580969484307,
                3.153818302262531,
                3.105168697778337,
                3.0174440590536857,
                2.892541124308771,
                2.7344068012923444,
                2.548794787794444,
                2.3428419793944024,
                2.1245185351456506,
                1.9020214021931605,
                1.6831850884296395,
                1.4749754570755407,
                1.2831145771482715,
                1.111861195588424,
                0.9639469482849707,
                0.8406474394680314,
                0.7419530331706953,
                0.6667981257414706,
                0.6133094967285335,
                0.5790422710080984,
                0.561183394702513,
                0.5567144877945138,
                0.5625360945028407,
                0.5755621695205453,
                0.5927965619430379,
                0.6114026122010338,
                0.6287736873219592,
                0.6426077515086902,
                0.6509840994288013,
                0.652436164284798,
                0.6460115538242359,
                0.6313095574892688,
                0.6084874098940581,
                0.5782294284923775,
                0.541677362077828,
                0.5003252720759334,
                0.4558872430056197,
                0.41015034741026185,
                0.36482782198502206,
                0.3214278282348073,
                0.28115131374595254,
                0.2448286138366876,
                0.21289917131382052,
                0.18543299345251493,
                0.16218717383751083,
                0.14268682607197528,
                0.12631766954151744,
                0.11241746510814787
            ],
            "actualIsThisClassMedian": 0.5231536943350374,
            "actualIsNotThisClassMedian": 0.5231536943350374
        }
    },
    "calibrationData": [
        {
            "y": 0,
            "x": 0,
            "n": 0
        },
        {
            "y": 0.4166666666666667,
            "x": 0.04324832781679395,
            "n": 12.0
        },
        {
            "y": 0.0,
            "x": 0.18214258801629324,
            "n": 2.0
        },
        {
            "y": 0.5833333333333334,
            "x": 0.2745725101161729,
            "n": 12.0
        },
        {
            "y": 0.2,
            "x": 0.3808522567945796,
            "n": 15.0
        },
        {
            "y": 0.3191489361702128,
            "x": 0.4437485804549423,
            "n": 47.0
        },
        {
            "y": 0.37168141592920356,
            "x": 0.5454208114722758,
            "n": 113.0
        },
        {
            "y": 0.4,
            "x": 0.6509627027214528,
            "n": 15.0
        },
        {
            "y": 0.3333333333333333,
            "x": 0.7849368741837178,
            "n": 12.0
        },
        {
            "y": 0.3888888888888889,
            "x": 0.8488976774100357,
            "n": 18.0
        },
        {
            "y": 0.6666666666666666,
            "x": 1.0,
            "n": 6.0
        },
        {
            "y": 1,
            "x": 1,
            "n": 0
        }
    ],
    "probaDistribData": {
        "bins": [
            0.0,
            0.1,
            0.2,
            0.3,
            0.4,
            0.5,
            0.6,
            0.7,
            0.8,
            0.9,
            1.0
        ],
        "probaDistribs": [
            [
                7.0,
                2.0,
                5.0,
                12.0,
                32.0,
                71.0,
                9.0,
                8.0,
                11.0,
                2.0
            ],
            [
                5.0,
                0.0,
                7.0,
                3.0,
                15.0,
                42.0,
                6.0,
                4.0,
                7.0,
                4.0
            ]
        ]
    },
    "globalMetrics": {
        "testWeight": 252,
        "targetAvg": [
            0.36904761904761907
        ],
        "targetStd": [
            0.48350715510541586
        ],
        "predictionAvg": [
            0.9761904761904762
        ],
        "predictionStd": [
            0.1524553389864964
        ]
    }
}