{
    "predictedClassCountPerCut": [
        {
            "Digital": 246,
            "Physical": 6
        },
        {
            "Digital": 246,
            "Physical": 6
        },
        {
            "Digital": 246,
            "Physical": 6
        },
        {
            "Digital": 246,
            "Physical": 6
        },
        {
            "Digital": 240,
            "Physical": 12
        },
        {
            "Digital": 240,
            "Physical": 12
        },
        {
            "Digital": 240,
            "Physical": 12
        },
        {
            "Digital": 239,
            "Physical": 13
        },
        {
            "Digital": 238,
            "Physical": 14
        },
        {
            "Digital": 238,
            "Physical": 14
        },
        {
            "Digital": 238,
            "Physical": 14
        },
        {
            "Digital": 226,
            "Physical": 26
        },
        {
            "Digital": 226,
            "Physical": 26
        },
        {
            "Digital": 226,
            "Physical": 26
        },
        {
            "Digital": 226,
            "Physical": 26
        },
        {
            "Digital": 221,
            "Physical": 31
        },
        {
            "Digital": 211,
            "Physical": 41
        },
        {
            "Digital": 194,
            "Physical": 58
        },
        {
            "Digital": 194,
            "Physical": 58
        },
        {
            "Digital": 173,
            "Physical": 79
        },
        {
            "Digital": 164,
            "Physical": 88
        },
        {
            "Physical": 134,
            "Digital": 118
        },
        {
            "Physical": 147,
            "Digital": 105
        },
        {
            "Physical": 201,
            "Digital": 51
        },
        {
            "Physical": 201,
            "Digital": 51
        },
        {
            "Physical": 207,
            "Digital": 45
        },
        {
            "Physical": 207,
            "Digital": 45
        },
        {
            "Physical": 212,
            "Digital": 40
        },
        {
            "Physical": 216,
            "Digital": 36
        },
        {
            "Physical": 216,
            "Digital": 36
        },
        {
            "Physical": 216,
            "Digital": 36
        },
        {
            "Physical": 216,
            "Digital": 36
        },
        {
            "Physical": 228,
            "Digital": 24
        },
        {
            "Physical": 228,
            "Digital": 24
        },
        {
            "Physical": 235,
            "Digital": 17
        },
        {
            "Physical": 246,
            "Digital": 6
        },
        {
            "Physical": 246,
            "Digital": 6
        },
        {
            "Physical": 246,
            "Digital": 6
        },
        {
            "Physical": 246,
            "Digital": 6
        },
        {
            "Physical": 246,
            "Digital": 6
        }
    ],
    "cuts": [
        0.0,
        0.025,
        0.05,
        0.075,
        0.1,
        0.125,
        0.15,
        0.175,
        0.2,
        0.225,
        0.25,
        0.275,
        0.3,
        0.325,
        0.35,
        0.375,
        0.4,
        0.425,
        0.45,
        0.475,
        0.5,
        0.525,
        0.55,
        0.575,
        0.6,
        0.625,
        0.65,
        0.675,
        0.7,
        0.725,
        0.75,
        0.775,
        0.8,
        0.825,
        0.85,
        0.875,
        0.9,
        0.925,
        0.95,
        0.975
    ],
    "predictedClassCount": {
        "Digital": 246,
        "Physical": 6
    },
    "probabilityDensities": {
        "Physical": {
            "density": [
                0.17718452539999557,
                0.18905767469362775,
                0.20180812956875854,
                0.2164375034409779,
                0.23401523887665912,
                0.2555340350255436,
                0.28175416427212346,
                0.3130587409288692,
                0.3493423582542588,
                0.3899521174332641,
                0.43369331640115794,
                0.478902994842719,
                0.5235846770483438,
                0.5655887392742484,
                0.60281641466366,
                0.633422613407423,
                0.6559938553234065,
                0.669682313197619,
                0.6742842491214854,
                0.6702596217777665,
                0.6586979081686989,
                0.6412419644227809,
                0.6199861369235649,
                0.5973663053032,
                0.5760579321320939,
                0.5588936765225347,
                0.5488052024690581,
                0.5487853723298496,
                0.561858401243343,
                0.5910385060487738,
                0.6392540581736036,
                0.7092159886945307,
                0.8032172078510232,
                0.9228638518813124,
                1.0687574470459331,
                1.2401662497647985,
                1.4347397225260001,
                1.6483278550856226,
                1.8749633621353263,
                2.107048277875727,
                2.3357584916963408,
                2.551644545459174,
                2.745370969055545,
                2.908506926607799,
                3.034264632454172,
                3.1180832092953468,
                3.157975261903476,
                3.154588431115796,
                3.1109782403825124,
                3.032133308282187,
                2.9243309434206544,
                2.7944234079889587,
                2.64915901187937,
                2.4946277993788355,
                2.335892686270702,
                2.176829927199147,
                2.0201653133283735,
                1.8676615773496126,
                1.7203932576976642,
                1.5790401044674696,
                1.4441383770189342,
                1.316247932340264,
                1.1960170463346935,
                1.0841511492440479,
                0.9813113690408172,
                0.887980659859188,
                0.804337936113746,
                0.7301745810595581,
                0.6648751373537002,
                0.6074681542770988,
                0.5567376149817328,
                0.5113732329152063,
                0.47013131486945353,
                0.4319776122718656,
                0.3961890096119343,
                0.3624002964311237,
                0.3305932752033229,
                0.3010356691242854,
                0.27418480522470057,
                0.250574806543388,
                0.23070593641522635,
                0.21495151273652596,
                0.2034926535964895,
                0.19628534036719647,
                0.19305899274723334,
                0.19334165539805812,
                0.19650429962917254,
                0.20181563315824966,
                0.2084989992129315,
                0.2157841853429803,
                0.22294899018547865,
                0.22934792106189203,
                0.23442805760915908,
                0.23773448303368364,
                0.23890930199554877,
                0.23768877383881087,
                0.2339023583875142,
                0.22747567866161927,
                0.21843703840697334,
                0.20692487322920466
            ],
            "median": 0.4768463056649625
        },
        "Digital": {
            "density": [
                0.20692487322920478,
                0.21843703840697334,
                0.22747567866161905,
                0.2339023583875142,
                0.23768877383881068,
                0.23890930199554877,
                0.23773448303368364,
                0.23442805760915866,
                0.22934792106189184,
                0.22294899018547845,
                0.2157841853429802,
                0.2084989992129314,
                0.20181563315824966,
                0.19650429962917254,
                0.19334165539805812,
                0.19305899274723334,
                0.19628534036719655,
                0.20349265359648958,
                0.21495151273652605,
                0.23070593641522635,
                0.250574806543388,
                0.27418480522470057,
                0.3010356691242852,
                0.33059327520332316,
                0.36240029643112437,
                0.3961890096119343,
                0.4319776122718656,
                0.4701313148694539,
                0.5113732329152072,
                0.5567376149817332,
                0.6074681542770993,
                0.6648751373537007,
                0.7301745810595588,
                0.8043379361137468,
                0.8879806598591895,
                0.9813113690408172,
                1.0841511492440499,
                1.1960170463346935,
                1.3162479323402663,
                1.4441383770189367,
                1.579040104467471,
                1.7203932576976642,
                1.8676615773496175,
                2.020165313328377,
                2.176829927199147,
                2.335892686270702,
                2.4946277993788355,
                2.6491590118793726,
                2.794423407988961,
                2.9243309434206544,
                3.032133308282187,
                3.110978240382518,
                3.1545884311158017,
                3.157975261903482,
                3.1180832092953414,
                3.0342646324541693,
                2.908506926607799,
                2.745370969055543,
                2.551644545459174,
                2.3357584916963323,
                2.107048277875729,
                1.874963362135323,
                1.6483278550856197,
                1.434739722525999,
                1.2401662497647963,
                1.0687574470459331,
                0.922863851881309,
                0.8032172078510226,
                0.7092159886945294,
                0.639254058173603,
                0.5910385060487733,
                0.5618584012433435,
                0.5487853723298496,
                0.5488052024690576,
                0.5588936765225343,
                0.5760579321320939,
                0.5973663053032,
                0.6199861369235649,
                0.6412419644227809,
                0.6586979081686994,
                0.6702596217777665,
                0.6742842491214854,
                0.669682313197619,
                0.6559938553234058,
                0.633422613407423,
                0.60281641466366,
                0.5655887392742474,
                0.5235846770483433,
                0.4789029948427186,
                0.43369331640115794,
                0.38995211743326375,
                0.3493423582542588,
                0.31305874092886865,
                0.2817541642721237,
                0.25553403502554317,
                0.23401523887665912,
                0.216437503440978,
                0.20180812956875846,
                0.18905767469362783,
                0.17718452539999557
            ],
            "median": 0.5231536943350374
        }
    }
}