{
    "tree": {
        "leftChild": [
            1,
            2,
            3,
            4,
            5,
            -1,
            -1,
            8,
            -1,
            -1,
            11,
            12,
            -1,
            -1,
            15,
            -1,
            -1,
            18,
            19,
            -1,
            21,
            -1,
            -1,
            24,
            25,
            -1,
            -1,
            28,
            -1,
            -1,
            31,
            32,
            33,
            34,
            -1,
            -1,
            37,
            -1,
            -1,
            40,
            41,
            -1,
            -1,
            44,
            -1,
            -1,
            47,
            48,
            -1,
            50,
            -1,
            -1,
            53,
            54,
            -1,
            -1,
            57,
            -1,
            -1
        ],
        "rightChild": [
            30,
            17,
            10,
            7,
            6,
            -1,
            -1,
            9,
            -1,
            -1,
            14,
            13,
            -1,
            -1,
            16,
            -1,
            -1,
            23,
            20,
            -1,
            22,
            -1,
            -1,
            27,
            26,
            -1,
            -1,
            29,
            -1,
            -1,
            46,
            39,
            36,
            35,
            -1,
            -1,
            38,
            -1,
            -1,
            43,
            42,
            -1,
            -1,
            45,
            -1,
            -1,
            52,
            49,
            -1,
            51,
            -1,
            -1,
            56,
            55,
            -1,
            -1,
            58,
            -1,
            -1
        ],
        "impurity": [
            0.4999999999999888,
            0.4982982978096847,
            0.4993629405377492,
            0.48931356243755264,
            0.49754360561191124,
            0.4782863590922227,
            0.33762195546082374,
            0.40224617622980197,
            0.47866131411792057,
            0.2515124993712584,
            0.49054053570816936,
            0.47828635909222417,
            0.49557129188753124,
            0.39836489360936234,
            0.48984141206963205,
            0.42077352954191416,
            0.3148051206648331,
            0.4918537647219049,
            0.19931533898138687,
            0.0,
            0.11186297055502914,
            0.4952257042180105,
            0.0,
            0.49455450946734314,
            0.4998715700698456,
            0.49892781287727905,
            3.108624468950438e-14,
            0.48222941196279523,
            0.2611867974204045,
            0.49136377215009697,
            0.4859057248383455,
            0.49854654426941714,
            0.4282752954076303,
            0.3498441533972748,
            0.22915329321172184,
            0.4555675422238802,
            0.41286656728373194,
            0.47034184435869486,
            -6.661338147750939e-16,
            0.49962232898229253,
            0.4928004534326267,
            0.48429403274014227,
            0.2828099243618186,
            0.4786613141179197,
            0.49706625400589854,
            0.33762195546082385,
            0.4343079298812992,
            0.32930890741537067,
            0.0,
            0.45966627888954403,
            0.4994508608166913,
            0.1793368564621306,
            0.49699583404258096,
            0.42031957358210326,
            0.14711953778344333,
            0.44239533279634324,
            0.4746243873141166,
            0.3376219554608251,
            0.28032614105108566
        ],
        "threshold": [
            45.499999974963195,
            12.500000063903972,
            6310.8400084116,
            4997.200033641555,
            17.500000119379116,
            -2.0,
            -2.0,
            23.500000087685404,
            -2.0,
            -2.0,
            8.499999947004596,
            11.500000040635406,
            -2.0,
            -2.0,
            0.5,
            -2.0,
            -2.0,
            10.49999973591936,
            0.49999989627194097,
            -2.0,
            4276.900008789889,
            -2.0,
            -2.0,
            6828.68500383941,
            6731.71499687142,
            -2.0,
            -2.0,
            13.500000457684386,
            -2.0,
            -2.0,
            17.499999985423646,
            3.499999995929697,
            0.5,
            0.5,
            -2.0,
            -2.0,
            1.5000000154997366,
            -2.0,
            -2.0,
            0.5,
            11802.634991934508,
            -2.0,
            -2.0,
            8446.870017513489,
            -2.0,
            -2.0,
            5.5000000133929134,
            0.5,
            -2.0,
            3.499999977933956,
            -2.0,
            -2.0,
            0.5,
            22.4999998278073,
            -2.0,
            -2.0,
            8340.365019946315,
            -2.0,
            -2.0
        ],
        "nSamples": [
            1095,
            808,
            346,
            122,
            72,
            60,
            12,
            50,
            27,
            23,
            224,
            180,
            121,
            59,
            44,
            32,
            12,
            462,
            15,
            1,
            14,
            2,
            12,
            447,
            220,
            213,
            7,
            227,
            22,
            205,
            287,
            179,
            37,
            31,
            18,
            13,
            6,
            3,
            3,
            142,
            79,
            74,
            5,
            63,
            47,
            16,
            108,
            62,
            27,
            35,
            23,
            12,
            46,
            23,
            15,
            8,
            23,
            16,
            7
        ],
        "feature": [
            4,
            0,
            2,
            2,
            1,
            -2,
            -2,
            4,
            -2,
            -2,
            3,
            1,
            -2,
            -2,
            20,
            -2,
            -2,
            4,
            1,
            -2,
            2,
            -2,
            -2,
            2,
            2,
            -2,
            -2,
            4,
            -2,
            -2,
            0,
            3,
            22,
            11,
            -2,
            -2,
            3,
            -2,
            -2,
            7,
            2,
            -2,
            -2,
            2,
            -2,
            -2,
            3,
            11,
            -2,
            5,
            -2,
            -2,
            24,
            0,
            -2,
            -2,
            2,
            -2,
            -2
        ],
        "probas": [
            [
                0.5000000000000004,
                0.4999999999999996
            ],
            [
                0.4708306480161952,
                0.5291693519838048
            ],
            [
                0.5178474012429548,
                0.4821525987570452
            ],
            [
                0.4269026759640022,
                0.5730973240359978
            ],
            [
                0.5350456444375674,
                0.4649543555624326
            ],
            [
                0.604196067362875,
                0.39580393263712504
            ],
            [
                0.21506312581628212,
                0.7849368741837179
            ],
            [
                0.2789187663208412,
                0.7210812336791588
            ],
            [
                0.39670748845613335,
                0.6032925115438665
            ],
            [
                0.1475177304964539,
                0.8524822695035462
            ],
            [
                0.568773048106926,
                0.431226951893074
            ],
            [
                0.6041960673628747,
                0.3958039326371253
            ],
            [
                0.5470569235738341,
                0.4529430764261659
            ],
            [
                0.7254274898838271,
                0.2745725101161729
            ],
            [
                0.4287308344009587,
                0.5712691655990413
            ],
            [
                0.3009692605926336,
                0.6990307394073665
            ],
            [
                0.8042982741777922,
                0.19570172582220774
            ],
            [
                0.43617901881794835,
                0.5638209811820517
            ],
            [
                0.11225997045790252,
                0.8877400295420974
            ],
            [
                1.0,
                0.0
            ],
            [
                0.059467918622848205,
                0.9405320813771517
            ],
            [
                0.45114155251141547,
                0.5488584474885845
            ],
            [
                0.0,
                1.0
            ],
            [
                0.44782006835638655,
                0.5521799316436133
            ],
            [
                0.4919865759454998,
                0.5080134240545002
            ],
            [
                0.4768463056649625,
                0.5231536943350374
            ],
            [
                1.0,
                0.0
            ],
            [
                0.4057381624483674,
                0.5942618375516326
            ],
            [
                0.1544473972174457,
                0.8455526027825544
            ],
            [
                0.4342876425247748,
                0.5657123574752252
            ],
            [
                0.5839472309299898,
                0.4160527690700101
            ],
            [
                0.5269578905942538,
                0.4730421094057463
            ],
            [
                0.6893735786644615,
                0.31062642133553864
            ],
            [
                0.7740035096515417,
                0.2259964903484583
            ],
            [
                0.8679991214583791,
                0.1320008785416209
            ],
            [
                0.6490510948905109,
                0.3509489051094891
            ],
            [
                0.29127358490566035,
                0.7087264150943396
            ],
            [
                0.6217747010698552,
                0.3782252989301448
            ],
            [
                0.0,
                1.0
            ],
            [
                0.4862582567024992,
                0.5137417432975008
            ],
            [
                0.5599981106676425,
                0.44000188933235745
            ],
            [
                0.5886170617315246,
                0.4113829382684754
            ],
            [
                0.1704623878536922,
                0.8295376121463078
            ],
            [
                0.3967074884561331,
                0.6032925115438669
            ],
            [
                0.4617002219712604,
                0.5382997780287396
            ],
            [
                0.21506312581628212,
                0.7849368741837178
            ],
            [
                0.6812347512464195,
                0.3187652487535805
            ],
            [
                0.792139600691715,
                0.20786039930828495
            ],
            [
                1.0,
                0.0
            ],
            [
                0.6420100720203606,
                0.35798992797963936
            ],
            [
                0.5165701415701417,
                0.4834298584298584
            ],
            [
                0.9004142502071252,
                0.0995857497928749
            ],
            [
                0.5387567152724481,
                0.46124328472755194
            ],
            [
                0.6996001332889038,
                0.30039986671109625
            ],
            [
                0.9200478914460556,
                0.07995210855394438
            ],
            [
                0.3302874972141743,
                0.6697125027858257
            ],
            [
                0.3873598369011213,
                0.6126401630988786
            ],
            [
                0.21506312581628212,
                0.7849368741837178
            ],
            [
                0.8314165497896213,
                0.1685834502103787
            ]
        ],
        "targetClassesProportions": [
            [
                0.5488584474885849,
                0.4511415525114151
            ],
            [
                0.5198019801980215,
                0.48019801980197857
            ],
            [
                0.5664739884393077,
                0.43352601156069237
            ],
            [
                0.47540983606557335,
                0.5245901639344267
            ],
            [
                0.583333333333333,
                0.4166666666666669
            ],
            [
                0.6499999999999998,
                0.35000000000000014
            ],
            [
                0.25000000000000006,
                0.75
            ],
            [
                0.32,
                0.68
            ],
            [
                0.44444444444444453,
                0.5555555555555555
            ],
            [
                0.17391304347826086,
                0.8260869565217391
            ],
            [
                0.616071428571428,
                0.38392857142857184
            ],
            [
                0.6499999999999996,
                0.3500000000000004
            ],
            [
                0.5950413223140492,
                0.4049586776859508
            ],
            [
                0.7627118644067795,
                0.2372881355932204
            ],
            [
                0.4772727272727273,
                0.5227272727272728
            ],
            [
                0.34375,
                0.6562500000000001
            ],
            [
                0.8333333333333334,
                0.16666666666666666
            ],
            [
                0.48484848484848725,
                0.5151515151515128
            ],
            [
                0.13333333333333336,
                0.8666666666666666
            ],
            [
                1.0,
                0.0
            ],
            [
                0.07142857142857145,
                0.9285714285714286
            ],
            [
                0.5,
                0.5
            ],
            [
                0.0,
                1.0
            ],
            [
                0.4966442953020158,
                0.5033557046979841
            ],
            [
                0.5409090909090905,
                0.4590909090909096
            ],
            [
                0.5258215962441309,
                0.474178403755869
            ],
            [
                1.0,
                0.0
            ],
            [
                0.45374449339207024,
                0.5462555066079299
            ],
            [
                0.18181818181818182,
                0.8181818181818182
            ],
            [
                0.4829268292682922,
                0.5170731707317078
            ],
            [
                0.6306620209059237,
                0.36933797909407634
            ],
            [
                0.5754189944134074,
                0.42458100558659273
            ],
            [
                0.7297297297297297,
                0.27027027027027034
            ],
            [
                0.8064516129032258,
                0.19354838709677422
            ],
            [
                0.888888888888889,
                0.11111111111111109
            ],
            [
                0.6923076923076923,
                0.3076923076923077
            ],
            [
                0.3333333333333333,
                0.6666666666666666
            ],
            [
                0.6666666666666666,
                0.3333333333333333
            ],
            [
                0.0,
                1.0
            ],
            [
                0.5352112676056333,
                0.4647887323943666
            ],
            [
                0.6075949367088606,
                0.3924050632911395
            ],
            [
                0.6351351351351349,
                0.3648648648648651
            ],
            [
                0.2,
                0.8
            ],
            [
                0.44444444444444425,
                0.5555555555555558
            ],
            [
                0.5106382978723404,
                0.48936170212765967
            ],
            [
                0.25000000000000006,
                0.7499999999999999
            ],
            [
                0.722222222222222,
                0.277777777777778
            ],
            [
                0.8225806451612904,
                0.17741935483870974
            ],
            [
                1.0,
                0.0
            ],
            [
                0.6857142857142857,
                0.3142857142857142
            ],
            [
                0.5652173913043479,
                0.4347826086956521
            ],
            [
                0.9166666666666666,
                0.08333333333333333
            ],
            [
                0.5869565217391304,
                0.4130434782608697
            ],
            [
                0.7391304347826088,
                0.26086956521739124
            ],
            [
                0.9333333333333333,
                0.06666666666666665
            ],
            [
                0.375,
                0.625
            ],
            [
                0.4347826086956522,
                0.5652173913043478
            ],
            [
                0.25000000000000006,
                0.7499999999999999
            ],
            [
                0.8571428571428571,
                0.14285714285714285
            ]
        ]
    },
    "featureNames": [
        "entertainment_budget_pct",
        "hours_playing",
        "salary",
        "tech_savvy_score",
        "Age",
        "grocery_trips_per_week",
        "dummy:gender:Male",
        "dummy:gender:Female",
        "dummy:gender:N/A",
        "dummy:gender:__Others__",
        "dummy:has_kids:false",
        "dummy:has_kids:true",
        "dummy:has_kids:N/A",
        "dummy:has_kids:__Others__",
        "dummy:income_bracket:Medium",
        "dummy:income_bracket:Low",
        "dummy:income_bracket:High",
        "dummy:income_bracket:N/A",
        "dummy:income_bracket:__Others__",
        "dummy:platform_used:Mobile",
        "dummy:platform_used:PC",
        "dummy:platform_used:Console",
        "dummy:platform_used:N/A",
        "dummy:platform_used:__Others__",
        "dummy:used_lego_before:false",
        "dummy:used_lego_before:true",
        "dummy:used_lego_before:N/A",
        "dummy:used_lego_before:__Others__",
        "dummy:owns_tablet:true",
        "dummy:owns_tablet:false",
        "dummy:owns_tablet:N/A",
        "dummy:owns_tablet:__Others__"
    ],
    "classes": [
        "Physical",
        "Digital"
    ]
}