Customer ID,Gender,Age,Years with Firm,Active on Social Media,Average Transactions per Month,RFM Score,Credit Balance (AED),Customer Bio,Customer Name,Customer Username,Profile Picture on Social Media,Number of Referrals,Payback Status
CUST0001,Female,43,9,Yes,13.11,2,472,Always learning,Customer 1,user_1,Yes,7,7
CUST0002,Male,48,10,No,6.09,1,340,Traveler,Customer 2,user_2,No,2,Default
CUST0003,Female,19,7,Yes,17.05,1,600,Love,Customer 3,user_3,No,3,Default
CUST0004,Female,31,0,No,16.77,5,492,"Foodie, traveler, and passionate about personal growth",Customer 4,user_4,Yes,4,2
CUST0005,Male,55,2,No,18.48,2,173,Love,Customer 5,customer5,No,0,Default
CUST0006,Male,21,1,Yes,9.93,5,484,Fitness fanatic with a love for outdoor adventures,Customer 6,user_6,Yes,1,10
CUST0007,Female,30,10,No,15.62,1,942,Fitness,Customer 7,user_7,No,0,Default
CUST0008,Male,35,3,No,8.43,2,35,Foodie,Customer 8,user_8,No,0,Default
CUST0009,Female,49,4,No,11.13,2,662,Shopaholic and proud,Customer 9,user_9,No,1,Default
CUST0010,Male,24,9,No,17.69,2,659,Traveler,Customer 10,user_10,No,7,Default
CUST0011,Male,44,10,Yes,16.31,3,191,Love,Customer 11,customer11,Yes,10,11
CUST0012,Female,56,3,Yes,14.21,4,495,Fitness fanatic with a love for outdoor adventures,Customer 12,user_12,Yes,9,3
CUST0013,Male,57,5,Yes,1.94,1,69,Fitness,Customer 13,user_13,No,2,8
CUST0014,Male,33,0,Yes,14.38,2,255,Shopaholic,Customer 14,customer14,No,5,Default
CUST0015,Female,26,6,No,10.99,3,938,Fitness,Customer 15,user_15,Yes,7,6
CUST0016,Female,17,5,Yes,8.78,1,352,Foodie,Customer 16,user_16,No,4,Default
CUST0017,Male,60,4,No,11.01,2,809,Fitness,Customer 17,user_17,No,9,Default
CUST0018,Female,28,6,Yes,18.07,1,129,Music lover,Customer 18,user_18,Yes,10,Default
CUST0019,Male,26,10,No,9.1,1,305,Shopaholic,Customer 19,customer19,No,3,6
CUST0020,Female,55,7,No,10.04,2,319,Foodie,Customer 20,customer20,No,2,Default
CUST0021,Female,27,8,Yes,17.69,1,689,Love,Customer 21,user_21,No,0,Default
CUST0022,Female,48,10,No,9.81,5,881,"Avid reader, tech enthusiast, and fitness lover",Customer 22,user_22,Yes,10,6
CUST0023,Male,56,8,Yes,11.04,4,943,Creative thinker who enjoys innovation and challenges,Customer 23,user_23,Yes,8,8
CUST0024,Male,29,4,Yes,2.52,2,216,Enjoying the small moments,Customer 24,user_24,Yes,6,Default
CUST0025,Female,58,6,No,19.56,1,419,Enjoying the small moments,Customer 25,user_25,Yes,1,8
CUST0026,Female,26,3,Yes,3.56,5,414,"Avid reader, tech enthusiast, and fitness lover",Customer 26,customer26,Yes,4,10
CUST0027,Female,57,5,No,1.91,5,311,Creative thinker who enjoys innovation and challenges,Customer 27,user_27,Yes,2,10
CUST0028,Male,36,8,Yes,9.54,1,981,Love,Customer 28,user_28,No,10,Default
CUST0029,Male,28,10,Yes,2.61,2,222,Passionate about photography,Customer 29,user_29,No,9,Default
CUST0030,Female,22,10,Yes,8.43,2,732,,Customer 30,user_30,Yes,10,Default
CUST0031,Female,29,0,No,11.73,3,956,Love,Customer 31,user_31,Yes,5,8
CUST0032,Male,17,4,No,10.05,1,711,Bookworm,Customer 32,user_32,No,10,Default
CUST0033,Female,31,4,No,4.44,1,754,Bookworm,Customer 33,user_33,Yes,2,Default
CUST0034,Male,28,3,Yes,9.48,1,143,Enjoying the small moments,Customer 34,user_34,Yes,10,Default
CUST0035,Female,64,9,Yes,2.73,1,516,Traveler and dreamer,Customer 35,user_35,Yes,4,Default
CUST0036,Male,33,1,Yes,13.66,2,477,Enjoying the small moments,Customer 36,user_36,Yes,7,8
CUST0037,Male,18,2,Yes,1.13,2,457,Enjoying,Customer 37,user_37,No,10,Default
CUST0038,Female,61,1,Yes,3.65,2,569,Enjoying the small moments,Customer 38,customer38,No,6,Default
CUST0039,Female,17,7,Yes,8.07,5,668,Tech geek who loves exploring cutting-edge solutions,Customer 39,user_39,Yes,2,4
CUST0040,Male,40,9,No,7.14,1,278,Shopaholic,Customer 40,user_40,No,8,Default
CUST0041,Male,18,1,Yes,14.61,2,367,Tech geek,Customer 41,customer41,Yes,8,Default
CUST0042,Female,55,0,No,13.64,2,629,Shopaholic and proud,Customer 42,customer42,Yes,10,4
CUST0043,Female,62,7,No,6.71,1,563,Love exploring new places,Customer 43,user_43,No,3,Default
CUST0044,Female,47,1,No,13.03,2,706,Music lover,Customer 44,customer44,No,0,Default
CUST0045,Male,43,9,No,4.47,1,877,Always learning,Customer 45,user_45,Yes,8,Default
CUST0046,Male,53,2,No,14.64,1,831,Shopaholic,Customer 46,user_46,No,7,5
CUST0047,Male,32,1,Yes,9.32,1,95,Enjoying,Customer 47,user_47,No,4,7
CUST0048,Female,58,4,No,10.41,2,116,Foodie,Customer 48,user_48,No,9,Default
CUST0049,Female,18,9,No,6.16,2,865,Enjoying the small moments,Customer 49,user_49,No,6,10
CUST0050,Female,40,10,No,17.22,3,436,Traveler,Customer 50,customer50,Yes,9,4
CUST0051,Female,18,0,No,15.48,5,891,Fitness fanatic with a love for outdoor adventures,Customer 51,user_51,Yes,5,11
CUST0052,Female,56,7,No,6.28,4,502,Tech geek who loves exploring cutting-edge solutions,Customer 52,user_52,Yes,9,11
CUST0053,Male,18,5,Yes,13.38,1,940,Love,Customer 53,user_53,No,7,8
CUST0054,Male,23,2,No,6.16,4,206,Fitness fanatic with a love for outdoor adventures,Customer 54,user_54,Yes,0,3
CUST0055,Male,64,7,Yes,15.57,3,461,Traveler,Customer 55,user_55,Yes,9,6
CUST0056,Female,59,7,Yes,13.46,5,602,Passionate about sustainable living and healthy eating,Customer 56,user_56,Yes,8,3
CUST0057,Female,48,10,No,1.79,2,934,Foodie,Customer 57,user_57,No,8,11
CUST0058,Female,61,9,Yes,3.76,1,524,Enjoying,Customer 58,user_58,No,7,Default
CUST0059,Female,57,8,Yes,10.99,4,510,Passionate about sustainable living and healthy eating,Customer 59,user_59,Yes,8,4
CUST0060,Male,39,2,Yes,2.94,2,572,Foodie,Customer 60,user_60,No,2,Default
CUST0061,Male,33,9,Yes,9.5,2,284,Tech geek,Customer 61,user_61,Yes,0,Default
CUST0062,Female,45,10,Yes,8.78,3,882,Foodie,Customer 62,user_62,Yes,5,2
CUST0063,Female,28,10,No,7.12,2,410,Fitness enthusiast,Customer 63,user_63,Yes,4,Default
CUST0064,Female,56,9,No,8.58,5,834,Always learning and sharing my experiences,Customer 64,user_64,Yes,4,1
CUST0065,Male,30,3,Yes,4.31,2,684,Fitness,Customer 65,user_65,No,0,2
CUST0066,Male,20,8,Yes,18.79,5,284,Fitness fanatic with a love for outdoor adventures,Customer 66,user_66,Yes,0,10
CUST0067,Female,20,8,Yes,17.6,1,624,Food lover,Customer 67,user_67,No,6,Default
CUST0068,Male,28,0,Yes,18.67,1,975,Shopaholic,Customer 68,user_68,No,10,Default
CUST0069,Male,48,2,No,8.62,2,564,Music lover,Customer 69,customer69,Yes,5,Default
CUST0070,Female,50,7,Yes,1.62,4,671,Passionate about sustainable living and healthy eating,Customer 70,user_70,Yes,8,4
CUST0071,Female,34,5,No,2,3,98,Love,Customer 71,user_71,Yes,3,12
CUST0072,Female,30,3,No,18.13,1,93,Music lover,Customer 72,user_72,Yes,6,9
CUST0073,Male,45,0,Yes,17.06,1,864,Love,Customer 73,user_73,No,6,Default
CUST0074,Male,60,2,No,15.62,2,971,Shopaholic,Customer 74,user_74,No,0,Default
CUST0075,Female,52,9,Yes,2.26,1,832,Enjoying,Customer 75,customer75,No,7,3
CUST0076,Female,46,9,Yes,16.33,2,41,Enjoying,Customer 76,user_76,No,6,Default
CUST0077,Female,52,10,Yes,8.13,2,143,Bookworm,Customer 77,user_77,No,5,Default
CUST0078,Female,24,9,Yes,13.64,5,482,Creative thinker who enjoys innovation and challenges,Customer 78,user_78,Yes,5,3
CUST0079,Female,56,10,No,15.99,1,956,Love,Customer 79,user_79,No,1,Default
CUST0080,Female,17,2,No,3.44,2,999,Love,Customer 80,customer80,No,7,Default
CUST0081,Female,44,10,No,19.46,1,772,Foodie,Customer 81,user_81,No,3,Default
CUST0082,Female,21,9,No,11.19,2,659,Fitness,Customer 82,user_82,No,1,Default
CUST0083,Female,52,8,Yes,12.68,1,962,Foodie,Customer 83,user_83,No,0,3
CUST0084,Male,64,9,Yes,18.14,3,929,Love,Customer 84,user_84,Yes,2,9
CUST0085,Male,32,6,No,6.59,5,583,"Foodie, traveler, and passionate about personal growth",Customer 85,user_85,Yes,5,11
CUST0086,Male,54,7,Yes,15.28,1,820,Music lover,Customer 86,user_86,No,7,Default
CUST0087,Male,21,4,Yes,14.98,2,569,Love exploring new places,Customer 87,user_87,No,8,Default
CUST0088,Female,49,0,No,4.28,2,54,Fitness,Customer 88,user_88,No,2,Default
CUST0089,Female,50,3,Yes,1.17,2,301,Shopaholic and proud,Customer 89,user_89,Yes,1,Default
CUST0090,Female,46,4,Yes,14.41,2,707,Shopaholic,Customer 90,user_90,Yes,6,10
CUST0091,Male,23,2,No,2.04,1,547,Love,Customer 91,user_91,No,0,Default
CUST0092,Male,33,6,No,14.04,2,30,Traveler,Customer 92,user_92,Yes,8,Default
CUST0093,Male,34,2,Yes,15.75,4,547,Adventure seeker and nature enthusiast,Customer 93,user_93,Yes,7,10
CUST0094,Male,23,2,No,17.3,,155,Music lover,Customer 94,user_94,Yes,6,Default
CUST0095,Female,49,1,Yes,18.31,1,535,Love,Customer 95,customer95,No,3,8
CUST0096,Female,59,3,Yes,7.28,1,950,Shopaholic,Customer 96,customer96,No,1,Default
CUST0097,Female,56,6,No,11.52,4,602,Creative thinker who enjoys innovation and challenges,Customer 97,user_97,Yes,7,3
CUST0098,Male,27,10,Yes,12.6,2,237,Love,Customer 98,user_98,No,10,4
CUST0099,Male,33,0,Yes,2.97,5,767,Fitness fanatic with a love for outdoor adventures,Customer 99,user_99,Yes,3,7
CUST0100,Female,20,4,Yes,18.84,1,158,Fitness,Customer 100,user_100,No,3,Default
CUST0101,Male,37,8,No,15.7,4,72,Creative thinker who enjoys innovation and challenges,Customer 101,user_101,Yes,1,9
CUST0102,Male,57,4,No,7.17,2,773,Shopaholic,Customer 102,user_102,No,10,Default
CUST0103,Female,30,7,No,13.64,2,254,Enjoying,Customer 103,user_103,No,8,Default
CUST0104,Female,44,1,Yes,19.58,2,891,Music lover,Customer 104,user_104,No,3,Default
CUST0105,Male,27,10,Yes,3.4,3,2,Fitness,Customer 105,customer105,Yes,1,10
CUST0106,Female,62,2,No,10.32,5,419,"Loves photography, music, and exploring new cultures",Customer 106,customer106,Yes,3,7
CUST0107,Female,50,2,Yes,2.91,1,600,Shopaholic,Customer 107,user_107,No,5,Default
CUST0108,Male,17,6,Yes,12.72,1,506,Foodie,Customer 108,user_108,Yes,9,6
CUST0109,Female,40,4,No,5.12,2,404,Shopaholic,Customer 109,customer109,No,10,Default
CUST0110,Female,20,3,Yes,11.58,5,894,"Avid reader, tech enthusiast, and fitness lover",Customer 110,user_110,Yes,1,3
CUST0111,Female,53,5,Yes,11.03,3,256,Shopaholic,Customer 111,customer111,Yes,8,2
CUST0112,Male,41,9,No,5.61,5,964,Tech geek who loves exploring cutting-edge solutions,Customer 112,user_112,Yes,1,8
CUST0113,Male,61,4,Yes,16.1,5,789,"Loves photography, music, and exploring new cultures",Customer 113,user_113,Yes,4,7
CUST0114,Male,53,10,No,8.46,2,715,Food lover,Customer 114,user_114,No,1,Default
CUST0115,Female,19,1,Yes,17.1,5,399,Always learning and sharing my experiences,Customer 115,user_115,Yes,0,11
CUST0116,Female,47,10,Yes,6.87,4,586,"Avid reader, tech enthusiast, and fitness lover",Customer 116,user_116,Yes,1,11
CUST0117,Female,60,4,No,7.5,2,569,Food lover,Customer 117,user_117,Yes,7,Default
CUST0118,Female,51,8,No,16.32,2,911,Passionate about photography,Customer 118,user_118,No,3,Default
CUST0119,Male,31,3,Yes,14.63,2,251,Fitness,Customer 119,user_119,No,9,Default
CUST0120,Male,29,5,Yes,9.88,1,263,Fitness,Customer 120,user_120,No,8,Default
CUST0121,Male,38,1,Yes,3.8,1,866,Enjoying,Customer 121,user_121,No,7,8
CUST0122,Female,59,0,No,16.92,4,136,Adventure seeker and nature enthusiast,Customer 122,user_122,Yes,2,8
CUST0123,Female,48,8,Yes,4.34,2,965,Fitness,Customer 123,customer123,No,7,6
CUST0124,Female,24,5,Yes,10.67,2,944,Foodie,Customer 124,user_124,No,2,Default
CUST0125,Female,24,10,No,3.45,5,723,Fitness fanatic with a love for outdoor adventures,Customer 125,user_125,Yes,0,4
CUST0126,Female,31,9,No,9.65,4,184,"Foodie, traveler, and passionate about personal growth",Customer 126,customer126,Yes,6,8
CUST0127,Male,24,8,No,8.23,3,488,Love,Customer 127,customer127,Yes,10,6
CUST0128,Male,40,10,Yes,1.87,1,826,Shopaholic and proud,Customer 128,user_128,No,9,Default
CUST0129,Male,48,7,No,10.4,2,979,Love,Customer 129,customer129,No,1,8
CUST0130,Female,34,5,Yes,7.09,2,813,Traveler,Customer 130,user_130,No,5,Default
CUST0131,Male,49,9,No,13.12,1,571,Love,Customer 131,user_131,No,8,2
CUST0132,Male,41,0,Yes,10.01,,174,Fitness enthusiast,Customer 132,user_132,Yes,1,Default
CUST0133,Male,41,3,Yes,12.73,2,802,Traveler and dreamer,Customer 133,user_133,Yes,2,Default
CUST0134,Female,34,10,Yes,19.68,2,736,Shopaholic,Customer 134,customer134,No,3,Default
CUST0135,Male,60,8,No,17.61,1,812,Shopaholic,Customer 135,customer135,No,3,Default
CUST0136,Female,49,5,No,13.97,5,191,Passionate about sustainable living and healthy eating,Customer 136,customer136,Yes,1,5
CUST0137,Female,31,9,No,11.37,3,789,Traveler,Customer 137,user_137,Yes,10,3
CUST0138,Female,17,7,Yes,12.91,2,80,Fitness,Customer 138,user_138,No,9,7
CUST0139,Male,60,6,Yes,15.43,1,576,Shopaholic,Customer 139,user_139,No,7,Default
CUST0140,Female,19,0,No,18.62,3,522,Traveler,Customer 140,user_140,Yes,1,11
CUST0141,Female,38,2,No,4.33,,914,Love,Customer 141,user_141,No,0,Default
CUST0142,Female,18,8,Yes,2.28,4,886,Loves exploring new cuisines and traveling the world,Customer 142,user_142,Yes,2,7
CUST0143,Male,60,6,No,17.83,4,812,Fitness fanatic with a love for outdoor adventures,Customer 143,user_143,Yes,9,3
CUST0144,Female,22,0,No,15.07,2,777,Tech geek,Customer 144,user_144,No,4,Default
CUST0145,Male,21,7,No,13.63,5,228,Always learning and sharing my experiences,Customer 145,customer145,Yes,0,3
CUST0146,Male,22,4,No,16.64,,811,Traveler,Customer 146,user_146,No,7,Default
CUST0147,Male,27,9,Yes,6.25,1,257,Traveler,Customer 147,user_147,No,6,Default
CUST0148,Female,29,4,Yes,13.8,2,574,Foodie,Customer 148,user_148,No,3,8
CUST0149,Female,33,5,No,2.6,2,226,Fitness,Customer 149,user_149,No,8,Default
CUST0150,Female,42,7,No,17.51,1,599,,Customer 150,user_150,No,9,Default
CUST0151,Female,41,9,No,3.26,5,32,Always learning and sharing my experiences,Customer 151,user_151,Yes,2,6
CUST0152,Male,31,4,Yes,7.11,1,869,Shopaholic,Customer 152,customer152,No,0,Default
CUST0153,Male,45,3,Yes,8.77,2,794,Traveler,Customer 153,user_153,Yes,10,12
CUST0154,Male,20,0,Yes,6.9,2,390,Traveler,Customer 154,user_154,No,9,5
CUST0155,Female,39,9,Yes,1.83,1,146,Traveler,Customer 155,user_155,Yes,1,12
CUST0156,Female,17,0,No,1.14,5,493,Loves exploring new cuisines and traveling the world,Customer 156,customer156,Yes,3,10
CUST0157,Female,46,6,Yes,18.23,1,905,Shopaholic,Customer 157,user_157,No,8,Default
CUST0158,Male,26,3,No,18.09,4,72,Tech geek who loves exploring cutting-edge solutions,Customer 158,user_158,Yes,8,9
CUST0159,Male,46,1,Yes,15.39,1,214,Shopaholic and proud,Customer 159,user_159,No,1,Default
CUST0160,Male,30,1,No,6.13,2,68,Love,Customer 160,user_160,No,7,1
CUST0161,Male,51,4,No,10.22,1,355,Fitness,Customer 161,user_161,No,10,Default
CUST0162,Male,42,6,Yes,18.22,3,202,Fitness,Customer 162,user_162,Yes,9,11
CUST0163,Male,42,10,Yes,7.89,1,592,Shopaholic,Customer 163,user_163,No,9,Default
CUST0164,Male,50,3,No,2.52,2,63,Traveler,Customer 164,user_164,Yes,2,Default
CUST0165,Female,31,5,No,15.06,3,81,Traveler,Customer 165,user_165,Yes,1,8
CUST0166,Male,39,5,No,15.61,1,766,Shopaholic,Customer 166,user_166,No,8,Default
CUST0167,Male,33,0,No,15.7,4,453,"Avid reader, tech enthusiast, and fitness lover",Customer 167,user_167,Yes,2,1
CUST0168,Male,23,8,No,7.84,2,665,Traveler,Customer 168,user_168,No,5,1
CUST0169,Male,39,2,Yes,10.83,2,8,Always learning,Customer 169,user_169,No,4,11
CUST0170,Male,30,2,Yes,5.81,1,226,Always learning,Customer 170,user_170,Yes,7,Default
CUST0171,Male,44,0,Yes,11.2,2,722,Enjoying the small moments,Customer 171,customer171,No,10,2
CUST0172,Female,44,9,Yes,6.04,1,87,Traveler,Customer 172,user_172,No,1,Default
CUST0173,Male,55,0,Yes,14.14,3,792,Fitness,Customer 173,user_173,Yes,2,3
CUST0174,Female,26,5,No,1.08,3,620,Enjoying,Customer 174,customer174,Yes,8,11
CUST0175,Male,48,0,No,5.14,1,985,Love,Customer 175,user_175,No,4,10
CUST0176,Female,52,7,Yes,12.57,2,398,Traveler,Customer 176,user_176,No,3,Default
CUST0177,Male,64,10,Yes,16.64,1,931,Traveler,Customer 177,customer177,Yes,10,2
CUST0178,Male,50,10,No,18.68,1,506,Enjoying the small moments,Customer 178,user_178,No,0,Default
CUST0179,Male,47,10,Yes,14.97,2,64,Shopaholic,Customer 179,user_179,Yes,0,Default
CUST0180,Female,30,10,No,6.08,5,425,Creative thinker who enjoys innovation and challenges,Customer 180,user_180,Yes,3,3
CUST0181,Male,24,6,No,15.72,1,34,Always learning,Customer 181,user_181,No,3,Default
CUST0182,Female,20,4,Yes,1.13,2,119,Fitness,Customer 182,user_182,No,5,Default
CUST0183,Female,63,4,Yes,1.42,1,695,Passionate about photography,Customer 183,user_183,Yes,4,Default
CUST0184,Female,19,4,Yes,15.32,1,355,Shopaholic,Customer 184,user_184,No,7,8
CUST0185,Male,57,4,No,5.61,2,286,Shopaholic,Customer 185,user_185,No,8,Default
CUST0186,Male,38,0,Yes,8.22,1,671,Adventure seeker,Customer 186,user_186,No,1,Default
CUST0187,Female,21,10,Yes,2.62,1,190,Shopaholic and proud,Customer 187,user_187,Yes,6,Default
CUST0188,Male,48,6,No,14.5,1,648,Shopaholic,Customer 188,user_188,No,6,Default
CUST0189,Female,59,3,Yes,5.82,2,695,Adventure seeker,Customer 189,user_189,No,3,Default
CUST0190,Female,41,6,No,11.98,1,753,Music lover,Customer 190,user_190,Yes,2,Default
CUST0191,Female,38,4,No,15.85,4,711,Fitness fanatic with a love for outdoor adventures,Customer 191,user_191,Yes,8,8
CUST0192,Female,50,3,Yes,18.77,2,227,Tech geek,Customer 192,user_192,Yes,2,Default
CUST0193,Female,47,10,Yes,18.35,1,936,Passionate about photography,Customer 193,customer193,Yes,5,Default
CUST0194,Male,26,8,Yes,16.87,1,650,Foodie,Customer 194,user_194,No,10,Default
CUST0195,Male,62,7,No,11.12,3,458,Enjoying,Customer 195,user_195,Yes,9,12
CUST0196,Male,50,1,No,14.24,2,121,Enjoying,Customer 196,user_196,No,6,2
CUST0197,Male,44,9,Yes,4.8,3,260,Love,Customer 197,user_197,Yes,5,7
CUST0198,Male,24,7,No,7.47,3,810,Shopaholic,Customer 198,user_198,Yes,3,8
CUST0199,Female,34,7,No,1.19,1,334,Food lover,Customer 199,user_199,Yes,5,Default
CUST0200,Male,55,1,No,14.68,1,612,Shopaholic,Customer 200,user_200,No,5,11
CUST0201,Male,54,5,Yes,5.05,2,66,Fitness,Customer 201,customer201,No,3,6
CUST0202,Female,33,4,No,7.11,1,440,Foodie,Customer 202,user_202,No,0,Default
CUST0203,Male,37,5,No,12.49,4,166,"Loves photography, music, and exploring new cultures",Customer 203,customer203,Yes,5,10
CUST0204,Male,46,5,No,12.88,2,33,Enjoying the small moments,Customer 204,user_204,Yes,5,Default
CUST0205,Female,58,10,Yes,1.19,3,308,Enjoying,Customer 205,user_205,Yes,6,4
CUST0206,Female,54,4,Yes,7.57,2,824,Bookworm,Customer 206,customer206,No,0,3
CUST0207,Female,29,3,Yes,103589.7093,2,993,Adventure seeker,Customer 207,user_207,Yes,2,4
CUST0208,Female,31,0,No,19.17,1,145,Traveler and dreamer,Customer 208,user_208,Yes,9,Default
CUST0209,Female,39,2,Yes,15.82,2,689,Shopaholic and proud,Customer 209,user_209,No,4,7
CUST0210,Male,21,3,No,14.3,5,536,Always learning and sharing my experiences,Customer 210,user_210,Yes,2,3
CUST0211,Female,58,3,No,9.48,2,671,Adventure seeker,Customer 211,user_211,Yes,3,Default
CUST0212,Male,19,8,Yes,13.31,2,554,Food lover,Customer 212,user_212,Yes,2,Default
CUST0213,Male,49,10,Yes,1.94,5,67,"Foodie, traveler, and passionate about personal growth",Customer 213,customer213,Yes,9,3
CUST0214,Female,50,5,No,19.76,3,609,Traveler,Customer 214,user_214,Yes,2,5
CUST0215,Male,51,10,No,14.42,3,255,Fitness,Customer 215,user_215,Yes,8,12
CUST0216,Male,35,1,Yes,8.67,1,599,Enjoying,Customer 216,customer216,No,8,Default
CUST0217,Male,17,1,Yes,13.68,4,986,Always learning and sharing my experiences,Customer 217,user_217,Yes,6,2
CUST0218,Male,54,2,No,17.22,3,166,Enjoying,Customer 218,user_218,Yes,7,4
CUST0219,Male,20,4,No,6.93,4,985,"Loves photography, music, and exploring new cultures",Customer 219,user_219,Yes,3,11
CUST0220,Female,18,3,No,6.36,1,467,,Customer 220,user_220,No,2,Default
CUST0221,Male,43,0,Yes,3.47,1,655,Tech geek,Customer 221,user_221,No,7,Default
CUST0222,Female,40,3,No,12.95,5,771,Always learning and sharing my experiences,Customer 222,user_222,Yes,9,5
CUST0223,Female,43,1,Yes,7.8,1,721,Traveler,Customer 223,user_223,No,5,Default
CUST0224,Female,34,5,No,9.55,2,472,Traveler,Customer 224,user_224,No,7,6
CUST0225,Female,27,2,Yes,14.82,4,235,Fitness fanatic with a love for outdoor adventures,Customer 225,customer225,Yes,9,1
CUST0226,Female,20,9,Yes,8.91,2,222,Enjoying the small moments,Customer 226,user_226,No,6,6
CUST0227,Female,63,4,No,8.51,2,372,Food lover,Customer 227,customer227,No,2,Default
CUST0228,Female,30,2,No,17.22,3,1,Shopaholic,Customer 228,user_228,Yes,2,8
CUST0229,Female,20,1,Yes,10.36,2,726,Foodie,Customer 229,customer229,Yes,7,11
CUST0230,Female,17,9,No,8.17,5,894,"Avid reader, tech enthusiast, and fitness lover",Customer 230,user_230,Yes,1,10
CUST0231,Male,38,3,No,13.05,2,607,Tech geek,Customer 231,user_231,No,8,Default
CUST0232,Male,47,8,No,10.92,5,977,Tech geek who loves exploring cutting-edge solutions,Customer 232,user_232,Yes,0,7
CUST0233,Female,46,3,Yes,9.94,1,958,Bookworm,Customer 233,user_233,No,8,Default
CUST0234,Female,30,8,Yes,16.41,4,410,"Avid reader, tech enthusiast, and fitness lover",Customer 234,customer234,Yes,1,7
CUST0235,Female,63,2,Yes,4.12,2,934,Enjoying,Customer 235,user_235,No,3,Default
CUST0236,Female,40,8,No,1.51,4,118,"Avid reader, tech enthusiast, and fitness lover",Customer 236,customer236,Yes,10,4
CUST0237,Female,43,3,No,4.52,1,381,Shopaholic and proud,Customer 237,user_237,No,6,5
CUST0238,Male,38,0,No,8.73,4,734,Passionate about sustainable living and healthy eating,Customer 238,user_238,Yes,6,11
CUST0239,Female,52,3,Yes,11.36,1,470,Foodie,Customer 239,user_239,No,4,Default
CUST0240,Male,36,4,No,10.8,1,894,Passionate about photography,Customer 240,customer240,Yes,2,Default
CUST0241,Female,58,8,No,5.11,3,279,Enjoying,Customer 241,customer241,Yes,9,2
CUST0242,Male,34,1,Yes,11.19,2,318,,Customer 242,user_242,Yes,6,Default
CUST0243,Female,38,10,Yes,2.24,1,11,Adventure seeker,Customer 243,user_243,Yes,7,Default
CUST0244,Male,42,4,No,12.39,3,428,Fitness,Customer 244,user_244,Yes,3,2
CUST0245,Male,30,8,Yes,18.01,3,16,Love,Customer 245,user_245,Yes,6,2
CUST0246,Male,32,7,No,6.03,1,630,,Customer 246,user_246,Yes,4,Default
CUST0247,Male,27,2,Yes,1.02,1,945,Love,Customer 247,user_247,No,6,5
CUST0248,Male,18,2,Yes,5.14,4,778,"Loves photography, music, and exploring new cultures",Customer 248,user_248,Yes,0,6
CUST0249,Female,21,4,No,19.36,2,184,Shopaholic,Customer 249,user_249,No,4,Default
CUST0250,Female,55,1,No,15.11,2,290,Shopaholic,Customer 250,customer250,No,1,Default
CUST0251,Male,50,1,Yes,2.65,1,766,Foodie,Customer 251,user_251,No,6,9
CUST0252,Female,26,6,No,11.42,3,699,Traveler,Customer 252,user_252,Yes,0,4
CUST0253,Male,54,3,Yes,14.91,3,836,Traveler,Customer 253,user_253,Yes,1,1
CUST0254,Male,60,5,No,5.99,1,267,Traveler,Customer 254,user_254,No,0,Default
CUST0255,Male,18,9,Yes,14.59,,144,Enjoying,Customer 255,customer255,No,5,Default
CUST0256,Female,54,4,No,15.3,2,502,Enjoying the small moments,Customer 256,user_256,Yes,9,11
CUST0257,Male,24,5,No,1.17,2,394,Love,Customer 257,user_257,No,1,Default
CUST0258,Female,35,1,No,14.09,,723,Enjoying,Customer 258,user_258,No,4,Default
CUST0259,Female,62,9,No,18.89,2,150,Shopaholic,Customer 259,user_259,No,7,Default
CUST0260,Female,48,1,No,1.23,2,143,Foodie,Customer 260,user_260,No,1,Default
CUST0261,Male,26,10,Yes,2.4,5,64,Fitness fanatic with a love for outdoor adventures,Customer 261,customer261,Yes,3,9
CUST0262,Female,23,3,No,13.07,1,305,Adventure seeker,Customer 262,user_262,No,7,Default
CUST0263,Male,32,8,Yes,114863.8691,1,288,Enjoying,Customer 263,user_263,No,5,Default
CUST0264,Male,42,8,No,2.68,2,698,Shopaholic,Customer 264,user_264,No,4,4
CUST0265,Female,29,1,No,16.5,2,685,Traveler,Customer 265,user_265,No,0,10
CUST0266,Male,62,7,No,4.78,4,626,Tech geek who loves exploring cutting-edge solutions,Customer 266,user_266,Yes,5,1
CUST0267,Male,26,0,No,13.94,3,610,Fitness,Customer 267,user_267,Yes,8,7
CUST0268,Female,36,3,No,15.33,2,899,Always learning,Customer 268,user_268,No,9,10
CUST0269,Male,37,7,No,16.16,1,472,Bookworm,Customer 269,user_269,No,5,3
CUST0270,Male,33,5,Yes,9.25,2,697,Enjoying,Customer 270,customer270,No,10,11
CUST0271,Female,52,3,No,9.41,5,701,"Loves photography, music, and exploring new cultures",Customer 271,user_271,Yes,5,10
CUST0272,Male,55,4,Yes,11.29,3,68,Traveler,Customer 272,user_272,Yes,5,6
CUST0273,Male,42,10,No,14.36,5,736,Tech geek who loves exploring cutting-edge solutions,Customer 273,user_273,Yes,8,10
CUST0274,Female,32,7,No,17.9,1,646,Traveler and dreamer,Customer 274,user_274,Yes,3,7
CUST0275,Male,17,4,Yes,7.79,1,809,Fitness enthusiast,Customer 275,user_275,Yes,5,4
CUST0276,Male,48,5,No,4.78,4,728,"Avid reader, tech enthusiast, and fitness lover",Customer 276,user_276,Yes,9,10
CUST0277,Male,47,2,No,15.97,3,151,Love,Customer 277,customer277,Yes,5,1
CUST0278,Male,53,4,Yes,7.74,1,117,Enjoying,Customer 278,user_278,No,9,Default
CUST0279,Female,42,4,Yes,15.13,1,23,Tech geek,Customer 279,user_279,Yes,5,Default
CUST0280,Female,40,0,Yes,5.75,4,816,Creative thinker who enjoys innovation and challenges,Customer 280,customer280,Yes,3,12
CUST0281,Female,28,0,Yes,10.35,4,681,Tech geek who loves exploring cutting-edge solutions,Customer 281,customer281,Yes,8,8
CUST0282,Male,23,4,Yes,2.83,5,418,Always learning and sharing my experiences,Customer 282,customer282,Yes,1,4
CUST0283,Female,37,2,No,11.08,2,202,Shopaholic,Customer 283,user_283,No,9,Default
CUST0284,Female,57,7,No,17.4,2,145,Love,Customer 284,user_284,No,9,Default
CUST0285,Male,42,6,No,16.32,3,917,Enjoying,Customer 285,user_285,Yes,8,1
CUST0286,Male,22,1,No,14.8,1,246,Love,Customer 286,user_286,No,2,7
CUST0287,Male,24,7,No,5.9,4,142,"Avid reader, tech enthusiast, and fitness lover",Customer 287,user_287,Yes,0,11
CUST0288,Female,32,3,No,2.22,1,523,Love,Customer 288,customer288,No,4,Default
CUST0289,Female,17,7,No,10.58,4,963,Always learning and sharing my experiences,Customer 289,customer289,Yes,4,9
CUST0290,Male,53,0,Yes,16.29,4,657,"Avid reader, tech enthusiast, and fitness lover",Customer 290,user_290,Yes,8,6
CUST0291,Male,56,9,Yes,11.02,2,852,Love,Customer 291,user_291,No,7,Default
CUST0292,Female,60,7,No,5.61,3,66,Fitness,Customer 292,user_292,Yes,1,1
CUST0293,Male,51,9,Yes,11.25,2,269,Love,Customer 293,customer293,No,1,Default
CUST0294,Female,38,6,No,12.74,2,67,Love,Customer 294,user_294,No,3,Default
CUST0295,Male,40,3,No,7.11,2,30,Traveler,Customer 295,user_295,No,5,7
CUST0296,Male,53,7,No,7.72,5,387,Creative thinker who enjoys innovation and challenges,Customer 296,customer296,Yes,5,9
CUST0297,Male,22,4,No,16.5,3,218,Love,Customer 297,user_297,Yes,6,4
CUST0298,Female,31,7,No,1.24,,908,Traveler,Customer 298,user_298,No,0,4
CUST0299,Male,28,10,No,18.89,4,333,Creative thinker who enjoys innovation and challenges,Customer 299,user_299,Yes,9,10
CUST0300,Female,55,8,Yes,13.31,1,535,Enjoying the small moments,Customer 300,user_300,Yes,8,6
CUST0301,Male,23,10,Yes,19.52,1,448,Passionate about photography,Customer 301,customer301,No,5,8
CUST0302,Female,54,2,Yes,1.19,4,508,Loves exploring new cuisines and traveling the world,Customer 302,user_302,Yes,9,5
CUST0303,Male,45,9,Yes,13.86,4,966,Passionate about sustainable living and healthy eating,Customer 303,user_303,Yes,8,1
CUST0304,Female,56,9,Yes,3.77,1,562,Always learning,Customer 304,user_304,No,3,Default
CUST0305,Male,38,10,Yes,8.91,2,932,Love,Customer 305,user_305,No,6,Default
CUST0306,Male,42,1,No,15.33,5,182,"Foodie, traveler, and passionate about personal growth",Customer 306,user_306,Yes,5,6
CUST0307,Female,33,8,No,2.87,1,473,Shopaholic and proud,Customer 307,user_307,Yes,3,1
CUST0308,Male,50,4,Yes,8.24,1,18,Love exploring new places,Customer 308,user_308,Yes,10,Default
CUST0309,Female,46,0,Yes,2.32,4,629,"Avid reader, tech enthusiast, and fitness lover",Customer 309,customer309,Yes,10,3
CUST0310,Female,62,6,No,15.81,2,518,Always learning,Customer 310,user_310,No,0,Default
CUST0311,Female,49,7,Yes,16.72,2,290,Shopaholic and proud,Customer 311,customer311,Yes,10,Default
CUST0312,Female,31,1,No,14.61,2,416,Traveler,Customer 312,user_312,No,8,Default
CUST0313,Female,29,9,No,10.44,,59,Traveler,Customer 313,customer313,Yes,10,3
CUST0314,Male,58,6,No,19.2,1,438,Foodie,Customer 314,user_314,No,3,Default
CUST0315,Male,59,3,Yes,3.75,1,878,Bookworm,Customer 315,user_315,Yes,0,Default
CUST0316,Male,57,4,Yes,6.94,2,916,Enjoying the small moments,Customer 316,user_316,Yes,4,Default
CUST0317,Male,53,7,No,16.42,5,233,Adventure seeker and nature enthusiast,Customer 317,customer317,Yes,2,4
CUST0318,Male,49,5,Yes,9.98,2,752,Love,Customer 318,user_318,No,5,8
CUST0319,Male,59,0,No,19.1,2,689,Fitness enthusiast,Customer 319,user_319,No,9,Default
CUST0320,Male,51,10,No,3.12,4,871,Fitness fanatic with a love for outdoor adventures,Customer 320,user_320,Yes,2,5
CUST0321,Male,24,5,Yes,13.52,5,558,Always learning and sharing my experiences,Customer 321,user_321,Yes,10,9
CUST0322,Female,27,5,No,4.7,3,839,Enjoying,Customer 322,customer322,Yes,10,6
CUST0323,Female,51,1,Yes,19.67,,440,,Customer 323,user_323,Yes,1,Default
CUST0324,Male,51,4,Yes,9.08,2,693,Traveler,Customer 324,user_324,No,5,12
CUST0325,Female,35,2,Yes,102162.445,3,206,Enjoying,Customer 325,user_325,Yes,6,7
CUST0326,Male,20,9,Yes,2.9,4,908,Loves exploring new cuisines and traveling the world,Customer 326,user_326,Yes,6,4
CUST0327,Male,23,4,No,5.96,5,460,Always learning and sharing my experiences,Customer 327,user_327,Yes,1,8
CUST0328,Female,39,2,No,9.62,5,199,"Loves photography, music, and exploring new cultures",Customer 328,user_328,Yes,8,4
CUST0329,Male,34,7,No,19,4,181,"Loves photography, music, and exploring new cultures",Customer 329,customer329,Yes,9,11
CUST0330,Male,39,5,Yes,11.22,4,267,Tech geek who loves exploring cutting-edge solutions,Customer 330,user_330,Yes,4,6
CUST0331,Female,24,5,Yes,18.63,5,158,Fitness fanatic with a love for outdoor adventures,Customer 331,user_331,Yes,1,5
CUST0332,Male,22,7,Yes,9.43,2,658,Music lover,Customer 332,customer332,No,2,3
CUST0333,Male,41,6,Yes,15.54,1,582,,Customer 333,user_333,Yes,3,Default
CUST0334,Male,35,8,No,10.95,2,928,Traveler,Customer 334,customer334,No,2,Default
CUST0335,Female,34,10,No,2.46,5,754,Creative thinker who enjoys innovation and challenges,Customer 335,user_335,Yes,7,10
CUST0336,Male,50,1,No,17.5,3,754,Traveler,Customer 336,user_336,Yes,0,9
CUST0337,Female,62,9,Yes,7.94,1,225,Foodie,Customer 337,user_337,No,1,Default
CUST0338,Female,50,5,No,1.14,1,18,Traveler,Customer 338,user_338,No,8,Default
CUST0339,Male,45,10,No,7.09,2,14,Love exploring new places,Customer 339,user_339,No,6,Default
CUST0340,Female,18,7,No,8.35,1,459,Always learning,Customer 340,user_340,Yes,1,Default
CUST0341,Female,17,0,Yes,12.19,2,447,Foodie,Customer 341,user_341,No,8,10
CUST0342,Female,26,8,No,18.57,2,239,Shopaholic and proud,Customer 342,user_342,No,9,Default
CUST0343,Female,36,5,No,6.48,,632,Enjoying,Customer 343,user_343,Yes,7,4
CUST0344,Male,37,7,Yes,8.03,4,299,Passionate about sustainable living and healthy eating,Customer 344,user_344,Yes,1,8
CUST0345,Female,46,10,No,18.03,1,97,Traveler,Customer 345,customer345,No,6,Default
CUST0346,Male,48,0,Yes,15.46,3,449,Fitness,Customer 346,user_346,Yes,4,5
CUST0347,Female,62,7,Yes,4.76,1,328,Foodie,Customer 347,customer347,No,5,Default
CUST0348,Female,34,8,Yes,19.87,2,699,Tech geek,Customer 348,user_348,No,4,7
CUST0349,Male,63,0,Yes,15.34,2,822,Foodie,Customer 349,user_349,No,7,7
CUST0350,Female,39,8,Yes,9.36,3,609,Traveler,Customer 350,user_350,Yes,8,7
CUST0351,Female,62,3,Yes,1.32,3,793,Shopaholic,Customer 351,user_351,Yes,7,9
CUST0352,Female,51,1,Yes,12.22,3,514,Shopaholic,Customer 352,user_352,Yes,3,8
CUST0353,Male,50,8,Yes,1.62,2,848,Enjoying,Customer 353,user_353,No,0,Default
CUST0354,Male,33,9,Yes,6.71,5,965,"Foodie, traveler, and passionate about personal growth",Customer 354,user_354,Yes,0,1
CUST0355,Female,61,0,No,2.81,1,50,Tech geek,Customer 355,user_355,No,1,Default
CUST0356,Male,43,10,No,5.16,4,126,Always learning and sharing my experiences,Customer 356,user_356,Yes,8,4
CUST0357,Female,61,10,No,5.55,1,422,Enjoying,Customer 357,user_357,No,7,Default
CUST0358,Female,28,7,Yes,8.46,2,822,Foodie,Customer 358,user_358,No,10,11
CUST0359,Male,61,1,No,6.91,2,474,Fitness,Customer 359,user_359,No,5,Default
CUST0360,Male,45,9,Yes,5.67,4,780,Loves exploring new cuisines and traveling the world,Customer 360,user_360,Yes,3,8
CUST0361,Male,42,7,Yes,1.62,5,508,Fitness fanatic with a love for outdoor adventures,Customer 361,user_361,Yes,8,4
CUST0362,Female,62,7,Yes,10.28,2,307,Enjoying,Customer 362,customer362,No,1,Default
CUST0363,Female,36,6,Yes,13.46,4,482,"Avid reader, tech enthusiast, and fitness lover",Customer 363,customer363,Yes,3,12
CUST0364,Male,24,6,No,2.93,4,460,Fitness fanatic with a love for outdoor adventures,Customer 364,user_364,Yes,0,4
CUST0365,Female,29,0,No,2.96,5,268,Always learning and sharing my experiences,Customer 365,user_365,Yes,2,2
CUST0366,Male,56,8,Yes,5.48,2,895,Shopaholic and proud,Customer 366,user_366,Yes,5,Default
CUST0367,Male,25,7,Yes,2.39,2,344,Love,Customer 367,user_367,No,9,Default
CUST0368,Female,17,5,Yes,9.09,3,530,Foodie,Customer 368,user_368,Yes,0,10
CUST0369,Female,26,8,Yes,2.26,4,475,Fitness fanatic with a love for outdoor adventures,Customer 369,user_369,Yes,3,11
CUST0370,Female,38,6,Yes,7.72,4,587,Fitness fanatic with a love for outdoor adventures,Customer 370,customer370,Yes,4,4
CUST0371,Male,29,6,Yes,6.79,2,114,Shopaholic,Customer 371,customer371,No,2,Default
CUST0372,Female,50,8,No,11.23,2,163,Bookworm,Customer 372,user_372,Yes,2,Default
CUST0373,Female,64,8,No,14.88,4,869,Passionate about sustainable living and healthy eating,Customer 373,user_373,Yes,0,9
CUST0374,Female,57,8,Yes,7.38,2,295,Foodie,Customer 374,user_374,No,5,Default
CUST0375,Male,27,9,Yes,7.63,5,89,Fitness fanatic with a love for outdoor adventures,Customer 375,customer375,Yes,1,4
CUST0376,Female,58,7,Yes,8.58,2,98,Traveler,Customer 376,user_376,No,7,Default
CUST0377,Male,30,1,No,19.21,5,389,Fitness fanatic with a love for outdoor adventures,Customer 377,user_377,Yes,0,8
CUST0378,Male,17,1,No,6.31,2,842,Foodie,Customer 378,user_378,No,7,Default
CUST0379,Female,26,9,Yes,14.41,1,178,Shopaholic,Customer 379,user_379,No,6,2
CUST0380,Male,38,9,No,10.77,2,778,,Customer 380,user_380,Yes,1,Default
CUST0381,Female,64,4,No,1.13,4,926,Fitness fanatic with a love for outdoor adventures,Customer 381,user_381,Yes,0,6
CUST0382,Female,18,8,No,6.69,2,713,Passionate about photography,Customer 382,user_382,No,7,Default
CUST0383,Female,56,7,No,14.04,3,889,Fitness,Customer 383,user_383,Yes,0,4
CUST0384,Male,61,2,Yes,14.03,1,233,Fitness,Customer 384,user_384,No,6,Default
CUST0385,Female,42,1,No,6.76,5,518,Adventure seeker and nature enthusiast,Customer 385,user_385,Yes,2,1
CUST0386,Female,45,9,No,11.23,,846,Shopaholic,Customer 386,user_386,No,5,Default
CUST0387,Male,43,10,No,8.74,2,745,Fitness,Customer 387,user_387,No,4,Default
CUST0388,Female,27,1,No,16.58,4,529,Passionate about sustainable living and healthy eating,Customer 388,user_388,Yes,0,4
CUST0389,Female,21,0,No,16.93,4,68,Adventure seeker and nature enthusiast,Customer 389,customer389,Yes,3,7
CUST0390,Female,43,8,Yes,18.07,3,460,Shopaholic,Customer 390,user_390,Yes,4,10
CUST0391,Female,42,4,Yes,4.23,5,307,"Avid reader, tech enthusiast, and fitness lover",Customer 391,user_391,Yes,10,3
CUST0392,Male,19,10,No,1.38,5,378,"Avid reader, tech enthusiast, and fitness lover",Customer 392,user_392,Yes,1,5
CUST0393,Male,56,10,Yes,2.51,5,492,"Loves photography, music, and exploring new cultures",Customer 393,customer393,Yes,2,12
CUST0394,Female,45,1,Yes,11.94,1,638,Love,Customer 394,user_394,No,6,Default
CUST0395,Male,26,3,Yes,14.74,2,363,,Customer 395,customer395,Yes,6,Default
CUST0396,Male,55,1,Yes,3.66,5,330,"Foodie, traveler, and passionate about personal growth",Customer 396,user_396,Yes,9,11
CUST0397,Male,53,2,Yes,18.79,2,701,Foodie,Customer 397,user_397,No,10,Default
CUST0398,Male,17,2,No,10.87,1,745,Love,Customer 398,customer398,No,0,Default
CUST0399,Male,26,2,Yes,10.78,4,393,"Foodie, traveler, and passionate about personal growth",Customer 399,user_399,Yes,4,2
CUST0400,Female,28,6,No,106284.7114,2,819,Love,Customer 400,user_400,No,9,Default
CUST0401,Female,46,1,Yes,8.53,4,426,"Avid reader, tech enthusiast, and fitness lover",Customer 401,user_401,Yes,5,4
CUST0402,Male,64,10,No,18.7,1,353,Enjoying the small moments,Customer 402,user_402,Yes,2,Default
CUST0403,Female,20,6,Yes,9.44,4,3,Always learning and sharing my experiences,Customer 403,user_403,Yes,3,7
CUST0404,Male,63,10,No,2.46,1,100,Always learning,Customer 404,user_404,No,4,Default
CUST0405,Female,37,2,No,1.67,1,369,Enjoying,Customer 405,user_405,No,0,Default
CUST0406,Female,26,3,No,6.23,1,520,Food lover,Customer 406,user_406,Yes,10,3
CUST0407,Female,20,6,Yes,14.39,1,324,Tech geek,Customer 407,user_407,No,7,12
CUST0408,Female,59,0,Yes,7.45,2,405,Fitness,Customer 408,user_408,No,1,Default
CUST0409,Female,32,10,No,6.04,2,758,Food lover,Customer 409,user_409,No,2,Default
CUST0410,Female,20,6,Yes,14.17,,320,Enjoying,Customer 410,user_410,No,5,2
CUST0411,Male,44,7,No,2.14,1,168,,Customer 411,user_411,Yes,4,Default
CUST0412,Male,62,1,No,9.66,,79,Adventure seeker,Customer 412,user_412,Yes,9,Default
CUST0413,Female,51,3,No,13.11,2,472,Passionate about photography,Customer 413,customer413,Yes,1,4
CUST0414,Male,47,4,Yes,15.39,1,613,Enjoying the small moments,Customer 414,user_414,Yes,7,10
CUST0415,Male,32,7,Yes,13.43,1,180,Traveler and dreamer,Customer 415,user_415,No,1,Default
CUST0416,Male,45,4,Yes,11.89,2,907,Enjoying,Customer 416,customer416,No,1,Default
CUST0417,Male,31,7,No,16.26,2,575,Always learning,Customer 417,user_417,No,6,Default
CUST0418,Female,53,2,Yes,4.71,2,548,Passionate about photography,Customer 418,user_418,Yes,4,Default
CUST0419,Female,23,6,No,13.27,4,172,"Avid reader, tech enthusiast, and fitness lover",Customer 419,user_419,Yes,3,4
CUST0420,Female,37,5,Yes,6.04,4,885,"Foodie, traveler, and passionate about personal growth",Customer 420,user_420,Yes,1,2
CUST0421,Male,25,9,Yes,4.4,,847,Traveler,Customer 421,user_421,Yes,8,9
CUST0422,Female,41,1,No,8.85,1,497,Traveler,Customer 422,user_422,No,0,Default
CUST0423,Female,36,1,No,16.82,3,499,Shopaholic,Customer 423,user_423,Yes,8,7
CUST0424,Male,32,5,Yes,5.02,1,82,Foodie,Customer 424,user_424,No,7,Default
CUST0425,Female,31,9,Yes,6,2,552,Enjoying,Customer 425,user_425,No,6,Default
CUST0426,Female,62,7,Yes,4.77,4,646,"Avid reader, tech enthusiast, and fitness lover",Customer 426,user_426,Yes,0,8
CUST0427,Male,49,0,No,5.37,2,352,Love,Customer 427,user_427,No,0,3
CUST0428,Female,32,1,No,4.8,1,986,Passionate about photography,Customer 428,user_428,Yes,8,Default
CUST0429,Female,27,0,Yes,15.55,2,399,Food lover,Customer 429,user_429,Yes,9,1
CUST0430,Female,29,0,Yes,14.73,3,68,Love,Customer 430,customer430,Yes,8,12
CUST0431,Male,29,10,Yes,15.31,4,247,"Foodie, traveler, and passionate about personal growth",Customer 431,user_431,Yes,5,11
CUST0432,Male,30,2,No,16.48,1,0,Enjoying,Customer 432,user_432,No,7,8
CUST0433,Female,44,3,Yes,2.37,,302,Passionate about photography,Customer 433,customer433,Yes,0,4
CUST0434,Male,32,1,No,15.81,1,364,Love,Customer 434,user_434,No,6,Default
CUST0435,Male,63,7,No,4.67,2,14,Enjoying,Customer 435,user_435,No,8,Default
CUST0436,Female,21,9,Yes,10.82,4,859,Adventure seeker and nature enthusiast,Customer 436,user_436,Yes,1,7
CUST0437,Male,42,2,Yes,15.66,2,450,Traveler,Customer 437,user_437,No,5,Default
CUST0438,Female,36,7,Yes,8.03,5,958,Fitness fanatic with a love for outdoor adventures,Customer 438,user_438,Yes,6,11
CUST0439,Female,49,10,No,5.87,2,418,Traveler and dreamer,Customer 439,customer439,Yes,6,4
CUST0440,Female,63,9,Yes,12.87,2,786,Bookworm,Customer 440,user_440,No,5,11
CUST0441,Female,52,9,Yes,4.03,1,407,Shopaholic,Customer 441,customer441,No,9,8
CUST0442,Male,18,5,Yes,3.3,3,275,Enjoying,Customer 442,customer442,Yes,0,3
CUST0443,Male,62,6,Yes,14.55,2,263,Love exploring new places,Customer 443,user_443,No,4,Default
CUST0444,Male,51,4,Yes,11.74,1,929,Foodie,Customer 444,user_444,No,8,Default
CUST0445,Female,21,6,No,13.1,5,277,Creative thinker who enjoys innovation and challenges,Customer 445,user_445,Yes,4,11
CUST0446,Female,24,8,Yes,17.48,3,832,Fitness,Customer 446,user_446,Yes,9,2
CUST0447,Female,36,6,Yes,17.4,3,720,Enjoying,Customer 447,user_447,Yes,5,11
CUST0448,Male,25,4,No,16.94,1,938,Love,Customer 448,user_448,No,7,8
CUST0449,Female,41,6,No,14.84,3,182,Love,Customer 449,user_449,Yes,7,11
CUST0450,Female,39,4,No,7.25,3,613,Fitness,Customer 450,user_450,Yes,8,10
CUST0451,Male,27,7,Yes,8.35,3,629,Enjoying,Customer 451,user_451,Yes,2,8
CUST0452,Female,28,4,No,1.47,4,740,"Foodie, traveler, and passionate about personal growth",Customer 452,user_452,Yes,5,12
CUST0453,Male,60,3,No,3.07,4,51,Fitness fanatic with a love for outdoor adventures,Customer 453,customer453,Yes,2,4
CUST0454,Male,52,5,Yes,4.58,4,923,Fitness fanatic with a love for outdoor adventures,Customer 454,user_454,Yes,7,4
CUST0455,Female,42,5,Yes,8.86,1,374,Foodie,Customer 455,user_455,No,8,Default
CUST0456,Female,52,3,Yes,14.41,2,806,Shopaholic,Customer 456,user_456,No,10,6
CUST0457,Male,41,10,No,8.07,2,130,Enjoying,Customer 457,user_457,No,1,Default
CUST0458,Male,44,4,Yes,8.15,1,832,Fitness,Customer 458,user_458,No,9,Default
CUST0459,Female,45,1,Yes,6.53,1,685,Foodie,Customer 459,user_459,No,10,Default
CUST0460,Male,31,2,Yes,8.11,5,300,"Avid reader, tech enthusiast, and fitness lover",Customer 460,user_460,Yes,8,8
CUST0461,Male,39,7,Yes,8.57,1,951,Shopaholic,Customer 461,customer461,No,1,11
CUST0462,Female,45,9,No,9.9,4,731,Passionate about sustainable living and healthy eating,Customer 462,user_462,Yes,2,8
CUST0463,Male,60,8,Yes,9.47,2,882,Food lover,Customer 463,user_463,No,9,1
CUST0464,Female,31,7,No,14.86,,5,Music lover,Customer 464,user_464,No,2,Default
CUST0465,Male,56,1,No,4.49,1,728,Shopaholic,Customer 465,user_465,No,10,Default
CUST0466,Male,45,0,No,2.19,1,251,Adventure seeker,Customer 466,customer466,No,9,Default
CUST0467,Male,42,1,Yes,1.79,1,231,Enjoying,Customer 467,user_467,No,8,Default
CUST0468,Male,32,1,Yes,16.14,5,108,Adventure seeker and nature enthusiast,Customer 468,user_468,Yes,6,12
CUST0469,Female,19,6,No,9.14,2,919,Adventure seeker,Customer 469,customer469,Yes,8,Default
CUST0470,Female,44,9,Yes,2.14,2,237,Shopaholic,Customer 470,user_470,No,6,Default
CUST0471,Male,50,2,No,13.45,4,457,"Foodie, traveler, and passionate about personal growth",Customer 471,user_471,Yes,6,2
CUST0472,Female,55,10,No,16.22,1,337,Shopaholic,Customer 472,user_472,No,0,Default
CUST0473,Female,20,4,Yes,18.56,2,319,Shopaholic,Customer 473,user_473,No,1,Default
CUST0474,Male,59,6,No,8.89,2,963,Tech geek,Customer 474,user_474,No,0,Default
CUST0475,Female,52,3,No,8.32,3,213,Foodie,Customer 475,customer475,Yes,3,5
CUST0476,Male,64,9,Yes,15.1,3,123,Enjoying,Customer 476,customer476,Yes,1,7
CUST0477,Male,52,2,Yes,3.49,1,293,Enjoying,Customer 477,user_477,No,9,12
CUST0478,Female,38,1,No,2.11,3,273,Traveler,Customer 478,user_478,Yes,10,1
CUST0479,Male,64,1,No,11.04,3,103,Enjoying,Customer 479,user_479,Yes,2,9
CUST0480,Male,59,1,Yes,5.43,2,899,Shopaholic,Customer 480,user_480,No,6,Default
CUST0481,Male,26,1,Yes,13.46,5,135,"Avid reader, tech enthusiast, and fitness lover",Customer 481,user_481,Yes,7,4
CUST0482,Female,58,5,No,6.45,2,591,Foodie,Customer 482,user_482,Yes,3,6
CUST0483,Female,52,5,Yes,10.08,4,630,Loves exploring new cuisines and traveling the world,Customer 483,user_483,Yes,3,4
CUST0484,Male,28,6,No,111422.1669,,423,Enjoying,Customer 484,user_484,Yes,0,1
CUST0485,Male,32,4,Yes,18.13,3,579,Enjoying,Customer 485,customer485,Yes,1,2
CUST0486,Male,21,1,Yes,6.12,4,142,Tech geek who loves exploring cutting-edge solutions,Customer 486,user_486,Yes,6,12
CUST0487,Female,35,3,Yes,18.77,1,378,Love,Customer 487,user_487,No,7,Default
CUST0488,Male,23,8,Yes,12.12,1,160,Music lover,Customer 488,user_488,No,0,8
CUST0489,Female,24,5,No,1.65,5,850,Adventure seeker and nature enthusiast,Customer 489,user_489,Yes,10,11
CUST0490,Female,42,2,Yes,18.91,1,6,Enjoying the small moments,Customer 490,user_490,Yes,7,Default
CUST0491,Female,17,3,No,14.86,2,8,Fitness,Customer 491,customer491,No,9,Default
CUST0492,Male,31,0,No,4.28,5,503,"Avid reader, tech enthusiast, and fitness lover",Customer 492,user_492,Yes,0,1
CUST0493,Male,51,1,No,7.01,1,423,Fitness,Customer 493,user_493,No,0,4
CUST0494,Male,48,1,Yes,2.94,1,391,Passionate about photography,Customer 494,user_494,No,1,Default
CUST0495,Male,18,5,Yes,16.77,2,835,Enjoying,Customer 495,user_495,No,8,Default
CUST0496,Male,57,7,Yes,1.75,2,995,,Customer 496,customer496,No,6,Default
CUST0497,Male,29,10,Yes,5.42,5,140,"Loves photography, music, and exploring new cultures",Customer 497,user_497,Yes,2,3
CUST0498,Male,48,1,No,19.55,1,314,Enjoying the small moments,Customer 498,user_498,Yes,6,Default
CUST0499,Male,24,5,No,12.75,4,816,Always learning and sharing my experiences,Customer 499,user_499,Yes,7,7
CUST0500,Female,55,2,No,2.88,1,846,Fitness,Customer 500,customer500,No,3,Default
CUST0501,Female,50,4,Yes,19.13,1,760,Fitness,Customer 501,user_501,No,3,Default
CUST0502,Male,47,5,Yes,16.97,1,777,Bookworm,Customer 502,user_502,Yes,6,4
CUST0503,Female,53,7,No,14.46,1,349,Always learning,Customer 503,user_503,No,6,1
CUST0504,Male,26,5,Yes,5.64,2,243,Traveler,Customer 504,user_504,No,7,8
CUST0505,Male,62,3,No,13.48,2,597,Fitness enthusiast,Customer 505,user_505,Yes,7,Default
CUST0506,Male,41,1,Yes,19.44,2,553,Traveler,Customer 506,user_506,No,1,Default
CUST0507,Male,27,2,No,5.92,3,332,Foodie,Customer 507,user_507,Yes,9,5
CUST0508,Male,36,4,No,15.07,4,459,Creative thinker who enjoys innovation and challenges,Customer 508,user_508,Yes,0,9
CUST0509,Male,46,5,No,1.66,4,36,Fitness fanatic with a love for outdoor adventures,Customer 509,user_509,Yes,5,10
CUST0510,Male,48,7,No,6.44,5,214,Passionate about sustainable living and healthy eating,Customer 510,user_510,Yes,6,9
CUST0511,Female,47,5,Yes,12.38,3,806,Love,Customer 511,user_511,Yes,6,3
CUST0512,Female,20,5,No,17.68,1,571,,Customer 512,user_512,No,3,2
CUST0513,Male,22,4,Yes,19.1,2,746,Tech geek,Customer 513,user_513,No,8,Default
CUST0514,Male,37,9,No,4.48,2,664,Love,Customer 514,customer514,No,8,9
CUST0515,Female,60,1,No,6.47,2,598,Fitness,Customer 515,user_515,No,9,Default
CUST0516,Male,31,7,No,4.73,1,938,Fitness,Customer 516,user_516,No,10,Default
CUST0517,Male,64,4,Yes,19.33,1,283,Enjoying,Customer 517,user_517,No,6,Default
CUST0518,Female,40,8,Yes,12.86,1,468,Fitness enthusiast,Customer 518,user_518,Yes,5,Default
CUST0519,Female,56,6,No,4.57,1,983,Foodie,Customer 519,user_519,No,6,Default
CUST0520,Male,43,8,No,5.53,2,998,Love exploring new places,Customer 520,user_520,No,1,Default
CUST0521,Male,18,2,Yes,5.81,2,153,Fitness,Customer 521,user_521,No,6,7
CUST0522,Male,42,6,Yes,18.4,1,693,Shopaholic,Customer 522,user_522,Yes,8,11
CUST0523,Female,63,2,Yes,9.9,1,744,Food lover,Customer 523,customer523,No,10,Default
CUST0524,Female,28,9,Yes,7.71,4,861,"Foodie, traveler, and passionate about personal growth",Customer 524,user_524,Yes,5,9
CUST0525,Male,46,9,No,17.25,1,281,Foodie,Customer 525,user_525,No,8,Default
CUST0526,Female,56,7,No,9.21,2,263,Foodie,Customer 526,user_526,No,6,Default
CUST0527,Male,63,2,Yes,19.28,5,645,Always learning and sharing my experiences,Customer 527,user_527,Yes,4,10
CUST0528,Male,25,8,No,10.58,2,776,Shopaholic,Customer 528,user_528,Yes,5,12
CUST0529,Female,58,4,Yes,5.59,1,750,Foodie,Customer 529,user_529,No,10,Default
CUST0530,Male,44,7,No,1.82,4,126,Adventure seeker and nature enthusiast,Customer 530,user_530,Yes,6,6
CUST0531,Female,35,2,No,9.98,2,70,Love,Customer 531,user_531,No,4,Default
CUST0532,Female,41,7,Yes,1.84,4,109,Passionate about sustainable living and healthy eating,Customer 532,user_532,Yes,4,8
CUST0533,Male,59,0,Yes,9.29,2,685,Enjoying,Customer 533,user_533,No,7,12
CUST0534,Male,53,5,Yes,4.26,2,164,Love exploring new places,Customer 534,user_534,Yes,3,Default
CUST0535,Female,41,5,Yes,3.44,2,462,Enjoying,Customer 535,user_535,No,8,11
CUST0536,Male,38,9,Yes,19.99,1,836,Traveler and dreamer,Customer 536,user_536,No,2,3
CUST0537,Male,29,4,Yes,3.48,2,295,Love,Customer 537,user_537,No,6,Default
CUST0538,Male,42,7,No,8.97,4,865,"Avid reader, tech enthusiast, and fitness lover",Customer 538,user_538,Yes,0,5
CUST0539,Male,43,3,No,10.71,1,780,Enjoying,Customer 539,customer539,No,4,Default
CUST0540,Female,55,5,Yes,19.56,2,672,Fitness enthusiast,Customer 540,user_540,Yes,0,4
CUST0541,Male,51,8,Yes,4.32,2,520,Traveler,Customer 541,user_541,No,4,6
CUST0542,Male,59,10,No,12.33,1,875,Shopaholic,Customer 542,user_542,No,3,1
CUST0543,Female,32,8,Yes,2.74,3,999,Love,Customer 543,user_543,Yes,1,7
CUST0544,Female,37,10,No,5.83,1,181,Traveler,Customer 544,customer544,No,6,5
CUST0545,Female,29,3,No,10.93,1,134,Enjoying,Customer 545,user_545,No,9,5
CUST0546,Male,32,3,No,13.55,2,122,Fitness,Customer 546,user_546,No,2,Default
CUST0547,Female,54,8,Yes,2.15,2,835,Bookworm,Customer 547,user_547,No,0,5
CUST0548,Female,44,0,Yes,17.46,1,651,Shopaholic,Customer 548,user_548,No,3,Default
CUST0549,Female,20,9,No,3.37,4,684,Adventure seeker and nature enthusiast,Customer 549,user_549,Yes,9,6
CUST0550,Male,55,2,No,18.33,,865,Music lover,Customer 550,user_550,No,7,Default
CUST0551,Male,45,9,No,17.8,5,955,Fitness fanatic with a love for outdoor adventures,Customer 551,customer551,Yes,4,4
CUST0552,Male,61,10,Yes,14.15,3,175,Shopaholic,Customer 552,user_552,Yes,5,10
CUST0553,Female,18,1,Yes,17.09,1,471,Fitness enthusiast,Customer 553,user_553,Yes,9,Default
CUST0554,Male,64,2,Yes,14.36,2,558,Fitness enthusiast,Customer 554,user_554,No,4,Default
CUST0555,Female,55,9,Yes,5.15,1,523,Foodie,Customer 555,user_555,No,3,Default
CUST0556,Male,23,10,No,5.36,3,396,Traveler,Customer 556,user_556,Yes,0,12
CUST0557,Male,29,5,No,13.47,5,600,Fitness fanatic with a love for outdoor adventures,Customer 557,user_557,Yes,6,7
CUST0558,Male,26,9,Yes,13.36,3,195,Shopaholic,Customer 558,user_558,Yes,4,12
CUST0559,Male,59,10,No,1.94,1,308,Traveler,Customer 559,user_559,No,4,1
CUST0560,Female,22,10,No,16.87,1,396,Foodie,Customer 560,user_560,No,10,Default
CUST0561,Male,57,1,No,12.62,4,697,Always learning and sharing my experiences,Customer 561,user_561,Yes,0,4
CUST0562,Male,62,1,Yes,5.2,1,75,Love,Customer 562,user_562,No,2,Default
CUST0563,Female,52,0,No,13.98,1,238,Food lover,Customer 563,user_563,No,0,Default
CUST0564,Female,37,4,Yes,9.58,2,45,Love exploring new places,Customer 564,user_564,No,4,Default
CUST0565,Female,49,5,No,18.5,3,56,Traveler,Customer 565,customer565,Yes,3,9
CUST0566,Male,23,5,No,11.56,3,720,Traveler,Customer 566,user_566,Yes,5,1
CUST0567,Male,32,9,Yes,4.4,1,243,Traveler,Customer 567,user_567,No,8,7
CUST0568,Male,36,6,Yes,7.76,1,303,Love,Customer 568,user_568,No,8,Default
CUST0569,Female,42,7,Yes,14.62,2,194,,Customer 569,user_569,Yes,4,Default
CUST0570,Male,48,5,No,16.57,5,601,Always learning and sharing my experiences,Customer 570,customer570,Yes,5,4
CUST0571,Male,64,6,Yes,19.87,1,549,Love,Customer 571,user_571,No,7,Default
CUST0572,Female,46,6,No,7.38,5,924,Fitness fanatic with a love for outdoor adventures,Customer 572,user_572,Yes,2,3
CUST0573,Male,57,2,Yes,7.51,5,802,"Avid reader, tech enthusiast, and fitness lover",Customer 573,customer573,Yes,5,6
CUST0574,Female,58,8,No,1.31,2,164,Foodie,Customer 574,user_574,No,7,2
CUST0575,Male,29,5,Yes,2.64,1,403,Always learning,Customer 575,user_575,Yes,8,Default
CUST0576,Female,57,7,Yes,14.69,1,977,Always learning,Customer 576,user_576,Yes,0,2
CUST0577,Male,48,8,No,17.21,1,14,,Customer 577,user_577,Yes,0,Default
CUST0578,Female,40,3,Yes,8.73,2,200,Enjoying,Customer 578,user_578,No,10,Default
CUST0579,Male,38,5,Yes,1.79,1,467,Love exploring new places,Customer 579,user_579,Yes,3,Default
CUST0580,Male,23,5,Yes,19.43,,693,Fitness enthusiast,Customer 580,user_580,No,6,Default
CUST0581,Female,43,6,Yes,14.37,1,566,Shopaholic,Customer 581,customer581,No,0,Default
CUST0582,Male,61,6,No,3.86,3,412,Fitness,Customer 582,user_582,Yes,10,12
CUST0583,Female,54,2,No,3.1,1,290,Love exploring new places,Customer 583,user_583,No,2,9
CUST0584,Male,23,2,No,9.07,1,553,Bookworm,Customer 584,user_584,Yes,1,3
CUST0585,Male,24,5,No,7.03,1,999,Fitness enthusiast,Customer 585,user_585,No,1,Default
CUST0586,Male,62,10,Yes,6.29,1,841,Music lover,Customer 586,customer586,No,6,12
CUST0587,Female,30,6,Yes,12.1,5,748,"Foodie, traveler, and passionate about personal growth",Customer 587,user_587,Yes,6,12
CUST0588,Male,27,10,Yes,2.77,3,985,Love,Customer 588,user_588,Yes,5,4
CUST0589,Female,36,4,Yes,11.26,5,670,Adventure seeker and nature enthusiast,Customer 589,user_589,Yes,7,9
CUST0590,Male,17,10,No,18.13,2,82,Love,Customer 590,customer590,No,2,Default
CUST0591,Female,35,8,No,19.71,4,553,Tech geek who loves exploring cutting-edge solutions,Customer 591,user_591,Yes,9,12
CUST0592,Female,50,0,No,4.59,1,359,Shopaholic and proud,Customer 592,customer592,Yes,5,Default
CUST0593,Male,56,3,No,6.35,3,765,Fitness,Customer 593,user_593,Yes,7,5
CUST0594,Male,31,3,Yes,19.49,5,430,Adventure seeker and nature enthusiast,Customer 594,customer594,Yes,2,4
CUST0595,Male,36,10,Yes,15.93,4,54,"Foodie, traveler, and passionate about personal growth",Customer 595,customer595,Yes,5,7
CUST0596,Female,36,10,Yes,16.03,,415,Traveler,Customer 596,user_596,Yes,3,4
CUST0597,Female,28,3,Yes,19.42,1,88,Shopaholic,Customer 597,user_597,No,10,Default
CUST0598,Female,22,0,No,11.24,1,957,,Customer 598,user_598,Yes,6,Default
CUST0599,Female,49,5,No,11.01,5,455,Passionate about sustainable living and healthy eating,Customer 599,user_599,Yes,5,9
CUST0600,Female,24,4,No,4.87,2,127,Traveler and dreamer,Customer 600,user_600,Yes,9,Default