[
    {
        "test_score_gib": 0.9407031250000001,
        "train_score": 0.9967348222251473,
        "test_score": 0.9407031250000001,
        "num_samples": 480,
        "fit_time": 1457,
        "score_time": 404,
        "time": 1861,
        "parameters": {
            "max_depth": 6,
            "max_features": "sqrt",
            "min_samples_leaf": 1,
            "n_estimators": 100,
            "min_samples_split": 3
        },
        "done_at": 1745136604301,
        "split_id": 0
    },
    {
        "test_score_gib": 0.9274218750000001,
        "train_score": 0.9963752748404586,
        "test_score": 0.9274218750000001,
        "num_samples": 480,
        "fit_time": 1382,
        "score_time": 389,
        "time": 1771,
        "parameters": {
            "max_depth": 6,
            "max_features": "sqrt",
            "min_samples_leaf": 1,
            "n_estimators": 100,
            "min_samples_split": 3
        },
        "done_at": 1745136604210,
        "split_id": 1
    },
    {
        "test_score_gib": 0.9366796875000001,
        "train_score": 0.9974210092677909,
        "test_score": 0.9366796875000001,
        "num_samples": 480,
        "fit_time": 1460,
        "score_time": 502,
        "time": 1962,
        "parameters": {
            "max_depth": 6,
            "max_features": "sqrt",
            "min_samples_leaf": 1,
            "n_estimators": 100,
            "min_samples_split": 3
        },
        "done_at": 1745136604408,
        "split_id": 2
    },
    {
        "test_score_gib": 0.9376156077805253,
        "train_score": 0.9964712583812187,
        "test_score": 0.9376156077805253,
        "num_samples": 480,
        "fit_time": 1458,
        "score_time": 389,
        "time": 1847,
        "parameters": {
            "max_depth": 6,
            "max_features": "sqrt",
            "min_samples_leaf": 1,
            "n_estimators": 100,
            "min_samples_split": 3
        },
        "done_at": 1745136604295,
        "split_id": 3
    },
    {
        "test_score_gib": 0.9433400183025371,
        "train_score": 0.9960492242989173,
        "test_score": 0.9433400183025371,
        "num_samples": 480,
        "fit_time": 1483,
        "score_time": 587,
        "time": 2070,
        "parameters": {
            "max_depth": 6,
            "max_features": "sqrt",
            "min_samples_leaf": 1,
            "n_estimators": 100,
            "min_samples_split": 3
        },
        "done_at": 1745136606287,
        "split_id": 4
    },
    {
        "test_score_gib": 0.9435546875,
        "train_score": 1.0,
        "test_score": 0.9435546875,
        "num_samples": 480,
        "fit_time": 1695,
        "score_time": 509,
        "time": 2204,
        "parameters": {
            "max_depth": 13,
            "max_features": "sqrt",
            "min_samples_leaf": 1,
            "n_estimators": 100,
            "min_samples_split": 3
        },
        "done_at": 1745136606508,
        "split_id": 0
    },
    {
        "test_score_gib": 0.9423046875,
        "train_score": 1.0,
        "test_score": 0.9423046875,
        "num_samples": 480,
        "fit_time": 1722,
        "score_time": 610,
        "time": 2332,
        "parameters": {
            "max_depth": 13,
            "max_features": "sqrt",
            "min_samples_leaf": 1,
            "n_estimators": 100,
            "min_samples_split": 3
        },
        "done_at": 1745136606641,
        "split_id": 1
    },
    {
        "test_score_gib": 0.93216796875,
        "train_score": 1.0,
        "test_score": 0.93216796875,
        "num_samples": 480,
        "fit_time": 1718,
        "score_time": 591,
        "time": 2309,
        "parameters": {
            "max_depth": 13,
            "max_features": "sqrt",
            "min_samples_leaf": 1,
            "n_estimators": 100,
            "min_samples_split": 3
        },
        "done_at": 1745136606722,
        "split_id": 2
    },
    {
        "test_score_gib": 0.9377324324850562,
        "train_score": 1.0,
        "test_score": 0.9377324324850562,
        "num_samples": 480,
        "fit_time": 1003,
        "score_time": 234,
        "time": 1237,
        "parameters": {
            "max_depth": 13,
            "max_features": "sqrt",
            "min_samples_leaf": 1,
            "n_estimators": 100,
            "min_samples_split": 3
        },
        "done_at": 1745136607531,
        "split_id": 3
    },
    {
        "test_score_gib": 0.9406141085301506,
        "train_score": 1.0,
        "test_score": 0.9406141085301506,
        "num_samples": 480,
        "fit_time": 903,
        "score_time": 182,
        "time": 1085,
        "parameters": {
            "max_depth": 13,
            "max_features": "sqrt",
            "min_samples_leaf": 1,
            "n_estimators": 100,
            "min_samples_split": 3
        },
        "done_at": 1745136607599,
        "split_id": 4
    }
]