{
    "startedAt": 1745136602412,
    "gridSize": 2,
    "nThreads": 4,
    "nSplits": 5,
    "metric": "ROC_AUC",
    "timeout": null,
    "gridPoints": [
        {
            "finishedAt": 1745136606287,
            "score": 0.9371520627166126,
            "testScoreGibMean": 0.9371520627166126,
            "testScoreMean": 0.9371520627166126,
            "testScoreStd": 0.005403987473078312,
            "trainScoreMean": 0.9966103178027066,
            "trainScoreStd": 0.000460897090372499,
            "time": 9511,
            "fitTimeMean": 1448.0,
            "fitTimeStd": 34.3685903115039,
            "scoreTimeMean": 454.2,
            "scoreTimeStd": 78.66740112651492,
            "parameters": {
                "max_depth": 6,
                "max_features": "sqrt",
                "min_samples_leaf": 1,
                "n_estimators": 100,
                "min_samples_split": 3
            }
        },
        {
            "finishedAt": 1745136607599,
            "score": 0.9392747769530413,
            "testScoreGibMean": 0.9392747769530413,
            "testScoreMean": 0.9392747769530413,
            "testScoreStd": 0.004054068341276991,
            "trainScoreMean": 1.0,
            "trainScoreStd": 0.0,
            "time": 9167,
            "fitTimeMean": 1408.2,
            "fitTimeStd": 373.12593048460195,
            "scoreTimeMean": 425.2,
            "scoreTimeStd": 181.3101210633317,
            "parameters": {
                "max_depth": 13,
                "max_features": "sqrt",
                "min_samples_leaf": 1,
                "n_estimators": 100,
                "min_samples_split": 3
            }
        }
    ]
}