{
    "modelInputNRows": 2400,
    "modelInputNCols": 28,
    "modelInputIsSparse": false,
    "modelInputMemory": 537600,
    "usedGridSearch": true,
    "gridSize": 2,
    "gridBestScore": 0.9392747769530413,
    "gridCells": [
        {
            "params": {
                "max_depth": 6,
                "max_features": "sqrt",
                "min_samples_leaf": 1,
                "n_estimators": 100,
                "min_samples_split": 3
            },
            "score": 0.9371520627166126,
            "scoreStd": 0.005403987473078312,
            "fitTime": 1.448,
            "fitTimeStd": 0.034368590311503903,
            "scoreTime": 0.4542,
            "scoreTimeStd": 0.07866740112651492
        },
        {
            "params": {
                "max_depth": 13,
                "max_features": "sqrt",
                "min_samples_leaf": 1,
                "n_estimators": 100,
                "min_samples_split": 3
            },
            "score": 0.9392747769530413,
            "scoreStd": 0.004054068341276991,
            "fitTime": 1.4082000000000001,
            "fitTimeStd": 0.37312593048460196,
            "scoreTime": 0.42519999999999997,
            "scoreTimeStd": 0.18131012106333172
        }
    ],
    "rawImportance": {
        "variables": [
            "Following",
            "Tweets_Per_Day",
            "Num_Tweets",
            "datetime_cyclical:Profile_Creation_Date:week:sin",
            "datetime_cyclical:Profile_Creation_Date:week:cos",
            "datetime_cyclical:Profile_Creation_Date:month:sin",
            "datetime_cyclical:Profile_Creation_Date:month:cos",
            "datetime_cyclical:Profile_Creation_Date:quarter:sin",
            "datetime_cyclical:Profile_Creation_Date:quarter:cos",
            "datetime_cyclical:Profile_Creation_Date:year:sin",
            "datetime_cyclical:Profile_Creation_Date:year:cos",
            "dummy:Tweet_Sentiment:Neutral",
            "dummy:Tweet_Sentiment:Positive",
            "dummy:Tweet_Sentiment:Negative",
            "dummy:Profile_Picture:Yes",
            "dummy:Profile_Picture:No",
            "dummy:Fraud_Status:Genuine",
            "dummy:Fraud_Status:Fraudulent",
            "dummy:Verified:Not Verified",
            "dummy:Verified:Verified"
        ],
        "importances": [
            0.07672095085320949,
            0.2228368934773113,
            0.19271280470839866,
            0.00863805233256211,
            0.00591526556981333,
            0.013602719810903876,
            0.011143897223154661,
            0.013353921065858905,
            0.015284170445903196,
            0.018796437978393796,
            0.019015168663598918,
            0.002792037245760134,
            0.0024353302129508634,
            0.0032205045297525044,
            0.0028152452512428634,
            0.0028942074870139034,
            0.21078637099590183,
            0.17424546367951396,
            0.0015690537912985034,
            0.0012215046774570837
        ]
    },
    "probaAware": true
}