{
    "metrics": {},
    "processed_feature_names": [
        "Following",
        "Tweets_Per_Day",
        "Num_Tweets",
        "datetime_cyclical:Profile_Creation_Date:week:sin",
        "datetime_cyclical:Profile_Creation_Date:week:cos",
        "datetime_cyclical:Profile_Creation_Date:month:sin",
        "datetime_cyclical:Profile_Creation_Date:month:cos",
        "datetime_cyclical:Profile_Creation_Date:quarter:sin",
        "datetime_cyclical:Profile_Creation_Date:quarter:cos",
        "datetime_cyclical:Profile_Creation_Date:year:sin",
        "datetime_cyclical:Profile_Creation_Date:year:cos",
        "dummy:Tweet_Sentiment:Neutral",
        "dummy:Tweet_Sentiment:Positive",
        "dummy:Tweet_Sentiment:Negative",
        "dummy:Tweet_Sentiment:N/A",
        "dummy:Tweet_Sentiment:__Others__",
        "dummy:Profile_Picture:Yes",
        "dummy:Profile_Picture:No",
        "dummy:Profile_Picture:N/A",
        "dummy:Profile_Picture:__Others__",
        "dummy:Fraud_Status:Genuine",
        "dummy:Fraud_Status:Fraudulent",
        "dummy:Fraud_Status:N/A",
        "dummy:Fraud_Status:__Others__",
        "dummy:Verified:Not Verified",
        "dummy:Verified:Verified",
        "dummy:Verified:N/A",
        "dummy:Verified:__Others__"
    ],
    "optimalThreshold": 0.05,
    "usedThreshold": 0.05,
    "perCutData": {
        "cut": [
            0.0,
            0.025,
            0.05,
            0.075,
            0.1,
            0.125,
            0.15,
            0.175,
            0.2,
            0.225,
            0.25,
            0.275,
            0.3,
            0.325,
            0.35,
            0.375,
            0.4,
            0.425,
            0.45,
            0.475,
            0.5,
            0.525,
            0.55,
            0.575,
            0.6,
            0.625,
            0.65,
            0.675,
            0.7,
            0.725,
            0.75,
            0.775,
            0.8,
            0.825,
            0.85,
            0.875,
            0.9,
            0.925,
            0.95,
            0.975
        ],
        "tp": [
            395,
            395,
            395,
            395,
            395,
            395,
            395,
            395,
            395,
            395,
            395,
            395,
            395,
            395,
            395,
            395,
            395,
            395,
            395,
            395,
            395,
            395,
            395,
            395,
            395,
            395,
            394,
            393,
            393,
            392,
            389,
            387,
            384,
            375,
            358,
            332,
            292,
            232,
            137,
            42
        ],
        "tn": [
            161,
            184,
            185,
            185,
            185,
            185,
            185,
            185,
            185,
            185,
            185,
            185,
            185,
            185,
            185,
            185,
            185,
            185,
            185,
            185,
            185,
            185,
            185,
            185,
            185,
            185,
            185,
            185,
            185,
            185,
            185,
            185,
            186,
            186,
            188,
            188,
            192,
            192,
            199,
            204
        ],
        "fp": [
            44,
            21,
            20,
            20,
            20,
            20,
            20,
            20,
            20,
            20,
            20,
            20,
            20,
            20,
            20,
            20,
            20,
            20,
            20,
            20,
            20,
            20,
            20,
            20,
            20,
            20,
            20,
            20,
            20,
            20,
            20,
            20,
            19,
            19,
            17,
            17,
            13,
            13,
            6,
            1
        ],
        "fn": [
            0,
            0,
            0,
            0,
            0,
            0,
            0,
            0,
            0,
            0,
            0,
            0,
            0,
            0,
            0,
            0,
            0,
            0,
            0,
            0,
            0,
            0,
            0,
            0,
            0,
            0,
            1,
            2,
            2,
            3,
            6,
            8,
            11,
            20,
            37,
            63,
            103,
            163,
            258,
            353
        ],
        "precision": [
            0.8997722095671982,
            0.9495192307692307,
            0.9518072289156626,
            0.9518072289156626,
            0.9518072289156626,
            0.9518072289156626,
            0.9518072289156626,
            0.9518072289156626,
            0.9518072289156626,
            0.9518072289156626,
            0.9518072289156626,
            0.9518072289156626,
            0.9518072289156626,
            0.9518072289156626,
            0.9518072289156626,
            0.9518072289156626,
            0.9518072289156626,
            0.9518072289156626,
            0.9518072289156626,
            0.9518072289156626,
            0.9518072289156626,
            0.9518072289156626,
            0.9518072289156626,
            0.9518072289156626,
            0.9518072289156626,
            0.9518072289156626,
            0.9516908212560387,
            0.9515738498789347,
            0.9515738498789347,
            0.9514563106796117,
            0.9511002444987775,
            0.9508599508599509,
            0.9528535980148883,
            0.9517766497461929,
            0.9546666666666667,
            0.9512893982808023,
            0.9573770491803278,
            0.9469387755102041,
            0.958041958041958,
            0.9767441860465116
        ],
        "recall": [
            1.0,
            1.0,
            1.0,
            1.0,
            1.0,
            1.0,
            1.0,
            1.0,
            1.0,
            1.0,
            1.0,
            1.0,
            1.0,
            1.0,
            1.0,
            1.0,
            1.0,
            1.0,
            1.0,
            1.0,
            1.0,
            1.0,
            1.0,
            1.0,
            1.0,
            1.0,
            0.9974683544303797,
            0.9949367088607595,
            0.9949367088607595,
            0.9924050632911392,
            0.9848101265822785,
            0.979746835443038,
            0.9721518987341772,
            0.9493670886075949,
            0.9063291139240506,
            0.8405063291139241,
            0.739240506329114,
            0.5873417721518988,
            0.3468354430379747,
            0.10632911392405063
        ],
        "accuracy": [
            0.9266666666666666,
            0.965,
            0.9666666666666667,
            0.9666666666666667,
            0.9666666666666667,
            0.9666666666666667,
            0.9666666666666667,
            0.9666666666666667,
            0.9666666666666667,
            0.9666666666666667,
            0.9666666666666667,
            0.9666666666666667,
            0.9666666666666667,
            0.9666666666666667,
            0.9666666666666667,
            0.9666666666666667,
            0.9666666666666667,
            0.9666666666666667,
            0.9666666666666667,
            0.9666666666666667,
            0.9666666666666667,
            0.9666666666666667,
            0.9666666666666667,
            0.9666666666666667,
            0.9666666666666667,
            0.9666666666666667,
            0.965,
            0.9633333333333334,
            0.9633333333333334,
            0.9616666666666667,
            0.9566666666666667,
            0.9533333333333334,
            0.95,
            0.935,
            0.91,
            0.8666666666666667,
            0.8066666666666666,
            0.7066666666666667,
            0.56,
            0.41
        ],
        "f1": [
            0.9472422062350119,
            0.9741060419235511,
            0.9753086419753086,
            0.9753086419753086,
            0.9753086419753086,
            0.9753086419753086,
            0.9753086419753086,
            0.9753086419753086,
            0.9753086419753086,
            0.9753086419753086,
            0.9753086419753086,
            0.9753086419753086,
            0.9753086419753086,
            0.9753086419753086,
            0.9753086419753086,
            0.9753086419753086,
            0.9753086419753086,
            0.9753086419753086,
            0.9753086419753086,
            0.9753086419753086,
            0.9753086419753086,
            0.9753086419753086,
            0.9753086419753086,
            0.9753086419753086,
            0.9753086419753086,
            0.9753086419753086,
            0.9740420271940667,
            0.9727722772277227,
            0.9727722772277227,
            0.9714993804213135,
            0.9676616915422885,
            0.9650872817955112,
            0.9624060150375939,
            0.9505703422053232,
            0.9298701298701298,
            0.89247311827957,
            0.8342857142857143,
            0.725,
            0.5092936802973979,
            0.1917808219178082
        ],
        "mcc": [
            0.8406249874141086,
            0.9231746352285984,
            0.9267944686230233,
            0.9267944686230233,
            0.9267944686230233,
            0.9267944686230233,
            0.9267944686230233,
            0.9267944686230233,
            0.9267944686230233,
            0.9267944686230233,
            0.9267944686230233,
            0.9267944686230233,
            0.9267944686230233,
            0.9267944686230233,
            0.9267944686230233,
            0.9267944686230233,
            0.9267944686230233,
            0.9267944686230233,
            0.9267944686230233,
            0.9267944686230233,
            0.9267944686230233,
            0.9267944686230233,
            0.9267944686230233,
            0.9267944686230233,
            0.9267944686230233,
            0.9267944686230233,
            0.9228192567832982,
            0.9188697839478914,
            0.9188697839478914,
            0.9149456964037296,
            0.9033223031363876,
            0.895694096108515,
            0.888199172314092,
            0.8556861350973687,
            0.8066416696176363,
            0.7283734689991033,
            0.641134820296074,
            0.505532584869545,
            0.35349634810146224,
            0.1865392662136341
        ],
        "hammingLoss": [
            0.07333333333333336,
            0.03500000000000003,
            0.033333333333333326,
            0.033333333333333326,
            0.033333333333333326,
            0.033333333333333326,
            0.033333333333333326,
            0.033333333333333326,
            0.033333333333333326,
            0.033333333333333326,
            0.033333333333333326,
            0.033333333333333326,
            0.033333333333333326,
            0.033333333333333326,
            0.033333333333333326,
            0.033333333333333326,
            0.033333333333333326,
            0.033333333333333326,
            0.033333333333333326,
            0.033333333333333326,
            0.033333333333333326,
            0.033333333333333326,
            0.033333333333333326,
            0.033333333333333326,
            0.033333333333333326,
            0.033333333333333326,
            0.03500000000000003,
            0.036666666666666625,
            0.036666666666666625,
            0.03833333333333333,
            0.043333333333333335,
            0.046666666666666634,
            0.050000000000000044,
            0.06499999999999995,
            0.08999999999999997,
            0.1333333333333333,
            0.19333333333333336,
            0.29333333333333333,
            0.43999999999999995,
            0.5900000000000001
        ],
        "assertionsMetrics": [],
        "overridesMetrics": []
    },
    "tiMetrics": {
        "auc": 0.9533436245754863,
        "logLoss": 0.14455745871621636,
        "lift": 1.4367088607594936,
        "averagePrecision": 0.9596691275451846,
        "calibrationLoss": 0.021457927699693173
    },
    "probaPercentiles": [
        0.0,
        0.0,
        0.0,
        0.0,
        0.0,
        0.0,
        0.0,
        0.0,
        0.0,
        0.0,
        0.0,
        0.0,
        0.0,
        0.0,
        0.0,
        0.0,
        0.0,
        0.0,
        0.0,
        0.0,
        0.0,
        0.0,
        0.0,
        0.0,
        0.0,
        0.0,
        0.002981037477071893,
        0.01,
        0.01,
        0.018002499999999925,
        0.6590076116626282,
        0.7637899472614884,
        0.8082604686105191,
        0.8180819993548089,
        0.8300066278141701,
        0.840969181524408,
        0.8482685426666697,
        0.851670411554013,
        0.8590037736554714,
        0.8663015094844656,
        0.8705270185032041,
        0.8771299667768301,
        0.8812398689591338,
        0.884428057133059,
        0.8866145782534598,
        0.890081640044354,
        0.8936275236980629,
        0.8958215312201606,
        0.8987229581644568,
        0.9049624449238889,
        0.9078678232172487,
        0.9107809454592702,
        0.9116133828040788,
        0.9134522672254485,
        0.9143428065179537,
        0.9164155237580888,
        0.9182977570033006,
        0.9214526808581466,
        0.9243465139415099,
        0.9276193658139041,
        0.9281957686883673,
        0.9289504905015414,
        0.9305401712300158,
        0.9318476686885345,
        0.9336104598975143,
        0.9351424306488759,
        0.9359439518789225,
        0.93806773367153,
        0.9387969881701621,
        0.9394936578566104,
        0.9406530556458056,
        0.9427355676989777,
        0.9438095231816177,
        0.945701174500289,
        0.9478300843334091,
        0.9498882137324509,
        0.9505607060508062,
        0.9513593278932382,
        0.9530675964156798,
        0.9536107260014447,
        0.9548040598869453,
        0.955919532920018,
        0.9571482673808727,
        0.9582326493239953,
        0.9597439164917261,
        0.9610169964809347,
        0.9627811993516227,
        0.9653876804370121,
        0.967646342324228,
        0.9691133592904492,
        0.9706063119997478,
        0.9720377448773305,
        0.9750732880256312,
        0.9775735293903597,
        0.9794081811036212,
        0.9819460044758319,
        0.9848469776607953,
        0.9884131372447776,
        0.9909557120579171
    ],
    "rocVizData": [
        [
            {
                "x": 0.0,
                "y": 0.0,
                "p": 1.9983876702754542
            },
            {
                "x": 0.0,
                "y": 0.0759493670886076,
                "p": 0.9797208642476142
            },
            {
                "x": 0.004878048780487805,
                "y": 0.15443037974683543,
                "p": 0.9687952376127917
            },
            {
                "x": 0.014634146341463415,
                "y": 0.1949367088607595,
                "p": 0.9625182082314772
            },
            {
                "x": 0.01951219512195122,
                "y": 0.27848101265822783,
                "p": 0.9550657904806455
            },
            {
                "x": 0.024390243902439025,
                "y": 0.3392405063291139,
                "p": 0.950559506625304
            },
            {
                "x": 0.02926829268292683,
                "y": 0.41012658227848103,
                "p": 0.9427366236722375
            },
            {
                "x": 0.04390243902439024,
                "y": 0.4481012658227848,
                "p": 0.9388303161764487
            },
            {
                "x": 0.05365853658536585,
                "y": 0.5012658227848101,
                "p": 0.9339249898407184
            },
            {
                "x": 0.05853658536585366,
                "y": 0.5544303797468354,
                "p": 0.9286192125062043
            },
            {
                "x": 0.06341463414634146,
                "y": 0.7544303797468355,
                "p": 0.8965661127564474
            },
            {
                "x": 0.07804878048780488,
                "y": 0.810126582278481,
                "p": 0.8845495016378438
            },
            {
                "x": 0.08292682926829269,
                "y": 0.9113924050632911,
                "p": 0.8486893363348341
            },
            {
                "x": 0.09268292682926829,
                "y": 0.9772151898734177,
                "p": 0.7906874514012846
            },
            {
                "x": 0.12195121951219512,
                "y": 1.0,
                "p": 0.02
            },
            {
                "x": 0.2048780487804878,
                "y": 1.0,
                "p": 0.01
            },
            {
                "x": 1.0,
                "y": 1.0,
                "p": 0.0
            }
        ]
    ],
    "liftVizData": {
        "bins": [
            {
                "bin_pos_prop": 0.945,
                "bin_lift": 1.435443038,
                "cum_lift": 0.4784810127,
                "cum_size": 0.3333333333,
                "bin_min": 0.9356395471,
                "bin_max": 0.9983876703,
                "percentile_idx": 0
            },
            {
                "bin_pos_prop": 0.96,
                "bin_lift": 1.4582278481,
                "cum_lift": 0.964556962,
                "cum_size": 0.6666666667,
                "bin_min": 0.811575551,
                "bin_max": 0.9356395471,
                "percentile_idx": 1
            },
            {
                "bin_pos_prop": 0.07,
                "bin_lift": 0.1063291139,
                "cum_lift": 1.0,
                "cum_size": 1.0,
                "bin_min": 0.0,
                "bin_max": 0.811575551,
                "percentile_idx": 2
            }
        ],
        "wizard": {
            "positives": 395,
            "total": 600
        }
    },
    "prVizData": [
        {
            "bins": [
                {
                    "x": 1.0,
                    "y": 0.6583333333333333,
                    "p": 0.0
                },
                {
                    "x": 1.0,
                    "y": 0.8997722095671982,
                    "p": 0.00200600300150075
                },
                {
                    "x": 1.0,
                    "y": 0.9518072289156626,
                    "p": 0.636173420337111
                },
                {
                    "x": 0.9518987341772152,
                    "y": 0.9518987341772152,
                    "p": 0.821905990398008
                },
                {
                    "x": 0.9063291139240506,
                    "y": 0.9546666666666667,
                    "p": 0.8502007493758336
                },
                {
                    "x": 0.8556962025316456,
                    "y": 0.952112676056338,
                    "p": 0.869181160416816
                },
                {
                    "x": 0.8075949367088607,
                    "y": 0.9522388059701492,
                    "p": 0.8845722373346119
                },
                {
                    "x": 0.7620253164556962,
                    "y": 0.9555555555555556,
                    "p": 0.8949137421822962
                },
                {
                    "x": 0.7139240506329114,
                    "y": 0.9559322033898305,
                    "p": 0.9074845259042817
                },
                {
                    "x": 0.6632911392405063,
                    "y": 0.9527272727272728,
                    "p": 0.9136732060168637
                },
                {
                    "x": 0.6126582278481013,
                    "y": 0.9490196078431372,
                    "p": 0.920290778631663
                },
                {
                    "x": 0.5620253164556962,
                    "y": 0.9446808510638298,
                    "p": 0.9281554498196156
                },
                {
                    "x": 0.5139240506329114,
                    "y": 0.9441860465116279,
                    "p": 0.932083803788273
                },
                {
                    "x": 0.47341772151898737,
                    "y": 0.949238578680203,
                    "p": 0.9374147259026622
                },
                {
                    "x": 0.43291139240506327,
                    "y": 0.9553072625698324,
                    "p": 0.9397954926042311
                },
                {
                    "x": 0.3924050632911392,
                    "y": 0.9627329192546584,
                    "p": 0.94424241539607
                },
                {
                    "x": 0.34177215189873417,
                    "y": 0.9574468085106383,
                    "p": 0.9504722620060653
                },
                {
                    "x": 0.29873417721518986,
                    "y": 0.959349593495935,
                    "p": 0.9531568327483115
                },
                {
                    "x": 0.25569620253164554,
                    "y": 0.9619047619047619,
                    "p": 0.9563910982244217
                },
                {
                    "x": 0.20506329113924052,
                    "y": 0.9529411764705882,
                    "p": 0.9609346453310005
                },
                {
                    "x": 0.17215189873417722,
                    "y": 0.9714285714285714,
                    "p": 0.966569840979862
                },
                {
                    "x": 0.13670886075949368,
                    "y": 0.9818181818181818,
                    "p": 0.970578544561875
                },
                {
                    "x": 0.08607594936708861,
                    "y": 0.9714285714285714,
                    "p": 0.9779036935300982
                },
                {
                    "x": 0.06835443037974684,
                    "y": 1.0,
                    "p": 0.9807332930872493
                },
                {
                    "x": 0.017721518987341773,
                    "y": 1.0,
                    "p": 0.9909552059876594
                },
                {
                    "x": 0.002531645569620253,
                    "y": 1.0,
                    "p": 0.9983876702754542
                }
            ],
            "positiveRate": 0.6583333333333333
        }
    ],
    "densityData": {
        "0": {
            "actualIsThisClass": [
                0.2762719623033555,
                0.29356229167574527,
                0.30914088809105206,
                0.3226537377825408,
                0.3337908786452717,
                0.3422987868592633,
                0.34799037590343324,
                0.35075203192165555,
                0.3505473019774945,
                0.3474170722610781,
                0.34147630276258834,
                0.33290760370964717,
                0.3219521290824549,
                0.30889840900840515,
                0.2940698357714272,
                0.27781155306720867,
                0.2604774761907148,
                0.24241809842536496,
                0.2239696265003589,
                0.20544484877039446,
                0.18712598801629843,
                0.1692596402579638,
                0.1520537636891877,
                0.13567656696565797,
                0.12025705943304886,
                0.10588696985048034,
                0.09262371396437977,
                0.08049409157493712,
                0.06949841538778757,
                0.05961481089852679,
                0.05080347261925614,
                0.04301071144648158,
                0.036172676198675924,
                0.03021867587722327,
                0.025074065891782203,
                0.020662690411245178,
                0.016908894214201595,
                0.013739131689525721,
                0.011083209173170003,
                0.008875200959840108,
                0.007054080415233667,
                0.0055641067747629345,
                0.004355006338891616,
                0.0033819844949233226,
                0.002605602715196005,
                0.001991552639893491,
                0.0015103576898344666,
                0.0011370314821917003,
                0.0008507217784070814,
                0.0006343689819958176,
                0.00047440961119973884,
                0.0003605580648312705,
                0.00028570480306049046,
                0.0002459762133262178,
                0.00024101130248639792,
                0.0002745231760926892,
                0.00035522898885391625,
                0.0004982502122372055,
                0.0007271046114801376,
                0.0010764304292065713,
                0.001595599165600905,
                0.0023533821772628175,
                0.0034438331138593706,
                0.0049935269626650985,
                0.00717025041647363,
                0.010193160453429627,
                0.014344312080447608,
                0.01998129757775146,
                0.027550536902159577,
                0.03760051552640747,
                0.05079399159801673,
                0.06791790621486639,
                0.08988945453866629,
                0.11775654533172439,
                0.15269073308369607,
                0.195970694973889,
                0.2489544888822333,
                0.3130392067152381,
                0.389607254651341,
                0.4799593536385094,
                0.5852354381880711,
                0.7063258866859222,
                0.8437768568643896,
                0.9976948102423313,
                1.1676564505495202,
                1.3526311233303518,
                1.5509230815279527,
                1.7601407924347663,
                1.9771995647101712,
                2.19836218918266,
                2.419320064239565,
                2.635314542340834,
                2.841295187043305,
                3.0321085261126393,
                3.202708016563582,
                3.348373596832274,
                3.4649276552941073,
                3.548933696006502,
                3.5978645445525292,
                3.6102286131262593
            ],
            "actualIsNotThisClass": [
                2.139151360743734,
                3.751682863047123,
                5.59000845945077,
                7.3522025345809805,
                8.720338529205394,
                9.40339040362671,
                9.293221841154432,
                8.538216625921027,
                7.42104729717323,
                6.215232893089085,
                5.1261714690788915,
                4.247653863761233,
                3.554990931730932,
                2.9932944429101784,
                2.532141051342296,
                2.1367134840178723,
                1.7740030516731888,
                1.4412020182838425,
                1.1397774826023597,
                0.8562488085139142,
                0.5977201318734319,
                0.4018688093353301,
                0.2919360291519746,
                0.2523072346611975,
                0.24701147483417027,
                0.2413037551909956,
                0.21604510215599557,
                0.17574046741209937,
                0.1368539878548399,
                0.10757430132614439,
                0.08688881307659498,
                0.0759632725771278,
                0.07490260850895353,
                0.07617056704421836,
                0.07511394752688369,
                0.07383760662908133,
                0.06863501717296794,
                0.052632164150193776,
                0.03018800640406832,
                0.012415971448379342,
                0.0036082067714280235,
                0.0007373781874629305,
                0.00010580829512752161,
                1.0655480440470145e-05,
                7.529834819373505e-07,
                3.73367624496729e-08,
                1.299033349058207e-09,
                3.171278547508309e-11,
                5.432231889173086e-13,
                6.5290777164175014e-15,
                5.506237512415834e-17,
                3.258273900995959e-19,
                1.3528504135239912e-21,
                3.941318265790451e-24,
                8.056803489060741e-27,
                1.1556160727085507e-29,
                1.1630380235382021e-32,
                8.213037217548474e-36,
                4.0695201727818254e-39,
                1.4148557295754917e-42,
                3.4515220123676062e-46,
                5.907975348739487e-50,
                7.095716230347087e-54,
                5.9797543152557115e-58,
                3.535900049791461e-62,
                1.467054192807556e-66,
                4.270924272757803e-71,
                8.724230323795713e-76,
                1.2504372758192955e-80,
                1.2575528274839734e-85,
                8.874013842772001e-91,
                4.393832562685325e-96,
                1.5264987104336006e-101,
                3.721164917302688e-107,
                6.364890423309592e-113,
                7.638929153837737e-119,
                6.432852160507948e-125,
                3.8010553727694194e-131,
                1.5759206978780173e-137,
                4.5845219890354575e-144,
                9.358005543370416e-151,
                1.3403001726995725e-157,
                1.3469466249314523e-164,
                9.497914082635098e-172,
                4.699326547166802e-179,
                1.6314454215833544e-186,
                3.9741020219643443e-194,
                6.792583908461668e-202,
                8.14630280804375e-210,
                6.85512887884149e-218,
                4.047624689150762e-226,
                1.6769278827299244e-234,
                4.874814260929164e-243,
                9.943317278608286e-252,
                1.423095545669718e-260,
                1.4291123049319429e-269,
                1.0069970431091091e-278,
                4.9787414024300096e-288,
                1.7271914561143128e-297,
                4.20427320583749e-307
            ],
            "actualIsThisClassMedian": 1.0,
            "actualIsNotThisClassMedian": 0.06607501015928163
        },
        "1": {
            "actualIsThisClass": [
                4.204273205840358e-307,
                1.7271914561150985e-297,
                4.9787414024345374e-288,
                1.006997043109796e-278,
                1.4291123049329178e-269,
                1.4230955456710123e-260,
                9.943317278612808e-252,
                4.874814260932489e-243,
                1.676927882730687e-234,
                4.047624689153523e-226,
                6.855128878845387e-218,
                8.14630280804838e-210,
                6.7925839084655295e-202,
                3.9741020219657e-194,
                1.631445421584189e-186,
                4.6993265471684045e-179,
                9.497914082639417e-172,
                1.3469466249320648e-164,
                1.3403001726999535e-157,
                9.35800554337414e-151,
                4.584521989037021e-144,
                1.5759206978786443e-137,
                3.801055372770284e-131,
                6.432852160510142e-125,
                7.638929153840343e-119,
                6.3648904233114e-113,
                3.7211649173039567e-107,
                1.5264987104339477e-101,
                4.393832562686573e-96,
                8.874013842774775e-91,
                1.2575528274842595e-85,
                1.2504372758196507e-80,
                8.7242303237972e-76,
                4.2709242727587735e-71,
                1.4670541928077644e-66,
                3.535900049792165e-62,
                5.9797543152569014e-58,
                7.095716230347995e-54,
                5.907975348740494e-50,
                3.4515220123680477e-46,
                1.4148557295757128e-42,
                4.069520172782288e-39,
                8.213037217549291e-36,
                1.1630380235383509e-32,
                1.1556160727086492e-29,
                8.056803489061658e-27,
                3.9413182657907306e-24,
                1.3528504135241161e-21,
                3.2582739009962598e-19,
                5.506237512416147e-17,
                6.5290777164178264e-15,
                5.432231889173452e-13,
                3.171278547508512e-11,
                1.2990333490582485e-09,
                3.733676244967449e-08,
                7.529834819373666e-07,
                1.0655480440470485e-05,
                0.00010580829512752329,
                0.0007373781874629397,
                0.0036082067714280877,
                0.01241597144837943,
                0.030188006404068546,
                0.05263216415019385,
                0.06863501717296801,
                0.0738376066290813,
                0.07511394752688365,
                0.07617056704421829,
                0.0749026085089535,
                0.07596327257712783,
                0.08688881307659493,
                0.10757430132614443,
                0.13685398785484015,
                0.17574046741209937,
                0.21604510215599557,
                0.24130375519099537,
                0.24701147483417005,
                0.25230723466119725,
                0.29193602915197436,
                0.4018688093353315,
                0.5977201318734303,
                0.8562488085139119,
                1.1397774826023566,
                1.4412020182838476,
                1.7740030516731968,
                2.136713484017876,
                2.532141051342298,
                2.9932944429101758,
                3.554990931730964,
                4.24765386376121,
                5.126171469078883,
                6.215232893089095,
                7.421047297173217,
                8.538216625921027,
                9.293221841154432,
                9.403390403626677,
                8.72033852920541,
                7.352202534581033,
                5.59000845945082,
                3.7516828630471295,
                2.1391513607437416
            ],
            "actualIsNotThisClass": [
                3.6102286131262593,
                3.5978645445525195,
                3.548933696006496,
                3.4649276552941073,
                3.348373596832274,
                3.2027080165635766,
                3.0321085261126313,
                2.8412951870433023,
                2.6353145423408315,
                2.4193200642395607,
                2.1983621891826544,
                1.9771995647101677,
                1.7601407924347647,
                1.5509230815279527,
                1.352631123330347,
                1.167656450549517,
                0.9976948102423304,
                0.8437768568643866,
                0.706325886685921,
                0.58523543818807,
                0.4799593536385081,
                0.38960725465134033,
                0.3130392067152378,
                0.24895448888223307,
                0.19597069497388864,
                0.15269073308369568,
                0.11775654533172418,
                0.08988945453866637,
                0.06791790621486633,
                0.05079399159801661,
                0.03760051552640749,
                0.02755053690215954,
                0.01998129757775146,
                0.014344312080447608,
                0.010193160453429627,
                0.007170250416473617,
                0.0049935269626650985,
                0.0034438331138593767,
                0.0023533821772628153,
                0.0015955991656009107,
                0.0010764304292065713,
                0.0007271046114801389,
                0.0004982502122372059,
                0.0003552289888539172,
                0.00027452317609269065,
                0.00024101130248639876,
                0.0002459762133262191,
                0.00028570480306049247,
                0.00036055806483127276,
                0.0004744096111997405,
                0.0006343689819958199,
                0.0008507217784070851,
                0.0011370314821917064,
                0.0015103576898344733,
                0.0019915526398934995,
                0.0026056027151960095,
                0.0033819844949233378,
                0.004355006338891627,
                0.005564106774762954,
                0.007054080415233699,
                0.008875200959840115,
                0.011083209173170032,
                0.013739131689525745,
                0.01690889421420164,
                0.020662690411245233,
                0.025074065891782224,
                0.030218675877223336,
                0.03617267619867597,
                0.04301071144648168,
                0.05080347261925616,
                0.0596148108985269,
                0.06949841538778764,
                0.08049409157493714,
                0.09262371396437989,
                0.10588696985048038,
                0.12025705943304896,
                0.13567656696565802,
                0.15205376368918755,
                0.16925964025796394,
                0.18712598801629834,
                0.20544484877039465,
                0.22396962650035868,
                0.24241809842536508,
                0.2604774761907147,
                0.27781155306720867,
                0.2940698357714272,
                0.3088984090084049,
                0.3219521290824549,
                0.3329076037096469,
                0.34147630276258834,
                0.3474170722610781,
                0.3505473019774945,
                0.35075203192165555,
                0.34799037590343324,
                0.3422987868592633,
                0.3337908786452717,
                0.3226537377825402,
                0.30914088809105206,
                0.293562291675745,
                0.2762719623033555
            ],
            "actualIsThisClassMedian": 0.9339249898407184,
            "actualIsNotThisClassMedian": 0.0
        }
    },
    "calibrationData": [
        {
            "y": 0,
            "x": 0,
            "n": 0
        },
        {
            "y": 0.0,
            "x": 0.0016506630792873912,
            "n": 185.0
        },
        {
            "y": 1.0,
            "x": 0.6527199357903843,
            "n": 2.0
        },
        {
            "y": 0.9,
            "x": 0.7592344391683872,
            "n": 10.0
        },
        {
            "y": 0.9387755102040817,
            "x": 0.8650713523634659,
            "n": 98.0
        },
        {
            "y": 0.9573770491803278,
            "x": 0.9467404565736655,
            "n": 305.0
        },
        {
            "y": 1,
            "x": 1,
            "n": 0
        }
    ],
    "probaDistribData": {
        "bins": [
            0.0,
            0.1,
            0.2,
            0.3,
            0.4,
            0.5,
            0.6,
            0.7,
            0.8,
            0.9,
            1.0
        ],
        "probaDistribs": [
            [
                185.0,
                0.0,
                0.0,
                0.0,
                0.0,
                0.0,
                0.0,
                1.0,
                6.0,
                13.0
            ],
            [
                0.0,
                0.0,
                0.0,
                0.0,
                0.0,
                0.0,
                2.0,
                9.0,
                92.0,
                292.0
            ]
        ]
    },
    "globalMetrics": {
        "testWeight": 600,
        "targetAvg": [
            0.6583333333333333
        ],
        "targetStd": [
            0.4746641609232744
        ],
        "predictionAvg": [
            0.6916666666666667
        ],
        "predictionStd": [
            0.46180503341658036
        ]
    }
}