{
    "predictedClassCountPerCut": [
        {
            "1": 439,
            "0": 161
        },
        {
            "1": 416,
            "0": 184
        },
        {
            "1": 415,
            "0": 185
        },
        {
            "1": 415,
            "0": 185
        },
        {
            "1": 415,
            "0": 185
        },
        {
            "1": 415,
            "0": 185
        },
        {
            "1": 415,
            "0": 185
        },
        {
            "1": 415,
            "0": 185
        },
        {
            "1": 415,
            "0": 185
        },
        {
            "1": 415,
            "0": 185
        },
        {
            "1": 415,
            "0": 185
        },
        {
            "1": 415,
            "0": 185
        },
        {
            "1": 415,
            "0": 185
        },
        {
            "1": 415,
            "0": 185
        },
        {
            "1": 415,
            "0": 185
        },
        {
            "1": 415,
            "0": 185
        },
        {
            "1": 415,
            "0": 185
        },
        {
            "1": 415,
            "0": 185
        },
        {
            "1": 415,
            "0": 185
        },
        {
            "1": 415,
            "0": 185
        },
        {
            "1": 415,
            "0": 185
        },
        {
            "1": 415,
            "0": 185
        },
        {
            "1": 415,
            "0": 185
        },
        {
            "1": 415,
            "0": 185
        },
        {
            "1": 415,
            "0": 185
        },
        {
            "1": 415,
            "0": 185
        },
        {
            "1": 414,
            "0": 186
        },
        {
            "1": 413,
            "0": 187
        },
        {
            "1": 413,
            "0": 187
        },
        {
            "1": 412,
            "0": 188
        },
        {
            "1": 409,
            "0": 191
        },
        {
            "1": 407,
            "0": 193
        },
        {
            "1": 403,
            "0": 197
        },
        {
            "1": 394,
            "0": 206
        },
        {
            "1": 375,
            "0": 225
        },
        {
            "1": 349,
            "0": 251
        },
        {
            "1": 305,
            "0": 295
        },
        {
            "0": 355,
            "1": 245
        },
        {
            "0": 457,
            "1": 143
        },
        {
            "0": 557,
            "1": 43
        }
    ],
    "cuts": [
        0.0,
        0.025,
        0.05,
        0.075,
        0.1,
        0.125,
        0.15,
        0.175,
        0.2,
        0.225,
        0.25,
        0.275,
        0.3,
        0.325,
        0.35,
        0.375,
        0.4,
        0.425,
        0.45,
        0.475,
        0.5,
        0.525,
        0.55,
        0.575,
        0.6,
        0.625,
        0.65,
        0.675,
        0.7,
        0.725,
        0.75,
        0.775,
        0.8,
        0.825,
        0.85,
        0.875,
        0.9,
        0.925,
        0.95,
        0.975
    ],
    "predictedClassCount": {
        "1": 415,
        "0": 185
    },
    "probabilityDensities": {
        "0": {
            "density": [
                1.7537047975336415,
                1.8230363598118762,
                1.8841692774982182,
                1.9361484868407568,
                1.978155202972785,
                2.0095288477373994,
                2.029784710482274,
                2.0386266713576813,
                2.0359545134060317,
                2.021865569353397,
                1.9966506799489927,
                1.9607846707970265,
                1.9149117718969912,
                1.8598265975168413,
                1.7964514641415377,
                1.7258109438251095,
                1.6490046246429209,
                1.567179077169298,
                1.4815000068318933,
                1.3931255100218993,
                1.3031812525979631,
                1.2127382602660879,
                1.122793859780183,
                1.034256147076187,
                0.9479321923790381,
                0.86452003148096,
                0.7846043442063895,
                0.7086555915911247,
                0.6370322769304079,
                0.5699859152988946,
                0.5076682424379332,
                0.4501401665088322,
                0.39738196325638464,
                0.3493042336832543,
                0.3057591797191001,
                0.26655180345481394,
                0.23145069503977372,
                0.20019813917158974,
                0.1725193364508923,
                0.14813060044313733,
                0.12674645141408292,
                0.10808558137937267,
                0.09187571099148614,
                0.07785739616473755,
                0.06578687105051874,
                0.05543803431900055,
                0.04660369833266782,
                0.03909622660863274,
                0.032747684998938424,
                0.027409627356565866,
                0.022952628153602946,
                0.0192656635378429,
                0.01625542947939804,
                0.013845671633358213,
                0.011976586823081111,
                0.010604340966800307,
                0.009700733025391674,
                0.009253019234422412,
                0.009263896528978728,
                0.009751628688836427,
                0.01075028337006207,
                0.012310032972203967,
                0.01449745746369463,
                0.01739577325127678,
                0.02110489950430056,
                0.025741262779222483,
                0.03143723323984561,
                0.03834008226054566,
                0.04661035281687828,
                0.05641954186874424,
                0.06794700885681414,
                0.0813760471508408,
                0.09688908613331602,
                0.11466203041800967,
                0.13485778875517146,
                0.15761909707796845,
                0.18306079583218685,
                0.21126177847970773,
                0.24225688257681596,
                0.2760290433721815,
                0.3125020684961303,
                0.35153441711090305,
                0.39291437428952075,
                0.43635699847465004,
                0.48150318469481845,
                0.527921128085437,
                0.5751103919359595,
                0.6225086842996732,
                0.6695013310814867,
                0.7154333068503068,
                0.7596235540129861,
                0.8013811938913605,
                0.8400231174968167,
                0.8748923470739292,
                0.9053764887359803,
                0.9309255574197352,
                0.9510684518680635,
                0.9654273912065865,
                0.9737296953658243,
                0.9758163961652467
            ],
            "median": 0.09503755507611111
        },
        "1": {
            "density": [
                0.9758163961652484,
                0.9737296953658225,
                0.9654273912065848,
                0.9510684518680652,
                0.9309255574197335,
                0.9053764887359771,
                0.8748923470739245,
                0.8400231174968197,
                0.8013811938913605,
                0.7596235540129901,
                0.7154333068503056,
                0.6695013310814878,
                0.6225086842996722,
                0.5751103919359595,
                0.5279211280854351,
                0.48150318469481845,
                0.4363569984746477,
                0.3929143742895201,
                0.35153441711090244,
                0.31250206849613144,
                0.2760290433721829,
                0.2422568825768151,
                0.21126177847970734,
                0.18306079583218748,
                0.15761909707796956,
                0.13485778875517004,
                0.11466203041800986,
                0.09688908613331586,
                0.08137604715084076,
                0.06794700885681404,
                0.05641954186874419,
                0.04661035281687795,
                0.0383400822605456,
                0.031437233239844785,
                0.025741262779222448,
                0.02110489950429995,
                0.017395773251276593,
                0.014497457463694605,
                0.01231003297220401,
                0.010750283370061679,
                0.009751628688836323,
                0.00926389652897904,
                0.009253019234422066,
                0.009700733025391674,
                0.010604340966800485,
                0.011976586823082004,
                0.013845671633358213,
                0.01625542947939804,
                0.019265663537842946,
                0.022952628153602966,
                0.0274096273565654,
                0.03274768499893915,
                0.03909622660863305,
                0.04660369833266751,
                0.05543803431900087,
                0.06578687105051874,
                0.07785739616473758,
                0.09187571099148598,
                0.10808558137937248,
                0.1267464514140821,
                0.14813060044313747,
                0.17251933645089246,
                0.2001981391715892,
                0.23145069503977558,
                0.2665518034548149,
                0.305759179719099,
                0.3493042336832531,
                0.39738196325638603,
                0.45014016650883143,
                0.5076682424379313,
                0.5699859152988997,
                0.637032276930409,
                0.7086555915911297,
                0.7846043442063909,
                0.8645200314809723,
                0.9479321923790264,
                1.0342561470761835,
                1.122793859780185,
                1.212738260266077,
                1.3031812525979678,
                1.3931255100219044,
                1.4815000068318855,
                1.5671790771693006,
                1.649004624642903,
                1.725810943825122,
                1.7964514641415472,
                1.859826597516848,
                1.9149117718969708,
                1.9607846707970091,
                1.9966506799489891,
                2.0218655693533862,
                2.035954513406021,
                2.038626671357674,
                2.029784710482285,
                2.0095288477373776,
                1.9781552029727674,
                1.9361484868407601,
                1.8841692774982148,
                1.8230363598118633,
                1.7537047975336477
            ],
            "median": 0.9049624449238889
        }
    }
}