{
  "state": "DONE",
  "preSearchDescription": {
    "gridLength": 2,
    "searchStrategy": "GRID",
    "importantParams": [
      {
        "name": "trees",
        "vals": [
          "100"
        ]
      },
      {
        "name": "depth",
        "vals": [
          "6",
          "13"
        ]
      },
      {
        "name": "min_samples",
        "vals": [
          "1"
        ]
      }
    ]
  },
  "postSearchDescription": {
    "importantParams": [
      {
        "name": "trees",
        "val": "100"
      },
      {
        "name": "depth",
        "val": "13"
      },
      {
        "name": "min_samples",
        "val": "1"
      }
    ]
  },
  "resumed": false,
  "timeOrderingEnabled": false,
  "sampleWeightsEnabled": false,
  "modelId": "m1",
  "progress": {
    "top_level_todo": [],
    "stack": [],
    "top_level_done": [
      {
        "name": "Loading train set",
        "time": 179
      },
      {
        "name": "Loading test set",
        "time": 29
      },
      {
        "name": "Collecting statistics",
        "time": 103
      },
      {
        "name": "Preprocessing train set",
        "time": 228
      },
      {
        "name": "Preprocessing test set",
        "time": 67
      },
      {
        "name": "Hyperparameter searching",
        "time": 5540
      },
      {
        "name": "Fitting model",
        "time": 460
      },
      {
        "name": "Saving model",
        "time": 490
      },
      {
        "name": "Scoring model",
        "time": 616
      },
      {
        "name": "Preparing explainability",
        "time": 3516
      }
    ]
  },
  "startTime": 1745136601695,
  "endTime": 1745136612985,
  "preprocessingTime": 646,
  "trainingTime": 10644,
  "hyperparamsSearchTime": 5540,
  "pythonVersion": "3.9.20",
  "packagesVersion": {
    "pandas": "2.2.3",
    "scikit-learn": "1.3.2",
    "scipy": "1.13.1",
    "lightgbm": "4.6.0",
    "flask": "2.2.5",
    "itsdangerous": "2.2.0",
    "jinja2": "3.1.6",
    "xgboost": "1.7.6",
    "werkzeug": "3.1.3",
    "statsmodels": "0.14.4",
    "pillow": "11.1.0",
    "markupsafe": "3.0.2",
    "cloudpickle": "1.5.0"
  }
}