{
    "per_feature": {
        "Embarked": {
            "stats": {}
        },
        "Survived": {
            "stats": {}
        },
        "Pclass": {
            "stats": {
                "mostFrequentValue": "3",
                "leastFrequentValue": "2"
            },
            "dropped_modality": "2",
            "category_possible_values": [
                "3",
                "1"
            ],
            "category_possible_counts": [
                371,
                172
            ]
        },
        "Ticket": {
            "stats": {}
        },
        "PassengerId": {
            "stats": {}
        },
        "Sex": {
            "stats": {
                "mostFrequentValue": "male",
                "leastFrequentValue": "female"
            },
            "dropped_modality": "female",
            "category_possible_values": [
                "male"
            ],
            "category_possible_counts": [
                442
            ]
        },
        "SibSp": {
            "stats": {
                "min": 0.0,
                "average": 0.5273775216138329,
                "median": 0.0,
                "max": 8.0,
                "p99": 5.0,
                "std": 1.0642964921566425
            },
            "missing_impute_with_value": 0.5273775216138329
        },
        "Name": {
            "stats": {}
        },
        "Fare": {
            "stats": {}
        },
        "count_name": {
            "stats": {}
        },
        "Parch": {
            "stats": {
                "min": 0.0,
                "average": 0.3659942363112392,
                "median": 0.0,
                "max": 6.0,
                "p99": 4.0,
                "std": 0.8049606875372465
            },
            "missing_impute_with_value": 0.3659942363112392
        },
        "Cabin": {
            "stats": {}
        },
        "Age": {
            "stats": {
                "min": 1.0,
                "average": 28.78386167146974,
                "median": 24.0,
                "max": 80.0,
                "p99": 64.07000000000005,
                "std": 12.96234858662854
            },
            "missing_impute_with_value": 28.78386167146974
        }
    },
    "feature_order": [
        "Embarked",
        "Survived",
        "Pclass",
        "Ticket",
        "PassengerId",
        "Sex",
        "SibSp",
        "Name",
        "Fare",
        "count_name",
        "Parch",
        "Cabin",
        "Age"
    ]
}