{
  "tags": {
    "ANALYSIS.SPfDQpNK": {
      "versionNumber": 0,
      "lastModifiedBy": {
        "login": "fs675@live.mdx.ac.uk"
      },
      "lastModifiedOn": 1742625019034
    },
    "ANALYSIS.q27MVka2": {
      "versionNumber": 0,
      "lastModifiedBy": {
        "login": "fs675@live.mdx.ac.uk"
      },
      "lastModifiedOn": 1742794018627
    },
    "DASHBOARD.fpRqm3D": {
      "versionNumber": 0,
      "lastModifiedBy": {
        "login": "fs675@live.mdx.ac.uk"
      },
      "lastModifiedOn": 1742279435154
    },
    "DATASET.test_data": {
      "versionNumber": 2,
      "lastModifiedBy": {
        "login": "fs675@live.mdx.ac.uk"
      },
      "lastModifiedOn": 1742793521796
    },
    "DATASET.titanic4__1_": {
      "versionNumber": 3,
      "lastModifiedBy": {
        "login": "fs675@live.mdx.ac.uk"
      },
      "lastModifiedOn": 1742280033362
    },
    "DATASET.titanic4_v1": {
      "versionNumber": 14,
      "lastModifiedBy": {
        "login": "fs675@live.mdx.ac.uk"
      },
      "lastModifiedOn": 1742793789046
    },
    "DATASET.train_data": {
      "versionNumber": 2,
      "lastModifiedBy": {
        "login": "fs675@live.mdx.ac.uk"
      },
      "lastModifiedOn": 1742793521774
    },
    "DATASET.unknown_titanic": {
      "versionNumber": 1,
      "lastModifiedBy": {
        "login": "fs675@live.mdx.ac.uk"
      },
      "lastModifiedOn": 1742795200313
    },
    "DATASET.unknown_titanic_prepared": {
      "versionNumber": 0,
      "lastModifiedBy": {
        "login": "fs675@live.mdx.ac.uk"
      },
      "lastModifiedOn": 1742796110421
    },
    "PROJECT.TITANIC": {
      "versionNumber": 0,
      "lastModifiedBy": {
        "login": "api:zmzhcqIk7wpOeUGz"
      },
      "lastModifiedOn": 1742279780399
    },
    "RECIPE.compute_titanic4_v1": {
      "versionNumber": 2,
      "lastModifiedBy": {
        "login": "fs675@live.mdx.ac.uk"
      },
      "lastModifiedOn": 1742793499071
    },
    "RECIPE.compute_unknown_titanic_prepared": {
      "versionNumber": 0,
      "lastModifiedBy": {
        "login": "fs675@live.mdx.ac.uk"
      },
      "lastModifiedOn": 1742796110426
    },
    "RECIPE.split_titanic4_v1": {
      "versionNumber": 1,
      "lastModifiedBy": {
        "login": "fs675@live.mdx.ac.uk"
      },
      "lastModifiedOn": 1742624346244
    },
    "RECIPE.train_Predict_Survived__binary_": {
      "versionNumber": 0,
      "lastModifiedBy": {
        "login": "fs675@live.mdx.ac.uk"
      },
      "lastModifiedOn": 1742794668766
    },
    "SAVED_MODEL.XHIJw4i9": {
      "versionNumber": 2,
      "lastModifiedBy": {
        "login": "fs675@live.mdx.ac.uk"
      },
      "lastModifiedOn": 1742795312472
    }
  }
}