{
  "type": "S3",
  "managed": true,
  "featureGroup": false,
  "formatType": "parquet",
  "checklists": {
    "checklists": []
  },
  "checks": [],
  "customMeta": {
    "kv": {}
  },
  "flowOptions": {
    "virtualizable": true,
    "rebuildBehavior": "NORMAL",
    "crossProjectBuildBehavior": "DEFAULT"
  },
  "readWriteOptions": {
    "preserveOrder": false,
    "writeBuckets": 1,
    "forceSingleOutputFile": false,
    "defaultReadOrdering": {
      "enabled": false,
      "rules": []
    }
  },
  "formatParams": {
    "parquetLowerCaseIdentifiers": false,
    "representsNullFields": false,
    "parquetCompressionMethod": "SNAPPY",
    "parquetFlavor": "HIVE",
    "parquetBlockSizeMB": 128,
    "readTemporalMode": "AS_TEMPORAL"
  },
  "partitioning": {
    "ignoreNonMatchingFile": false,
    "considerMissingRequestedPartitionsAsEmpty": false,
    "dimensions": []
  },
  "creationTag": {
    "versionNumber": 0,
    "lastModifiedBy": {
      "login": "fs675@live.mdx.ac.uk"
    },
    "lastModifiedOn": 1742882368617
  },
  "tags": [],
  "params": {
    "bucket": "gis-data-ap-northeast-1",
    "metastoreSynchronizationEnabled": true,
    "metastoreDatabaseName": "default",
    "metastoreTableName": "${projectKey}_train",
    "connection": "dataiku-managed-storage",
    "path": "/managed-dss-data/${projectKey}/train",
    "notReadyIfEmpty": false,
    "filesSelectionRules": {
      "mode": "ALL",
      "excludeRules": [],
      "includeRules": [],
      "explicitFiles": []
    },
    "variablesExpansionLoopConfig": {
      "enabled": false,
      "mode": "CREATE_VARIABLE_FOR_EACH_COLUMN",
      "replacements": []
    }
  },
  "schema": {
    "columns": [
      {"name":"Customer_ID","type":"string"},
      {"name":"Age","type":"double","meaning":"DoubleMeaning"},
      {"name":"Income","type":"double"},
      {"name":"Marital_Status","type":"string"},
      {"name":"Job_Type","type":"string"},
      {"name":"Has_Loan","type":"boolean"},
      {"name":"Credit_Score","type":"int"},
      {"name":"Visits_to_Branch","type":"int"},
      {"name":"Avg_Online_Spending_AED","type":"double"},
      {"name":"Emirate","type":"string"},
      {"name":"Children","type":"string"},
      {"name":"Shopping_Interest","type":"string"},
      {"name":"Shopping_Interest1","type":"boolean"},
      {"name":"Total_Years_in_UAE","type":"int"},
      {"name":"Signed_Up_CC","type":"boolean"}
    ],
    "userModified": true
  },
  "typeSystemVersion": "V2",
  "dkuProperties": [],
  "metrics": {
    "probes": [
      {
        "type": "basic",
        "enabled": true,
        "computeOnBuildMode": "PARTITION",
        "meta": {
          "name": "Basic data",
          "level": 0
        },
        "configuration": {}
      },
      {
        "type": "records",
        "enabled": true,
        "computeOnBuildMode": "NO",
        "meta": {
          "name": "Record count",
          "level": 0
        },
        "configuration": {}
      }
    ],
    "engineConfig": {
      "padRunsWithMetrics": false,
      "hive": {
        "active": true,
        "extraConf": []
      },
      "basic": {},
      "dss": {
        "active": true,
        "selection": {
          "useMemTable": false,
          "filter": {
            "distinct": false,
            "enabled": false
          },
          "partitionSelectionMethod": "ALL",
          "latestPartitionsN": 1,
          "ordering": {
            "enabled": false,
            "rules": []
          },
          "samplingMethod": "FULL",
          "maxRecords": -1,
          "targetRatio": 0.02,
          "ascending": true,
          "withinFirstN": -1,
          "maxReadUncompressedBytes": -1
        }
      },
      "sql": {
        "active": true
      },
      "impala": {
        "active": true
      },
      "spark": {
        "active": true,
        "extraConf": []
      },
      "python": {}
    },
    "displayedState": {
      "columns": [],
      "metrics": [
        "basic:COUNT_COLUMNS",
        "basic:COUNT_FILES",
        "basic:SIZE",
        "records:COUNT_RECORDS"
      ]
    }
  },
  "metricsChecks": {
    "monitor": false,
    "checks": [],
    "displayedState": {
      "checks": []
    }
  },
  "customFields": {}
}