{
    "perClassFacts": {
        "unique": {
            "gender": {
                "impact": 0.0668814246112502,
                "rank": 6,
                "feature": "gender",
                "positiveCategoricalValue": "Female",
                "negativeCategoricalValue": "Male",
                "infoGain": 0.5476077155015655,
                "type": "CATEGORICAL"
            },
            "used_lego_before": {
                "impact": 0.027580337851315497,
                "rank": 7,
                "feature": "used_lego_before",
                "positiveCategoricalValue": "false",
                "negativeCategoricalValue": "true",
                "infoGain": 0.5700866690032778,
                "type": "CATEGORICAL"
            }
        }
    }
}