{
    "modelInputNRows": 1095,
    "modelInputNCols": 21,
    "modelInputIsSparse": false,
    "modelInputMemory": 183960,
    "rawImportance": {
        "variables": [
            "entertainment_budget_pct",
            "hours_playing",
            "tech_savvy_score",
            "Age",
            "dummy:gender:Male",
            "dummy:gender:Female",
            "dummy:platform_used:Mobile",
            "dummy:platform_used:N/A",
            "dummy:used_lego_before:false",
            "dummy:owns_tablet:false"
        ],
        "importances": [
            0.16671369659111512,
            0.15854913376354088,
            0.2099669303685703,
            0.28146429600867756,
            0.013207238329498149,
            0.029822953686321135,
            0.029533473283296745,
            0.04944686892161921,
            0.035263364258421,
            0.026032044788939827
        ]
    },
    "probaAware": true
}