{
    "metrics": {},
    "processed_feature_names": [
        "entertainment_budget_pct",
        "hours_playing",
        "tech_savvy_score",
        "Age",
        "dummy:gender:Male",
        "dummy:gender:Female",
        "dummy:gender:N/A",
        "dummy:gender:__Others__",
        "dummy:platform_used:Mobile",
        "dummy:platform_used:PC",
        "dummy:platform_used:Console",
        "dummy:platform_used:N/A",
        "dummy:platform_used:__Others__",
        "dummy:used_lego_before:false",
        "dummy:used_lego_before:true",
        "dummy:used_lego_before:N/A",
        "dummy:used_lego_before:__Others__",
        "dummy:owns_tablet:true",
        "dummy:owns_tablet:false",
        "dummy:owns_tablet:N/A",
        "dummy:owns_tablet:__Others__"
    ],
    "optimalThreshold": 0.0,
    "usedThreshold": 0.0,
    "perCutData": {
        "cut": [
            0.0,
            0.025,
            0.05,
            0.075,
            0.1,
            0.125,
            0.15,
            0.175,
            0.2,
            0.225,
            0.25,
            0.275,
            0.3,
            0.325,
            0.35,
            0.375,
            0.4,
            0.425,
            0.45,
            0.475,
            0.5,
            0.525,
            0.55,
            0.575,
            0.6,
            0.625,
            0.65,
            0.675,
            0.7,
            0.725,
            0.75,
            0.775,
            0.8,
            0.825,
            0.85,
            0.875,
            0.9,
            0.925,
            0.95,
            0.975
        ],
        "tp": [
            91,
            91,
            88,
            88,
            86,
            86,
            86,
            85,
            85,
            85,
            84,
            84,
            83,
            83,
            83,
            79,
            72,
            66,
            66,
            66,
            66,
            60,
            29,
            26,
            26,
            14,
            9,
            7,
            7,
            7,
            7,
            5,
            5,
            5,
            5,
            5,
            5,
            4,
            4,
            4
        ],
        "tn": [
            2,
            2,
            9,
            9,
            11,
            11,
            11,
            13,
            13,
            13,
            13,
            13,
            16,
            16,
            16,
            21,
            40,
            49,
            49,
            49,
            49,
            63,
            100,
            114,
            114,
            139,
            150,
            153,
            153,
            153,
            153,
            154,
            157,
            157,
            157,
            157,
            157,
            157,
            157,
            157
        ],
        "fp": [
            157,
            157,
            150,
            150,
            148,
            148,
            148,
            146,
            146,
            146,
            146,
            146,
            143,
            143,
            143,
            138,
            119,
            110,
            110,
            110,
            110,
            96,
            59,
            45,
            45,
            20,
            9,
            6,
            6,
            6,
            6,
            5,
            2,
            2,
            2,
            2,
            2,
            2,
            2,
            2
        ],
        "fn": [
            2,
            2,
            5,
            5,
            7,
            7,
            7,
            8,
            8,
            8,
            9,
            9,
            10,
            10,
            10,
            14,
            21,
            27,
            27,
            27,
            27,
            33,
            64,
            67,
            67,
            79,
            84,
            86,
            86,
            86,
            86,
            88,
            88,
            88,
            88,
            88,
            88,
            89,
            89,
            89
        ],
        "precision": [
            0.36693548387096775,
            0.36693548387096775,
            0.3697478991596639,
            0.3697478991596639,
            0.36752136752136755,
            0.36752136752136755,
            0.36752136752136755,
            0.36796536796536794,
            0.36796536796536794,
            0.36796536796536794,
            0.3652173913043478,
            0.3652173913043478,
            0.3672566371681416,
            0.3672566371681416,
            0.3672566371681416,
            0.3640552995391705,
            0.3769633507853403,
            0.375,
            0.375,
            0.375,
            0.375,
            0.38461538461538464,
            0.32954545454545453,
            0.36619718309859156,
            0.36619718309859156,
            0.4117647058823529,
            0.5,
            0.5384615384615384,
            0.5384615384615384,
            0.5384615384615384,
            0.5384615384615384,
            0.5,
            0.7142857142857143,
            0.7142857142857143,
            0.7142857142857143,
            0.7142857142857143,
            0.7142857142857143,
            0.6666666666666666,
            0.6666666666666666,
            0.6666666666666666
        ],
        "recall": [
            0.978494623655914,
            0.978494623655914,
            0.946236559139785,
            0.946236559139785,
            0.9247311827956989,
            0.9247311827956989,
            0.9247311827956989,
            0.9139784946236559,
            0.9139784946236559,
            0.9139784946236559,
            0.9032258064516129,
            0.9032258064516129,
            0.8924731182795699,
            0.8924731182795699,
            0.8924731182795699,
            0.8494623655913979,
            0.7741935483870968,
            0.7096774193548387,
            0.7096774193548387,
            0.7096774193548387,
            0.7096774193548387,
            0.6451612903225806,
            0.3118279569892473,
            0.27956989247311825,
            0.27956989247311825,
            0.15053763440860216,
            0.0967741935483871,
            0.07526881720430108,
            0.07526881720430108,
            0.07526881720430108,
            0.07526881720430108,
            0.053763440860215055,
            0.053763440860215055,
            0.053763440860215055,
            0.053763440860215055,
            0.053763440860215055,
            0.053763440860215055,
            0.043010752688172046,
            0.043010752688172046,
            0.043010752688172046
        ],
        "accuracy": [
            0.36904761904761907,
            0.36904761904761907,
            0.38492063492063494,
            0.38492063492063494,
            0.38492063492063494,
            0.38492063492063494,
            0.38492063492063494,
            0.3888888888888889,
            0.3888888888888889,
            0.3888888888888889,
            0.38492063492063494,
            0.38492063492063494,
            0.39285714285714285,
            0.39285714285714285,
            0.39285714285714285,
            0.3968253968253968,
            0.4444444444444444,
            0.45634920634920634,
            0.45634920634920634,
            0.45634920634920634,
            0.45634920634920634,
            0.4880952380952381,
            0.5119047619047619,
            0.5555555555555556,
            0.5555555555555556,
            0.6071428571428571,
            0.6309523809523809,
            0.6349206349206349,
            0.6349206349206349,
            0.6349206349206349,
            0.6349206349206349,
            0.6309523809523809,
            0.6428571428571429,
            0.6428571428571429,
            0.6428571428571429,
            0.6428571428571429,
            0.6428571428571429,
            0.6388888888888888,
            0.6388888888888888,
            0.6388888888888888
        ],
        "f1": [
            0.533724340175953,
            0.533724340175953,
            0.5317220543806647,
            0.5317220543806647,
            0.5259938837920489,
            0.5259938837920489,
            0.5259938837920489,
            0.5246913580246914,
            0.5246913580246914,
            0.5246913580246914,
            0.5201238390092879,
            0.5201238390092879,
            0.5203761755485893,
            0.5203761755485893,
            0.5203761755485893,
            0.5096774193548387,
            0.5070422535211269,
            0.4907063197026022,
            0.4907063197026022,
            0.4907063197026022,
            0.4907063197026022,
            0.4819277108433735,
            0.3204419889502762,
            0.3170731707317073,
            0.3170731707317073,
            0.22047244094488191,
            0.16216216216216214,
            0.1320754716981132,
            0.1320754716981132,
            0.1320754716981132,
            0.1320754716981132,
            0.09708737864077671,
            0.1,
            0.1,
            0.1,
            0.1,
            0.1,
            0.08080808080808081,
            0.08080808080808081,
            0.08080808080808081
        ],
        "mcc": [
            -0.03446498221267712,
            -0.03446498221267712,
            0.005983520145903766,
            0.005983520145903766,
            -0.011404028441021875,
            -0.011404028441021875,
            -0.011404028441021875,
            -0.007438491579244568,
            -0.007438491579244568,
            -0.007438491579244568,
            -0.02566478790569238,
            -0.02566478790569238,
            -0.010942567688871528,
            -0.010942567688871528,
            -0.010942567688871528,
            -0.025760762964004404,
            0.029027079214404103,
            0.01877157704996625,
            0.01877157704996625,
            0.01877157704996625,
            0.01877157704996625,
            0.04112571580180318,
            -0.05996541030573372,
            -0.0036996588395284964,
            -0.0036996588395284964,
            0.03496015453077124,
            0.07526658771074438,
            0.08188084578810369,
            0.08188084578810369,
            0.08188084578810369,
            0.08188084578810369,
            0.05516532999626739,
            0.12093310230643206,
            0.12093310230643206,
            0.12093310230643206,
            0.12093310230643206,
            0.12093310230643206,
            0.09632284436379855,
            0.09632284436379855,
            0.09632284436379855
        ],
        "hammingLoss": [
            0.6309523809523809,
            0.6309523809523809,
            0.6150793650793651,
            0.6150793650793651,
            0.6150793650793651,
            0.6150793650793651,
            0.6150793650793651,
            0.6111111111111112,
            0.6111111111111112,
            0.6111111111111112,
            0.6150793650793651,
            0.6150793650793651,
            0.6071428571428572,
            0.6071428571428572,
            0.6071428571428572,
            0.6031746031746033,
            0.5555555555555556,
            0.5436507936507937,
            0.5436507936507937,
            0.5436507936507937,
            0.5436507936507937,
            0.5119047619047619,
            0.48809523809523814,
            0.4444444444444444,
            0.4444444444444444,
            0.3928571428571429,
            0.36904761904761907,
            0.3650793650793651,
            0.3650793650793651,
            0.3650793650793651,
            0.3650793650793651,
            0.36904761904761907,
            0.3571428571428571,
            0.3571428571428571,
            0.3571428571428571,
            0.3571428571428571,
            0.3571428571428571,
            0.36111111111111116,
            0.36111111111111116,
            0.36111111111111116
        ],
        "assertionsMetrics": [],
        "overridesMetrics": []
    },
    "tiMetrics": {
        "auc": 0.5039223642388584,
        "logLoss": 1.2977736756101677,
        "lift": 0.9212903225806451,
        "averagePrecision": 0.39667332149107504,
        "calibrationLoss": 0.1928682766700849
    },
    "probaPercentiles": [
        0.0,
        0.0402626113753601,
        0.0402626113753601,
        0.0402626113753601,
        0.0402626113753601,
        0.07995210855394438,
        0.12424561864042066,
        0.16370457281928577,
        0.2775554187192118,
        0.2850905403822291,
        0.35290663534938355,
        0.35290663534938355,
        0.35290663534938355,
        0.3782252989301448,
        0.3812005106765064,
        0.3828025477707011,
        0.3828025477707011,
        0.3828025477707011,
        0.3828025477707011,
        0.3828025477707011,
        0.3828025477707011,
        0.3828025477707011,
        0.3828025477707011,
        0.3893536824674523,
        0.41009894234049815,
        0.4100989423404982,
        0.4100989423404982,
        0.4100989423404982,
        0.4100989423404982,
        0.4386333525717606,
        0.5052136431113738,
        0.5052136431113738,
        0.5052136431113738,
        0.5052136431113738,
        0.5052136431113738,
        0.5052136431113738,
        0.5052136431113738,
        0.5166990989983052,
        0.5354385270243516,
        0.5354385270243516,
        0.5354385270243516,
        0.5469307662775323,
        0.5469307662775323,
        0.5469307662775323,
        0.5469307662775323,
        0.5469307662775323,
        0.5469307662775323,
        0.5469307662775323,
        0.5469307662775323,
        0.5469307662775323,
        0.5469307662775323,
        0.5469307662775323,
        0.5469307662775323,
        0.5469307662775323,
        0.5469307662775323,
        0.5469307662775323,
        0.5469307662775323,
        0.5469307662775323,
        0.5469307662775323,
        0.5469307662775323,
        0.5469307662775323,
        0.5469307662775323,
        0.5469307662775323,
        0.5469307662775323,
        0.5509749343203344,
        0.5629683597002497,
        0.5629683597002497,
        0.5629683597002497,
        0.5629683597002497,
        0.5723313998787983,
        0.5723313998787983,
        0.6077741463920797,
        0.6215574367028004,
        0.6215574367028004,
        0.6215574367028004,
        0.6215574367028004,
        0.6215574367028004,
        0.6215574367028004,
        0.6215574367028004,
        0.6215574367028004,
        0.6215574367028004,
        0.6215574367028004,
        0.6215574367028004,
        0.6215574367028004,
        0.6215574367028004,
        0.6215574367028004,
        0.6328275007742337,
        0.6328275007742337,
        0.6328275007742337,
        0.6328275007742337,
        0.6328275007742337,
        0.6328275007742337,
        0.6486880516392185,
        0.6697125027858257,
        0.716219495054805,
        0.773061374494671,
        0.7849368741837179,
        0.9981365522444351,
        1.0
    ],
    "rocVizData": [
        [
            {
                "x": 0.0,
                "y": 0.0,
                "p": 2.0
            },
            {
                "x": 0.012578616352201259,
                "y": 0.053763440860215055,
                "p": 0.9068276122218031
            },
            {
                "x": 0.05660377358490566,
                "y": 0.0967741935483871,
                "p": 0.6697125027858257
            },
            {
                "x": 0.12578616352201258,
                "y": 0.15053763440860216,
                "p": 0.6328275007742337
            },
            {
                "x": 0.2830188679245283,
                "y": 0.27956989247311825,
                "p": 0.6215574367028004
            },
            {
                "x": 0.3710691823899371,
                "y": 0.3118279569892473,
                "p": 0.5629683597002497
            },
            {
                "x": 0.5723270440251572,
                "y": 0.6021505376344086,
                "p": 0.5469307662775323
            },
            {
                "x": 0.6037735849056604,
                "y": 0.6451612903225806,
                "p": 0.5354385270243516
            },
            {
                "x": 0.6918238993710691,
                "y": 0.7096774193548387,
                "p": 0.5052136431113738
            },
            {
                "x": 0.7358490566037735,
                "y": 0.7634408602150538,
                "p": 0.4100989423404982
            },
            {
                "x": 0.8553459119496856,
                "y": 0.8387096774193549,
                "p": 0.3828025477707011
            },
            {
                "x": 0.89937106918239,
                "y": 0.8924731182795699,
                "p": 0.35290663534938355
            },
            {
                "x": 0.9433962264150944,
                "y": 0.946236559139785,
                "p": 0.07995210855394438
            },
            {
                "x": 0.9874213836477987,
                "y": 0.978494623655914,
                "p": 0.0402626113753601
            },
            {
                "x": 1.0,
                "y": 1.0,
                "p": 0.0
            }
        ]
    ],
    "liftVizData": {
        "bins": [
            {
                "bin_pos_prop": 0.4117647059,
                "bin_lift": 1.1157495256,
                "cum_lift": 0.1505376344,
                "cum_size": 0.1349206349,
                "bin_min": 0.6215574367,
                "bin_max": 1.0,
                "percentile_idx": 0
            },
            {
                "bin_pos_prop": 0.2790697674,
                "bin_lift": 0.7561890473,
                "cum_lift": 0.2795698925,
                "cum_size": 0.3055555556,
                "bin_min": 0.5629683597,
                "bin_max": 0.6215574367,
                "percentile_idx": 1
            },
            {
                "bin_pos_prop": 0.3076923077,
                "bin_lift": 0.8337468983,
                "cum_lift": 0.3225806452,
                "cum_size": 0.3571428571,
                "bin_min": 0.5469307663,
                "bin_max": 0.5629683597,
                "percentile_idx": 2
            },
            {
                "bin_pos_prop": 0.4545454545,
                "bin_lift": 1.2316715543,
                "cum_lift": 0.6451612903,
                "cum_size": 0.619047619,
                "bin_min": 0.5052136431,
                "bin_max": 0.5469307663,
                "percentile_idx": 3
            },
            {
                "bin_pos_prop": 0.3428571429,
                "bin_lift": 0.9290322581,
                "cum_lift": 0.7741935484,
                "cum_size": 0.7579365079,
                "bin_min": 0.3828025478,
                "bin_max": 0.5052136431,
                "percentile_idx": 4
            },
            {
                "bin_pos_prop": 0.3442622951,
                "bin_lift": 0.9328397673,
                "cum_lift": 1.0,
                "cum_size": 1.0,
                "bin_min": 0.0,
                "bin_max": 0.3828025478,
                "percentile_idx": 5
            }
        ],
        "wizard": {
            "positives": 93,
            "total": 252
        }
    },
    "prVizData": [
        {
            "bins": [
                {
                    "x": 1.0,
                    "y": 0.36904761904761907,
                    "p": 0.0
                },
                {
                    "x": 0.946236559139785,
                    "y": 0.3697478991596639,
                    "p": 0.07995210855394438
                },
                {
                    "x": 0.8924731182795699,
                    "y": 0.3672566371681416,
                    "p": 0.35290663534938355
                },
                {
                    "x": 0.8387096774193549,
                    "y": 0.3644859813084112,
                    "p": 0.3828025477707011
                },
                {
                    "x": 0.7741935483870968,
                    "y": 0.3769633507853403,
                    "p": 0.41009894234049815
                },
                {
                    "x": 0.7096774193548387,
                    "y": 0.375,
                    "p": 0.5052136431113738
                },
                {
                    "x": 0.6451612903225806,
                    "y": 0.38461538461538464,
                    "p": 0.5354385270243516
                },
                {
                    "x": 0.3225806451612903,
                    "y": 0.3333333333333333,
                    "p": 0.5488584474885845
                },
                {
                    "x": 0.27956989247311825,
                    "y": 0.36619718309859156,
                    "p": 0.6215574367028004
                },
                {
                    "x": 0.15053763440860216,
                    "y": 0.4117647058823529,
                    "p": 0.6328275007742337
                },
                {
                    "x": 0.0967741935483871,
                    "y": 0.5,
                    "p": 0.6697125027858257
                },
                {
                    "x": 0.053763440860215055,
                    "y": 0.5,
                    "p": 0.7849368741837179
                },
                {
                    "x": 0.053763440860215055,
                    "y": 0.7142857142857143,
                    "p": 0.9068276122218031
                },
                {
                    "x": 0.043010752688172046,
                    "y": 0.6666666666666666,
                    "p": 1.0
                }
            ],
            "positiveRate": 0.36904761904761907
        }
    ],
    "densityData": {
        "Physical": {
            "actualIsThisClass": [
                0.07608108813917844,
                0.07568028047080637,
                0.07385171545563032,
                0.07086312583588002,
                0.06710149925002612,
                0.06304596394040145,
                0.0592324370263474,
                0.056213723581561584,
                0.054518839733690753,
                0.054615093625714456,
                0.05687615673858873,
                0.061559208402146265,
                0.06879430397283359,
                0.07858926728242692,
                0.09085332207687372,
                0.10544194176963234,
                0.1222236438664447,
                0.14116651702460187,
                0.16243830110138707,
                0.1865093761987375,
                0.21424391977286936,
                0.2469618133190097,
                0.28645364025136594,
                0.3349340416301648,
                0.3949249838112674,
                0.4690696473864343,
                0.5598884494635454,
                0.6694993444715881,
                0.7993328992890767,
                0.9498767372811012,
                1.1204824682995782,
                1.3092609303406024,
                1.5130795542588331,
                1.7276612627956864,
                1.9477706533307169,
                2.167463425022013,
                2.380371332307341,
                2.5799979522159178,
                2.760008816471878,
                2.914509830234141,
                3.038316387327701,
                3.1272186374177755,
                3.1782440957289566,
                3.189907848359359,
                3.1624261846366406,
                3.0978565194044205,
                3.000120198382207,
                2.8748691235809614,
                2.729173354399669,
                2.571032955457728,
                2.4087484919955426,
                2.250214082880254,
                2.1022180507149457,
                1.969843723961143,
                1.8560543826317564,
                1.7615225617809382,
                1.6847289225283382,
                1.6223159064836614,
                1.5696435943456835,
                1.5214662945197044,
                1.472633321373885,
                1.4187184422745256,
                1.356498806986555,
                1.2842322644997157,
                1.2017162586607952,
                1.110145572120342,
                1.0118141141633619,
                0.9097233939667018,
                0.8071653356852407,
                0.7073403068252573,
                0.6130554860026896,
                0.5265282045630314,
                0.44929818639923047,
                0.38223550960054936,
                0.3256200275789203,
                0.2792636114595433,
                0.2426480597127492,
                0.21505698046094945,
                0.1956871404863713,
                0.18373171910567243,
                0.17843333620398816,
                0.17910822691292333,
                0.18514482286713,
                0.1959809937302147,
                0.2110650525374108,
                0.22980679146680605,
                0.25152628833582036,
                0.2754095681280419,
                0.30048072676675297,
                0.32559916314387616,
                0.3494877630899642,
                0.3707933706961816,
                0.38817533097648493,
                0.40041235549189846,
                0.4065136543623126,
                0.4058182301593753,
                0.3980670298620922,
                0.383436274174625,
                0.3625260796559309,
                0.3363053362001781
            ],
            "actualIsNotThisClass": [
                0.23264566546868534,
                0.23597298002905326,
                0.23683371450508914,
                0.23537339242991662,
                0.23184649899761264,
                0.22660387764594156,
                0.22007565890174657,
                0.21275161641519236,
                0.20516103973595573,
                0.1978541886694514,
                0.19138715979751456,
                0.18631158040157714,
                0.1831699898656918,
                0.1824971222458773,
                0.18482661783615284,
                0.19070201883549107,
                0.20069029705031816,
                0.2153956715608392,
                0.2354711507394606,
                0.2616251197410224,
                0.29462042480897577,
                0.3352637958203827,
                0.38438409193235773,
                0.44279871879409705,
                0.5112685896168292,
                0.5904431044744319,
                0.6807977076574917,
                0.7825675559074199,
                0.8956816063933711,
                1.0197019486837204,
                1.1537734213297102,
                1.296588456267772,
                1.4463716849215427,
                1.6008881274744453,
                1.7574777787354643,
                1.9131181034081852,
                2.0645143643018744,
                2.208215847593941,
                2.3407539723612287,
                2.458796083953287,
                2.5593066058316185,
                2.6397054009518848,
                2.698011955221875,
                2.7329636308980874,
                2.7440969871316856,
                2.7317831610513643,
                2.6972115209149328,
                2.642320031481875,
                2.569675615271007,
                2.482312710379184,
                2.3835425996551503,
                2.276749318510063,
                2.1651895567124946,
                2.051813671685729,
                1.9391227024781434,
                1.8290723610125308,
                1.7230298664618549,
                1.6217838338399735,
                1.5256019521521906,
                1.4343265730679686,
                1.3474951192171778,
                1.2644707371751975,
                1.1845689361222296,
                1.1071678923237933,
                1.0317932791150435,
                0.9581723843244759,
                0.8862563357716808,
                0.8162129415347018,
                0.748395544943359,
                0.6832951311868737,
                0.6214836149381016,
                0.5635558641987362,
                0.5100767851322081,
                0.46153800102530873,
                0.4183266315437546,
                0.3807067224215623,
                0.3488122376879564,
                0.32264936943262873,
                0.3021053140592681,
                0.28696059210940045,
                0.27690236410199204,
                0.27153688386314695,
                0.2704000788187169,
                0.27296610151600537,
                0.27865442769077203,
                0.28683658774606485,
                0.2968438564500404,
                0.30797717862387725,
                0.3195203042694571,
                0.330756604432064,
                0.3409894205694139,
                0.34956515765912977,
                0.35589775648763416,
                0.359492753846311,
                0.3599689203364818,
                0.3570754863344636,
                0.3507032286841902,
                0.340888164590856,
                0.3278072292808051,
                0.31176602564835815
            ],
            "actualIsThisClassMedian": 0.4530692337224676,
            "actualIsNotThisClassMedian": 0.4530692337224676
        },
        "Digital": {
            "actualIsThisClass": [
                0.31176602564835815,
                0.3278072292808051,
                0.3408881645908562,
                0.3507032286841902,
                0.3570754863344636,
                0.3599689203364818,
                0.359492753846311,
                0.355897756487634,
                0.34956515765912977,
                0.3409894205694138,
                0.3307566044320639,
                0.31952030426945693,
                0.3079771786238771,
                0.29684385645004024,
                0.28683658774606463,
                0.27865442769077214,
                0.27296610151600537,
                0.2704000788187169,
                0.27153688386314706,
                0.2769023641019923,
                0.2869605921094006,
                0.3021053140592682,
                0.32264936943262856,
                0.34881223768795655,
                0.3807067224215626,
                0.4183266315437548,
                0.46153800102530895,
                0.5100767851322086,
                0.5635558641987372,
                0.6214836149381021,
                0.6832951311868742,
                0.7483955449433604,
                0.8162129415347018,
                0.8862563357716816,
                0.9581723843244759,
                1.0317932791150435,
                1.1071678923237933,
                1.1845689361222296,
                1.2644707371751986,
                1.3474951192171778,
                1.4343265730679673,
                1.525601952152192,
                1.6217838338399748,
                1.7230298664618549,
                1.8290723610125323,
                1.9391227024781417,
                2.051813671685729,
                2.1651895567124946,
                2.276749318510059,
                2.3835425996551503,
                2.4823127103791864,
                2.569675615271007,
                2.6423200314818773,
                2.69721152091493,
                2.731783161051367,
                2.7440969871316905,
                2.7329636308980847,
                2.698011955221875,
                2.639705400951887,
                2.559306605831614,
                2.4587960839532825,
                2.3407539723612265,
                2.208215847593941,
                2.0645143643018744,
                1.913118103408182,
                1.7574777787354627,
                1.6008881274744424,
                1.44637168492154,
                1.296588456267771,
                1.153773421329709,
                1.0197019486837193,
                0.8956816063933687,
                0.7825675559074199,
                0.6807977076574906,
                0.5904431044744319,
                0.5112685896168284,
                0.4427987187940969,
                0.38438409193235773,
                0.33526379582038235,
                0.2946204248089759,
                0.2616251197410223,
                0.23547115073946048,
                0.2153956715608391,
                0.20069029705031816,
                0.19070201883549107,
                0.18482661783615284,
                0.18249712224587739,
                0.18316998986569188,
                0.18631158040157722,
                0.19138715979751472,
                0.19785418866945148,
                0.2051610397359559,
                0.21275161641519255,
                0.22007565890174666,
                0.22660387764594175,
                0.23184649899761275,
                0.23537339242991662,
                0.23683371450508925,
                0.23597298002905326,
                0.23264566546868534
            ],
            "actualIsNotThisClass": [
                0.3363053362001781,
                0.3625260796559309,
                0.383436274174625,
                0.3980670298620922,
                0.4058182301593753,
                0.4065136543623126,
                0.40041235549189846,
                0.38817533097648454,
                0.3707933706961819,
                0.3494877630899639,
                0.3255991631438759,
                0.30048072676675286,
                0.2754095681280416,
                0.25152628833582014,
                0.22980679146680585,
                0.2110650525374108,
                0.1959809937302146,
                0.18514482286712983,
                0.17910822691292333,
                0.17843333620398816,
                0.18373171910567243,
                0.19568714048637148,
                0.21505698046094945,
                0.24264805971274953,
                0.2792636114595437,
                0.32562002757892056,
                0.3822355096005504,
                0.4492981863992313,
                0.5265282045630318,
                0.6130554860026912,
                0.707340306825258,
                0.8071653356852422,
                0.9097233939667027,
                1.0118141141633628,
                1.110145572120342,
                1.2017162586607972,
                1.2842322644997168,
                1.356498806986555,
                1.4187184422745256,
                1.472633321373885,
                1.521466294519703,
                1.5696435943456835,
                1.6223159064836614,
                1.6847289225283413,
                1.7615225617809398,
                1.8560543826317564,
                1.969843723961143,
                2.1022180507149457,
                2.250214082880254,
                2.408748491995547,
                2.5710329554577234,
                2.729173354399664,
                2.8748691235809614,
                3.000120198382207,
                3.0978565194044205,
                3.1624261846366353,
                3.189907848359359,
                3.1782440957289566,
                3.1272186374177755,
                3.038316387327701,
                2.914509830234141,
                2.760008816471878,
                2.5799979522159178,
                2.3803713323073366,
                2.1674634250220093,
                1.9477706533307169,
                1.7276612627956833,
                1.5130795542588331,
                1.3092609303406024,
                1.1204824682995773,
                0.9498767372810996,
                0.799332899289076,
                0.6694993444715887,
                0.559888449463545,
                0.4690696473864343,
                0.39492498381126667,
                0.3349340416301648,
                0.28645364025136594,
                0.2469618133190097,
                0.21424391977286955,
                0.18650937619873734,
                0.16243830110138693,
                0.14116651702460173,
                0.12222364386644465,
                0.1054419417696324,
                0.09085332207687363,
                0.07858926728242692,
                0.06879430397283355,
                0.061559208402146265,
                0.0568761567385887,
                0.054615093625714456,
                0.05451883973369078,
                0.05621372358156163,
                0.05923243702634743,
                0.0630459639404015,
                0.06710149925002612,
                0.07086312583588002,
                0.07385171545563032,
                0.07568028047080641,
                0.07608108813917844
            ],
            "actualIsThisClassMedian": 0.5469307662775323,
            "actualIsNotThisClassMedian": 0.5469307662775323
        }
    },
    "calibrationData": [
        {
            "y": 0,
            "x": 0,
            "n": 0
        },
        {
            "y": 0.3888888888888889,
            "x": 0.04013525266496548,
            "n": 18.0
        },
        {
            "y": 0.3333333333333333,
            "x": 0.15766002098635887,
            "n": 3.0
        },
        {
            "y": 0.4,
            "x": 0.26868771875495806,
            "n": 5.0
        },
        {
            "y": 0.3142857142857143,
            "x": 0.37472269181888607,
            "n": 35.0
        },
        {
            "y": 0.4,
            "x": 0.4100989423404983,
            "n": 15.0
        },
        {
            "y": 0.38095238095238093,
            "x": 0.5411679098497019,
            "n": 105.0
        },
        {
            "y": 0.3275862068965517,
            "x": 0.6288177186951809,
            "n": 58.0
        },
        {
            "y": 0.3333333333333333,
            "x": 0.7789991243391944,
            "n": 6.0
        },
        {
            "y": 0.7142857142857143,
            "x": 0.986689658888829,
            "n": 7.0
        },
        {
            "y": 1,
            "x": 1,
            "n": 0
        }
    ],
    "probaDistribData": {
        "bins": [
            0.0,
            0.1,
            0.2,
            0.3,
            0.4,
            0.5,
            0.6,
            0.7,
            0.8,
            0.9,
            1.0
        ],
        "probaDistribs": [
            [
                11.0,
                2.0,
                3.0,
                24.0,
                9.0,
                65.0,
                39.0,
                4.0,
                0.0,
                2.0
            ],
            [
                7.0,
                1.0,
                2.0,
                11.0,
                6.0,
                40.0,
                19.0,
                2.0,
                0.0,
                5.0
            ]
        ]
    },
    "globalMetrics": {
        "testWeight": 252,
        "targetAvg": [
            0.36904761904761907
        ],
        "targetStd": [
            0.48350715510541586
        ],
        "predictionAvg": [
            0.9841269841269841
        ],
        "predictionStd": [
            0.12498425196844143
        ]
    }
}