{
    "predictedClassCountPerCut": [
        {
            "Digital": 248,
            "Physical": 4
        },
        {
            "Digital": 248,
            "Physical": 4
        },
        {
            "Digital": 238,
            "Physical": 14
        },
        {
            "Digital": 238,
            "Physical": 14
        },
        {
            "Digital": 234,
            "Physical": 18
        },
        {
            "Digital": 234,
            "Physical": 18
        },
        {
            "Digital": 234,
            "Physical": 18
        },
        {
            "Digital": 231,
            "Physical": 21
        },
        {
            "Digital": 231,
            "Physical": 21
        },
        {
            "Digital": 231,
            "Physical": 21
        },
        {
            "Digital": 230,
            "Physical": 22
        },
        {
            "Digital": 230,
            "Physical": 22
        },
        {
            "Digital": 226,
            "Physical": 26
        },
        {
            "Digital": 226,
            "Physical": 26
        },
        {
            "Digital": 226,
            "Physical": 26
        },
        {
            "Digital": 217,
            "Physical": 35
        },
        {
            "Digital": 191,
            "Physical": 61
        },
        {
            "Digital": 176,
            "Physical": 76
        },
        {
            "Digital": 176,
            "Physical": 76
        },
        {
            "Digital": 176,
            "Physical": 76
        },
        {
            "Digital": 176,
            "Physical": 76
        },
        {
            "Digital": 156,
            "Physical": 96
        },
        {
            "Physical": 164,
            "Digital": 88
        },
        {
            "Physical": 181,
            "Digital": 71
        },
        {
            "Physical": 181,
            "Digital": 71
        },
        {
            "Physical": 218,
            "Digital": 34
        },
        {
            "Physical": 234,
            "Digital": 18
        },
        {
            "Physical": 239,
            "Digital": 13
        },
        {
            "Physical": 239,
            "Digital": 13
        },
        {
            "Physical": 239,
            "Digital": 13
        },
        {
            "Physical": 239,
            "Digital": 13
        },
        {
            "Physical": 242,
            "Digital": 10
        },
        {
            "Physical": 245,
            "Digital": 7
        },
        {
            "Physical": 245,
            "Digital": 7
        },
        {
            "Physical": 245,
            "Digital": 7
        },
        {
            "Physical": 245,
            "Digital": 7
        },
        {
            "Physical": 245,
            "Digital": 7
        },
        {
            "Physical": 246,
            "Digital": 6
        },
        {
            "Physical": 246,
            "Digital": 6
        },
        {
            "Physical": 246,
            "Digital": 6
        }
    ],
    "cuts": [
        0.0,
        0.025,
        0.05,
        0.075,
        0.1,
        0.125,
        0.15,
        0.175,
        0.2,
        0.225,
        0.25,
        0.275,
        0.3,
        0.325,
        0.35,
        0.375,
        0.4,
        0.425,
        0.45,
        0.475,
        0.5,
        0.525,
        0.55,
        0.575,
        0.6,
        0.625,
        0.65,
        0.675,
        0.7,
        0.725,
        0.75,
        0.775,
        0.8,
        0.825,
        0.85,
        0.875,
        0.9,
        0.925,
        0.95,
        0.975
    ],
    "predictedClassCount": {
        "Digital": 248,
        "Physical": 4
    },
    "probabilityDensities": {
        "Physical": {
            "density": [
                0.15700597494319574,
                0.15756268163970333,
                0.15495356042180986,
                0.14955741886160293,
                0.14196171640265903,
                0.13290547719274212,
                0.12321180529811011,
                0.11371933521849106,
                0.10522035568512482,
                0.09841064478158762,
                0.09385323586583276,
                0.09195631038490872,
                0.09296472805186605,
                0.0969653520715548,
                0.10390775465755965,
                0.113643171030617,
                0.12598470843194462,
                0.1407900684042377,
                0.1580641960193393,
                0.17807379086434075,
                0.20145959912964734,
                0.2293273792428764,
                0.2632960097288767,
                0.30548269315794424,
                0.35841122531158887,
                0.42483950842331886,
                0.5075155018162631,
                0.6088843079991391,
                0.7307802259027512,
                0.8741435581840782,
                1.0388007168828715,
                1.2233372006471375,
                1.425077723395256,
                1.640169474291727,
                1.8637477718947875,
                2.0901529071695557,
                2.313166007506482,
                2.5262408373496825,
                2.7227247959618945,
                2.896080331819305,
                3.0401306216931454,
                3.149354696565757,
                3.219244506439311,
                3.246711603356796,
                3.230500648736693,
                3.171540181799619,
                3.0731474992670806,
                2.9410106653069406,
                2.782898019729234,
                2.6080896497333192,
                2.4265768958679645,
                2.24812346928667,
                2.081314233208355,
                1.9327276175283208,
                1.8063525508463538,
                1.7033336666329537,
                1.6220767546355979,
                1.5586899505713472,
                1.5076853514059922,
                1.4628293547194906,
                1.4180136718054905,
                1.3680243604558076,
                1.3091111071224755,
                1.2392977850793117,
                1.1584203306421355,
                1.0679209285914895,
                0.9704610921667226,
                0.869435506478314,
                0.7684716647970596,
                0.6709888118549879,
                0.5798676322169188,
                0.4972551357641279,
                0.42450310715171297,
                0.362218003515352,
                0.3103880360663629,
                0.26854983393879067,
                0.23596108187378995,
                0.21175413039603935,
                0.1950557476883156,
                0.18506735176116368,
                0.18110668487278836,
                0.18261559739019614,
                0.18913999074252247,
                0.2002881458898614,
                0.21567375533985872,
                0.2348506810337218,
                0.2572478356092232,
                0.2821140839277303,
                0.30848378419110434,
                0.3351726473847147,
                0.3608104822725922,
                0.38391222180610635,
                0.4029821700563937,
                0.4166399401555978,
                0.42375152262990157,
                0.4235465688502921,
                0.4157039868361457,
                0.40039227483909573,
                0.3782578695484508,
                0.3503628183149717
            ],
            "median": 0.4530692337224676
        },
        "Digital": {
            "density": [
                0.350362818314972,
                0.3782578695484508,
                0.4003922748390961,
                0.4157039868361457,
                0.4235465688502925,
                0.42375152262990157,
                0.4166399401555978,
                0.4029821700563937,
                0.38391222180610635,
                0.3608104822725922,
                0.3351726473847144,
                0.30848378419110406,
                0.2821140839277298,
                0.2572478356092232,
                0.2348506810337216,
                0.2156737553398586,
                0.20028814588986132,
                0.18913999074252222,
                0.1826155973901959,
                0.18110668487278822,
                0.1850673517611636,
                0.19505574768831552,
                0.21175413039603916,
                0.23596108187378975,
                0.2685498339387914,
                0.3103880360663629,
                0.3622180035153523,
                0.42450310715171297,
                0.49725513576412833,
                0.5798676322169204,
                0.6709888118549873,
                0.768471664797061,
                0.869435506478314,
                0.9704610921667235,
                1.0679209285914903,
                1.1584203306421355,
                1.2392977850793139,
                1.3091111071224777,
                1.3680243604558038,
                1.418013671805488,
                1.462829354719492,
                1.5076853514059922,
                1.5586899505713498,
                1.6220767546355994,
                1.7033336666329537,
                1.8063525508463538,
                1.932727617528319,
                2.081314233208357,
                2.2481234692866643,
                2.426576895867969,
                2.6080896497333264,
                2.782898019729239,
                2.9410106653069485,
                3.0731474992670806,
                3.171540181799622,
                3.2305006487367045,
                3.2467116033567933,
                3.219244506439311,
                3.1493546965657595,
                3.040130621693148,
                2.896080331819307,
                2.7227247959618897,
                2.5262408373496825,
                2.313166007506478,
                2.0901529071695504,
                1.8637477718947908,
                1.640169474291727,
                1.425077723395256,
                1.2233372006471375,
                1.0388007168828715,
                0.8741435581840774,
                0.7307802259027505,
                0.6088843079991386,
                0.5075155018162614,
                0.42483950842331847,
                0.35841122531158787,
                0.3054826931579437,
                0.2632960097288767,
                0.2293273792428762,
                0.20145959912964723,
                0.1780737908643406,
                0.15806419601933913,
                0.14079006840423752,
                0.12598470843194462,
                0.113643171030617,
                0.10390775465755957,
                0.09696535207155475,
                0.09296472805186601,
                0.09195631038490867,
                0.09385323586583276,
                0.09841064478158762,
                0.10522035568512482,
                0.11371933521849116,
                0.12321180529811017,
                0.1329054771927423,
                0.14196171640265923,
                0.14955741886160298,
                0.15495356042181,
                0.15756268163970347,
                0.15700597494319593
            ],
            "median": 0.5469307662775323
        }
    }
}