{
    "tree": {
        "leftChild": [
            1,
            2,
            3,
            4,
            5,
            -1,
            -1,
            8,
            -1,
            -1,
            11,
            -1,
            13,
            -1,
            -1,
            16,
            17,
            -1,
            19,
            -1,
            -1,
            22,
            23,
            -1,
            -1,
            26,
            -1,
            -1,
            29,
            30,
            31,
            32,
            -1,
            -1,
            35,
            -1,
            -1,
            38,
            39,
            -1,
            -1,
            42,
            -1,
            -1,
            45,
            46,
            47,
            -1,
            -1,
            50,
            -1,
            -1,
            53,
            54,
            -1,
            -1,
            57,
            -1,
            -1
        ],
        "rightChild": [
            28,
            15,
            10,
            7,
            6,
            -1,
            -1,
            9,
            -1,
            -1,
            12,
            -1,
            14,
            -1,
            -1,
            21,
            18,
            -1,
            20,
            -1,
            -1,
            25,
            24,
            -1,
            -1,
            27,
            -1,
            -1,
            44,
            37,
            34,
            33,
            -1,
            -1,
            36,
            -1,
            -1,
            41,
            40,
            -1,
            -1,
            43,
            -1,
            -1,
            52,
            49,
            48,
            -1,
            -1,
            51,
            -1,
            -1,
            56,
            55,
            -1,
            -1,
            58,
            -1,
            -1
        ],
        "impurity": [
            0.4999999999999888,
            0.4982982978096847,
            0.49936294053774977,
            0.49734091901289756,
            0.49680005227626367,
            0.49994563585101437,
            0.16898258786781206,
            0.4862649182189831,
            0.47252951438192403,
            0.4920699713533193,
            0.4786613141179391,
            0.0,
            0.4423953327963419,
            0.35087497151816227,
            0.48953633718314626,
            0.49185376472190623,
            0.19931533898138687,
            0.0,
            0.11186297055502914,
            0.0,
            0.4952257042180107,
            0.4945545094673428,
            0.4789650506037122,
            0.47044757916448754,
            3.1308289294429414e-14,
            0.49850074645394005,
            0.48383559966340606,
            0.49559500635320997,
            0.4859057248383455,
            0.498546544269417,
            0.4282752954076303,
            0.3498441533972748,
            0.0,
            0.40103681651762957,
            0.41286656728373194,
            0.47034184435869486,
            -6.661338147750939e-16,
            0.4996223289822922,
            0.49280045343262646,
            0.4567270841515213,
            0.49748822160468864,
            0.47866131411791946,
            0.46471371007614193,
            0.3576535752753873,
            0.4343079298812994,
            0.32930890741537067,
            0.17933685646213127,
            0.47034184435869464,
            0.0772830670011938,
            0.4555675422238805,
            0.48252202407859013,
            0.26560667753787903,
            0.49699583404258096,
            0.42031957358210326,
            0.14711953778344378,
            0.4423953327963428,
            0.47462438731411694,
            0.3376219554608253,
            0.4838355996634057
        ],
        "threshold": [
            45.499999974963195,
            12.500000063903972,
            16.500000106255165,
            8.500000001263553,
            43.49999978598466,
            -2.0,
            -2.0,
            0.5,
            -2.0,
            -2.0,
            3.499999995929697,
            -2.0,
            0.5,
            -2.0,
            -2.0,
            10.49999973591936,
            0.49999989627194097,
            -2.0,
            0.5,
            -2.0,
            -2.0,
            17.499999985423646,
            19.50000014562702,
            -2.0,
            -2.0,
            3.499999935643795,
            -2.0,
            -2.0,
            17.499999985423646,
            3.499999995929697,
            0.5,
            49.50000035292027,
            -2.0,
            -2.0,
            1.5000000154997366,
            -2.0,
            -2.0,
            0.5,
            5.5000000133929134,
            -2.0,
            -2.0,
            9.499999937219577,
            -2.0,
            -2.0,
            5.5000000133929134,
            55.50000004326144,
            47.500000163941735,
            -2.0,
            -2.0,
            57.49999935564553,
            -2.0,
            -2.0,
            0.5,
            22.4999998278073,
            -2.0,
            -2.0,
            0.5,
            -2.0,
            -2.0
        ],
        "nSamples": [
            1095,
            808,
            346,
            301,
            112,
            103,
            9,
            189,
            154,
            35,
            45,
            5,
            40,
            19,
            21,
            462,
            15,
            1,
            14,
            12,
            2,
            447,
            146,
            141,
            5,
            301,
            44,
            257,
            287,
            179,
            37,
            31,
            6,
            25,
            6,
            3,
            3,
            142,
            79,
            42,
            37,
            63,
            58,
            5,
            108,
            62,
            36,
            6,
            30,
            26,
            11,
            15,
            46,
            23,
            15,
            8,
            23,
            12,
            11
        ],
        "feature": [
            3,
            0,
            1,
            1,
            3,
            -2,
            -2,
            8,
            -2,
            -2,
            2,
            -2,
            4,
            -2,
            -2,
            3,
            1,
            -2,
            11,
            -2,
            -2,
            0,
            1,
            -2,
            -2,
            1,
            -2,
            -2,
            0,
            2,
            11,
            3,
            -2,
            -2,
            2,
            -2,
            -2,
            5,
            2,
            -2,
            -2,
            2,
            -2,
            -2,
            2,
            3,
            3,
            -2,
            -2,
            3,
            -2,
            -2,
            13,
            0,
            -2,
            -2,
            18,
            -2,
            -2
        ],
        "probas": [
            [
                0.5000000000000004,
                0.4999999999999996
            ],
            [
                0.4708306480161952,
                0.5291693519838048
            ],
            [
                0.5178474012429548,
                0.4821525987570452
            ],
            [
                0.5364628645823697,
                0.46353713541763025
            ],
            [
                0.4600003267279822,
                0.5399996732720178
            ],
            [
                0.49478635688862616,
                0.5052136431113738
            ],
            [
                0.0931723877781969,
                0.9068276122218031
            ],
            [
                0.5828706274292055,
                0.41712937257079447
            ],
            [
                0.6171974522292989,
                0.3828025477707011
            ],
            [
                0.4370316402997503,
                0.5629683597002497
            ],
            [
                0.3967074884561332,
                0.6032925115438668
            ],
            [
                1.0,
                0.0
            ],
            [
                0.3302874972141742,
                0.6697125027858257
            ],
            [
                0.22693862550532898,
                0.773061374494671
            ],
            [
                0.4276686001212017,
                0.5723313998787983
            ],
            [
                0.43617901881794835,
                0.5638209811820517
            ],
            [
                0.11225997045790252,
                0.8877400295420974
            ],
            [
                1.0,
                0.0
            ],
            [
                0.059467918622848205,
                0.9405320813771517
            ],
            [
                0.0,
                1.0
            ],
            [
                0.45114155251141547,
                0.5488584474885845
            ],
            [
                0.44782006835638655,
                0.5521799316436133
            ],
            [
                0.39744525999183034,
                0.6025547400081697
            ],
            [
                0.3784425632971995,
                0.6215574367028004
            ],
            [
                1.0,
                0.0
            ],
            [
                0.4726206871336125,
                0.5273793128663875
            ],
            [
                0.5899010576595018,
                0.4100989423404982
            ],
            [
                0.4530692337224676,
                0.5469307662775323
            ],
            [
                0.5839472309299898,
                0.4160527690700101
            ],
            [
                0.5269578905942538,
                0.4730421094057463
            ],
            [
                0.6893735786644615,
                0.31062642133553864
            ],
            [
                0.7740035096515417,
                0.2259964903484583
            ],
            [
                1.0,
                0.0
            ],
            [
                0.7224445812807883,
                0.2775554187192118
            ],
            [
                0.29127358490566035,
                0.7087264150943396
            ],
            [
                0.6217747010698552,
                0.3782252989301448
            ],
            [
                0.0,
                1.0
            ],
            [
                0.4862582567024992,
                0.5137417432975008
            ],
            [
                0.5599981106676425,
                0.44000188933235745
            ],
            [
                0.6470933646506165,
                0.35290663534938355
            ],
            [
                0.46456147297564837,
                0.5354385270243516
            ],
            [
                0.3967074884561331,
                0.6032925115438669
            ],
            [
                0.3671724992257663,
                0.6328275007742337
            ],
            [
                0.7667830811020566,
                0.23321691889794338
            ],
            [
                0.6812347512464195,
                0.3187652487535805
            ],
            [
                0.792139600691715,
                0.20786039930828495
            ],
            [
                0.9004142502071251,
                0.09958574979287495
            ],
            [
                0.6217747010698552,
                0.3782252989301448
            ],
            [
                0.9597373886246399,
                0.0402626113753601
            ],
            [
                0.6490510948905109,
                0.35094890510948895
            ],
            [
                0.4065174456879526,
                0.5934825543120474
            ],
            [
                0.8423399790136412,
                0.15766002098635887
            ],
            [
                0.5387567152724481,
                0.46124328472755194
            ],
            [
                0.6996001332889038,
                0.30039986671109625
            ],
            [
                0.9200478914460556,
                0.07995210855394438
            ],
            [
                0.3302874972141743,
                0.6697125027858257
            ],
            [
                0.3873598369011213,
                0.6126401630988786
            ],
            [
                0.21506312581628212,
                0.7849368741837179
            ],
            [
                0.5899010576595017,
                0.41009894234049815
            ]
        ],
        "targetClassesProportions": [
            [
                0.5488584474885849,
                0.4511415525114151
            ],
            [
                0.5198019801980215,
                0.48019801980197857
            ],
            [
                0.5664739884393077,
                0.43352601156069237
            ],
            [
                0.5847176079734224,
                0.4152823920265776
            ],
            [
                0.5089285714285711,
                0.49107142857142894
            ],
            [
                0.5436893203883492,
                0.45631067961165084
            ],
            [
                0.11111111111111113,
                0.8888888888888888
            ],
            [
                0.6296296296296291,
                0.3703703703703708
            ],
            [
                0.6623376623376619,
                0.337662337662338
            ],
            [
                0.4857142857142858,
                0.5142857142857142
            ],
            [
                0.44444444444444436,
                0.5555555555555556
            ],
            [
                1.0,
                0.0
            ],
            [
                0.37499999999999994,
                0.625
            ],
            [
                0.26315789473684215,
                0.7368421052631579
            ],
            [
                0.4761904761904763,
                0.5238095238095237
            ],
            [
                0.48484848484848725,
                0.5151515151515128
            ],
            [
                0.13333333333333336,
                0.8666666666666666
            ],
            [
                1.0,
                0.0
            ],
            [
                0.07142857142857145,
                0.9285714285714286
            ],
            [
                0.0,
                1.0
            ],
            [
                0.5,
                0.5
            ],
            [
                0.4966442953020158,
                0.5033557046979841
            ],
            [
                0.4452054794520544,
                0.5547945205479456
            ],
            [
                0.4255319148936166,
                0.5744680851063834
            ],
            [
                1.0,
                0.0
            ],
            [
                0.5215946843853826,
                0.47840531561461747
            ],
            [
                0.6363636363636364,
                0.36363636363636365
            ],
            [
                0.5019455252918286,
                0.49805447470817144
            ],
            [
                0.6306620209059237,
                0.36933797909407634
            ],
            [
                0.5754189944134074,
                0.42458100558659273
            ],
            [
                0.7297297297297297,
                0.27027027027027034
            ],
            [
                0.8064516129032258,
                0.19354838709677422
            ],
            [
                1.0,
                0.0
            ],
            [
                0.76,
                0.23999999999999994
            ],
            [
                0.3333333333333333,
                0.6666666666666666
            ],
            [
                0.6666666666666666,
                0.3333333333333333
            ],
            [
                0.0,
                1.0
            ],
            [
                0.5352112676056333,
                0.4647887323943666
            ],
            [
                0.6075949367088606,
                0.3924050632911395
            ],
            [
                0.6904761904761905,
                0.30952380952380953
            ],
            [
                0.5135135135135136,
                0.4864864864864865
            ],
            [
                0.44444444444444425,
                0.5555555555555558
            ],
            [
                0.4137931034482757,
                0.5862068965517242
            ],
            [
                0.8,
                0.2
            ],
            [
                0.722222222222222,
                0.277777777777778
            ],
            [
                0.8225806451612904,
                0.17741935483870974
            ],
            [
                0.9166666666666666,
                0.08333333333333337
            ],
            [
                0.6666666666666666,
                0.3333333333333333
            ],
            [
                0.9666666666666667,
                0.03333333333333335
            ],
            [
                0.6923076923076924,
                0.3076923076923076
            ],
            [
                0.45454545454545453,
                0.5454545454545454
            ],
            [
                0.8666666666666667,
                0.1333333333333333
            ],
            [
                0.5869565217391304,
                0.4130434782608697
            ],
            [
                0.7391304347826088,
                0.26086956521739124
            ],
            [
                0.9333333333333333,
                0.06666666666666665
            ],
            [
                0.375,
                0.625
            ],
            [
                0.4347826086956522,
                0.5652173913043478
            ],
            [
                0.25000000000000006,
                0.75
            ],
            [
                0.6363636363636362,
                0.36363636363636365
            ]
        ]
    },
    "featureNames": [
        "entertainment_budget_pct",
        "hours_playing",
        "tech_savvy_score",
        "Age",
        "dummy:gender:Male",
        "dummy:gender:Female",
        "dummy:gender:N/A",
        "dummy:gender:__Others__",
        "dummy:platform_used:Mobile",
        "dummy:platform_used:PC",
        "dummy:platform_used:Console",
        "dummy:platform_used:N/A",
        "dummy:platform_used:__Others__",
        "dummy:used_lego_before:false",
        "dummy:used_lego_before:true",
        "dummy:used_lego_before:N/A",
        "dummy:used_lego_before:__Others__",
        "dummy:owns_tablet:true",
        "dummy:owns_tablet:false",
        "dummy:owns_tablet:N/A",
        "dummy:owns_tablet:__Others__"
    ],
    "classes": [
        "Physical",
        "Digital"
    ]
}