{
  "starred": false,
  "clusterMetas": {},
  "sessionName": "imporoved",
  "customMeta": {
    "kv": {}
  },
  "tags": [],
  "activeClassifierThreshold": 0.0,
  "description": "",
  "name": "Decision Tree (imporoved)",
  "labels": [
    {
      "key": "trainDataset:dataset-name",
      "value": "legov1"
    },
    {
      "key": "testDataset:dataset-name",
      "value": "legov1"
    },
    {
      "key": "evaluationDataset:dataset-name",
      "value": "legov1"
    },
    {
      "key": "model:algorithm",
      "value": "DECISION_TREE_CLASSIFICATION"
    },
    {
      "key": "model:name",
      "value": "Decision Tree (imporoved)"
    },
    {
      "key": "model:session-name",
      "value": "imporoved"
    },
    {
      "key": "model:date",
      "value": "2025-04-14T07:07:55.841+0000"
    },
    {
      "key": "evaluation:date",
      "value": "2025-04-14T07:07:55.841+0000"
    }
  ]
}