CUST0004	Female	31	0	false	16.77	5	Good	492	Foodie, traveler, and passionate about personal growth	false	Customer 4	user_4	true	4	2
CUST0005	Male	55	2	false	18.48	2	Bad	173	Love	false	Customer 5	customer5	false	0	Default
CUST0006	Male	21	1	true	9.93	5	Good	484	Fitness fanatic with a love for outdoor adventures	true	Customer 6	user_6	true	1	10
CUST0007	Female	30	10	false	15.62	1	Bad	942	Fitness	true	Customer 7	user_7	false	0	Default
CUST0008	Male	35	3	false	8.43	2	Bad	35	Foodie	false	Customer 8	user_8	false	0	Default
CUST0011	Male	44	10	true	16.31	3	Bad	191	Love	false	Customer 11	customer11	true	10	11
CUST0012	Female	56	3	true	14.21	4	Good	495	Fitness fanatic with a love for outdoor adventures	true	Customer 12	user_12	true	9	3
CUST0016	Female	17	5	true	8.78	1	Bad	352	Foodie	false	Customer 16	user_16	false	4	Default
CUST0017	Male	60	4	false	11.01	2	Bad	809	Fitness	true	Customer 17	user_17	false	9	Default
CUST0020	Female	55	7	false	10.04	2	Bad	319	Foodie	false	Customer 20	customer20	false	2	Default
CUST0022	Female	48	10	false	9.81	5	Good	881	Avid reader, tech enthusiast, and fitness lover	false	Customer 22	user_22	true	10	6
CUST0024	Male	29	4	true	2.52	2	Bad	216	Enjoying the small moments	false	Customer 24	user_24	true	6	Default
CUST0029	Male	28	10	true	2.61	2	Bad	222	Passionate about photography	false	Customer 29	user_29	false	9	Default
CUST0039	Female	17	7	true	8.07	5	Good	668	Tech geek who loves exploring cutting-edge solutions	true	Customer 39	user_39	true	2	4
CUST0040	Male	40	9	false	7.14	1	Bad	278	Shopaholic	true	Customer 40	user_40	false	8	Default
CUST0043	Female	62	7	false	6.71	1	Bad	563	Love exploring new places	false	Customer 43	user_43	false	3	Default
CUST0046	Male	53	2	false	14.64	1	Bad	831	Shopaholic	true	Customer 46	user_46	false	7	5
CUST0047	Male	32	1	true	9.32	1	Bad	95	Enjoying	false	Customer 47	user_47	false	4	7
CUST0051	Female	18	0	false	15.48	5	Good	891	Fitness fanatic with a love for outdoor adventures	true	Customer 51	user_51	true	5	11
CUST0054	Male	23	2	false	6.16	4	Good	206	Fitness fanatic with a love for outdoor adventures	true	Customer 54	user_54	true	0	3
CUST0055	Male	64	7	true	15.57	3	Bad	461	Traveler	false	Customer 55	user_55	true	9	6
CUST0072	Female	30	3	false	18.13	1	Bad	93	Music lover	false	Customer 72	user_72	true	6	9
CUST0080	Female	17	2	false	3.44	2	Bad	999	Love	false	Customer 80	customer80	false	7	Default
CUST0081	Female	44	10	false	19.46	1	Bad	772	Foodie	false	Customer 81	user_81	false	3	Default
CUST0093	Male	34	2	true	15.75	4	Good	547	Adventure seeker and nature enthusiast	false	Customer 93	user_93	true	7	10
CUST0102	Male	57	4	false	7.17	2	Bad	773	Shopaholic	true	Customer 102	user_102	false	10	Default
CUST0107	Female	50	2	true	2.91	1	Bad	600	Shopaholic	true	Customer 107	user_107	false	5	Default
CUST0110	Female	20	3	true	11.58	5	Good	894	Avid reader, tech enthusiast, and fitness lover	false	Customer 110	user_110	true	1	3
CUST0113	Male	61	4	true	16.1	5	Good	789	Loves photography, music, and exploring new cultures	false	Customer 113	user_113	true	4	7
CUST0116	Female	47	10	true	6.87	4	Good	586	Avid reader, tech enthusiast, and fitness lover	false	Customer 116	user_116	true	1	11
CUST0118	Female	51	8	false	16.32	2	Bad	911	Passionate about photography	false	Customer 118	user_118	false	3	Default
CUST0121	Male	38	1	true	3.8	1	Bad	866	Enjoying	false	Customer 121	user_121	false	7	8
CUST0126	Female	31	9	false	9.65	4	Good	184	Foodie, traveler, and passionate about personal growth	false	Customer 126	customer126	true	6	8
CUST0134	Female	34	10	true	19.68	2	Bad	736	Shopaholic	true	Customer 134	customer134	false	3	Default
CUST0136	Female	49	5	false	13.97	5	Good	191	Passionate about sustainable living and healthy eating	false	Customer 136	customer136	true	1	5
CUST0137	Female	31	9	false	11.37	3	Bad	789	Traveler	false	Customer 137	user_137	true	10	3
CUST0144	Female	22	0	false	15.07	2	Bad	777	Tech geek	true	Customer 144	user_144	false	4	Default
CUST0148	Female	29	4	true	13.8	2	Bad	574	Foodie	false	Customer 148	user_148	false	3	8
CUST0153	Male	45	3	true	8.77	2	Bad	794	Traveler	false	Customer 153	user_153	true	10	12
CUST0156	Female	17	0	false	1.14	5	Good	493	Loves exploring new cuisines and traveling the world	false	Customer 156	customer156	true	3	10
CUST0159	Male	46	1	true	15.39	1	Bad	214	Shopaholic and proud	true	Customer 159	user_159	false	1	Default
CUST0160	Male	30	1	false	6.13	2	Bad	68	Love	false	Customer 160	user_160	false	7	1
CUST0162	Male	42	6	true	18.22	3	Bad	202	Fitness	true	Customer 162	user_162	true	9	11
CUST0168	Male	23	8	false	7.84	2	Bad	665	Traveler	false	Customer 168	user_168	false	5	1
CUST0177	Male	64	10	true	16.64	1	Bad	931	Traveler	false	Customer 177	customer177	true	10	2
CUST0180	Female	30	10	false	6.08	5	Good	425	Creative thinker who enjoys innovation and challenges	false	Customer 180	user_180	true	3	3
CUST0181	Male	24	6	false	15.72	1	Bad	34	Always learning	false	Customer 181	user_181	false	3	Default
CUST0206	Female	54	4	true	7.57	2	Bad	824	Bookworm	false	Customer 206	customer206	false	0	3
CUST0212	Male	19	8	true	13.31	2	Bad	554	Food lover	false	Customer 212	user_212	true	2	Default
CUST0239	Female	52	3	true	11.36	1	Bad	470	Foodie	false	Customer 239	user_239	false	4	Default
CUST0244	Male	42	4	false	12.39	3	Bad	428	Fitness	true	Customer 244	user_244	true	3	2
CUST0252	Female	26	6	false	11.42	3	Bad	699	Traveler	false	Customer 252	user_252	true	0	4
CUST0259	Female	62	9	false	18.89	2	Bad	150	Shopaholic	true	Customer 259	user_259	false	7	Default
CUST0262	Female	23	3	false	13.07	1	Bad	305	Adventure seeker	false	Customer 262	user_262	false	7	Default
CUST0271	Female	52	3	false	9.41	5	Good	701	Loves photography, music, and exploring new cultures	false	Customer 271	user_271	true	5	10
CUST0286	Male	22	1	false	14.8	1	Bad	246	Love	false	Customer 286	user_286	false	2	7
CUST0297	Male	22	4	false	16.5	3	Bad	218	Love	false	Customer 297	user_297	true	6	4
CUST0299	Male	28	10	false	18.89	4	Good	333	Creative thinker who enjoys innovation and challenges	false	Customer 299	user_299	true	9	10
CUST0302	Female	54	2	true	1.19	4	Good	508	Loves exploring new cuisines and traveling the world	false	Customer 302	user_302	true	9	5
CUST0304	Female	56	9	true	3.77	1	Bad	562	Always learning	false	Customer 304	user_304	false	3	Default
CUST0306	Male	42	1	false	15.33	5	Good	182	Foodie, traveler, and passionate about personal growth	false	Customer 306	user_306	true	5	6
CUST0309	Female	46	0	true	2.32	4	Good	629	Avid reader, tech enthusiast, and fitness lover	false	Customer 309	customer309	true	10	3
CUST0310	Female	62	6	false	15.81	2	Bad	518	Always learning	false	Customer 310	user_310	false	0	Default
CUST0319	Male	59	0	false	19.1	2	Bad	689	Fitness enthusiast	true	Customer 319	user_319	false	9	Default
CUST0320	Male	51	10	false	3.12	4	Good	871	Fitness fanatic with a love for outdoor adventures	true	Customer 320	user_320	true	2	5
CUST0334	Male	35	8	false	10.95	2	Bad	928	Traveler	false	Customer 334	customer334	false	2	Default
CUST0336	Male	50	1	false	17.5	3	Bad	754	Traveler	false	Customer 336	user_336	true	0	9
CUST0342	Female	26	8	false	18.57	2	Bad	239	Shopaholic and proud	true	Customer 342	user_342	false	9	Default
CUST0344	Male	37	7	true	8.03	4	Good	299	Passionate about sustainable living and healthy eating	false	Customer 344	user_344	true	1	8
CUST0345	Female	46	10	false	18.03	1	Bad	97	Traveler	false	Customer 345	customer345	false	6	Default
CUST0348	Female	34	8	true	19.87	2	Bad	699	Tech geek	true	Customer 348	user_348	false	4	7
CUST0357	Female	61	10	false	5.55	1	Bad	422	Enjoying	false	Customer 357	user_357	false	7	Default
CUST0363	Female	36	6	true	13.46	4	Good	482	Avid reader, tech enthusiast, and fitness lover	false	Customer 363	customer363	true	3	12
CUST0365	Female	29	0	false	2.96	5	Good	268	Always learning and sharing my experiences	false	Customer 365	user_365	true	2	2
CUST0368	Female	17	5	true	9.09	3	Bad	530	Foodie	false	Customer 368	user_368	true	0	10
CUST0369	Female	26	8	true	2.26	4	Good	475	Fitness fanatic with a love for outdoor adventures	true	Customer 369	user_369	true	3	11
CUST0372	Female	50	8	false	11.23	2	Bad	163	Bookworm	false	Customer 372	user_372	true	2	Default
CUST0398	Male	17	2	false	10.87	1	Bad	745	Love	false	Customer 398	customer398	false	0	Default
CUST0403	Female	20	6	true	9.44	4	Good	3	Always learning and sharing my experiences	false	Customer 403	user_403	true	3	7
CUST0405	Female	37	2	false	1.67	1	Bad	369	Enjoying	false	Customer 405	user_405	false	0	Default
CUST0413	Female	51	3	false	13.11	2	Bad	472	Passionate about photography	false	Customer 413	customer413	true	1	4
CUST0414	Male	47	4	true	15.39	1	Bad	613	Enjoying the small moments	false	Customer 414	user_414	true	7	10
CUST0418	Female	53	2	true	4.71	2	Bad	548	Passionate about photography	false	Customer 418	user_418	true	4	Default
CUST0424	Male	32	5	true	5.02	1	Bad	82	Foodie	false	Customer 424	user_424	false	7	Default
CUST0431	Male	29	10	true	15.31	4	Good	247	Foodie, traveler, and passionate about personal growth	false	Customer 431	user_431	true	5	11
CUST0435	Male	63	7	false	4.67	2	Bad	14	Enjoying	false	Customer 435	user_435	false	8	Default
CUST0444	Male	51	4	true	11.74	1	Bad	929	Foodie	false	Customer 444	user_444	false	8	Default
CUST0446	Female	24	8	true	17.48	3	Bad	832	Fitness	true	Customer 446	user_446	true	9	2
CUST0447	Female	36	6	true	17.4	3	Bad	720	Enjoying	false	Customer 447	user_447	true	5	11
CUST0451	Male	27	7	true	8.35	3	Bad	629	Enjoying	false	Customer 451	user_451	true	2	8
CUST0453	Male	60	3	false	3.07	4	Good	51	Fitness fanatic with a love for outdoor adventures	true	Customer 453	customer453	true	2	4
CUST0454	Male	52	5	true	4.58	4	Good	923	Fitness fanatic with a love for outdoor adventures	true	Customer 454	user_454	true	7	4
CUST0461	Male	39	7	true	8.57	1	Bad	951	Shopaholic	true	Customer 461	customer461	false	1	11
CUST0467	Male	42	1	true	1.79	1	Bad	231	Enjoying	false	Customer 467	user_467	false	8	Default
CUST0474	Male	59	6	false	8.89	2	Bad	963	Tech geek	true	Customer 474	user_474	false	0	Default
CUST0479	Male	64	1	false	11.04	3	Bad	103	Enjoying	false	Customer 479	user_479	true	2	9
CUST0492	Male	31	0	false	4.28	5	Good	503	Avid reader, tech enthusiast, and fitness lover	false	Customer 492	user_492	true	0	1
CUST0508	Male	36	4	false	15.07	4	Good	459	Creative thinker who enjoys innovation and challenges	false	Customer 508	user_508	true	0	9
CUST0510	Male	48	7	false	6.44	5	Good	214	Passionate about sustainable living and healthy eating	false	Customer 510	user_510	true	6	9
CUST0513	Male	22	4	true	19.1	2	Bad	746	Tech geek	true	Customer 513	user_513	false	8	Default
CUST0515	Female	60	1	false	6.47	2	Bad	598	Fitness	true	Customer 515	user_515	false	9	Default
CUST0534	Male	53	5	true	4.26	2	Bad	164	Love exploring new places	false	Customer 534	user_534	true	3	Default
CUST0540	Female	55	5	true	19.56	2	Bad	672	Fitness enthusiast	true	Customer 540	user_540	true	0	4
CUST0542	Male	59	10	false	12.33	1	Bad	875	Shopaholic	true	Customer 542	user_542	false	3	1
CUST0543	Female	32	8	true	2.74	3	Bad	999	Love	false	Customer 543	user_543	true	1	7
CUST0544	Female	37	10	false	5.83	1	Bad	181	Traveler	false	Customer 544	customer544	false	6	5
CUST0546	Male	32	3	false	13.55	2	Bad	122	Fitness	true	Customer 546	user_546	false	2	Default
CUST0555	Female	55	9	true	5.15	1	Bad	523	Foodie	false	Customer 555	user_555	false	3	Default
CUST0557	Male	29	5	false	13.47	5	Good	600	Fitness fanatic with a love for outdoor adventures	true	Customer 557	user_557	true	6	7
CUST0559	Male	59	10	false	1.94	1	Bad	308	Traveler	false	Customer 559	user_559	false	4	1
CUST0576	Female	57	7	true	14.69	1	Bad	977	Always learning	false	Customer 576	user_576	true	0	2
CUST0578	Female	40	3	true	8.73	2	Bad	200	Enjoying	false	Customer 578	user_578	false	10	Default
CUST0581	Female	43	6	true	14.37	1	Bad	566	Shopaholic	true	Customer 581	customer581	false	0	Default
