CUST0001	Female	43	9	true	13.11	2	Bad	472	Always learning	false	Customer 1	user_1	true	7	7
CUST0002	Male	48	10	false	6.09	1	Bad	340	Traveler	false	Customer 2	user_2	false	2	Default
CUST0003	Female	19	7	true	17.05	1	Bad	600	Love	false	Customer 3	user_3	false	3	Default
CUST0009	Female	49	4	false	11.13	2	Bad	662	Shopaholic and proud	true	Customer 9	user_9	false	1	Default
CUST0010	Male	24	9	false	17.69	2	Bad	659	Traveler	false	Customer 10	user_10	false	7	Default
CUST0013	Male	57	5	true	1.94	1	Bad	69	Fitness	true	Customer 13	user_13	false	2	8
CUST0014	Male	33	0	true	14.38	2	Bad	255	Shopaholic	true	Customer 14	customer14	false	5	Default
CUST0015	Female	26	6	false	10.99	3	Bad	938	Fitness	true	Customer 15	user_15	true	7	6
CUST0018	Female	28	6	true	18.07	1	Bad	129	Music lover	false	Customer 18	user_18	true	10	Default
CUST0019	Male	26	10	false	9.1	1	Bad	305	Shopaholic	true	Customer 19	customer19	false	3	6
CUST0021	Female	27	8	true	17.69	1	Bad	689	Love	false	Customer 21	user_21	false	0	Default
CUST0023	Male	56	8	true	11.04	4	Good	943	Creative thinker who enjoys innovation and challenges	false	Customer 23	user_23	true	8	8
CUST0025	Female	58	6	false	19.56	1	Bad	419	Enjoying the small moments	false	Customer 25	user_25	true	1	8
CUST0026	Female	26	3	true	3.56	5	Good	414	Avid reader, tech enthusiast, and fitness lover	false	Customer 26	customer26	true	4	10
CUST0027	Female	57	5	false	1.91	5	Good	311	Creative thinker who enjoys innovation and challenges	false	Customer 27	user_27	true	2	10
CUST0028	Male	36	8	true	9.54	1	Bad	981	Love	false	Customer 28	user_28	false	10	Default
CUST0031	Female	29	0	false	11.73	3	Bad	956	Love	false	Customer 31	user_31	true	5	8
CUST0032	Male	17	4	false	10.05	1	Bad	711	Bookworm	false	Customer 32	user_32	false	10	Default
CUST0033	Female	31	4	false	4.44	1	Bad	754	Bookworm	false	Customer 33	user_33	true	2	Default
CUST0034	Male	28	3	true	9.48	1	Bad	143	Enjoying the small moments	false	Customer 34	user_34	true	10	Default
CUST0035	Female	64	9	true	2.73	1	Bad	516	Traveler and dreamer	false	Customer 35	user_35	true	4	Default
CUST0036	Male	33	1	true	13.66	2	Bad	477	Enjoying the small moments	false	Customer 36	user_36	true	7	8
CUST0037	Male	18	2	true	1.13	2	Bad	457	Enjoying	false	Customer 37	user_37	false	10	Default
CUST0038	Female	61	1	true	3.65	2	Bad	569	Enjoying the small moments	false	Customer 38	customer38	false	6	Default
CUST0041	Male	18	1	true	14.61	2	Bad	367	Tech geek	true	Customer 41	customer41	true	8	Default
CUST0042	Female	55	0	false	13.64	2	Bad	629	Shopaholic and proud	true	Customer 42	customer42	true	10	4
CUST0044	Female	47	1	false	13.03	2	Bad	706	Music lover	false	Customer 44	customer44	false	0	Default
CUST0045	Male	43	9	false	4.47	1	Bad	877	Always learning	false	Customer 45	user_45	true	8	Default
CUST0048	Female	58	4	false	10.41	2	Bad	116	Foodie	false	Customer 48	user_48	false	9	Default
CUST0049	Female	18	9	false	6.16	2	Bad	865	Enjoying the small moments	false	Customer 49	user_49	false	6	10
CUST0050	Female	40	10	false	17.22	3	Bad	436	Traveler	false	Customer 50	customer50	true	9	4
CUST0052	Female	56	7	false	6.28	4	Good	502	Tech geek who loves exploring cutting-edge solutions	true	Customer 52	user_52	true	9	11
CUST0053	Male	18	5	true	13.38	1	Bad	940	Love	false	Customer 53	user_53	false	7	8
CUST0056	Female	59	7	true	13.46	5	Good	602	Passionate about sustainable living and healthy eating	false	Customer 56	user_56	true	8	3
CUST0057	Female	48	10	false	1.79	2	Bad	934	Foodie	false	Customer 57	user_57	false	8	11
CUST0058	Female	61	9	true	3.76	1	Bad	524	Enjoying	false	Customer 58	user_58	false	7	Default
CUST0059	Female	57	8	true	10.99	4	Good	510	Passionate about sustainable living and healthy eating	false	Customer 59	user_59	true	8	4
CUST0060	Male	39	2	true	2.94	2	Bad	572	Foodie	false	Customer 60	user_60	false	2	Default
CUST0061	Male	33	9	true	9.5	2	Bad	284	Tech geek	true	Customer 61	user_61	true	0	Default
CUST0062	Female	45	10	true	8.78	3	Bad	882	Foodie	false	Customer 62	user_62	true	5	2
CUST0063	Female	28	10	false	7.12	2	Bad	410	Fitness enthusiast	true	Customer 63	user_63	true	4	Default
CUST0064	Female	56	9	false	8.58	5	Good	834	Always learning and sharing my experiences	false	Customer 64	user_64	true	4	1
CUST0065	Male	30	3	true	4.31	2	Bad	684	Fitness	true	Customer 65	user_65	false	0	2
CUST0066	Male	20	8	true	18.79	5	Good	284	Fitness fanatic with a love for outdoor adventures	true	Customer 66	user_66	true	0	10
CUST0067	Female	20	8	true	17.6	1	Bad	624	Food lover	false	Customer 67	user_67	false	6	Default
CUST0068	Male	28	0	true	18.67	1	Bad	975	Shopaholic	true	Customer 68	user_68	false	10	Default
CUST0069	Male	48	2	false	8.62	2	Bad	564	Music lover	false	Customer 69	customer69	true	5	Default
CUST0070	Female	50	7	true	1.62	4	Good	671	Passionate about sustainable living and healthy eating	false	Customer 70	user_70	true	8	4
CUST0071	Female	34	5	false	2.0	3	Bad	98	Love	false	Customer 71	user_71	true	3	12
CUST0073	Male	45	0	true	17.06	1	Bad	864	Love	false	Customer 73	user_73	false	6	Default
CUST0074	Male	60	2	false	15.62	2	Bad	971	Shopaholic	true	Customer 74	user_74	false	0	Default
CUST0075	Female	52	9	true	2.26	1	Bad	832	Enjoying	false	Customer 75	customer75	false	7	3
CUST0076	Female	46	9	true	16.33	2	Bad	41	Enjoying	false	Customer 76	user_76	false	6	Default
CUST0077	Female	52	10	true	8.13	2	Bad	143	Bookworm	false	Customer 77	user_77	false	5	Default
CUST0078	Female	24	9	true	13.64	5	Good	482	Creative thinker who enjoys innovation and challenges	false	Customer 78	user_78	true	5	3
CUST0079	Female	56	10	false	15.99	1	Bad	956	Love	false	Customer 79	user_79	false	1	Default
CUST0082	Female	21	9	false	11.19	2	Bad	659	Fitness	true	Customer 82	user_82	false	1	Default
CUST0083	Female	52	8	true	12.68	1	Bad	962	Foodie	false	Customer 83	user_83	false	0	3
CUST0084	Male	64	9	true	18.14	3	Bad	929	Love	false	Customer 84	user_84	true	2	9
CUST0085	Male	32	6	false	6.59	5	Good	583	Foodie, traveler, and passionate about personal growth	false	Customer 85	user_85	true	5	11
CUST0086	Male	54	7	true	15.28	1	Bad	820	Music lover	false	Customer 86	user_86	false	7	Default
CUST0087	Male	21	4	true	14.98	2	Bad	569	Love exploring new places	false	Customer 87	user_87	false	8	Default
CUST0088	Female	49	0	false	4.28	2	Bad	54	Fitness	true	Customer 88	user_88	false	2	Default
CUST0089	Female	50	3	true	1.17	2	Bad	301	Shopaholic and proud	true	Customer 89	user_89	true	1	Default
CUST0090	Female	46	4	true	14.41	2	Bad	707	Shopaholic	true	Customer 90	user_90	true	6	10
CUST0091	Male	23	2	false	2.04	1	Bad	547	Love	false	Customer 91	user_91	false	0	Default
CUST0092	Male	33	6	false	14.04	2	Bad	30	Traveler	false	Customer 92	user_92	true	8	Default
CUST0095	Female	49	1	true	18.31	1	Bad	535	Love	false	Customer 95	customer95	false	3	8
CUST0096	Female	59	3	true	7.28	1	Bad	950	Shopaholic	true	Customer 96	customer96	false	1	Default
CUST0097	Female	56	6	false	11.52	4	Good	602	Creative thinker who enjoys innovation and challenges	false	Customer 97	user_97	true	7	3
CUST0098	Male	27	10	true	12.6	2	Bad	237	Love	false	Customer 98	user_98	false	10	4
CUST0099	Male	33	0	true	2.97	5	Good	767	Fitness fanatic with a love for outdoor adventures	true	Customer 99	user_99	true	3	7
CUST0100	Female	20	4	true	18.84	1	Bad	158	Fitness	true	Customer 100	user_100	false	3	Default
CUST0101	Male	37	8	false	15.7	4	Good	72	Creative thinker who enjoys innovation and challenges	false	Customer 101	user_101	true	1	9
CUST0103	Female	30	7	false	13.64	2	Bad	254	Enjoying	false	Customer 103	user_103	false	8	Default
CUST0104	Female	44	1	true	19.58	2	Bad	891	Music lover	false	Customer 104	user_104	false	3	Default
CUST0105	Male	27	10	true	3.4	3	Bad	2	Fitness	true	Customer 105	customer105	true	1	10
CUST0106	Female	62	2	false	10.32	5	Good	419	Loves photography, music, and exploring new cultures	false	Customer 106	customer106	true	3	7
CUST0108	Male	17	6	true	12.72	1	Bad	506	Foodie	false	Customer 108	user_108	true	9	6
CUST0109	Female	40	4	false	5.12	2	Bad	404	Shopaholic	true	Customer 109	customer109	false	10	Default
CUST0111	Female	53	5	true	11.03	3	Bad	256	Shopaholic	true	Customer 111	customer111	true	8	2
CUST0112	Male	41	9	false	5.61	5	Good	964	Tech geek who loves exploring cutting-edge solutions	true	Customer 112	user_112	true	1	8
CUST0114	Male	53	10	false	8.46	2	Bad	715	Food lover	false	Customer 114	user_114	false	1	Default
CUST0115	Female	19	1	true	17.1	5	Good	399	Always learning and sharing my experiences	false	Customer 115	user_115	true	0	11
CUST0117	Female	60	4	false	7.5	2	Bad	569	Food lover	false	Customer 117	user_117	true	7	Default
CUST0119	Male	31	3	true	14.63	2	Bad	251	Fitness	true	Customer 119	user_119	false	9	Default
CUST0120	Male	29	5	true	9.88	1	Bad	263	Fitness	true	Customer 120	user_120	false	8	Default
CUST0122	Female	59	0	false	16.92	4	Good	136	Adventure seeker and nature enthusiast	false	Customer 122	user_122	true	2	8
CUST0123	Female	48	8	true	4.34	2	Bad	965	Fitness	true	Customer 123	customer123	false	7	6
CUST0124	Female	24	5	true	10.67	2	Bad	944	Foodie	false	Customer 124	user_124	false	2	Default
CUST0125	Female	24	10	false	3.45	5	Good	723	Fitness fanatic with a love for outdoor adventures	true	Customer 125	user_125	true	0	4
CUST0127	Male	24	8	false	8.23	3	Bad	488	Love	false	Customer 127	customer127	true	10	6
CUST0128	Male	40	10	true	1.87	1	Bad	826	Shopaholic and proud	true	Customer 128	user_128	false	9	Default
CUST0129	Male	48	7	false	10.4	2	Bad	979	Love	false	Customer 129	customer129	false	1	8
CUST0130	Female	34	5	true	7.09	2	Bad	813	Traveler	false	Customer 130	user_130	false	5	Default
CUST0131	Male	49	9	false	13.12	1	Bad	571	Love	false	Customer 131	user_131	false	8	2
CUST0133	Male	41	3	true	12.73	2	Bad	802	Traveler and dreamer	false	Customer 133	user_133	true	2	Default
CUST0135	Male	60	8	false	17.61	1	Bad	812	Shopaholic	true	Customer 135	customer135	false	3	Default
CUST0138	Female	17	7	true	12.91	2	Bad	80	Fitness	true	Customer 138	user_138	false	9	7
CUST0139	Male	60	6	true	15.43	1	Bad	576	Shopaholic	true	Customer 139	user_139	false	7	Default
CUST0140	Female	19	0	false	18.62	3	Bad	522	Traveler	false	Customer 140	user_140	true	1	11
CUST0142	Female	18	8	true	2.28	4	Good	886	Loves exploring new cuisines and traveling the world	false	Customer 142	user_142	true	2	7
CUST0143	Male	60	6	false	17.83	4	Good	812	Fitness fanatic with a love for outdoor adventures	true	Customer 143	user_143	true	9	3
CUST0145	Male	21	7	false	13.63	5	Good	228	Always learning and sharing my experiences	false	Customer 145	customer145	true	0	3
CUST0147	Male	27	9	true	6.25	1	Bad	257	Traveler	false	Customer 147	user_147	false	6	Default
CUST0149	Female	33	5	false	2.6	2	Bad	226	Fitness	true	Customer 149	user_149	false	8	Default
CUST0151	Female	41	9	false	3.26	5	Good	32	Always learning and sharing my experiences	false	Customer 151	user_151	true	2	6
CUST0152	Male	31	4	true	7.11	1	Bad	869	Shopaholic	true	Customer 152	customer152	false	0	Default
CUST0154	Male	20	0	true	6.9	2	Bad	390	Traveler	false	Customer 154	user_154	false	9	5
CUST0155	Female	39	9	true	1.83	1	Bad	146	Traveler	false	Customer 155	user_155	true	1	12
CUST0157	Female	46	6	true	18.23	1	Bad	905	Shopaholic	true	Customer 157	user_157	false	8	Default
CUST0158	Male	26	3	false	18.09	4	Good	72	Tech geek who loves exploring cutting-edge solutions	true	Customer 158	user_158	true	8	9
CUST0161	Male	51	4	false	10.22	1	Bad	355	Fitness	true	Customer 161	user_161	false	10	Default
CUST0163	Male	42	10	true	7.89	1	Bad	592	Shopaholic	true	Customer 163	user_163	false	9	Default
CUST0164	Male	50	3	false	2.52	2	Bad	63	Traveler	false	Customer 164	user_164	true	2	Default
CUST0165	Female	31	5	false	15.06	3	Bad	81	Traveler	false	Customer 165	user_165	true	1	8
CUST0166	Male	39	5	false	15.61	1	Bad	766	Shopaholic	true	Customer 166	user_166	false	8	Default
CUST0167	Male	33	0	false	15.7	4	Good	453	Avid reader, tech enthusiast, and fitness lover	false	Customer 167	user_167	true	2	1
CUST0169	Male	39	2	true	10.83	2	Bad	8	Always learning	false	Customer 169	user_169	false	4	11
CUST0170	Male	30	2	true	5.81	1	Bad	226	Always learning	false	Customer 170	user_170	true	7	Default
CUST0171	Male	44	0	true	11.2	2	Bad	722	Enjoying the small moments	false	Customer 171	customer171	false	10	2
CUST0172	Female	44	9	true	6.04	1	Bad	87	Traveler	false	Customer 172	user_172	false	1	Default
CUST0173	Male	55	0	true	14.14	3	Bad	792	Fitness	true	Customer 173	user_173	true	2	3
CUST0174	Female	26	5	false	1.08	3	Bad	620	Enjoying	false	Customer 174	customer174	true	8	11
CUST0175	Male	48	0	false	5.14	1	Bad	985	Love	false	Customer 175	user_175	false	4	10
CUST0176	Female	52	7	true	12.57	2	Bad	398	Traveler	false	Customer 176	user_176	false	3	Default
CUST0178	Male	50	10	false	18.68	1	Bad	506	Enjoying the small moments	false	Customer 178	user_178	false	0	Default
CUST0179	Male	47	10	true	14.97	2	Bad	64	Shopaholic	true	Customer 179	user_179	true	0	Default
CUST0182	Female	20	4	true	1.13	2	Bad	119	Fitness	true	Customer 182	user_182	false	5	Default
CUST0183	Female	63	4	true	1.42	1	Bad	695	Passionate about photography	false	Customer 183	user_183	true	4	Default
CUST0184	Female	19	4	true	15.32	1	Bad	355	Shopaholic	true	Customer 184	user_184	false	7	8
CUST0185	Male	57	4	false	5.61	2	Bad	286	Shopaholic	true	Customer 185	user_185	false	8	Default
CUST0186	Male	38	0	true	8.22	1	Bad	671	Adventure seeker	false	Customer 186	user_186	false	1	Default
CUST0187	Female	21	10	true	2.62	1	Bad	190	Shopaholic and proud	true	Customer 187	user_187	true	6	Default
CUST0188	Male	48	6	false	14.5	1	Bad	648	Shopaholic	true	Customer 188	user_188	false	6	Default
CUST0189	Female	59	3	true	5.82	2	Bad	695	Adventure seeker	false	Customer 189	user_189	false	3	Default
CUST0190	Female	41	6	false	11.98	1	Bad	753	Music lover	false	Customer 190	user_190	true	2	Default
CUST0191	Female	38	4	false	15.85	4	Good	711	Fitness fanatic with a love for outdoor adventures	true	Customer 191	user_191	true	8	8
CUST0192	Female	50	3	true	18.77	2	Bad	227	Tech geek	true	Customer 192	user_192	true	2	Default
CUST0193	Female	47	10	true	18.35	1	Bad	936	Passionate about photography	false	Customer 193	customer193	true	5	Default
CUST0194	Male	26	8	true	16.87	1	Bad	650	Foodie	false	Customer 194	user_194	false	10	Default
CUST0195	Male	62	7	false	11.12	3	Bad	458	Enjoying	false	Customer 195	user_195	true	9	12
CUST0196	Male	50	1	false	14.24	2	Bad	121	Enjoying	false	Customer 196	user_196	false	6	2
CUST0197	Male	44	9	true	4.8	3	Bad	260	Love	false	Customer 197	user_197	true	5	7
CUST0198	Male	24	7	false	7.47	3	Bad	810	Shopaholic	true	Customer 198	user_198	true	3	8
CUST0199	Female	34	7	false	1.19	1	Bad	334	Food lover	false	Customer 199	user_199	true	5	Default
CUST0200	Male	55	1	false	14.68	1	Bad	612	Shopaholic	true	Customer 200	user_200	false	5	11
CUST0201	Male	54	5	true	5.05	2	Bad	66	Fitness	true	Customer 201	customer201	false	3	6
CUST0202	Female	33	4	false	7.11	1	Bad	440	Foodie	false	Customer 202	user_202	false	0	Default
CUST0203	Male	37	5	false	12.49	4	Good	166	Loves photography, music, and exploring new cultures	false	Customer 203	customer203	true	5	10
CUST0204	Male	46	5	false	12.88	2	Bad	33	Enjoying the small moments	false	Customer 204	user_204	true	5	Default
CUST0205	Female	58	10	true	1.19	3	Bad	308	Enjoying	false	Customer 205	user_205	true	6	4
CUST0207	Female	29	3	true	103589.7093	2	Bad	993	Adventure seeker	false	Customer 207	user_207	true	2	4
CUST0208	Female	31	0	false	19.17	1	Bad	145	Traveler and dreamer	false	Customer 208	user_208	true	9	Default
CUST0209	Female	39	2	true	15.82	2	Bad	689	Shopaholic and proud	true	Customer 209	user_209	false	4	7
CUST0210	Male	21	3	false	14.3	5	Good	536	Always learning and sharing my experiences	false	Customer 210	user_210	true	2	3
CUST0211	Female	58	3	false	9.48	2	Bad	671	Adventure seeker	false	Customer 211	user_211	true	3	Default
CUST0213	Male	49	10	true	1.94	5	Good	67	Foodie, traveler, and passionate about personal growth	false	Customer 213	customer213	true	9	3
CUST0214	Female	50	5	false	19.76	3	Bad	609	Traveler	false	Customer 214	user_214	true	2	5
CUST0215	Male	51	10	false	14.42	3	Bad	255	Fitness	true	Customer 215	user_215	true	8	12
CUST0216	Male	35	1	true	8.67	1	Bad	599	Enjoying	false	Customer 216	customer216	false	8	Default
CUST0217	Male	17	1	true	13.68	4	Good	986	Always learning and sharing my experiences	false	Customer 217	user_217	true	6	2
CUST0218	Male	54	2	false	17.22	3	Bad	166	Enjoying	false	Customer 218	user_218	true	7	4
CUST0219	Male	20	4	false	6.93	4	Good	985	Loves photography, music, and exploring new cultures	false	Customer 219	user_219	true	3	11
CUST0221	Male	43	0	true	3.47	1	Bad	655	Tech geek	true	Customer 221	user_221	false	7	Default
CUST0222	Female	40	3	false	12.95	5	Good	771	Always learning and sharing my experiences	false	Customer 222	user_222	true	9	5
CUST0223	Female	43	1	true	7.8	1	Bad	721	Traveler	false	Customer 223	user_223	false	5	Default
CUST0224	Female	34	5	false	9.55	2	Bad	472	Traveler	false	Customer 224	user_224	false	7	6
CUST0225	Female	27	2	true	14.82	4	Good	235	Fitness fanatic with a love for outdoor adventures	true	Customer 225	customer225	true	9	1
CUST0226	Female	20	9	true	8.91	2	Bad	222	Enjoying the small moments	false	Customer 226	user_226	false	6	6
CUST0227	Female	63	4	false	8.51	2	Bad	372	Food lover	false	Customer 227	customer227	false	2	Default
CUST0228	Female	30	2	false	17.22	3	Bad	1	Shopaholic	true	Customer 228	user_228	true	2	8
CUST0229	Female	20	1	true	10.36	2	Bad	726	Foodie	false	Customer 229	customer229	true	7	11
CUST0230	Female	17	9	false	8.17	5	Good	894	Avid reader, tech enthusiast, and fitness lover	false	Customer 230	user_230	true	1	10
CUST0231	Male	38	3	false	13.05	2	Bad	607	Tech geek	true	Customer 231	user_231	false	8	Default
CUST0232	Male	47	8	false	10.92	5	Good	977	Tech geek who loves exploring cutting-edge solutions	true	Customer 232	user_232	true	0	7
CUST0233	Female	46	3	true	9.94	1	Bad	958	Bookworm	false	Customer 233	user_233	false	8	Default
CUST0234	Female	30	8	true	16.41	4	Good	410	Avid reader, tech enthusiast, and fitness lover	false	Customer 234	customer234	true	1	7
CUST0235	Female	63	2	true	4.12	2	Bad	934	Enjoying	false	Customer 235	user_235	false	3	Default
CUST0236	Female	40	8	false	1.51	4	Good	118	Avid reader, tech enthusiast, and fitness lover	false	Customer 236	customer236	true	10	4
CUST0237	Female	43	3	false	4.52	1	Bad	381	Shopaholic and proud	true	Customer 237	user_237	false	6	5
CUST0238	Male	38	0	false	8.73	4	Good	734	Passionate about sustainable living and healthy eating	false	Customer 238	user_238	true	6	11
CUST0240	Male	36	4	false	10.8	1	Bad	894	Passionate about photography	false	Customer 240	customer240	true	2	Default
CUST0241	Female	58	8	false	5.11	3	Bad	279	Enjoying	false	Customer 241	customer241	true	9	2
CUST0243	Female	38	10	true	2.24	1	Bad	11	Adventure seeker	false	Customer 243	user_243	true	7	Default
CUST0245	Male	30	8	true	18.01	3	Bad	16	Love	false	Customer 245	user_245	true	6	2
CUST0247	Male	27	2	true	1.02	1	Bad	945	Love	false	Customer 247	user_247	false	6	5
CUST0248	Male	18	2	true	5.14	4	Good	778	Loves photography, music, and exploring new cultures	false	Customer 248	user_248	true	0	6
CUST0249	Female	21	4	false	19.36	2	Bad	184	Shopaholic	true	Customer 249	user_249	false	4	Default
CUST0250	Female	55	1	false	15.11	2	Bad	290	Shopaholic	true	Customer 250	customer250	false	1	Default
CUST0251	Male	50	1	true	2.65	1	Bad	766	Foodie	false	Customer 251	user_251	false	6	9
CUST0253	Male	54	3	true	14.91	3	Bad	836	Traveler	false	Customer 253	user_253	true	1	1
CUST0254	Male	60	5	false	5.99	1	Bad	267	Traveler	false	Customer 254	user_254	false	0	Default
CUST0256	Female	54	4	false	15.3	2	Bad	502	Enjoying the small moments	false	Customer 256	user_256	true	9	11
CUST0257	Male	24	5	false	1.17	2	Bad	394	Love	false	Customer 257	user_257	false	1	Default
CUST0260	Female	48	1	false	1.23	2	Bad	143	Foodie	false	Customer 260	user_260	false	1	Default
CUST0261	Male	26	10	true	2.4	5	Good	64	Fitness fanatic with a love for outdoor adventures	true	Customer 261	customer261	true	3	9
CUST0263	Male	32	8	true	114863.8691	1	Bad	288	Enjoying	false	Customer 263	user_263	false	5	Default
CUST0264	Male	42	8	false	2.68	2	Bad	698	Shopaholic	true	Customer 264	user_264	false	4	4
CUST0265	Female	29	1	false	16.5	2	Bad	685	Traveler	false	Customer 265	user_265	false	0	10
CUST0266	Male	62	7	false	4.78	4	Good	626	Tech geek who loves exploring cutting-edge solutions	true	Customer 266	user_266	true	5	1
CUST0267	Male	26	0	false	13.94	3	Bad	610	Fitness	true	Customer 267	user_267	true	8	7
CUST0268	Female	36	3	false	15.33	2	Bad	899	Always learning	false	Customer 268	user_268	false	9	10
CUST0269	Male	37	7	false	16.16	1	Bad	472	Bookworm	false	Customer 269	user_269	false	5	3
CUST0270	Male	33	5	true	9.25	2	Bad	697	Enjoying	false	Customer 270	customer270	false	10	11
CUST0272	Male	55	4	true	11.29	3	Bad	68	Traveler	false	Customer 272	user_272	true	5	6
CUST0273	Male	42	10	false	14.36	5	Good	736	Tech geek who loves exploring cutting-edge solutions	true	Customer 273	user_273	true	8	10
CUST0274	Female	32	7	false	17.9	1	Bad	646	Traveler and dreamer	false	Customer 274	user_274	true	3	7
CUST0275	Male	17	4	true	7.79	1	Bad	809	Fitness enthusiast	true	Customer 275	user_275	true	5	4
CUST0276	Male	48	5	false	4.78	4	Good	728	Avid reader, tech enthusiast, and fitness lover	false	Customer 276	user_276	true	9	10
CUST0277	Male	47	2	false	15.97	3	Bad	151	Love	false	Customer 277	customer277	true	5	1
CUST0278	Male	53	4	true	7.74	1	Bad	117	Enjoying	false	Customer 278	user_278	false	9	Default
CUST0279	Female	42	4	true	15.13	1	Bad	23	Tech geek	true	Customer 279	user_279	true	5	Default
CUST0280	Female	40	0	true	5.75	4	Good	816	Creative thinker who enjoys innovation and challenges	false	Customer 280	customer280	true	3	12
CUST0281	Female	28	0	true	10.35	4	Good	681	Tech geek who loves exploring cutting-edge solutions	true	Customer 281	customer281	true	8	8
CUST0282	Male	23	4	true	2.83	5	Good	418	Always learning and sharing my experiences	false	Customer 282	customer282	true	1	4
CUST0283	Female	37	2	false	11.08	2	Bad	202	Shopaholic	true	Customer 283	user_283	false	9	Default
CUST0284	Female	57	7	false	17.4	2	Bad	145	Love	false	Customer 284	user_284	false	9	Default
CUST0285	Male	42	6	false	16.32	3	Bad	917	Enjoying	false	Customer 285	user_285	true	8	1
CUST0287	Male	24	7	false	5.9	4	Good	142	Avid reader, tech enthusiast, and fitness lover	false	Customer 287	user_287	true	0	11
CUST0288	Female	32	3	false	2.22	1	Bad	523	Love	false	Customer 288	customer288	false	4	Default
CUST0289	Female	17	7	false	10.58	4	Good	963	Always learning and sharing my experiences	false	Customer 289	customer289	true	4	9
CUST0290	Male	53	0	true	16.29	4	Good	657	Avid reader, tech enthusiast, and fitness lover	false	Customer 290	user_290	true	8	6
CUST0291	Male	56	9	true	11.02	2	Bad	852	Love	false	Customer 291	user_291	false	7	Default
CUST0292	Female	60	7	false	5.61	3	Bad	66	Fitness	true	Customer 292	user_292	true	1	1
CUST0293	Male	51	9	true	11.25	2	Bad	269	Love	false	Customer 293	customer293	false	1	Default
CUST0294	Female	38	6	false	12.74	2	Bad	67	Love	false	Customer 294	user_294	false	3	Default
CUST0295	Male	40	3	false	7.11	2	Bad	30	Traveler	false	Customer 295	user_295	false	5	7
CUST0296	Male	53	7	false	7.72	5	Good	387	Creative thinker who enjoys innovation and challenges	false	Customer 296	customer296	true	5	9
CUST0300	Female	55	8	true	13.31	1	Bad	535	Enjoying the small moments	false	Customer 300	user_300	true	8	6
CUST0301	Male	23	10	true	19.52	1	Bad	448	Passionate about photography	false	Customer 301	customer301	false	5	8
CUST0303	Male	45	9	true	13.86	4	Good	966	Passionate about sustainable living and healthy eating	false	Customer 303	user_303	true	8	1
CUST0305	Male	38	10	true	8.91	2	Bad	932	Love	false	Customer 305	user_305	false	6	Default
CUST0307	Female	33	8	false	2.87	1	Bad	473	Shopaholic and proud	true	Customer 307	user_307	true	3	1
CUST0308	Male	50	4	true	8.24	1	Bad	18	Love exploring new places	false	Customer 308	user_308	true	10	Default
CUST0311	Female	49	7	true	16.72	2	Bad	290	Shopaholic and proud	true	Customer 311	customer311	true	10	Default
CUST0312	Female	31	1	false	14.61	2	Bad	416	Traveler	false	Customer 312	user_312	false	8	Default
CUST0314	Male	58	6	false	19.2	1	Bad	438	Foodie	false	Customer 314	user_314	false	3	Default
CUST0315	Male	59	3	true	3.75	1	Bad	878	Bookworm	false	Customer 315	user_315	true	0	Default
CUST0316	Male	57	4	true	6.94	2	Bad	916	Enjoying the small moments	false	Customer 316	user_316	true	4	Default
CUST0317	Male	53	7	false	16.42	5	Good	233	Adventure seeker and nature enthusiast	false	Customer 317	customer317	true	2	4
CUST0318	Male	49	5	true	9.98	2	Bad	752	Love	false	Customer 318	user_318	false	5	8
CUST0321	Male	24	5	true	13.52	5	Good	558	Always learning and sharing my experiences	false	Customer 321	user_321	true	10	9
CUST0322	Female	27	5	false	4.7	3	Bad	839	Enjoying	false	Customer 322	customer322	true	10	6
CUST0324	Male	51	4	true	9.08	2	Bad	693	Traveler	false	Customer 324	user_324	false	5	12
CUST0325	Female	35	2	true	102162.445	3	Bad	206	Enjoying	false	Customer 325	user_325	true	6	7
CUST0326	Male	20	9	true	2.9	4	Good	908	Loves exploring new cuisines and traveling the world	false	Customer 326	user_326	true	6	4
CUST0327	Male	23	4	false	5.96	5	Good	460	Always learning and sharing my experiences	false	Customer 327	user_327	true	1	8
CUST0328	Female	39	2	false	9.62	5	Good	199	Loves photography, music, and exploring new cultures	false	Customer 328	user_328	true	8	4
CUST0329	Male	34	7	false	19.0	4	Good	181	Loves photography, music, and exploring new cultures	false	Customer 329	customer329	true	9	11
CUST0330	Male	39	5	true	11.22	4	Good	267	Tech geek who loves exploring cutting-edge solutions	true	Customer 330	user_330	true	4	6
CUST0331	Female	24	5	true	18.63	5	Good	158	Fitness fanatic with a love for outdoor adventures	true	Customer 331	user_331	true	1	5
CUST0332	Male	22	7	true	9.43	2	Bad	658	Music lover	false	Customer 332	customer332	false	2	3
CUST0335	Female	34	10	false	2.46	5	Good	754	Creative thinker who enjoys innovation and challenges	false	Customer 335	user_335	true	7	10
CUST0337	Female	62	9	true	7.94	1	Bad	225	Foodie	false	Customer 337	user_337	false	1	Default
CUST0338	Female	50	5	false	1.14	1	Bad	18	Traveler	false	Customer 338	user_338	false	8	Default
CUST0339	Male	45	10	false	7.09	2	Bad	14	Love exploring new places	false	Customer 339	user_339	false	6	Default
CUST0340	Female	18	7	false	8.35	1	Bad	459	Always learning	false	Customer 340	user_340	true	1	Default
CUST0341	Female	17	0	true	12.19	2	Bad	447	Foodie	false	Customer 341	user_341	false	8	10
CUST0346	Male	48	0	true	15.46	3	Bad	449	Fitness	true	Customer 346	user_346	true	4	5
CUST0347	Female	62	7	true	4.76	1	Bad	328	Foodie	false	Customer 347	customer347	false	5	Default
CUST0349	Male	63	0	true	15.34	2	Bad	822	Foodie	false	Customer 349	user_349	false	7	7
CUST0350	Female	39	8	true	9.36	3	Bad	609	Traveler	false	Customer 350	user_350	true	8	7
CUST0351	Female	62	3	true	1.32	3	Bad	793	Shopaholic	true	Customer 351	user_351	true	7	9
CUST0352	Female	51	1	true	12.22	3	Bad	514	Shopaholic	true	Customer 352	user_352	true	3	8
CUST0353	Male	50	8	true	1.62	2	Bad	848	Enjoying	false	Customer 353	user_353	false	0	Default
CUST0354	Male	33	9	true	6.71	5	Good	965	Foodie, traveler, and passionate about personal growth	false	Customer 354	user_354	true	0	1
CUST0355	Female	61	0	false	2.81	1	Bad	50	Tech geek	true	Customer 355	user_355	false	1	Default
CUST0356	Male	43	10	false	5.16	4	Good	126	Always learning and sharing my experiences	false	Customer 356	user_356	true	8	4
CUST0358	Female	28	7	true	8.46	2	Bad	822	Foodie	false	Customer 358	user_358	false	10	11
CUST0359	Male	61	1	false	6.91	2	Bad	474	Fitness	true	Customer 359	user_359	false	5	Default
CUST0360	Male	45	9	true	5.67	4	Good	780	Loves exploring new cuisines and traveling the world	false	Customer 360	user_360	true	3	8
CUST0361	Male	42	7	true	1.62	5	Good	508	Fitness fanatic with a love for outdoor adventures	true	Customer 361	user_361	true	8	4
CUST0362	Female	62	7	true	10.28	2	Bad	307	Enjoying	false	Customer 362	customer362	false	1	Default
CUST0364	Male	24	6	false	2.93	4	Good	460	Fitness fanatic with a love for outdoor adventures	true	Customer 364	user_364	true	0	4
CUST0366	Male	56	8	true	5.48	2	Bad	895	Shopaholic and proud	true	Customer 366	user_366	true	5	Default
CUST0367	Male	25	7	true	2.39	2	Bad	344	Love	false	Customer 367	user_367	false	9	Default
CUST0370	Female	38	6	true	7.72	4	Good	587	Fitness fanatic with a love for outdoor adventures	true	Customer 370	customer370	true	4	4
CUST0371	Male	29	6	true	6.79	2	Bad	114	Shopaholic	true	Customer 371	customer371	false	2	Default
CUST0373	Female	64	8	false	14.88	4	Good	869	Passionate about sustainable living and healthy eating	false	Customer 373	user_373	true	0	9
CUST0374	Female	57	8	true	7.38	2	Bad	295	Foodie	false	Customer 374	user_374	false	5	Default
CUST0375	Male	27	9	true	7.63	5	Good	89	Fitness fanatic with a love for outdoor adventures	true	Customer 375	customer375	true	1	4
CUST0376	Female	58	7	true	8.58	2	Bad	98	Traveler	false	Customer 376	user_376	false	7	Default
CUST0377	Male	30	1	false	19.21	5	Good	389	Fitness fanatic with a love for outdoor adventures	true	Customer 377	user_377	true	0	8
CUST0378	Male	17	1	false	6.31	2	Bad	842	Foodie	false	Customer 378	user_378	false	7	Default
CUST0379	Female	26	9	true	14.41	1	Bad	178	Shopaholic	true	Customer 379	user_379	false	6	2
CUST0381	Female	64	4	false	1.13	4	Good	926	Fitness fanatic with a love for outdoor adventures	true	Customer 381	user_381	true	0	6
CUST0382	Female	18	8	false	6.69	2	Bad	713	Passionate about photography	false	Customer 382	user_382	false	7	Default
CUST0383	Female	56	7	false	14.04	3	Bad	889	Fitness	true	Customer 383	user_383	true	0	4
CUST0384	Male	61	2	true	14.03	1	Bad	233	Fitness	true	Customer 384	user_384	false	6	Default
CUST0385	Female	42	1	false	6.76	5	Good	518	Adventure seeker and nature enthusiast	false	Customer 385	user_385	true	2	1
CUST0387	Male	43	10	false	8.74	2	Bad	745	Fitness	true	Customer 387	user_387	false	4	Default
CUST0388	Female	27	1	false	16.58	4	Good	529	Passionate about sustainable living and healthy eating	false	Customer 388	user_388	true	0	4
CUST0389	Female	21	0	false	16.93	4	Good	68	Adventure seeker and nature enthusiast	false	Customer 389	customer389	true	3	7
CUST0390	Female	43	8	true	18.07	3	Bad	460	Shopaholic	true	Customer 390	user_390	true	4	10
CUST0391	Female	42	4	true	4.23	5	Good	307	Avid reader, tech enthusiast, and fitness lover	false	Customer 391	user_391	true	10	3
CUST0392	Male	19	10	false	1.38	5	Good	378	Avid reader, tech enthusiast, and fitness lover	false	Customer 392	user_392	true	1	5
CUST0393	Male	56	10	true	2.51	5	Good	492	Loves photography, music, and exploring new cultures	false	Customer 393	customer393	true	2	12
CUST0394	Female	45	1	true	11.94	1	Bad	638	Love	false	Customer 394	user_394	false	6	Default
CUST0396	Male	55	1	true	3.66	5	Good	330	Foodie, traveler, and passionate about personal growth	false	Customer 396	user_396	true	9	11
CUST0397	Male	53	2	true	18.79	2	Bad	701	Foodie	false	Customer 397	user_397	false	10	Default
CUST0399	Male	26	2	true	10.78	4	Good	393	Foodie, traveler, and passionate about personal growth	false	Customer 399	user_399	true	4	2
CUST0400	Female	28	6	false	106284.7114	2	Bad	819	Love	false	Customer 400	user_400	false	9	Default
CUST0401	Female	46	1	true	8.53	4	Good	426	Avid reader, tech enthusiast, and fitness lover	false	Customer 401	user_401	true	5	4
CUST0402	Male	64	10	false	18.7	1	Bad	353	Enjoying the small moments	false	Customer 402	user_402	true	2	Default
CUST0404	Male	63	10	false	2.46	1	Bad	100	Always learning	false	Customer 404	user_404	false	4	Default
CUST0406	Female	26	3	false	6.23	1	Bad	520	Food lover	false	Customer 406	user_406	true	10	3
CUST0407	Female	20	6	true	14.39	1	Bad	324	Tech geek	true	Customer 407	user_407	false	7	12
CUST0408	Female	59	0	true	7.45	2	Bad	405	Fitness	true	Customer 408	user_408	false	1	Default
CUST0409	Female	32	10	false	6.04	2	Bad	758	Food lover	false	Customer 409	user_409	false	2	Default
CUST0415	Male	32	7	true	13.43	1	Bad	180	Traveler and dreamer	false	Customer 415	user_415	false	1	Default
CUST0416	Male	45	4	true	11.89	2	Bad	907	Enjoying	false	Customer 416	customer416	false	1	Default
CUST0417	Male	31	7	false	16.26	2	Bad	575	Always learning	false	Customer 417	user_417	false	6	Default
CUST0419	Female	23	6	false	13.27	4	Good	172	Avid reader, tech enthusiast, and fitness lover	false	Customer 419	user_419	true	3	4
CUST0420	Female	37	5	true	6.04	4	Good	885	Foodie, traveler, and passionate about personal growth	false	Customer 420	user_420	true	1	2
CUST0422	Female	41	1	false	8.85	1	Bad	497	Traveler	false	Customer 422	user_422	false	0	Default
CUST0423	Female	36	1	false	16.82	3	Bad	499	Shopaholic	true	Customer 423	user_423	true	8	7
CUST0425	Female	31	9	true	6.0	2	Bad	552	Enjoying	false	Customer 425	user_425	false	6	Default
CUST0426	Female	62	7	true	4.77	4	Good	646	Avid reader, tech enthusiast, and fitness lover	false	Customer 426	user_426	true	0	8
CUST0427	Male	49	0	false	5.37	2	Bad	352	Love	false	Customer 427	user_427	false	0	3
CUST0428	Female	32	1	false	4.8	1	Bad	986	Passionate about photography	false	Customer 428	user_428	true	8	Default
CUST0429	Female	27	0	true	15.55	2	Bad	399	Food lover	false	Customer 429	user_429	true	9	1
CUST0430	Female	29	0	true	14.73	3	Bad	68	Love	false	Customer 430	customer430	true	8	12
CUST0432	Male	30	2	false	16.48	1	Bad	0	Enjoying	false	Customer 432	user_432	false	7	8
CUST0434	Male	32	1	false	15.81	1	Bad	364	Love	false	Customer 434	user_434	false	6	Default
CUST0436	Female	21	9	true	10.82	4	Good	859	Adventure seeker and nature enthusiast	false	Customer 436	user_436	true	1	7
CUST0437	Male	42	2	true	15.66	2	Bad	450	Traveler	false	Customer 437	user_437	false	5	Default
CUST0438	Female	36	7	true	8.03	5	Good	958	Fitness fanatic with a love for outdoor adventures	true	Customer 438	user_438	true	6	11
CUST0439	Female	49	10	false	5.87	2	Bad	418	Traveler and dreamer	false	Customer 439	customer439	true	6	4
CUST0440	Female	63	9	true	12.87	2	Bad	786	Bookworm	false	Customer 440	user_440	false	5	11
CUST0441	Female	52	9	true	4.03	1	Bad	407	Shopaholic	true	Customer 441	customer441	false	9	8
CUST0442	Male	18	5	true	3.3	3	Bad	275	Enjoying	false	Customer 442	customer442	true	0	3
CUST0443	Male	62	6	true	14.55	2	Bad	263	Love exploring new places	false	Customer 443	user_443	false	4	Default
CUST0445	Female	21	6	false	13.1	5	Good	277	Creative thinker who enjoys innovation and challenges	false	Customer 445	user_445	true	4	11
CUST0448	Male	25	4	false	16.94	1	Bad	938	Love	false	Customer 448	user_448	false	7	8
CUST0449	Female	41	6	false	14.84	3	Bad	182	Love	false	Customer 449	user_449	true	7	11
CUST0450	Female	39	4	false	7.25	3	Bad	613	Fitness	true	Customer 450	user_450	true	8	10
CUST0452	Female	28	4	false	1.47	4	Good	740	Foodie, traveler, and passionate about personal growth	false	Customer 452	user_452	true	5	12
CUST0455	Female	42	5	true	8.86	1	Bad	374	Foodie	false	Customer 455	user_455	false	8	Default
CUST0456	Female	52	3	true	14.41	2	Bad	806	Shopaholic	true	Customer 456	user_456	false	10	6
CUST0457	Male	41	10	false	8.07	2	Bad	130	Enjoying	false	Customer 457	user_457	false	1	Default
CUST0458	Male	44	4	true	8.15	1	Bad	832	Fitness	true	Customer 458	user_458	false	9	Default
CUST0459	Female	45	1	true	6.53	1	Bad	685	Foodie	false	Customer 459	user_459	false	10	Default
CUST0460	Male	31	2	true	8.11	5	Good	300	Avid reader, tech enthusiast, and fitness lover	false	Customer 460	user_460	true	8	8
CUST0462	Female	45	9	false	9.9	4	Good	731	Passionate about sustainable living and healthy eating	false	Customer 462	user_462	true	2	8
CUST0463	Male	60	8	true	9.47	2	Bad	882	Food lover	false	Customer 463	user_463	false	9	1
CUST0465	Male	56	1	false	4.49	1	Bad	728	Shopaholic	true	Customer 465	user_465	false	10	Default
CUST0466	Male	45	0	false	2.19	1	Bad	251	Adventure seeker	false	Customer 466	customer466	false	9	Default
CUST0468	Male	32	1	true	16.14	5	Good	108	Adventure seeker and nature enthusiast	false	Customer 468	user_468	true	6	12
CUST0469	Female	19	6	false	9.14	2	Bad	919	Adventure seeker	false	Customer 469	customer469	true	8	Default
CUST0470	Female	44	9	true	2.14	2	Bad	237	Shopaholic	true	Customer 470	user_470	false	6	Default
CUST0471	Male	50	2	false	13.45	4	Good	457	Foodie, traveler, and passionate about personal growth	false	Customer 471	user_471	true	6	2
CUST0472	Female	55	10	false	16.22	1	Bad	337	Shopaholic	true	Customer 472	user_472	false	0	Default
CUST0473	Female	20	4	true	18.56	2	Bad	319	Shopaholic	true	Customer 473	user_473	false	1	Default
CUST0475	Female	52	3	false	8.32	3	Bad	213	Foodie	false	Customer 475	customer475	true	3	5
CUST0476	Male	64	9	true	15.1	3	Bad	123	Enjoying	false	Customer 476	customer476	true	1	7
CUST0477	Male	52	2	true	3.49	1	Bad	293	Enjoying	false	Customer 477	user_477	false	9	12
CUST0478	Female	38	1	false	2.11	3	Bad	273	Traveler	false	Customer 478	user_478	true	10	1
CUST0480	Male	59	1	true	5.43	2	Bad	899	Shopaholic	true	Customer 480	user_480	false	6	Default
CUST0481	Male	26	1	true	13.46	5	Good	135	Avid reader, tech enthusiast, and fitness lover	false	Customer 481	user_481	true	7	4
CUST0482	Female	58	5	false	6.45	2	Bad	591	Foodie	false	Customer 482	user_482	true	3	6
CUST0483	Female	52	5	true	10.08	4	Good	630	Loves exploring new cuisines and traveling the world	false	Customer 483	user_483	true	3	4
CUST0485	Male	32	4	true	18.13	3	Bad	579	Enjoying	false	Customer 485	customer485	true	1	2
CUST0486	Male	21	1	true	6.12	4	Good	142	Tech geek who loves exploring cutting-edge solutions	true	Customer 486	user_486	true	6	12
CUST0487	Female	35	3	true	18.77	1	Bad	378	Love	false	Customer 487	user_487	false	7	Default
CUST0488	Male	23	8	true	12.12	1	Bad	160	Music lover	false	Customer 488	user_488	false	0	8
CUST0489	Female	24	5	false	1.65	5	Good	850	Adventure seeker and nature enthusiast	false	Customer 489	user_489	true	10	11
CUST0490	Female	42	2	true	18.91	1	Bad	6	Enjoying the small moments	false	Customer 490	user_490	true	7	Default
CUST0491	Female	17	3	false	14.86	2	Bad	8	Fitness	true	Customer 491	customer491	false	9	Default
CUST0493	Male	51	1	false	7.01	1	Bad	423	Fitness	true	Customer 493	user_493	false	0	4
CUST0494	Male	48	1	true	2.94	1	Bad	391	Passionate about photography	false	Customer 494	user_494	false	1	Default
CUST0495	Male	18	5	true	16.77	2	Bad	835	Enjoying	false	Customer 495	user_495	false	8	Default
CUST0497	Male	29	10	true	5.42	5	Good	140	Loves photography, music, and exploring new cultures	false	Customer 497	user_497	true	2	3
CUST0498	Male	48	1	false	19.55	1	Bad	314	Enjoying the small moments	false	Customer 498	user_498	true	6	Default
CUST0499	Male	24	5	false	12.75	4	Good	816	Always learning and sharing my experiences	false	Customer 499	user_499	true	7	7
CUST0500	Female	55	2	false	2.88	1	Bad	846	Fitness	true	Customer 500	customer500	false	3	Default
CUST0501	Female	50	4	true	19.13	1	Bad	760	Fitness	true	Customer 501	user_501	false	3	Default
CUST0502	Male	47	5	true	16.97	1	Bad	777	Bookworm	false	Customer 502	user_502	true	6	4
CUST0503	Female	53	7	false	14.46	1	Bad	349	Always learning	false	Customer 503	user_503	false	6	1
CUST0504	Male	26	5	true	5.64	2	Bad	243	Traveler	false	Customer 504	user_504	false	7	8
CUST0505	Male	62	3	false	13.48	2	Bad	597	Fitness enthusiast	true	Customer 505	user_505	true	7	Default
CUST0506	Male	41	1	true	19.44	2	Bad	553	Traveler	false	Customer 506	user_506	false	1	Default
CUST0507	Male	27	2	false	5.92	3	Bad	332	Foodie	false	Customer 507	user_507	true	9	5
CUST0509	Male	46	5	false	1.66	4	Good	36	Fitness fanatic with a love for outdoor adventures	true	Customer 509	user_509	true	5	10
CUST0511	Female	47	5	true	12.38	3	Bad	806	Love	false	Customer 511	user_511	true	6	3
CUST0514	Male	37	9	false	4.48	2	Bad	664	Love	false	Customer 514	customer514	false	8	9
CUST0516	Male	31	7	false	4.73	1	Bad	938	Fitness	true	Customer 516	user_516	false	10	Default
CUST0517	Male	64	4	true	19.33	1	Bad	283	Enjoying	false	Customer 517	user_517	false	6	Default
CUST0518	Female	40	8	true	12.86	1	Bad	468	Fitness enthusiast	true	Customer 518	user_518	true	5	Default
CUST0519	Female	56	6	false	4.57	1	Bad	983	Foodie	false	Customer 519	user_519	false	6	Default
CUST0520	Male	43	8	false	5.53	2	Bad	998	Love exploring new places	false	Customer 520	user_520	false	1	Default
CUST0521	Male	18	2	true	5.81	2	Bad	153	Fitness	true	Customer 521	user_521	false	6	7
CUST0522	Male	42	6	true	18.4	1	Bad	693	Shopaholic	true	Customer 522	user_522	true	8	11
CUST0523	Female	63	2	true	9.9	1	Bad	744	Food lover	false	Customer 523	customer523	false	10	Default
CUST0524	Female	28	9	true	7.71	4	Good	861	Foodie, traveler, and passionate about personal growth	false	Customer 524	user_524	true	5	9
CUST0525	Male	46	9	false	17.25	1	Bad	281	Foodie	false	Customer 525	user_525	false	8	Default
CUST0526	Female	56	7	false	9.21	2	Bad	263	Foodie	false	Customer 526	user_526	false	6	Default
CUST0527	Male	63	2	true	19.28	5	Good	645	Always learning and sharing my experiences	false	Customer 527	user_527	true	4	10
CUST0528	Male	25	8	false	10.58	2	Bad	776	Shopaholic	true	Customer 528	user_528	true	5	12
CUST0529	Female	58	4	true	5.59	1	Bad	750	Foodie	false	Customer 529	user_529	false	10	Default
CUST0530	Male	44	7	false	1.82	4	Good	126	Adventure seeker and nature enthusiast	false	Customer 530	user_530	true	6	6
CUST0531	Female	35	2	false	9.98	2	Bad	70	Love	false	Customer 531	user_531	false	4	Default
CUST0532	Female	41	7	true	1.84	4	Good	109	Passionate about sustainable living and healthy eating	false	Customer 532	user_532	true	4	8
CUST0533	Male	59	0	true	9.29	2	Bad	685	Enjoying	false	Customer 533	user_533	false	7	12
CUST0535	Female	41	5	true	3.44	2	Bad	462	Enjoying	false	Customer 535	user_535	false	8	11
CUST0536	Male	38	9	true	19.99	1	Bad	836	Traveler and dreamer	false	Customer 536	user_536	false	2	3
CUST0537	Male	29	4	true	3.48	2	Bad	295	Love	false	Customer 537	user_537	false	6	Default
CUST0538	Male	42	7	false	8.97	4	Good	865	Avid reader, tech enthusiast, and fitness lover	false	Customer 538	user_538	true	0	5
CUST0539	Male	43	3	false	10.71	1	Bad	780	Enjoying	false	Customer 539	customer539	false	4	Default
CUST0541	Male	51	8	true	4.32	2	Bad	520	Traveler	false	Customer 541	user_541	false	4	6
CUST0545	Female	29	3	false	10.93	1	Bad	134	Enjoying	false	Customer 545	user_545	false	9	5
CUST0547	Female	54	8	true	2.15	2	Bad	835	Bookworm	false	Customer 547	user_547	false	0	5
CUST0548	Female	44	0	true	17.46	1	Bad	651	Shopaholic	true	Customer 548	user_548	false	3	Default
CUST0549	Female	20	9	false	3.37	4	Good	684	Adventure seeker and nature enthusiast	false	Customer 549	user_549	true	9	6
CUST0551	Male	45	9	false	17.8	5	Good	955	Fitness fanatic with a love for outdoor adventures	true	Customer 551	customer551	true	4	4
CUST0552	Male	61	10	true	14.15	3	Bad	175	Shopaholic	true	Customer 552	user_552	true	5	10
CUST0553	Female	18	1	true	17.09	1	Bad	471	Fitness enthusiast	true	Customer 553	user_553	true	9	Default
CUST0554	Male	64	2	true	14.36	2	Bad	558	Fitness enthusiast	true	Customer 554	user_554	false	4	Default
CUST0556	Male	23	10	false	5.36	3	Bad	396	Traveler	false	Customer 556	user_556	true	0	12
CUST0558	Male	26	9	true	13.36	3	Bad	195	Shopaholic	true	Customer 558	user_558	true	4	12
CUST0560	Female	22	10	false	16.87	1	Bad	396	Foodie	false	Customer 560	user_560	false	10	Default
CUST0561	Male	57	1	false	12.62	4	Good	697	Always learning and sharing my experiences	false	Customer 561	user_561	true	0	4
CUST0562	Male	62	1	true	5.2	1	Bad	75	Love	false	Customer 562	user_562	false	2	Default
CUST0563	Female	52	0	false	13.98	1	Bad	238	Food lover	false	Customer 563	user_563	false	0	Default
CUST0564	Female	37	4	true	9.58	2	Bad	45	Love exploring new places	false	Customer 564	user_564	false	4	Default
CUST0565	Female	49	5	false	18.5	3	Bad	56	Traveler	false	Customer 565	customer565	true	3	9
CUST0566	Male	23	5	false	11.56	3	Bad	720	Traveler	false	Customer 566	user_566	true	5	1
CUST0567	Male	32	9	true	4.4	1	Bad	243	Traveler	false	Customer 567	user_567	false	8	7
CUST0568	Male	36	6	true	7.76	1	Bad	303	Love	false	Customer 568	user_568	false	8	Default
CUST0570	Male	48	5	false	16.57	5	Good	601	Always learning and sharing my experiences	false	Customer 570	customer570	true	5	4
CUST0571	Male	64	6	true	19.87	1	Bad	549	Love	false	Customer 571	user_571	false	7	Default
CUST0572	Female	46	6	false	7.38	5	Good	924	Fitness fanatic with a love for outdoor adventures	true	Customer 572	user_572	true	2	3
CUST0573	Male	57	2	true	7.51	5	Good	802	Avid reader, tech enthusiast, and fitness lover	false	Customer 573	customer573	true	5	6
CUST0574	Female	58	8	false	1.31	2	Bad	164	Foodie	false	Customer 574	user_574	false	7	2
CUST0575	Male	29	5	true	2.64	1	Bad	403	Always learning	false	Customer 575	user_575	true	8	Default
CUST0579	Male	38	5	true	1.79	1	Bad	467	Love exploring new places	false	Customer 579	user_579	true	3	Default
CUST0582	Male	61	6	false	3.86	3	Bad	412	Fitness	true	Customer 582	user_582	true	10	12
CUST0583	Female	54	2	false	3.1	1	Bad	290	Love exploring new places	false	Customer 583	user_583	false	2	9
CUST0584	Male	23	2	false	9.07	1	Bad	553	Bookworm	false	Customer 584	user_584	true	1	3
CUST0585	Male	24	5	false	7.03	1	Bad	999	Fitness enthusiast	true	Customer 585	user_585	false	1	Default
CUST0586	Male	62	10	true	6.29	1	Bad	841	Music lover	false	Customer 586	customer586	false	6	12
CUST0587	Female	30	6	true	12.1	5	Good	748	Foodie, traveler, and passionate about personal growth	false	Customer 587	user_587	true	6	12
CUST0588	Male	27	10	true	2.77	3	Bad	985	Love	false	Customer 588	user_588	true	5	4
CUST0589	Female	36	4	true	11.26	5	Good	670	Adventure seeker and nature enthusiast	false	Customer 589	user_589	true	7	9
CUST0590	Male	17	10	false	18.13	2	Bad	82	Love	false	Customer 590	customer590	false	2	Default
CUST0591	Female	35	8	false	19.71	4	Good	553	Tech geek who loves exploring cutting-edge solutions	true	Customer 591	user_591	true	9	12
CUST0592	Female	50	0	false	4.59	1	Bad	359	Shopaholic and proud	true	Customer 592	customer592	true	5	Default
CUST0593	Male	56	3	false	6.35	3	Bad	765	Fitness	true	Customer 593	user_593	true	7	5
CUST0594	Male	31	3	true	19.49	5	Good	430	Adventure seeker and nature enthusiast	false	Customer 594	customer594	true	2	4
CUST0595	Male	36	10	true	15.93	4	Good	54	Foodie, traveler, and passionate about personal growth	false	Customer 595	customer595	true	5	7
CUST0597	Female	28	3	true	19.42	1	Bad	88	Shopaholic	true	Customer 597	user_597	false	10	Default
CUST0599	Female	49	5	false	11.01	5	Good	455	Passionate about sustainable living and healthy eating	false	Customer 599	user_599	true	5	9
CUST0600	Female	24	4	false	4.87	2	Bad	127	Traveler and dreamer	false	Customer 600	user_600	true	9	Default
