{
  "script": {
    "steps": [],
    "maxProcessedMemTableBytes": -1,
    "columnsSelection": {
      "mode": "ALL",
      "list": [
        {
          "name": "Customer ID",
          "d": true
        },
        {
          "name": "Gender",
          "d": true
        },
        {
          "name": "Age",
          "d": true
        },
        {
          "name": "Years with Firm",
          "d": true
        },
        {
          "name": "Active on Social Media",
          "d": true
        },
        {
          "name": "Average Transactions per Month",
          "d": true
        },
        {
          "name": "RFM Score",
          "d": true
        },
        {
          "name": "rfm_category",
          "d": true
        },
        {
          "name": "Credit Balance (AED)",
          "d": true
        },
        {
          "name": "Customer Bio",
          "d": true
        },
        {
          "name": "tag",
          "d": true
        },
        {
          "name": "Customer Name",
          "d": true
        },
        {
          "name": "Customer Username",
          "d": true
        },
        {
          "name": "Profile Picture on Social Media",
          "d": true
        },
        {
          "name": "Number of Referrals",
          "d": true
        },
        {
          "name": "Payback Status",
          "d": true
        }
      ]
    },
    "columnOrder": [],
    "columnWidthsByName": {
      "Customer ID": 127,
      "Gender": 100,
      "Age": 100,
      "Years with Firm": 128,
      "Active on Social Media": 180,
      "Average Transactions per Month": 240,
      "RFM Score": 100,
      "rfm_category": 105,
      "Credit Balance (AED)": 165,
      "Customer Bio": 246,
      "tag": 100,
      "Customer Name": 141,
      "Customer Username": 143,
      "Profile Picture on Social Media": 248,
      "Number of Referrals": 158,
      "Payback Status": 118
    },
    "columnUseScientificNotationByName": {},
    "coloring": {
      "scheme": "MEANING_AND_STATUS",
      "individualColumns": [],
      "individualColumnsRules": [],
      "valueColoringMode": "HASH"
    },
    "sorting": [],
    "analysisColumnData": {},
    "explorationSampling": {
      "selection": {
        "maxRecordsForDisplay": -1,
        "maxStoredBytes": 104857600,
        "timeout": -1,
        "filter": {
          "distinct": false,
          "enabled": false
        },
        "partitionSelectionMethod": "ALL",
        "latestPartitionsN": 1,
        "ordering": {
          "enabled": false,
          "rules": []
        },
        "samplingMethod": "HEAD_SEQUENTIAL",
        "maxRecords": 10000,
        "targetRatio": 0.02,
        "ascending": true,
        "withinFirstN": -1,
        "maxReadUncompressedBytes": -1
      },
      "autoRefreshSample": false,
      "_refreshTrigger": 0
    },
    "vizSampling": {
      "selection": {
        "useMemTable": false,
        "filter": {
          "distinct": false,
          "enabled": false
        },
        "partitionSelectionMethod": "ALL",
        "latestPartitionsN": 1,
        "ordering": {
          "enabled": false,
          "rules": []
        },
        "samplingMethod": "FULL",
        "maxRecords": -1,
        "targetRatio": 0.02,
        "ascending": true,
        "withinFirstN": -1,
        "maxReadUncompressedBytes": -1
      },
      "autoRefreshSample": false,
      "_refreshTrigger": 0
    },
    "exploreUIParams": {
      "autoRefresh": true
    },
    "globalSearchQuery": "",
    "explorationFilters": [],
    "previewMode": "ALL_ROWS"
  },
  "charts": [],
  "interactiveSearch": {
    "savedQueries": []
  },
  "customMeasures": []
}