{
  "trainedWithDSSVersion": "13.4.3",
  "backend": "PY_MEMORY",
  "isValid": true,
  "type": "BINARY_PROBABILISTIC",
  "algorithm_name": "LOGISTIC",
  "columns": [
    "Following",
    "Followers",
    "Tweets_Per_Day",
    "Engagement_Rate",
    "Num_Tweets",
    "dummy:Profile_Creation_Method:Manual Signup",
    "dummy:Profile_Creation_Method:API",
    "dummy:Profile_Creation_Method:N/A",
    "dummy:Tweet_Sentiment:Neutral",
    "dummy:Tweet_Sentiment:Positive",
    "dummy:Tweet_Sentiment:N/A",
    "dummy:Profile_Picture:Yes",
    "dummy:Profile_Picture:N/A",
    "dummy:Verified:Not Verified",
    "dummy:Verified:N/A"
  ],
  "classes": [
    "Genuine",
    "Fraudulent"
  ]
}