{
    "featuresDistribution": {
        "Profile_Creation_Method": {
            "type": "CATEGORY",
            "nbDistinct": 3,
            "count": 2396,
            "missingCount": 0.0,
            "values": {
                "scale": [
                    "Manual Signup",
                    "API",
                    "Bot Created"
                ],
                "distribution": [
                    0.496661101836394,
                    0.40859766277128545,
                    0.09474123539232053
                ]
            }
        },
        "Tweet_Sentiment": {
            "type": "CATEGORY",
            "nbDistinct": 3,
            "count": 2396,
            "missingCount": 0.0,
            "values": {
                "scale": [
                    "Neutral",
                    "Negative",
                    "Positive"
                ],
                "distribution": [
                    0.335559265442404,
                    0.332220367278798,
                    0.332220367278798
                ]
            }
        },
        "Profile_Picture": {
            "type": "CATEGORY",
            "nbDistinct": 2,
            "count": 2396,
            "missingCount": 0.0,
            "values": {
                "scale": [
                    "Yes",
                    "No"
                ],
                "distribution": [
                    0.5166944908180301,
                    0.48330550918196996
                ]
            }
        },
        "Following": {
            "type": "NUMERIC",
            "nbDistinct": 1619,
            "count": 2396,
            "missingCount": 0.0,
            "histogram": {
                "scale": [
                    50.0,
                    151.0,
                    252.0,
                    353.0,
                    454.0,
                    555.0,
                    656.0,
                    757.0,
                    858.0,
                    959.0,
                    1060.0,
                    1161.0,
                    1262.0,
                    1363.0,
                    1464.0,
                    1565.0,
                    1666.0,
                    1767.0,
                    1868.0,
                    1969.0,
                    2070.0,
                    2171.0,
                    2272.0,
                    2373.0,
                    2474.0,
                    2575.0,
                    2676.0,
                    2777.0,
                    2878.0,
                    2979.0,
                    3080.0,
                    3181.0,
                    3282.0,
                    3383.0,
                    3484.0,
                    3585.0,
                    3686.0,
                    3787.0,
                    3888.0,
                    3989.0,
                    4090.0,
                    4191.0,
                    4292.0,
                    4393.0,
                    4494.0,
                    4595.0,
                    4696.0,
                    4797.0,
                    4898.0,
                    4999.0
                ],
                "distribution": [
                    0.035058430717863104,
                    0.03297161936560935,
                    0.03672787979966611,
                    0.038397328881469114,
                    0.034641068447412354,
                    0.042153589315525875,
                    0.04257095158597663,
                    0.03964941569282137,
                    0.048414023372287146,
                    0.038397328881469114,
                    0.041736227045075125,
                    0.04674457429048414,
                    0.048414023372287146,
                    0.047996661101836396,
                    0.0496661101836394,
                    0.047996661101836396,
                    0.045492487479131885,
                    0.04674457429048414,
                    0.03964941569282137,
                    0.017111853088480802,
                    0.005843071786310518,
                    0.007512520868113523,
                    0.0070951585976627716,
                    0.005425709515859766,
                    0.0070951585976627716,
                    0.005843071786310518,
                    0.00667779632721202,
                    0.0037562604340567614,
                    0.00333889816360601,
                    0.004173622704507512,
                    0.005843071786310518,
                    0.006260434056761269,
                    0.0070951585976627716,
                    0.002921535893155259,
                    0.008347245409015025,
                    0.00333889816360601,
                    0.007512520868113523,
                    0.005425709515859766,
                    0.004590984974958264,
                    0.007929883138564273,
                    0.0070951585976627716,
                    0.0070951585976627716,
                    0.006260434056761269,
                    0.005008347245409015,
                    0.00667779632721202,
                    0.007929883138564273,
                    0.007512520868113523,
                    0.007512520868113523,
                    0.008347245409015025
                ]
            },
            "quantiles": {
                "scale": [
                    194.51999999999998,
                    476.52,
                    732.7600000000001,
                    973.7600000000001,
                    1201.0,
                    1416.5,
                    1627.5,
                    1840.8600000000001,
                    2725.7200000000003,
                    4248.360000000001
                ],
                "distribution": [
                    0.1001669449081803,
                    0.0993322203672788,
                    0.10058430717863105,
                    0.09891485809682804,
                    0.10058430717863105,
                    0.1001669449081803,
                    0.09974958263772955,
                    0.10058430717863105,
                    0.09974958263772955,
                    0.1001669449081803
                ]
            },
            "topValues": [
                {
                    "value": 1586.0,
                    "count": 6.0
                },
                {
                    "value": 140.0,
                    "count": 5.0
                },
                {
                    "value": 259.0,
                    "count": 5.0
                },
                {
                    "value": 451.0,
                    "count": 5.0
                },
                {
                    "value": 879.0,
                    "count": 5.0
                },
                {
                    "value": 1292.0,
                    "count": 5.0
                },
                {
                    "value": 1615.0,
                    "count": 5.0
                },
                {
                    "value": 1824.0,
                    "count": 5.0
                },
                {
                    "value": 1994.0,
                    "count": 5.0
                },
                {
                    "value": 96.0,
                    "count": 4.0
                },
                {
                    "value": 296.0,
                    "count": 4.0
                },
                {
                    "value": 374.0,
                    "count": 4.0
                },
                {
                    "value": 432.0,
                    "count": 4.0
                },
                {
                    "value": 584.0,
                    "count": 4.0
                },
                {
                    "value": 717.0,
                    "count": 4.0
                },
                {
                    "value": 720.0,
                    "count": 4.0
                },
                {
                    "value": 749.0,
                    "count": 4.0
                },
                {
                    "value": 776.0,
                    "count": 4.0
                },
                {
                    "value": 884.0,
                    "count": 4.0
                },
                {
                    "value": 922.0,
                    "count": 4.0
                },
                {
                    "value": 933.0,
                    "count": 4.0
                },
                {
                    "value": 1058.0,
                    "count": 4.0
                },
                {
                    "value": 1059.0,
                    "count": 4.0
                },
                {
                    "value": 1096.0,
                    "count": 4.0
                },
                {
                    "value": 1154.0,
                    "count": 4.0
                },
                {
                    "value": 1307.0,
                    "count": 4.0
                },
                {
                    "value": 1377.0,
                    "count": 4.0
                },
                {
                    "value": 1396.0,
                    "count": 4.0
                },
                {
                    "value": 1443.0,
                    "count": 4.0
                },
                {
                    "value": 1544.0,
                    "count": 4.0
                },
                {
                    "value": 1560.0,
                    "count": 4.0
                },
                {
                    "value": 1643.0,
                    "count": 4.0
                },
                {
                    "value": 1644.0,
                    "count": 4.0
                },
                {
                    "value": 1647.0,
                    "count": 4.0
                },
                {
                    "value": 102.0,
                    "count": 3.0
                },
                {
                    "value": 103.0,
                    "count": 3.0
                },
                {
                    "value": 127.0,
                    "count": 3.0
                },
                {
                    "value": 162.0,
                    "count": 3.0
                },
                {
                    "value": 234.0,
                    "count": 3.0
                },
                {
                    "value": 272.0,
                    "count": 3.0
                },
                {
                    "value": 280.0,
                    "count": 3.0
                },
                {
                    "value": 309.0,
                    "count": 3.0
                },
                {
                    "value": 328.0,
                    "count": 3.0
                },
                {
                    "value": 333.0,
                    "count": 3.0
                },
                {
                    "value": 347.0,
                    "count": 3.0
                },
                {
                    "value": 350.0,
                    "count": 3.0
                },
                {
                    "value": 357.0,
                    "count": 3.0
                },
                {
                    "value": 386.0,
                    "count": 3.0
                },
                {
                    "value": 393.0,
                    "count": 3.0
                },
                {
                    "value": 412.0,
                    "count": 3.0
                }
            ]
        },
        "Followers": {
            "type": "NUMERIC",
            "nbDistinct": 2045,
            "count": 2396,
            "missingCount": 0.0,
            "histogram": {
                "scale": [
                    10.0,
                    2050.326530612245,
                    4090.6530612244896,
                    6130.9795918367345,
                    8171.306122448979,
                    10211.632653061224,
                    12251.959183673469,
                    14292.285714285714,
                    16332.612244897959,
                    18372.938775510203,
                    20413.26530612245,
                    22453.591836734693,
                    24493.918367346938,
                    26534.244897959183,
                    28574.571428571428,
                    30614.897959183672,
                    32655.224489795917,
                    34695.551020408166,
                    36735.87755102041,
                    38776.20408163265,
                    40816.5306122449,
                    42856.857142857145,
                    44897.183673469386,
                    46937.51020408163,
                    48977.836734693876,
                    51018.163265306124,
                    53058.489795918365,
                    55098.81632653061,
                    57139.142857142855,
                    59179.4693877551,
                    61219.795918367345,
                    63260.122448979586,
                    65300.448979591834,
                    67340.77551020408,
                    69381.10204081633,
                    71421.42857142857,
                    73461.75510204081,
                    75502.08163265306,
                    77542.4081632653,
                    79582.73469387754,
                    81623.0612244898,
                    83663.38775510204,
                    85703.71428571429,
                    87744.04081632652,
                    89784.36734693877,
                    91824.69387755102,
                    93865.02040816325,
                    95905.3469387755,
                    97945.67346938775,
                    99986.0
                ],
                "distribution": [
                    0.3063439065108514,
                    0.009599332220367279,
                    0.012103505843071787,
                    0.015442404006677797,
                    0.017111853088480802,
                    0.017529215358931552,
                    0.015025041736227046,
                    0.0162771285475793,
                    0.015025041736227046,
                    0.01669449081803005,
                    0.015025041736227046,
                    0.0162771285475793,
                    0.014607679465776294,
                    0.014607679465776294,
                    0.015442404006677797,
                    0.015025041736227046,
                    0.014190317195325543,
                    0.01001669449081803,
                    0.015025041736227046,
                    0.01335559265442404,
                    0.01293823038397329,
                    0.015442404006677797,
                    0.012103505843071787,
                    0.015859766277128547,
                    0.022537562604340568,
                    0.014607679465776294,
                    0.010434056761268781,
                    0.017111853088480802,
                    0.01293823038397329,
                    0.015442404006677797,
                    0.01335559265442404,
                    0.015442404006677797,
                    0.015025041736227046,
                    0.008764607679465776,
                    0.01335559265442404,
                    0.012103505843071787,
                    0.01293823038397329,
                    0.012103505843071787,
                    0.012103505843071787,
                    0.015859766277128547,
                    0.012520868113522538,
                    0.015442404006677797,
                    0.01669449081803005,
                    0.014607679465776294,
                    0.018781302170283808,
                    0.011268781302170284,
                    0.01669449081803005,
                    0.015442404006677797,
                    0.01335559265442404
                ]
            },
            "quantiles": {
                "scale": [
                    89.5,
                    255.5,
                    864.6200000000013,
                    8160.520000000001,
                    21649.9,
                    35753.18000000001,
                    49848.850000000006,
                    63972.83000000001,
                    79021.28,
                    93320.12
                ],
                "distribution": [
                    0.09974958263772955,
                    0.09974958263772955,
                    0.10058430717863105,
                    0.09974958263772955,
                    0.1001669449081803,
                    0.1001669449081803,
                    0.09974958263772955,
                    0.1001669449081803,
                    0.09974958263772955,
                    0.1001669449081803
                ]
            },
            "topValues": [
                {
                    "value": 43.0,
                    "count": 5.0
                },
                {
                    "value": 73.0,
                    "count": 5.0
                },
                {
                    "value": 310.0,
                    "count": 5.0
                },
                {
                    "value": 327.0,
                    "count": 5.0
                },
                {
                    "value": 428.0,
                    "count": 5.0
                },
                {
                    "value": 471.0,
                    "count": 5.0
                },
                {
                    "value": 477.0,
                    "count": 5.0
                },
                {
                    "value": 14.0,
                    "count": 4.0
                },
                {
                    "value": 21.0,
                    "count": 4.0
                },
                {
                    "value": 55.0,
                    "count": 4.0
                },
                {
                    "value": 80.0,
                    "count": 4.0
                },
                {
                    "value": 97.0,
                    "count": 4.0
                },
                {
                    "value": 132.0,
                    "count": 4.0
                },
                {
                    "value": 150.0,
                    "count": 4.0
                },
                {
                    "value": 185.0,
                    "count": 4.0
                },
                {
                    "value": 198.0,
                    "count": 4.0
                },
                {
                    "value": 215.0,
                    "count": 4.0
                },
                {
                    "value": 231.0,
                    "count": 4.0
                },
                {
                    "value": 305.0,
                    "count": 4.0
                },
                {
                    "value": 366.0,
                    "count": 4.0
                },
                {
                    "value": 368.0,
                    "count": 4.0
                },
                {
                    "value": 374.0,
                    "count": 4.0
                },
                {
                    "value": 394.0,
                    "count": 4.0
                },
                {
                    "value": 402.0,
                    "count": 4.0
                },
                {
                    "value": 414.0,
                    "count": 4.0
                },
                {
                    "value": 430.0,
                    "count": 4.0
                },
                {
                    "value": 481.0,
                    "count": 4.0
                },
                {
                    "value": 485.0,
                    "count": 4.0
                },
                {
                    "value": 497.0,
                    "count": 4.0
                },
                {
                    "value": 11.0,
                    "count": 3.0
                },
                {
                    "value": 12.0,
                    "count": 3.0
                },
                {
                    "value": 16.0,
                    "count": 3.0
                },
                {
                    "value": 32.0,
                    "count": 3.0
                },
                {
                    "value": 36.0,
                    "count": 3.0
                },
                {
                    "value": 41.0,
                    "count": 3.0
                },
                {
                    "value": 42.0,
                    "count": 3.0
                },
                {
                    "value": 49.0,
                    "count": 3.0
                },
                {
                    "value": 56.0,
                    "count": 3.0
                },
                {
                    "value": 59.0,
                    "count": 3.0
                },
                {
                    "value": 61.0,
                    "count": 3.0
                },
                {
                    "value": 65.0,
                    "count": 3.0
                },
                {
                    "value": 78.0,
                    "count": 3.0
                },
                {
                    "value": 83.0,
                    "count": 3.0
                },
                {
                    "value": 92.0,
                    "count": 3.0
                },
                {
                    "value": 111.0,
                    "count": 3.0
                },
                {
                    "value": 114.0,
                    "count": 3.0
                },
                {
                    "value": 118.0,
                    "count": 3.0
                },
                {
                    "value": 120.0,
                    "count": 3.0
                },
                {
                    "value": 131.0,
                    "count": 3.0
                },
                {
                    "value": 137.0,
                    "count": 3.0
                }
            ]
        },
        "Tweets_Per_Day": {
            "type": "NUMERIC",
            "nbDistinct": 2396,
            "count": 2396,
            "missingCount": 0.0,
            "histogram": {
                "scale": [
                    0.10668146763273068,
                    1.1244897814331742,
                    2.142298095233618,
                    3.1601064090340616,
                    4.1779147228345055,
                    5.195723036634949,
                    6.213531350435392,
                    7.231339664235836,
                    8.24914797803628,
                    9.266956291836724,
                    10.284764605637168,
                    11.302572919437612,
                    12.320381233238054,
                    13.338189547038498,
                    14.355997860838942,
                    15.373806174639386,
                    16.391614488439828,
                    17.40942280224027,
                    18.427231116040716,
                    19.44503942984116,
                    20.462847743641603,
                    21.480656057442047,
                    22.49846437124249,
                    23.516272685042935,
                    24.534080998843375,
                    25.55188931264382,
                    26.569697626444263,
                    27.587505940244707,
                    28.60531425404515,
                    29.623122567845595,
                    30.64093088164604,
                    31.658739195446483,
                    32.67654750924693,
                    33.694355823047374,
                    34.71216413684782,
                    35.72997245064826,
                    36.747780764448706,
                    37.76558907824915,
                    38.783397392049594,
                    39.80120570585004,
                    40.81901401965048,
                    41.836822333450925,
                    42.85463064725137,
                    43.87243896105181,
                    44.89024727485226,
                    45.9080555886527,
                    46.925863902453145,
                    47.94367221625359,
                    48.961480530054025,
                    49.97928884385447
                ],
                "distribution": [
                    0.1343906510851419,
                    0.15609348914858096,
                    0.14899833055091818,
                    0.1506677796327212,
                    0.11602671118530884,
                    0.006260434056761269,
                    0.005425709515859766,
                    0.005425709515859766,
                    0.0070951585976627716,
                    0.005425709515859766,
                    0.006260434056761269,
                    0.008764607679465776,
                    0.005843071786310518,
                    0.007929883138564273,
                    0.00667779632721202,
                    0.008347245409015025,
                    0.008347245409015025,
                    0.0037562604340567614,
                    0.007929883138564273,
                    0.01001669449081803,
                    0.007929883138564273,
                    0.006260434056761269,
                    0.0070951585976627716,
                    0.007512520868113523,
                    0.00667779632721202,
                    0.0070951585976627716,
                    0.008347245409015025,
                    0.00333889816360601,
                    0.004590984974958264,
                    0.005008347245409015,
                    0.0070951585976627716,
                    0.00667779632721202,
                    0.008764607679465776,
                    0.005008347245409015,
                    0.007929883138564273,
                    0.005008347245409015,
                    0.006260434056761269,
                    0.006260434056761269,
                    0.005425709515859766,
                    0.008347245409015025,
                    0.00667779632721202,
                    0.005843071786310518,
                    0.008764607679465776,
                    0.00667779632721202,
                    0.005008347245409015,
                    0.007929883138564273,
                    0.009599332220367279,
                    0.005008347245409015,
                    0.004173622704507512
                ]
            },
            "quantiles": {
                "scale": [
                    0.4667018634712858,
                    1.1833334106022015,
                    1.8708615972711922,
                    2.5418085581904952,
                    3.2261721296955104,
                    3.905433354557227,
                    4.603288841021644,
                    12.235623398389022,
                    27.037662164190003,
                    42.27479156202156
                ],
                "distribution": [
                    0.1001669449081803,
                    0.09974958263772955,
                    0.1001669449081803,
                    0.09974958263772955,
                    0.1001669449081803,
                    0.1001669449081803,
                    0.09974958263772955,
                    0.1001669449081803,
                    0.09974958263772955,
                    0.1001669449081803
                ]
            },
            "topValues": [
                {
                    "value": 0.10668146763273068,
                    "count": 1.0
                },
                {
                    "value": 0.10751556917690402,
                    "count": 1.0
                },
                {
                    "value": 0.1176053820036934,
                    "count": 1.0
                },
                {
                    "value": 0.11768358705174542,
                    "count": 1.0
                },
                {
                    "value": 0.12219808537076668,
                    "count": 1.0
                },
                {
                    "value": 0.12402266748308877,
                    "count": 1.0
                },
                {
                    "value": 0.1322591372867053,
                    "count": 1.0
                },
                {
                    "value": 0.1328960572073202,
                    "count": 1.0
                },
                {
                    "value": 0.13426603349166674,
                    "count": 1.0
                },
                {
                    "value": 0.1424471288370769,
                    "count": 1.0
                },
                {
                    "value": 0.14647045617473625,
                    "count": 1.0
                },
                {
                    "value": 0.14804805706465834,
                    "count": 1.0
                },
                {
                    "value": 0.15028741884174332,
                    "count": 1.0
                },
                {
                    "value": 0.15127622256924425,
                    "count": 1.0
                },
                {
                    "value": 0.15279576380268103,
                    "count": 1.0
                },
                {
                    "value": 0.1584787746182547,
                    "count": 1.0
                },
                {
                    "value": 0.15866461433760654,
                    "count": 1.0
                },
                {
                    "value": 0.1660459356183901,
                    "count": 1.0
                },
                {
                    "value": 0.1732576213728307,
                    "count": 1.0
                },
                {
                    "value": 0.17728533141871167,
                    "count": 1.0
                },
                {
                    "value": 0.17808443195720547,
                    "count": 1.0
                },
                {
                    "value": 0.1803654641066246,
                    "count": 1.0
                },
                {
                    "value": 0.1817663621687356,
                    "count": 1.0
                },
                {
                    "value": 0.18291476367653972,
                    "count": 1.0
                },
                {
                    "value": 0.186499454725908,
                    "count": 1.0
                },
                {
                    "value": 0.18897628639314304,
                    "count": 1.0
                },
                {
                    "value": 0.19136806969659548,
                    "count": 1.0
                },
                {
                    "value": 0.19153695814246224,
                    "count": 1.0
                },
                {
                    "value": 0.19283213785620765,
                    "count": 1.0
                },
                {
                    "value": 0.19504660092133988,
                    "count": 1.0
                },
                {
                    "value": 0.1974075225685183,
                    "count": 1.0
                },
                {
                    "value": 0.20285718077598086,
                    "count": 1.0
                },
                {
                    "value": 0.20389089078444145,
                    "count": 1.0
                },
                {
                    "value": 0.21038420569641997,
                    "count": 1.0
                },
                {
                    "value": 0.21413952306032652,
                    "count": 1.0
                },
                {
                    "value": 0.21649790797459023,
                    "count": 1.0
                },
                {
                    "value": 0.216882516768396,
                    "count": 1.0
                },
                {
                    "value": 0.22739167431593588,
                    "count": 1.0
                },
                {
                    "value": 0.23113490106619025,
                    "count": 1.0
                },
                {
                    "value": 0.23671632808432863,
                    "count": 1.0
                },
                {
                    "value": 0.2416254616662056,
                    "count": 1.0
                },
                {
                    "value": 0.24237322630099384,
                    "count": 1.0
                },
                {
                    "value": 0.2494771378373325,
                    "count": 1.0
                },
                {
                    "value": 0.2500754152260256,
                    "count": 1.0
                },
                {
                    "value": 0.25361845855173454,
                    "count": 1.0
                },
                {
                    "value": 0.25467423578877413,
                    "count": 1.0
                },
                {
                    "value": 0.25715954558004017,
                    "count": 1.0
                },
                {
                    "value": 0.2619595049473379,
                    "count": 1.0
                },
                {
                    "value": 0.2631333644537166,
                    "count": 1.0
                },
                {
                    "value": 0.2638734750115714,
                    "count": 1.0
                }
            ]
        },
        "Engagement_Rate": {
            "type": "NUMERIC",
            "nbDistinct": 2396,
            "count": 2396,
            "missingCount": 0.0,
            "histogram": {
                "scale": [
                    0.010029133997692242,
                    0.020014661995480527,
                    0.03000018999326881,
                    0.039985717991057095,
                    0.04997124598884538,
                    0.05995677398663366,
                    0.06994230198442195,
                    0.07992782998221022,
                    0.08991335797999851,
                    0.0998988859777868,
                    0.10988441397557508,
                    0.11986994197336336,
                    0.12985546997115163,
                    0.13984099796893992,
                    0.14982652596672819,
                    0.15981205396451648,
                    0.16979758196230477,
                    0.17978310996009306,
                    0.18976863795788135,
                    0.1997541659556696,
                    0.2097396939534579,
                    0.2197252219512462,
                    0.22971074994903445,
                    0.23969627794682274,
                    0.24968180594461103,
                    0.2596673339423993,
                    0.2696528619401876,
                    0.2796383899379759,
                    0.28962391793576414,
                    0.29960944593355243,
                    0.3095949739313407,
                    0.319580501929129,
                    0.3295660299269173,
                    0.3395515579247056,
                    0.3495370859224939,
                    0.3595226139202822,
                    0.36950814191807047,
                    0.3794936699158587,
                    0.389479197913647,
                    0.3994647259114353,
                    0.40945025390922357,
                    0.41943578190701186,
                    0.42942130990480015,
                    0.43940683790258844,
                    0.4493923659003767,
                    0.45937789389816497,
                    0.46936342189595326,
                    0.47934894989374155,
                    0.48933447789152984,
                    0.49932000588931813
                ],
                "distribution": [
                    0.03171953255425709,
                    0.035058430717863104,
                    0.03046744574290484,
                    0.0325542570951586,
                    0.03297161936560935,
                    0.028797996661101836,
                    0.037979966611018365,
                    0.034223706176961605,
                    0.03046744574290484,
                    0.015442404006677797,
                    0.019198664440734557,
                    0.017529215358931552,
                    0.0162771285475793,
                    0.015442404006677797,
                    0.017529215358931552,
                    0.015859766277128547,
                    0.020450751252086813,
                    0.020450751252086813,
                    0.017111853088480802,
                    0.019198664440734557,
                    0.018363939899833055,
                    0.015442404006677797,
                    0.018363939899833055,
                    0.019198664440734557,
                    0.01669449081803005,
                    0.022537562604340568,
                    0.017529215358931552,
                    0.018781302170283808,
                    0.017529215358931552,
                    0.022954924874791317,
                    0.014190317195325543,
                    0.018781302170283808,
                    0.017946577629382305,
                    0.013772954924874792,
                    0.013772954924874792,
                    0.015442404006677797,
                    0.019198664440734557,
                    0.020450751252086813,
                    0.018363939899833055,
                    0.021702838063439065,
                    0.015025041736227046,
                    0.015025041736227046,
                    0.017529215358931552,
                    0.017111853088480802,
                    0.015859766277128547,
                    0.018781302170283808,
                    0.015859766277128547,
                    0.014607679465776294,
                    0.020450751252086813
                ]
            },
            "quantiles": {
                "scale": [
                    0.025512893368062145,
                    0.05663001950440174,
                    0.0876826948236616,
                    0.13300529156843716,
                    0.18929684373056993,
                    0.24287491959605237,
                    0.2975735567819424,
                    0.3549687358893112,
                    0.412700868096906,
                    0.4699333261887525
                ],
                "distribution": [
                    0.1001669449081803,
                    0.09974958263772955,
                    0.1001669449081803,
                    0.09974958263772955,
                    0.1001669449081803,
                    0.1001669449081803,
                    0.09974958263772955,
                    0.1001669449081803,
                    0.09974958263772955,
                    0.1001669449081803
                ]
            },
            "topValues": [
                {
                    "value": 0.010029133997692242,
                    "count": 1.0
                },
                {
                    "value": 0.010087270519137272,
                    "count": 1.0
                },
                {
                    "value": 0.010117715932085842,
                    "count": 1.0
                },
                {
                    "value": 0.010235264258635475,
                    "count": 1.0
                },
                {
                    "value": 0.010414212074459079,
                    "count": 1.0
                },
                {
                    "value": 0.010769762233305636,
                    "count": 1.0
                },
                {
                    "value": 0.010778670982608067,
                    "count": 1.0
                },
                {
                    "value": 0.010909819119132212,
                    "count": 1.0
                },
                {
                    "value": 0.010998407315968947,
                    "count": 1.0
                },
                {
                    "value": 0.011002649471452857,
                    "count": 1.0
                },
                {
                    "value": 0.011032131893790776,
                    "count": 1.0
                },
                {
                    "value": 0.011199618151676157,
                    "count": 1.0
                },
                {
                    "value": 0.011228863606353612,
                    "count": 1.0
                },
                {
                    "value": 0.011619891449110254,
                    "count": 1.0
                },
                {
                    "value": 0.011905748026308545,
                    "count": 1.0
                },
                {
                    "value": 0.012063362886829822,
                    "count": 1.0
                },
                {
                    "value": 0.012088800176622793,
                    "count": 1.0
                },
                {
                    "value": 0.012162650132598013,
                    "count": 1.0
                },
                {
                    "value": 0.012610667802028878,
                    "count": 1.0
                },
                {
                    "value": 0.012643899547162059,
                    "count": 1.0
                },
                {
                    "value": 0.012699499646770064,
                    "count": 1.0
                },
                {
                    "value": 0.012723039522580862,
                    "count": 1.0
                },
                {
                    "value": 0.012818024045391254,
                    "count": 1.0
                },
                {
                    "value": 0.012984814130802618,
                    "count": 1.0
                },
                {
                    "value": 0.013093283136550365,
                    "count": 1.0
                },
                {
                    "value": 0.013181054450400066,
                    "count": 1.0
                },
                {
                    "value": 0.013247101489611713,
                    "count": 1.0
                },
                {
                    "value": 0.013249031202363405,
                    "count": 1.0
                },
                {
                    "value": 0.013480976420532545,
                    "count": 1.0
                },
                {
                    "value": 0.013735326022057959,
                    "count": 1.0
                },
                {
                    "value": 0.013905645419364537,
                    "count": 1.0
                },
                {
                    "value": 0.014053259683639015,
                    "count": 1.0
                },
                {
                    "value": 0.014054906458308654,
                    "count": 1.0
                },
                {
                    "value": 0.014145622243295897,
                    "count": 1.0
                },
                {
                    "value": 0.014156460425048117,
                    "count": 1.0
                },
                {
                    "value": 0.01419788362806167,
                    "count": 1.0
                },
                {
                    "value": 0.014325871492726752,
                    "count": 1.0
                },
                {
                    "value": 0.014325965827939022,
                    "count": 1.0
                },
                {
                    "value": 0.014377475694662929,
                    "count": 1.0
                },
                {
                    "value": 0.014800693682150264,
                    "count": 1.0
                },
                {
                    "value": 0.015023524155084591,
                    "count": 1.0
                },
                {
                    "value": 0.015238702567065448,
                    "count": 1.0
                },
                {
                    "value": 0.01544163110315563,
                    "count": 1.0
                },
                {
                    "value": 0.015589221991210538,
                    "count": 1.0
                },
                {
                    "value": 0.016066520127062604,
                    "count": 1.0
                },
                {
                    "value": 0.016084759391198074,
                    "count": 1.0
                },
                {
                    "value": 0.016228423878666222,
                    "count": 1.0
                },
                {
                    "value": 0.016266986854432744,
                    "count": 1.0
                },
                {
                    "value": 0.01631168885128666,
                    "count": 1.0
                },
                {
                    "value": 0.01637899845703395,
                    "count": 1.0
                }
            ]
        },
        "Num_Tweets": {
            "type": "NUMERIC",
            "nbDistinct": 1652,
            "count": 2396,
            "missingCount": 0.0,
            "histogram": {
                "scale": [
                    1.0,
                    204.9795918367347,
                    408.9591836734694,
                    612.9387755102041,
                    816.9183673469388,
                    1020.8979591836735,
                    1224.8775510204082,
                    1428.857142857143,
                    1632.8367346938776,
                    1836.8163265306123,
                    2040.795918367347,
                    2244.775510204082,
                    2448.7551020408164,
                    2652.734693877551,
                    2856.714285714286,
                    3060.6938775510207,
                    3264.673469387755,
                    3468.6530612244896,
                    3672.6326530612246,
                    3876.6122448979595,
                    4080.591836734694,
                    4284.571428571428,
                    4488.551020408164,
                    4692.530612244898,
                    4896.510204081633,
                    5100.489795918367,
                    5304.469387755102,
                    5508.448979591837,
                    5712.428571428572,
                    5916.408163265306,
                    6120.387755102041,
                    6324.367346938776,
                    6528.34693877551,
                    6732.326530612245,
                    6936.306122448979,
                    7140.285714285715,
                    7344.265306122449,
                    7548.244897959184,
                    7752.224489795919,
                    7956.2040816326535,
                    8160.183673469388,
                    8364.163265306122,
                    8568.142857142857,
                    8772.122448979591,
                    8976.102040816328,
                    9180.081632653062,
                    9384.061224489797,
                    9588.040816326531,
                    9792.020408163266,
                    9996.0
                ],
                "distribution": [
                    0.3030050083472454,
                    0.015442404006677797,
                    0.014607679465776294,
                    0.014190317195325543,
                    0.011268781302170284,
                    0.010851419031719533,
                    0.015859766277128547,
                    0.012520868113522538,
                    0.017946577629382305,
                    0.017529215358931552,
                    0.018781302170283808,
                    0.011268781302170284,
                    0.012103505843071787,
                    0.010851419031719533,
                    0.015442404006677797,
                    0.010851419031719533,
                    0.017111853088480802,
                    0.014607679465776294,
                    0.01335559265442404,
                    0.011686143572621035,
                    0.015442404006677797,
                    0.015025041736227046,
                    0.017111853088480802,
                    0.017529215358931552,
                    0.01293823038397329,
                    0.015025041736227046,
                    0.015025041736227046,
                    0.012520868113522538,
                    0.02003338898163606,
                    0.009599332220367279,
                    0.018363939899833055,
                    0.01335559265442404,
                    0.017946577629382305,
                    0.010851419031719533,
                    0.014190317195325543,
                    0.017529215358931552,
                    0.014190317195325543,
                    0.015442404006677797,
                    0.013772954924874792,
                    0.013772954924874792,
                    0.015859766277128547,
                    0.01335559265442404,
                    0.017946577629382305,
                    0.014607679465776294,
                    0.01335559265442404,
                    0.012103505843071787,
                    0.015025041736227046,
                    0.015442404006677797,
                    0.01335559265442404
                ]
            },
            "quantiles": {
                "scale": [
                    18.5,
                    53.0,
                    123.52000000000021,
                    919.2800000000004,
                    2351.51,
                    3769.1700000000005,
                    5158.510000000002,
                    6519.390000000002,
                    7907.6900000000005,
                    9296.39
                ],
                "distribution": [
                    0.09974958263772955,
                    0.0993322203672788,
                    0.1010016694490818,
                    0.09974958263772955,
                    0.1001669449081803,
                    0.1001669449081803,
                    0.09974958263772955,
                    0.1001669449081803,
                    0.09974958263772955,
                    0.1001669449081803
                ]
            },
            "topValues": [
                {
                    "value": 36.0,
                    "count": 13.0
                },
                {
                    "value": 96.0,
                    "count": 13.0
                },
                {
                    "value": 55.0,
                    "count": 12.0
                },
                {
                    "value": 63.0,
                    "count": 12.0
                },
                {
                    "value": 90.0,
                    "count": 12.0
                },
                {
                    "value": 2.0,
                    "count": 11.0
                },
                {
                    "value": 19.0,
                    "count": 11.0
                },
                {
                    "value": 39.0,
                    "count": 11.0
                },
                {
                    "value": 54.0,
                    "count": 11.0
                },
                {
                    "value": 74.0,
                    "count": 11.0
                },
                {
                    "value": 4.0,
                    "count": 10.0
                },
                {
                    "value": 22.0,
                    "count": 10.0
                },
                {
                    "value": 23.0,
                    "count": 10.0
                },
                {
                    "value": 56.0,
                    "count": 10.0
                },
                {
                    "value": 57.0,
                    "count": 10.0
                },
                {
                    "value": 60.0,
                    "count": 10.0
                },
                {
                    "value": 91.0,
                    "count": 10.0
                },
                {
                    "value": 99.0,
                    "count": 10.0
                },
                {
                    "value": 8.0,
                    "count": 9.0
                },
                {
                    "value": 10.0,
                    "count": 9.0
                },
                {
                    "value": 14.0,
                    "count": 9.0
                },
                {
                    "value": 16.0,
                    "count": 9.0
                },
                {
                    "value": 21.0,
                    "count": 9.0
                },
                {
                    "value": 27.0,
                    "count": 9.0
                },
                {
                    "value": 34.0,
                    "count": 9.0
                },
                {
                    "value": 64.0,
                    "count": 9.0
                },
                {
                    "value": 87.0,
                    "count": 9.0
                },
                {
                    "value": 93.0,
                    "count": 9.0
                },
                {
                    "value": 95.0,
                    "count": 9.0
                },
                {
                    "value": 97.0,
                    "count": 9.0
                },
                {
                    "value": 13.0,
                    "count": 8.0
                },
                {
                    "value": 17.0,
                    "count": 8.0
                },
                {
                    "value": 30.0,
                    "count": 8.0
                },
                {
                    "value": 32.0,
                    "count": 8.0
                },
                {
                    "value": 46.0,
                    "count": 8.0
                },
                {
                    "value": 59.0,
                    "count": 8.0
                },
                {
                    "value": 61.0,
                    "count": 8.0
                },
                {
                    "value": 72.0,
                    "count": 8.0
                },
                {
                    "value": 78.0,
                    "count": 8.0
                },
                {
                    "value": 82.0,
                    "count": 8.0
                },
                {
                    "value": 89.0,
                    "count": 8.0
                },
                {
                    "value": 92.0,
                    "count": 8.0
                },
                {
                    "value": 3.0,
                    "count": 7.0
                },
                {
                    "value": 12.0,
                    "count": 7.0
                },
                {
                    "value": 18.0,
                    "count": 7.0
                },
                {
                    "value": 24.0,
                    "count": 7.0
                },
                {
                    "value": 28.0,
                    "count": 7.0
                },
                {
                    "value": 38.0,
                    "count": 7.0
                },
                {
                    "value": 41.0,
                    "count": 7.0
                },
                {
                    "value": 43.0,
                    "count": 7.0
                }
            ]
        },
        "Verified": {
            "type": "CATEGORY",
            "nbDistinct": 2,
            "count": 2396,
            "missingCount": 0.0,
            "values": {
                "scale": [
                    "Not Verified",
                    "Verified"
                ],
                "distribution": [
                    0.8948247078464107,
                    0.10517529215358931
                ]
            }
        }
    }
}