{
    "perClassFacts": {
        "unique": {
            "Tweets_Per_Day": {
                "impact": 1.0446630802948778,
                "rank": 1,
                "feature": "Tweets_Per_Day",
                "correlation": 0.7161521252796419,
                "type": "NUMERICAL"
            },
            "Engagement_Rate": {
                "impact": 0.7807597186434498,
                "rank": 2,
                "feature": "Engagement_Rate",
                "correlation": -0.872572706935123,
                "type": "NUMERICAL"
            },
            "Followers": {
                "impact": 0.6650061279439171,
                "rank": 3,
                "feature": "Followers",
                "correlation": -0.8450351353722712,
                "type": "NUMERICAL"
            },
            "Num_Tweets": {
                "impact": 0.6324450310474394,
                "rank": 4,
                "feature": "Num_Tweets",
                "correlation": -0.7946296909609852,
                "type": "NUMERICAL"
            },
            "Following": {
                "impact": 0.34230985686737797,
                "rank": 5,
                "feature": "Following",
                "correlation": 0.8015038660377439,
                "type": "NUMERICAL"
            },
            "Tweet_Sentiment": {
                "impact": 0.05029536414701929,
                "rank": 6,
                "feature": "Tweet_Sentiment",
                "positiveCategoricalValue": "Negative",
                "negativeCategoricalValue": "Neutral",
                "infoGain": 0.6051093749743717,
                "type": "CATEGORICAL"
            },
            "Profile_Picture": {
                "impact": 0.03005883009860971,
                "rank": 9,
                "feature": "Profile_Picture",
                "positiveCategoricalValue": "No",
                "negativeCategoricalValue": "Yes",
                "infoGain": 0.6887852792452958,
                "type": "CATEGORICAL"
            }
        }
    }
}