[
    {
        "test_score_gib": 1.0,
        "train_score": 0.9999986885727474,
        "test_score": 1.0,
        "num_samples": 480,
        "fit_time": 9,
        "score_time": 91,
        "time": 100,
        "parameters": {
            "C": 0.1,
            "penalty": "l2"
        },
        "done_at": 1744539176750,
        "split_id": 0
    },
    {
        "test_score_gib": 1.0,
        "train_score": 0.9999986908938576,
        "test_score": 1.0,
        "num_samples": 479,
        "fit_time": 10,
        "score_time": 9,
        "time": 19,
        "parameters": {
            "C": 0.1,
            "penalty": "l2"
        },
        "done_at": 1744539176670,
        "split_id": 1
    },
    {
        "test_score_gib": 1.0,
        "train_score": 0.9999986908938576,
        "test_score": 1.0,
        "num_samples": 479,
        "fit_time": 286,
        "score_time": 103,
        "time": 389,
        "parameters": {
            "C": 0.1,
            "penalty": "l2"
        },
        "done_at": 1744539177142,
        "split_id": 2
    },
    {
        "test_score_gib": 1.0,
        "train_score": 1.0,
        "test_score": 1.0,
        "num_samples": 479,
        "fit_time": 183,
        "score_time": 514,
        "time": 697,
        "parameters": {
            "C": 0.1,
            "penalty": "l2"
        },
        "done_at": 1744539177357,
        "split_id": 3
    },
    {
        "test_score_gib": 1.0,
        "train_score": 1.0,
        "test_score": 1.0,
        "num_samples": 479,
        "fit_time": 100,
        "score_time": 307,
        "time": 407,
        "parameters": {
            "C": 0.1,
            "penalty": "l2"
        },
        "done_at": 1744539177249,
        "split_id": 4
    },
    {
        "test_score_gib": 1.0,
        "train_score": 0.999997377145495,
        "test_score": 1.0,
        "num_samples": 480,
        "fit_time": 108,
        "score_time": 302,
        "time": 410,
        "parameters": {
            "C": 0.01,
            "penalty": "l2"
        },
        "done_at": 1744539177351,
        "split_id": 0
    },
    {
        "test_score_gib": 1.0,
        "train_score": 0.999996072681573,
        "test_score": 1.0,
        "num_samples": 479,
        "fit_time": 7,
        "score_time": 392,
        "time": 399,
        "parameters": {
            "C": 0.01,
            "penalty": "l2"
        },
        "done_at": 1744539177545,
        "split_id": 1
    },
    {
        "test_score_gib": 1.0,
        "train_score": 0.9999973817877154,
        "test_score": 1.0,
        "num_samples": 479,
        "fit_time": 19,
        "score_time": 293,
        "time": 312,
        "parameters": {
            "C": 0.01,
            "penalty": "l2"
        },
        "done_at": 1744539177741,
        "split_id": 2
    },
    {
        "test_score_gib": 1.0,
        "train_score": 0.9999973817877154,
        "test_score": 1.0,
        "num_samples": 479,
        "fit_time": 89,
        "score_time": 301,
        "time": 390,
        "parameters": {
            "C": 0.01,
            "penalty": "l2"
        },
        "done_at": 1744539177742,
        "split_id": 3
    },
    {
        "test_score_gib": 1.0,
        "train_score": 1.0,
        "test_score": 1.0,
        "num_samples": 479,
        "fit_time": 6,
        "score_time": 487,
        "time": 493,
        "parameters": {
            "C": 0.01,
            "penalty": "l2"
        },
        "done_at": 1744539177853,
        "split_id": 4
    },
    {
        "test_score_gib": 1.0,
        "train_score": 1.0,
        "test_score": 1.0,
        "num_samples": 480,
        "fit_time": 9,
        "score_time": 201,
        "time": 210,
        "parameters": {
            "C": 10.0,
            "penalty": "l2"
        },
        "done_at": 1744539177854,
        "split_id": 0
    },
    {
        "test_score_gib": 1.0,
        "train_score": 1.0,
        "test_score": 1.0,
        "num_samples": 479,
        "fit_time": 111,
        "score_time": 291,
        "time": 402,
        "parameters": {
            "C": 10.0,
            "penalty": "l2"
        },
        "done_at": 1744539178147,
        "split_id": 1
    },
    {
        "test_score_gib": 1.0,
        "train_score": 1.0,
        "test_score": 1.0,
        "num_samples": 479,
        "fit_time": 11,
        "score_time": 493,
        "time": 504,
        "parameters": {
            "C": 10.0,
            "penalty": "l2"
        },
        "done_at": 1744539178349,
        "split_id": 2
    },
    {
        "test_score_gib": 1.0,
        "train_score": 1.0,
        "test_score": 1.0,
        "num_samples": 479,
        "fit_time": 184,
        "score_time": 503,
        "time": 687,
        "parameters": {
            "C": 10.0,
            "penalty": "l2"
        },
        "done_at": 1744539178548,
        "split_id": 3
    },
    {
        "test_score_gib": 1.0,
        "train_score": 1.0,
        "test_score": 1.0,
        "num_samples": 479,
        "fit_time": 302,
        "score_time": 11,
        "time": 313,
        "parameters": {
            "C": 10.0,
            "penalty": "l2"
        },
        "done_at": 1744539178256,
        "split_id": 4
    },
    {
        "test_score_gib": 1.0,
        "train_score": 1.0,
        "test_score": 1.0,
        "num_samples": 480,
        "fit_time": 100,
        "score_time": 506,
        "time": 606,
        "parameters": {
            "C": 1.0,
            "penalty": "l2"
        },
        "done_at": 1744539178943,
        "split_id": 0
    },
    {
        "test_score_gib": 1.0,
        "train_score": 1.0,
        "test_score": 1.0,
        "num_samples": 479,
        "fit_time": 208,
        "score_time": 490,
        "time": 698,
        "parameters": {
            "C": 1.0,
            "penalty": "l2"
        },
        "done_at": 1744539179043,
        "split_id": 1
    },
    {
        "test_score_gib": 1.0,
        "train_score": 1.0,
        "test_score": 1.0,
        "num_samples": 479,
        "fit_time": 105,
        "score_time": 295,
        "time": 400,
        "parameters": {
            "C": 1.0,
            "penalty": "l2"
        },
        "done_at": 1744539178946,
        "split_id": 2
    },
    {
        "test_score_gib": 1.0,
        "train_score": 1.0,
        "test_score": 1.0,
        "num_samples": 479,
        "fit_time": 97,
        "score_time": 101,
        "time": 198,
        "parameters": {
            "C": 1.0,
            "penalty": "l2"
        },
        "done_at": 1744539178750,
        "split_id": 3
    },
    {
        "test_score_gib": 1.0,
        "train_score": 1.0,
        "test_score": 1.0,
        "num_samples": 479,
        "fit_time": 10,
        "score_time": 98,
        "time": 108,
        "parameters": {
            "C": 1.0,
            "penalty": "l2"
        },
        "done_at": 1744539179143,
        "split_id": 4
    },
    {
        "test_score_gib": 1.0,
        "train_score": 1.0,
        "test_score": 1.0,
        "num_samples": 480,
        "fit_time": 200,
        "score_time": 202,
        "time": 402,
        "parameters": {
            "C": 100.0,
            "penalty": "l2"
        },
        "done_at": 1744539179441,
        "split_id": 0
    },
    {
        "test_score_gib": 1.0,
        "train_score": 1.0,
        "test_score": 1.0,
        "num_samples": 479,
        "fit_time": 96,
        "score_time": 501,
        "time": 597,
        "parameters": {
            "C": 100.0,
            "penalty": "l2"
        },
        "done_at": 1744539179641,
        "split_id": 1
    },
    {
        "test_score_gib": 1.0,
        "train_score": 1.0,
        "test_score": 1.0,
        "num_samples": 479,
        "fit_time": 203,
        "score_time": 206,
        "time": 409,
        "parameters": {
            "C": 100.0,
            "penalty": "l2"
        },
        "done_at": 1744539179650,
        "split_id": 2
    },
    {
        "test_score_gib": 1.0,
        "train_score": 1.0,
        "test_score": 1.0,
        "num_samples": 479,
        "fit_time": 201,
        "score_time": 200,
        "time": 401,
        "parameters": {
            "C": 100.0,
            "penalty": "l2"
        },
        "done_at": 1744539179844,
        "split_id": 3
    },
    {
        "test_score_gib": 1.0,
        "train_score": 1.0,
        "test_score": 1.0,
        "num_samples": 479,
        "fit_time": 297,
        "score_time": 108,
        "time": 405,
        "parameters": {
            "C": 100.0,
            "penalty": "l2"
        },
        "done_at": 1744539179849,
        "split_id": 4
    }
]