{
    "startedAt": 1744539176629,
    "gridSize": 5,
    "nThreads": 4,
    "nSplits": 5,
    "metric": "ROC_AUC",
    "timeout": null,
    "gridPoints": [
        {
            "finishedAt": 1744539177357,
            "score": 1.0,
            "testScoreGibMean": 1.0,
            "testScoreMean": 1.0,
            "testScoreStd": 0.0,
            "trainScoreMean": 0.9999992138527689,
            "trainScoreStd": 6.41663860499749e-07,
            "time": 1612,
            "fitTimeMean": 117.6,
            "fitTimeStd": 106.1293550343165,
            "scoreTimeMean": 204.8,
            "scoreTimeStd": 183.1397280766792,
            "parameters": {
                "C": 0.1,
                "penalty": "l2"
            }
        },
        {
            "finishedAt": 1744539177853,
            "score": 1.0,
            "testScoreGibMean": 1.0,
            "testScoreMean": 1.0,
            "testScoreStd": 0.0,
            "trainScoreMean": 0.9999976425696755,
            "trainScoreStd": 1.2825914080971369e-06,
            "time": 2004,
            "fitTimeMean": 45.8,
            "fitTimeStd": 43.68706902505591,
            "scoreTimeMean": 355.0,
            "scoreTimeStd": 75.31533708349183,
            "parameters": {
                "C": 0.01,
                "penalty": "l2"
            }
        },
        {
            "finishedAt": 1744539178548,
            "score": 1.0,
            "testScoreGibMean": 1.0,
            "testScoreMean": 1.0,
            "testScoreStd": 0.0,
            "trainScoreMean": 1.0,
            "trainScoreStd": 0.0,
            "time": 2116,
            "fitTimeMean": 123.4,
            "fitTimeStd": 110.85594255609395,
            "scoreTimeMean": 299.8,
            "scoreTimeStd": 185.39730310875612,
            "parameters": {
                "C": 10.0,
                "penalty": "l2"
            }
        },
        {
            "finishedAt": 1744539179143,
            "score": 1.0,
            "testScoreGibMean": 1.0,
            "testScoreMean": 1.0,
            "testScoreStd": 0.0,
            "trainScoreMean": 1.0,
            "trainScoreStd": 0.0,
            "time": 2010,
            "fitTimeMean": 104.0,
            "fitTimeStd": 62.798089142903066,
            "scoreTimeMean": 298.0,
            "scoreTimeStd": 178.29526073342498,
            "parameters": {
                "C": 1.0,
                "penalty": "l2"
            }
        },
        {
            "finishedAt": 1744539179849,
            "score": 1.0,
            "testScoreGibMean": 1.0,
            "testScoreMean": 1.0,
            "testScoreStd": 0.0,
            "trainScoreMean": 1.0,
            "trainScoreStd": 0.0,
            "time": 2214,
            "fitTimeMean": 199.4,
            "fitTimeStd": 63.61320617607636,
            "scoreTimeMean": 243.4,
            "scoreTimeStd": 133.93072836358354,
            "parameters": {
                "C": 100.0,
                "penalty": "l2"
            }
        }
    ]
}