{
    "modelInputNRows": 2396,
    "modelInputNCols": 15,
    "modelInputIsSparse": false,
    "modelInputMemory": 287520,
    "usedGridSearch": true,
    "gridSize": 5,
    "gridBestScore": 1.0,
    "gridCells": [
        {
            "params": {
                "C": 0.1,
                "penalty": "l2"
            },
            "score": 1.0,
            "scoreStd": 0.0,
            "fitTime": 0.1176,
            "fitTimeStd": 0.1061293550343165,
            "scoreTime": 0.2048,
            "scoreTimeStd": 0.1831397280766792
        },
        {
            "params": {
                "C": 0.01,
                "penalty": "l2"
            },
            "score": 1.0,
            "scoreStd": 0.0,
            "fitTime": 0.0458,
            "fitTimeStd": 0.04368706902505591,
            "scoreTime": 0.355,
            "scoreTimeStd": 0.07531533708349182
        },
        {
            "params": {
                "C": 10.0,
                "penalty": "l2"
            },
            "score": 1.0,
            "scoreStd": 0.0,
            "fitTime": 0.12340000000000001,
            "fitTimeStd": 0.11085594255609395,
            "scoreTime": 0.2998,
            "scoreTimeStd": 0.18539730310875613
        },
        {
            "params": {
                "C": 1.0,
                "penalty": "l2"
            },
            "score": 1.0,
            "scoreStd": 0.0,
            "fitTime": 0.104,
            "fitTimeStd": 0.06279808914290307,
            "scoreTime": 0.298,
            "scoreTimeStd": 0.17829526073342497
        },
        {
            "params": {
                "C": 100.0,
                "penalty": "l2"
            },
            "score": 1.0,
            "scoreStd": 0.0,
            "fitTime": 0.1994,
            "fitTimeStd": 0.06361320617607637,
            "scoreTime": 0.2434,
            "scoreTimeStd": 0.13393072836358355
        }
    ],
    "lmCoefficients": {
        "variables": [
            "Following",
            "Followers",
            "Tweets_Per_Day",
            "Engagement_Rate",
            "Num_Tweets",
            "dummy:Profile_Creation_Method:Manual Signup",
            "dummy:Profile_Creation_Method:API",
            "dummy:Tweet_Sentiment:Neutral",
            "dummy:Tweet_Sentiment:Positive",
            "dummy:Profile_Picture:Yes",
            "dummy:Verified:Not Verified"
        ],
        "coefs": [
            0.8937655499353229,
            -1.2019157317421465,
            1.933225400160774,
            -1.6188761399731024,
            -1.284604038769663,
            -0.4373384879761134,
            -0.3454970455239084,
            -0.2667169807251168,
            -0.27603195818687315,
            -0.13457656363159776,
            -0.5743802504192249
        ],
        "interceptStderr": null,
        "interceptTstat": null,
        "interceptPvalue": null,
        "interceptCoef": -0.9613258689946494,
        "rescaledCoefs": [
            0.0007774148300348013,
            -3.623415258171726e-05,
            0.1449757885739793,
            -10.97473534696738,
            -0.00038835606104333924,
            -0.4373384879761134,
            -0.3454970455239084,
            -0.2667169807251168,
            -0.27603195818687315,
            -0.13457656363159776,
            -0.5743802504192249
        ],
        "rescaledInterceptCoef": 1.5804921070210682
    },
    "probaAware": true
}