{
    "diagnostics": [
        {
            "type": "ML_DIAGNOSTICS_DATASET_SANITY_CHECKS",
            "message": "Test set might be too small (604 rows) for reliable performance estimation",
            "step": "Loading test set"
        },
        {
            "type": "ML_DIAGNOSTICS_LEAKAGE_DETECTION",
            "message": "AUC=1.000, too good to be true?",
            "step": "Scoring model"
        },
        {
            "type": "ML_DIAGNOSTICS_LEAKAGE_DETECTION",
            "message": "F1 Score=1.000, too good to be true?",
            "step": "Scoring model"
        }
    ]
}