{
    "metrics": {},
    "processed_feature_names": [
        "Following",
        "Followers",
        "Tweets_Per_Day",
        "Engagement_Rate",
        "Num_Tweets",
        "dummy:Profile_Creation_Method:Manual Signup",
        "dummy:Profile_Creation_Method:API",
        "dummy:Profile_Creation_Method:N/A",
        "dummy:Tweet_Sentiment:Neutral",
        "dummy:Tweet_Sentiment:Positive",
        "dummy:Tweet_Sentiment:N/A",
        "dummy:Profile_Picture:Yes",
        "dummy:Profile_Picture:N/A",
        "dummy:Verified:Not Verified",
        "dummy:Verified:N/A"
    ],
    "optimalThreshold": 0.35,
    "usedThreshold": 0.35,
    "perCutData": {
        "cut": [
            0.0,
            0.025,
            0.05,
            0.075,
            0.1,
            0.125,
            0.15,
            0.175,
            0.2,
            0.225,
            0.25,
            0.275,
            0.3,
            0.325,
            0.35,
            0.375,
            0.4,
            0.425,
            0.45,
            0.475,
            0.5,
            0.525,
            0.55,
            0.575,
            0.6,
            0.625,
            0.65,
            0.675,
            0.7,
            0.725,
            0.75,
            0.775,
            0.8,
            0.825,
            0.85,
            0.875,
            0.9,
            0.925,
            0.95,
            0.975
        ],
        "tp": [
            181,
            181,
            181,
            181,
            181,
            181,
            181,
            181,
            181,
            181,
            181,
            181,
            181,
            181,
            181,
            181,
            181,
            181,
            181,
            181,
            181,
            181,
            181,
            181,
            181,
            181,
            181,
            181,
            181,
            181,
            181,
            181,
            179,
            178,
            177,
            174,
            171,
            169,
            163,
            151
        ],
        "tn": [
            0,
            336,
            373,
            395,
            399,
            406,
            412,
            415,
            417,
            419,
            421,
            421,
            422,
            422,
            423,
            423,
            423,
            423,
            423,
            423,
            423,
            423,
            423,
            423,
            423,
            423,
            423,
            423,
            423,
            423,
            423,
            423,
            423,
            423,
            423,
            423,
            423,
            423,
            423,
            423
        ],
        "fp": [
            423,
            87,
            50,
            28,
            24,
            17,
            11,
            8,
            6,
            4,
            2,
            2,
            1,
            1,
            0,
            0,
            0,
            0,
            0,
            0,
            0,
            0,
            0,
            0,
            0,
            0,
            0,
            0,
            0,
            0,
            0,
            0,
            0,
            0,
            0,
            0,
            0,
            0,
            0,
            0
        ],
        "fn": [
            0,
            0,
            0,
            0,
            0,
            0,
            0,
            0,
            0,
            0,
            0,
            0,
            0,
            0,
            0,
            0,
            0,
            0,
            0,
            0,
            0,
            0,
            0,
            0,
            0,
            0,
            0,
            0,
            0,
            0,
            0,
            0,
            2,
            3,
            4,
            7,
            10,
            12,
            18,
            30
        ],
        "precision": [
            0.2996688741721854,
            0.6753731343283582,
            0.7835497835497836,
            0.8660287081339713,
            0.8829268292682927,
            0.9141414141414141,
            0.9427083333333334,
            0.9576719576719577,
            0.9679144385026738,
            0.9783783783783784,
            0.9890710382513661,
            0.9890710382513661,
            0.9945054945054945,
            0.9945054945054945,
            1.0,
            1.0,
            1.0,
            1.0,
            1.0,
            1.0,
            1.0,
            1.0,
            1.0,
            1.0,
            1.0,
            1.0,
            1.0,
            1.0,
            1.0,
            1.0,
            1.0,
            1.0,
            1.0,
            1.0,
            1.0,
            1.0,
            1.0,
            1.0,
            1.0,
            1.0
        ],
        "recall": [
            1.0,
            1.0,
            1.0,
            1.0,
            1.0,
            1.0,
            1.0,
            1.0,
            1.0,
            1.0,
            1.0,
            1.0,
            1.0,
            1.0,
            1.0,
            1.0,
            1.0,
            1.0,
            1.0,
            1.0,
            1.0,
            1.0,
            1.0,
            1.0,
            1.0,
            1.0,
            1.0,
            1.0,
            1.0,
            1.0,
            1.0,
            1.0,
            0.988950276243094,
            0.9834254143646409,
            0.9779005524861878,
            0.9613259668508287,
            0.9447513812154696,
            0.9337016574585635,
            0.9005524861878453,
            0.8342541436464088
        ],
        "accuracy": [
            0.2996688741721854,
            0.8559602649006622,
            0.9172185430463576,
            0.9536423841059603,
            0.9602649006622517,
            0.9718543046357616,
            0.9817880794701986,
            0.9867549668874173,
            0.9900662251655629,
            0.9933774834437086,
            0.9966887417218543,
            0.9966887417218543,
            0.9983443708609272,
            0.9983443708609272,
            1.0,
            1.0,
            1.0,
            1.0,
            1.0,
            1.0,
            1.0,
            1.0,
            1.0,
            1.0,
            1.0,
            1.0,
            1.0,
            1.0,
            1.0,
            1.0,
            1.0,
            1.0,
            0.9966887417218543,
            0.9950331125827815,
            0.9933774834437086,
            0.9884105960264901,
            0.9834437086092715,
            0.9801324503311258,
            0.9701986754966887,
            0.9503311258278145
        ],
        "f1": [
            0.46114649681528663,
            0.8062360801781737,
            0.8786407766990292,
            0.9282051282051282,
            0.9378238341968913,
            0.9551451187335093,
            0.9705093833780161,
            0.9783783783783784,
            0.9836956521739131,
            0.9890710382513661,
            0.9945054945054945,
            0.9945054945054945,
            0.9972451790633609,
            0.9972451790633609,
            1.0,
            1.0,
            1.0,
            1.0,
            1.0,
            1.0,
            1.0,
            1.0,
            1.0,
            1.0,
            1.0,
            1.0,
            1.0,
            1.0,
            1.0,
            1.0,
            1.0,
            1.0,
            0.9944444444444445,
            0.9916434540389973,
            0.988826815642458,
            0.9802816901408451,
            0.9715909090909092,
            0.9657142857142856,
            0.9476744186046512,
            0.9096385542168675
        ],
        "mcc": [
            0.0,
            0.7324388050577608,
            0.8312229579512483,
            0.8992791172730528,
            0.9125961264541,
            0.9366978543322664,
            0.9582241175303737,
            0.9693090108280682,
            0.9768240146961135,
            0.9844422651338637,
            0.9921666087112925,
            0.9921666087112925,
            0.996069484366594,
            0.996069484366594,
            1.0,
            1.0,
            1.0,
            1.0,
            1.0,
            1.0,
            1.0,
            1.0,
            1.0,
            1.0,
            1.0,
            1.0,
            1.0,
            1.0,
            1.0,
            1.0,
            1.0,
            1.0,
            0.9921171264473692,
            0.9881800864607453,
            0.9842458491520135,
            0.9724589833855259,
            0.9606938339654677,
            0.9528611495681092,
            0.9294058542174392,
            0.8826128963831644
        ],
        "hammingLoss": [
            0.7003311258278146,
            0.14403973509933776,
            0.08278145695364236,
            0.04635761589403975,
            0.039735099337748325,
            0.028145695364238388,
            0.018211920529801362,
            0.013245033112582738,
            0.009933774834437137,
            0.0066225165562914245,
            0.0033112582781457123,
            0.0033112582781457123,
            0.0016556291390728006,
            0.0016556291390728006,
            0.0,
            0.0,
            0.0,
            0.0,
            0.0,
            0.0,
            0.0,
            0.0,
            0.0,
            0.0,
            0.0,
            0.0,
            0.0,
            0.0,
            0.0,
            0.0,
            0.0,
            0.0,
            0.0033112582781457123,
            0.004966887417218513,
            0.0066225165562914245,
            0.011589403973509937,
            0.01655629139072845,
            0.019867549668874163,
            0.0298013245033113,
            0.04966887417218546
        ],
        "assertionsMetrics": [],
        "overridesMetrics": []
    },
    "tiMetrics": {
        "auc": 1.0,
        "logLoss": 0.02062965481022083,
        "lift": 2.5062240663900415,
        "averagePrecision": 1.0,
        "calibrationLoss": 0.019472820052009687
    },
    "probaPercentiles": [
        4.799657704092747e-05,
        6.725357176292837e-05,
        0.00010288756271523077,
        0.00015955004162819482,
        0.00018280513740669564,
        0.00025453836820080194,
        0.00027861742308842106,
        0.00031145420816875677,
        0.0003776322084164672,
        0.000431638655055278,
        0.0004693815496214476,
        0.0005417541478863888,
        0.0006077097904623696,
        0.0006482257137616596,
        0.0006964454949389969,
        0.0007649510390942014,
        0.0008548107614034594,
        0.0009456717978024576,
        0.0009930754904080188,
        0.001127880257718076,
        0.0012680371398373182,
        0.0014387726159771858,
        0.001533038918098571,
        0.0016541822167468864,
        0.0017446194454266723,
        0.0018307800967321708,
        0.0020459932431190564,
        0.00217589146575909,
        0.002370382749976782,
        0.0024834468814587196,
        0.0026820932920980723,
        0.0029276930869254034,
        0.0036779344783765926,
        0.004115762610130734,
        0.004742571214991628,
        0.005182824614233132,
        0.005281273840706914,
        0.0061657634875104846,
        0.006524838977173118,
        0.00688019641930903,
        0.007261933981795777,
        0.007742036834012529,
        0.008484553139613483,
        0.009344705288849684,
        0.010019813998421096,
        0.010142289564913814,
        0.010692335907946243,
        0.0113216658950258,
        0.012860537937316171,
        0.01402225951045107,
        0.01503249714582225,
        0.016612459907844362,
        0.019399051999977723,
        0.019872424495747533,
        0.02309352230780537,
        0.02592675907647472,
        0.02962275379729971,
        0.03209469624171674,
        0.038108433785534156,
        0.04200517882597623,
        0.044943219037850805,
        0.050484165419083585,
        0.05511468835430545,
        0.06415042760120285,
        0.07138778674403722,
        0.09188201344385935,
        0.11300811220395592,
        0.1454314036966131,
        0.1789981502472658,
        0.39398033095677737,
        0.864227614438401,
        0.9237063517526911,
        0.9488895881421969,
        0.9596813013954696,
        0.9739233133598894,
        0.9799400549751192,
        0.9829739693727727,
        0.987146496229456,
        0.9906857349711435,
        0.9926302829083291,
        0.9939850043952169,
        0.9951518294324182,
        0.9963117424593719,
        0.9974109339190129,
        0.998013608566312,
        0.9982963206217806,
        0.9986632224703702,
        0.9988518528875814,
        0.9991148467207027,
        0.9993098131573527,
        0.9993726193678922,
        0.9994692771542544,
        0.9996340128749753,
        0.9997000756211248,
        0.9998097158769109,
        0.9998544861233538,
        0.9998849888560223,
        0.9999143121983894,
        0.9999457916858249
    ],
    "rocVizData": [
        [
            {
                "x": 0.0,
                "y": 0.0,
                "p": 1.9999715033284904
            },
            {
                "x": 0.0,
                "y": 1.0,
                "p": 0.7937464826324994
            },
            {
                "x": 1.0,
                "y": 1.0,
                "p": 1.829318671874775e-05
            }
        ]
    ],
    "liftVizData": {
        "bins": [
            {
                "bin_pos_prop": 1.0,
                "bin_lift": 3.3370165746,
                "cum_lift": 0.3370165746,
                "cum_size": 0.1009933775,
                "bin_min": 0.9993098132,
                "bin_max": 0.9999715033,
                "percentile_idx": 0
            },
            {
                "bin_pos_prop": 1.0,
                "bin_lift": 3.3370165746,
                "cum_lift": 0.6685082873,
                "cum_size": 0.2003311258,
                "bin_min": 0.9926302829,
                "bin_max": 0.9993098132,
                "percentile_idx": 1
            },
            {
                "bin_pos_prop": 1.0,
                "bin_lift": 3.3370165746,
                "cum_lift": 1.0,
                "cum_size": 0.2996688742,
                "bin_min": 0.393980331,
                "bin_max": 0.9926302829,
                "percentile_idx": 2
            },
            {
                "bin_pos_prop": 0.0,
                "bin_lift": 0.0,
                "cum_lift": 1.0,
                "cum_size": 0.4006622517,
                "bin_min": 0.0420051788,
                "bin_max": 0.393980331,
                "percentile_idx": 3
            },
            {
                "bin_pos_prop": 0.0,
                "bin_lift": 0.0,
                "cum_lift": 1.0,
                "cum_size": 0.5,
                "bin_min": 0.0140222595,
                "bin_max": 0.0420051788,
                "percentile_idx": 4
            },
            {
                "bin_pos_prop": 0.0,
                "bin_lift": 0.0,
                "cum_lift": 1.0,
                "cum_size": 0.5993377483,
                "bin_min": 0.0068801964,
                "bin_max": 0.0140222595,
                "percentile_idx": 5
            },
            {
                "bin_pos_prop": 0.0,
                "bin_lift": 0.0,
                "cum_lift": 1.0,
                "cum_size": 0.7003311258,
                "bin_min": 0.0024834469,
                "bin_max": 0.0068801964,
                "percentile_idx": 6
            },
            {
                "bin_pos_prop": 0.0,
                "bin_lift": 0.0,
                "cum_lift": 1.0,
                "cum_size": 0.7996688742,
                "bin_min": 0.0011278803,
                "bin_max": 0.0024834469,
                "percentile_idx": 7
            },
            {
                "bin_pos_prop": 0.0,
                "bin_lift": 0.0,
                "cum_lift": 1.0,
                "cum_size": 0.8990066225,
                "bin_min": 0.0004316387,
                "bin_max": 0.0011278803,
                "percentile_idx": 8
            },
            {
                "bin_pos_prop": 0.0,
                "bin_lift": 0.0,
                "cum_lift": 1.0,
                "cum_size": 1.0,
                "bin_min": 1.82932e-05,
                "bin_max": 0.0004316387,
                "percentile_idx": 9
            }
        ],
        "wizard": {
            "positives": 181,
            "total": 604
        }
    },
    "prVizData": [
        {
            "bins": [
                {
                    "x": 1.0,
                    "y": 0.2996688741721854,
                    "p": 1.829318671874775e-05
                },
                {
                    "x": 1.0,
                    "y": 0.35009671179883944,
                    "p": 0.0006608991822593476
                },
                {
                    "x": 1.0,
                    "y": 0.4004424778761062,
                    "p": 0.00175600464039086
                },
                {
                    "x": 1.0,
                    "y": 0.4513715710723192,
                    "p": 0.003963778771257778
                },
                {
                    "x": 1.0,
                    "y": 0.5013850415512465,
                    "p": 0.0069488603226607725
                },
                {
                    "x": 1.0,
                    "y": 0.551829268292683,
                    "p": 0.010118612725793386
                },
                {
                    "x": 1.0,
                    "y": 0.6033333333333334,
                    "p": 0.014230564278209878
                },
                {
                    "x": 1.0,
                    "y": 0.6534296028880866,
                    "p": 0.020832366563736722
                },
                {
                    "x": 1.0,
                    "y": 0.7042801556420234,
                    "p": 0.03132786345135496
                },
                {
                    "x": 1.0,
                    "y": 0.7573221757322176,
                    "p": 0.04317652999623437
                },
                {
                    "x": 1.0,
                    "y": 0.8080357142857143,
                    "p": 0.05517762106638513
                },
                {
                    "x": 1.0,
                    "y": 0.861904761904762,
                    "p": 0.07350059640851735
                },
                {
                    "x": 1.0,
                    "y": 0.9141414141414141,
                    "p": 0.12938519814160385
                },
                {
                    "x": 1.0,
                    "y": 0.9679144385026738,
                    "p": 0.2071441061243881
                },
                {
                    "x": 0.9779005524861878,
                    "y": 1.0,
                    "p": 0.8593589176847132
                },
                {
                    "x": 0.9226519337016574,
                    "y": 1.0,
                    "p": 0.9394858273337447
                },
                {
                    "x": 0.8674033149171271,
                    "y": 1.0,
                    "p": 0.9634557014394959
                },
                {
                    "x": 0.8121546961325967,
                    "y": 1.0,
                    "p": 0.9789590733394451
                },
                {
                    "x": 0.7569060773480663,
                    "y": 1.0,
                    "p": 0.9841137574426599
                },
                {
                    "x": 0.7016574585635359,
                    "y": 1.0,
                    "p": 0.9909913747209489
                },
                {
                    "x": 0.6464088397790055,
                    "y": 1.0,
                    "p": 0.9935578274449479
                },
                {
                    "x": 0.5911602209944752,
                    "y": 1.0,
                    "p": 0.995454697234105
                },
                {
                    "x": 0.5359116022099447,
                    "y": 1.0,
                    "p": 0.9974253297003509
                },
                {
                    "x": 0.48066298342541436,
                    "y": 1.0,
                    "p": 0.9982164054755103
                },
                {
                    "x": 0.425414364640884,
                    "y": 1.0,
                    "p": 0.9987854762595076
                },
                {
                    "x": 0.3701657458563536,
                    "y": 1.0,
                    "p": 0.9991316751224263
                },
                {
                    "x": 0.3149171270718232,
                    "y": 1.0,
                    "p": 0.9993615074054694
                },
                {
                    "x": 0.2596685082872928,
                    "y": 1.0,
                    "p": 0.9995282406369693
                },
                {
                    "x": 0.20441988950276244,
                    "y": 1.0,
                    "p": 0.9997007957864773
                },
                {
                    "x": 0.14917127071823205,
                    "y": 1.0,
                    "p": 0.9998341332239704
                },
                {
                    "x": 0.09392265193370165,
                    "y": 1.0,
                    "p": 0.9998867545270593
                },
                {
                    "x": 0.03867403314917127,
                    "y": 1.0,
                    "p": 0.9999459835360544
                },
                {
                    "x": 0.0055248618784530384,
                    "y": 1.0,
                    "p": 0.9999715033284903
                }
            ],
            "positiveRate": 0.2996688741721854
        }
    ],
    "densityData": {
        "Genuine": {
            "actualIsThisClass": [
                0.0,
                0.0,
                0.0,
                0.0,
                0.0,
                0.0,
                0.0,
                0.0,
                0.0,
                0.0,
                0.0,
                0.0,
                0.0,
                0.0,
                5.3947e-320,
                1.7054041170117382e-307,
                3.028063598494095e-295,
                3.019792158303937e-283,
                1.6914668427326652e-271,
                5.321380330396191e-260,
                9.402849530597853e-249,
                9.33187790439114e-238,
                5.201792029224531e-227,
                1.6285882495563024e-216,
                2.863808569923235e-206,
                2.8284665497647294e-196,
                1.5690344708842422e-186,
                4.8886427142637604e-177,
                8.554969912574895e-168,
                8.408587545144795e-159,
                4.641966362634723e-150,
                1.4393131831368573e-141,
                2.506588210581686e-133,
                2.4518000941150673e-125,
                1.3469810854490913e-117,
                4.1563519218564095e-110,
                7.203399526505959e-103,
                7.011921875670719e-96,
                3.8336371916888394e-89,
                1.1772245920927634e-82,
                2.030401929046743e-76,
                1.9668855244765338e-70,
                1.0701644650956829e-64,
                3.270365881703155e-59,
                5.613277799236555e-54,
                5.4114182702864355e-49,
                2.930083835863588e-44,
                8.910936828614152e-40,
                1.5220925434456902e-35,
                1.460269879265154e-31,
                7.868638096952847e-28,
                2.381444093448832e-24,
                4.048140572517976e-21,
                3.864961346211261e-18,
                2.0725694863839497e-15,
                6.242340009347599e-13,
                1.0559907544079172e-10,
                1.0033378285461539e-08,
                5.35437313175564e-07,
                1.6048869810788655e-05,
                0.0002701809041145471,
                0.002554695967845524,
                0.013567448171839469,
                0.04046984573095171,
                0.06780179078212897,
                0.06381015093085558,
                0.03390377224191105,
                0.011909709760912917,
                0.012659754815123499,
                0.03586120872374024,
                0.06517538877258489,
                0.06715538941174809,
                0.042382650131440616,
                0.03483237211191878,
                0.07438830699648037,
                0.13483324268980257,
                0.15935792227193912,
                0.15712713551353527,
                0.16468337158613167,
                0.1617253827197976,
                0.17319343295561776,
                0.24713208963592256,
                0.32586759097547535,
                0.36392335081046084,
                0.4090138291428802,
                0.46106708001678204,
                0.48343421293537403,
                0.5187519884984055,
                0.5982321141739461,
                0.6595910014327669,
                0.7187276711221318,
                0.9323589736341851,
                1.3955794354121416,
                2.039735526092473,
                2.8098321343110593,
                4.035131201549211,
                7.051953384297723,
                13.468312452984028,
                20.714173899510754,
                21.127809898576196
            ],
            "actualIsNotThisClass": [
                21.733886987363796,
                20.389974492453863,
                12.9572587618766,
                6.596841876609255,
                3.5604070721495344,
                2.3166191860264522,
                1.5465536880698312,
                0.9564583223382646,
                0.5948371503683575,
                0.4776459331721004,
                0.5444163788027331,
                0.65834010515108,
                0.7136870025920785,
                0.6940784033644256,
                0.5933912233660903,
                0.42554742537544565,
                0.25907290951511686,
                0.17788397839517495,
                0.2362868349333401,
                0.37639959851669863,
                0.43495482263307206,
                0.3271007584217783,
                0.1549646608341179,
                0.04522624317550116,
                0.008001074011688713,
                0.0008490933373381333,
                5.370775491885648e-05,
                2.017071859299636e-06,
                4.487146495147845e-08,
                5.903327668675689e-10,
                4.58786247872755e-12,
                2.1044256151573408e-14,
                5.693256835011974e-17,
                9.078959910848444e-20,
                8.529859697881051e-23,
                4.719456207750899e-26,
                1.5371883434657935e-29,
                2.946534104256776e-33,
                3.322995997291851e-37,
                2.2043706155759556e-41,
                8.599906701753564e-46,
                1.9728237744028884e-50,
                2.660790239480453e-55,
                2.1096611293997384e-60,
                9.832285227663029e-66,
                2.693411477178197e-71,
                4.336405155178699e-77,
                4.1031092262913415e-83,
                2.2815684354800168e-89,
                7.455478259109183e-96,
                1.4316149034615417e-102,
                1.615380988091369e-109,
                1.0710580228404386e-116,
                4.1728528108996755e-124,
                9.552767373796245e-132,
                1.2849803566613753e-139,
                1.0156191338238801e-147,
                4.716599719220227e-156,
                1.2870285458852926e-164,
                2.063507665456777e-173,
                1.943931143947999e-182,
                1.075996895467625e-191,
                3.499413353106765e-201,
                6.687018376351613e-211,
                7.507960480357605e-221,
                4.952938365755947e-231,
                1.9197946345837985e-241,
                4.372170102219225e-252,
                5.850451187448496e-263,
                4.599719838361214e-274,
                2.124823417749907e-285,
                5.767180344939137e-297,
                9.19714989896602e-309,
                8.617e-321,
                0.0,
                0.0,
                0.0,
                0.0,
                0.0,
                0.0,
                0.0,
                0.0,
                0.0,
                0.0,
                0.0,
                0.0,
                0.0,
                0.0,
                0.0,
                0.0,
                0.0,
                0.0,
                0.0,
                0.0,
                0.0,
                0.0,
                0.0,
                0.0,
                0.0,
                0.0
            ],
            "actualIsThisClassMedian": 0.9952689864422593,
            "actualIsNotThisClassMedian": 0.0019729541406959816
        },
        "Fraudulent": {
            "actualIsThisClass": [
                0.0,
                0.0,
                0.0,
                0.0,
                0.0,
                0.0,
                0.0,
                0.0,
                0.0,
                0.0,
                0.0,
                0.0,
                0.0,
                0.0,
                0.0,
                0.0,
                0.0,
                0.0,
                0.0,
                0.0,
                0.0,
                0.0,
                0.0,
                0.0,
                0.0,
                0.0,
                8.617e-321,
                9.19714989896602e-309,
                5.767180344939137e-297,
                2.124823417749907e-285,
                4.5997198383606914e-274,
                5.850451187448496e-263,
                4.372170102218728e-252,
                1.9197946345837985e-241,
                4.9529383657553835e-231,
                7.507960480357605e-221,
                6.687018376351613e-211,
                3.499413353106368e-201,
                1.0759968954675637e-191,
                1.9439311439476676e-182,
                2.063507665456777e-173,
                1.2870285458850732e-164,
                4.716599719219959e-156,
                1.0156191338239378e-147,
                1.2849803566612293e-139,
                9.552767373796788e-132,
                4.172852810899201e-124,
                1.0710580228404995e-116,
                1.615380988091323e-109,
                1.431614903461379e-102,
                7.455478259109395e-96,
                2.2815684354800168e-89,
                4.1031092262913415e-83,
                4.336405155178575e-77,
                2.6934114771783504e-71,
                9.832285227662748e-66,
                2.1096611293997384e-60,
                2.6607902394803395e-55,
                1.9728237744028324e-50,
                8.599906701753685e-46,
                2.2043706155759243e-41,
                3.3229959972919924e-37,
                2.9465341042566504e-33,
                1.5371883434658154e-29,
                4.7194562077510327e-26,
                8.52985969788093e-23,
                9.078959910848766e-20,
                5.693256835011893e-17,
                2.1044256151573856e-14,
                4.587862478727517e-12,
                5.903327668675814e-10,
                4.4871464951479085e-08,
                2.017071859299632e-06,
                5.370775491885733e-05,
                0.0008490933373381333,
                0.008001074011688805,
                0.04522624317550135,
                0.15496466083411753,
                0.32710075842177894,
                0.43495482263307206,
                0.37639959851669763,
                0.23628683493334002,
                0.17788397839517509,
                0.25907290951511736,
                0.4255474253754449,
                0.5933912233660913,
                0.6940784033644256,
                0.7136870025920792,
                0.65834010515108,
                0.5444163788027312,
                0.4776459331721,
                0.5948371503683564,
                0.956458322338267,
                1.5465536880698325,
                2.3166191860264562,
                3.560407072149547,
                6.596841876609243,
                12.957258761876624,
                20.3899744924539,
                21.733886987363835
            ],
            "actualIsNotThisClass": [
                21.127809898576007,
                20.714173899510754,
                13.46831245298398,
                7.051953384297723,
                4.035131201549218,
                2.809832134311064,
                2.0397355260924805,
                1.395579435412138,
                0.9323589736341801,
                0.7187276711221311,
                0.6595910014327658,
                0.5982321141739472,
                0.5187519884984055,
                0.4834342129353745,
                0.46106708001678165,
                0.4090138291428795,
                0.3639233508104599,
                0.32586759097547446,
                0.24713208963592256,
                0.17319343295561793,
                0.16172538271979775,
                0.16468337158613167,
                0.15712713551353513,
                0.15935792227193898,
                0.1348332426898022,
                0.0743883069964804,
                0.034832372111918794,
                0.04238265013144079,
                0.06715538941174827,
                0.06517538877258465,
                0.03586120872374008,
                0.012659754815123353,
                0.01190970976091298,
                0.033903772241911385,
                0.0638101509308557,
                0.06780179078212879,
                0.04046984573095135,
                0.013567448171839374,
                0.0025546959678454696,
                0.0002701809041145437,
                1.6048869810788086e-05,
                5.354373131755536e-07,
                1.0033378285461324e-08,
                1.055990754407861e-10,
                6.242340009347422e-13,
                2.0725694863838022e-15,
                3.864961346211096e-18,
                4.048140572517659e-21,
                2.381444093448646e-24,
                7.8686380969525115e-28,
                1.460269879265071e-31,
                1.522092543445517e-35,
                8.910936828613266e-40,
                2.9300838358634217e-44,
                5.4114182702857434e-49,
                5.613277799236237e-54,
                3.27036588170269e-59,
                1.0701644650955916e-64,
                1.966885524476422e-70,
                2.0304019290464544e-76,
                1.1772245920926965e-82,
                3.8336371916882945e-89,
                7.011921875670121e-96,
                7.203399526504525e-103,
                4.156351921855582e-110,
                1.3469810854489383e-117,
                2.45180009411451e-125,
                2.506588210581401e-133,
                1.43931318313653e-141,
                4.6419663626341956e-150,
                8.408587545142884e-159,
                8.554969912572948e-168,
                4.888642714263205e-177,
                1.5690344708838854e-186,
                2.8284665497647294e-196,
                2.8638085699225845e-206,
                1.628588249555932e-216,
                5.201792029224531e-227,
                9.331877904389018e-238,
                9.402849530596785e-249,
                5.321380330394376e-260,
                1.691466842732473e-271,
                3.0197921583032504e-283,
                3.0280635984934062e-295,
                1.7054041170117382e-307,
                5.3947e-320,
                0.0,
                0.0,
                0.0,
                0.0,
                0.0,
                0.0,
                0.0,
                0.0,
                0.0,
                0.0,
                0.0,
                0.0,
                0.0,
                0.0
            ],
            "actualIsThisClassMedian": 0.998027045859304,
            "actualIsNotThisClassMedian": 0.004731013557740755
        }
    },
    "calibrationData": [
        {
            "y": 0,
            "x": 0,
            "n": 0
        },
        {
            "y": 0.0,
            "x": 0.011771046522610545,
            "n": 399.0
        },
        {
            "y": 0.0,
            "x": 0.13439067147073064,
            "n": 18.0
        },
        {
            "y": 0.0,
            "x": 0.23543120046766353,
            "n": 5.0
        },
        {
            "y": 0.0,
            "x": 0.34956186965949176,
            "n": 1.0
        },
        {
            "y": 1.0,
            "x": 0.7956157662803198,
            "n": 2.0
        },
        {
            "y": 1.0,
            "x": 0.8628746991383452,
            "n": 8.0
        },
        {
            "y": 1.0,
            "x": 0.990564825052113,
            "n": 171.0
        },
        {
            "y": 1,
            "x": 1,
            "n": 0
        }
    ],
    "probaDistribData": {
        "bins": [
            0.0,
            0.1,
            0.2,
            0.3,
            0.4,
            0.5,
            0.6,
            0.7,
            0.8,
            0.9,
            1.0
        ],
        "probaDistribs": [
            [
                399.0,
                18.0,
                5.0,
                1.0,
                0.0,
                0.0,
                0.0,
                0.0,
                0.0,
                0.0
            ],
            [
                0.0,
                0.0,
                0.0,
                0.0,
                0.0,
                0.0,
                0.0,
                2.0,
                8.0,
                171.0
            ]
        ]
    },
    "globalMetrics": {
        "testWeight": 604,
        "targetAvg": [
            0.2996688741721854
        ],
        "targetStd": [
            0.4584926159677029
        ],
        "predictionAvg": [
            0.2996688741721854
        ],
        "predictionStd": [
            0.4581129118727831
        ]
    }
}