{
    "predictedClassCountPerCut": [
        {
            "Fraudulent": 604
        },
        {
            "Genuine": 336,
            "Fraudulent": 268
        },
        {
            "Genuine": 373,
            "Fraudulent": 231
        },
        {
            "Genuine": 395,
            "Fraudulent": 209
        },
        {
            "Genuine": 399,
            "Fraudulent": 205
        },
        {
            "Genuine": 406,
            "Fraudulent": 198
        },
        {
            "Genuine": 412,
            "Fraudulent": 192
        },
        {
            "Genuine": 415,
            "Fraudulent": 189
        },
        {
            "Genuine": 417,
            "Fraudulent": 187
        },
        {
            "Genuine": 419,
            "Fraudulent": 185
        },
        {
            "Genuine": 421,
            "Fraudulent": 183
        },
        {
            "Genuine": 421,
            "Fraudulent": 183
        },
        {
            "Genuine": 422,
            "Fraudulent": 182
        },
        {
            "Genuine": 422,
            "Fraudulent": 182
        },
        {
            "Genuine": 423,
            "Fraudulent": 181
        },
        {
            "Genuine": 423,
            "Fraudulent": 181
        },
        {
            "Genuine": 423,
            "Fraudulent": 181
        },
        {
            "Genuine": 423,
            "Fraudulent": 181
        },
        {
            "Genuine": 423,
            "Fraudulent": 181
        },
        {
            "Genuine": 423,
            "Fraudulent": 181
        },
        {
            "Genuine": 423,
            "Fraudulent": 181
        },
        {
            "Genuine": 423,
            "Fraudulent": 181
        },
        {
            "Genuine": 423,
            "Fraudulent": 181
        },
        {
            "Genuine": 423,
            "Fraudulent": 181
        },
        {
            "Genuine": 423,
            "Fraudulent": 181
        },
        {
            "Genuine": 423,
            "Fraudulent": 181
        },
        {
            "Genuine": 423,
            "Fraudulent": 181
        },
        {
            "Genuine": 423,
            "Fraudulent": 181
        },
        {
            "Genuine": 423,
            "Fraudulent": 181
        },
        {
            "Genuine": 423,
            "Fraudulent": 181
        },
        {
            "Genuine": 423,
            "Fraudulent": 181
        },
        {
            "Genuine": 423,
            "Fraudulent": 181
        },
        {
            "Genuine": 425,
            "Fraudulent": 179
        },
        {
            "Genuine": 426,
            "Fraudulent": 178
        },
        {
            "Genuine": 427,
            "Fraudulent": 177
        },
        {
            "Genuine": 430,
            "Fraudulent": 174
        },
        {
            "Genuine": 433,
            "Fraudulent": 171
        },
        {
            "Genuine": 435,
            "Fraudulent": 169
        },
        {
            "Genuine": 441,
            "Fraudulent": 163
        },
        {
            "Genuine": 453,
            "Fraudulent": 151
        }
    ],
    "cuts": [
        0.0,
        0.025,
        0.05,
        0.075,
        0.1,
        0.125,
        0.15,
        0.175,
        0.2,
        0.225,
        0.25,
        0.275,
        0.3,
        0.325,
        0.35,
        0.375,
        0.4,
        0.425,
        0.45,
        0.475,
        0.5,
        0.525,
        0.55,
        0.575,
        0.6,
        0.625,
        0.65,
        0.675,
        0.7,
        0.725,
        0.75,
        0.775,
        0.8,
        0.825,
        0.85,
        0.875,
        0.9,
        0.925,
        0.95,
        0.975
    ],
    "predictedClassCount": {
        "Genuine": 423,
        "Fraudulent": 181
    },
    "probabilityDensities": {
        "Genuine": {
            "density": [
                0.8838613347028151,
                0.8881119636501041,
                0.8872998303961795,
                0.8814554648844121,
                0.8706958483040369,
                0.8552206617973644,
                0.8353062068322396,
                0.8112972532844341,
                0.7835971495641115,
                0.7526565898985212,
                0.7189614744778997,
                0.6830203171633777,
                0.6453516527294855,
                0.6064718723094875,
                0.5668838740978772,
                0.5270668596355166,
                0.4874675380260047,
                0.448492925459795,
                0.4105048498025722,
                0.3738161938984251,
                0.33868884037740454,
                0.3053332182483089,
                0.27390929974523687,
                0.24452885629303495,
                0.2172587557322444,
                0.19212506897743084,
                0.16911775225659517,
                0.14819567961491484,
                0.12929181767570544,
                0.11231835870213794,
                0.09717165667288068,
                0.0837368423050554,
                0.07189202483160169,
                0.06151201923124854,
                0.052471566201087345,
                0.04464803748483745,
                0.03792364060252985,
                0.032187154272214594,
                0.027335238857609818,
                0.02327337523408171,
                0.019916490926719925,
                0.017189334737132987,
                0.015026660891815584,
                0.013373281569126611,
                0.012184043009174009,
                0.011423775724731888,
                0.011067263961597667,
                0.011099273747927779,
                0.011514672760095556,
                0.012318668850555698,
                0.013527187373647661,
                0.015167400278633945,
                0.017278412137262254,
                0.019912099636318698,
                0.02313409140396039,
                0.027024864204789126,
                0.031680919462170304,
                0.03721599078789737,
                0.043762218903075266,
                0.05147121537576278,
                0.06051492152911207,
                0.07108615444159289,
                0.08339871912409612,
                0.09768695585767588,
                0.11420458559808298,
                0.1332227156759513,
                0.1550268741305426,
                0.17991295520534697,
                0.20818198189204404,
                0.24013362468456448,
                0.2760584591768754,
                0.31622899849179076,
                0.3608895987479331,
                0.41024540506739915,
                0.46445057940296397,
                0.5235961263484027,
                0.587697705030606,
                0.6566838795836716,
                0.7303853126937573,
                0.8085254413927702,
                0.8907131871147402,
                0.9764382391525359,
                1.0650694092672703,
                1.1558564839136576,
                1.247935899631583,
                1.340340438768297,
                1.4320129909240005,
                1.5218242563216053,
                1.6085940883209366,
                1.691115992475356,
                1.7681841286455497,
                1.83862201076512,
                1.901311975522046,
                1.955224405022867,
                1.999445646284085,
                2.0332035767147105,
                2.0558898215059047,
                2.0670777349770417,
                2.0665354094165145,
                2.0542331649545997
            ],
            "median": 0.9859777404895489
        },
        "Fraudulent": {
            "density": [
                2.0542331649546215,
                2.0665354094165145,
                2.067077734977038,
                2.055889821505901,
                2.0332035767147247,
                1.999445646284094,
                1.9552244050228793,
                1.9013119755220342,
                1.838622010765125,
                1.7681841286455529,
                1.6911159924753545,
                1.6085940883209338,
                1.521824256321607,
                1.4320129909240005,
                1.3403404387683053,
                1.2479358996315908,
                1.1558564839136585,
                1.0650694092672648,
                0.9764382391525394,
                0.8907131871147331,
                0.8085254413927616,
                0.7303853126937624,
                0.656683879583671,
                0.5876977050306024,
                0.5235961263484027,
                0.4644505794029632,
                0.410245405067401,
                0.36088959874793375,
                0.3162289984917863,
                0.27605845917687394,
                0.24013362468456662,
                0.20818198189204384,
                0.17991295520534634,
                0.15502687413054192,
                0.13322271567595045,
                0.11420458559808298,
                0.09768695585767631,
                0.08339871912409601,
                0.07108615444159207,
                0.060514921529111726,
                0.05147121537576287,
                0.04376221890307559,
                0.037215990787897474,
                0.031680919462170415,
                0.027024864204788827,
                0.023134091403960142,
                0.019912099636318743,
                0.01727841213726224,
                0.015167400278633931,
                0.013527187373647782,
                0.012318668850555435,
                0.01151467276009568,
                0.01109927374792776,
                0.01106726396159742,
                0.011423775724731777,
                0.012184043009173825,
                0.013373281569126825,
                0.015026660891815678,
                0.01718933473713291,
                0.019916490926720296,
                0.023273375234081784,
                0.027335238857609634,
                0.032187154272214344,
                0.03792364060253005,
                0.04464803748483759,
                0.05247156620108753,
                0.06151201923124874,
                0.07189202483160191,
                0.08373684230505563,
                0.09717165667288023,
                0.11231835870213734,
                0.129291817675705,
                0.14819567961491498,
                0.16911775225659578,
                0.19212506897743084,
                0.21725875573224515,
                0.24452885629303472,
                0.2739092997452366,
                0.3053332182483078,
                0.338688840377404,
                0.3738161938984254,
                0.4105048498025725,
                0.4484929254597966,
                0.48746753802600773,
                0.5270668596355134,
                0.5668838740978802,
                0.6064718723094881,
                0.6453516527294831,
                0.683020317163379,
                0.7189614744778985,
                0.752656589898524,
                0.7835971495641094,
                0.8112972532844348,
                0.8353062068322373,
                0.8552206617973667,
                0.8706958483040353,
                0.881455464884416,
                0.8872998303961827,
                0.8881119636501057,
                0.8838613347028167
            ],
            "median": 0.01402225951045107
        }
    }
}