{
  "starred": false,
  "clusterMetas": {},
  "sessionName": "log reg",
  "customMeta": {
    "kv": {}
  },
  "tags": [],
  "activeClassifierThreshold": 0.35,
  "description": "",
  "name": "Logistic Regression (log reg)",
  "labels": [
    {
      "key": "trainDataset:dataset-name",
      "value": "twitter_fraud_profiles_dataset"
    },
    {
      "key": "testDataset:dataset-name",
      "value": "twitter_fraud_profiles_dataset"
    },
    {
      "key": "evaluationDataset:dataset-name",
      "value": "twitter_fraud_profiles_dataset"
    },
    {
      "key": "model:algorithm",
      "value": "LOGISTIC_REGRESSION"
    },
    {
      "key": "model:name",
      "value": "Logistic Regression (log reg)"
    },
    {
      "key": "model:session-name",
      "value": "log reg"
    },
    {
      "key": "model:date",
      "value": "2025-04-13T10:13:04.377+0000"
    },
    {
      "key": "evaluation:date",
      "value": "2025-04-13T10:13:04.377+0000"
    }
  ]
}