{
    "per_feature": {
        "Embarked": {
            "stats": {}
        },
        "Survived": {
            "stats": {}
        },
        "Pclass": {
            "stats": {
                "mostFrequentValue": "3",
                "leastFrequentValue": "2"
            },
            "dropped_modality": "2",
            "category_possible_values": [
                "3",
                "1"
            ],
            "category_possible_counts": [
                369,
                172
            ]
        },
        "Ticket": {
            "stats": {}
        },
        "PassengerId": {
            "stats": {}
        },
        "Sex": {
            "stats": {
                "mostFrequentValue": "male",
                "leastFrequentValue": "female"
            },
            "dropped_modality": "female",
            "category_possible_values": [
                "male"
            ],
            "category_possible_counts": [
                440
            ]
        },
        "SibSp": {
            "stats": {}
        },
        "Age1": {
            "stats": {
                "min": 1.0,
                "average": 1.9855491329479769,
                "median": 2.0,
                "max": 3.0,
                "p99": 3.0,
                "std": 0.33132521553718935
            },
            "missing_impute_with_value": 1.9855491329479769
        },
        "Name": {
            "stats": {}
        },
        "Fare": {
            "stats": {}
        },
        "count_name": {
            "stats": {}
        },
        "Parch": {
            "stats": {}
        },
        "Cabin": {
            "stats": {}
        },
        "Family": {
            "stats": {
                "mostFrequentValue": "0",
                "leastFrequentValue": "10"
            },
            "dropped_modality": "10",
            "category_possible_values": [
                "0",
                "1",
                "2",
                "3",
                "5",
                "4",
                "6",
                "7"
            ],
            "category_possible_counts": [
                412,
                133,
                82,
                17,
                17,
                11,
                10,
                6
            ]
        },
        "Age": {
            "stats": {}
        }
    },
    "feature_order": [
        "Embarked",
        "Survived",
        "Pclass",
        "Ticket",
        "PassengerId",
        "Sex",
        "SibSp",
        "Age1",
        "Name",
        "Fare",
        "count_name",
        "Parch",
        "Cabin",
        "Family",
        "Age"
    ]
}