{
    "details": {
        "Pclass": {
            "levels": [
                "3",
                "1"
            ],
            "with_others": false
        },
        "Sex": {
            "levels": [
                "male"
            ],
            "with_others": false
        },
        "Family": {
            "levels": [
                "0",
                "1",
                "2",
                "3",
                "5",
                "4",
                "6",
                "7"
            ],
            "with_others": false
        }
    }
}