{
  "trainedWithDSSVersion": "13.4.3",
  "backend": "PY_MEMORY",
  "isValid": true,
  "type": "BINARY_PROBABILISTIC",
  "algorithm_name": "LOGISTIC",
  "columns": [
    "Following",
    "Tweets_Per_Day",
    "Num_Tweets",
    "datetime_cyclical:Profile_Creation_Date:week:sin",
    "datetime_cyclical:Profile_Creation_Date:week:cos",
    "datetime_cyclical:Profile_Creation_Date:month:sin",
    "datetime_cyclical:Profile_Creation_Date:month:cos",
    "datetime_cyclical:Profile_Creation_Date:quarter:sin",
    "datetime_cyclical:Profile_Creation_Date:quarter:cos",
    "datetime_cyclical:Profile_Creation_Date:year:sin",
    "datetime_cyclical:Profile_Creation_Date:year:cos",
    "dummy:Tweet_Sentiment:Neutral",
    "dummy:Tweet_Sentiment:Positive",
    "dummy:Tweet_Sentiment:N/A",
    "dummy:Profile_Picture:Yes",
    "dummy:Profile_Picture:N/A",
    "dummy:Fraud_Status:Genuine",
    "dummy:Fraud_Status:N/A",
    "dummy:Verified:Not Verified",
    "dummy:Verified:N/A"
  ],
  "classes": [
    "0",
    "1"
  ]
}