{
    "perClassFacts": {
        "unique": {
            "Tweets_Per_Day": {
                "impact": 0.7215647193190912,
                "rank": 1,
                "feature": "Tweets_Per_Day",
                "correlation": -0.9942729306487695,
                "type": "NUMERICAL"
            },
            "Num_Tweets": {
                "impact": 0.5164527831941361,
                "rank": 2,
                "feature": "Num_Tweets",
                "correlation": 0.9879140911366012,
                "type": "NUMERICAL"
            },
            "Following": {
                "impact": 0.3683481465827831,
                "rank": 3,
                "feature": "Following",
                "correlation": -0.997270572388532,
                "type": "NUMERICAL"
            },
            "Fraud_Status": {
                "impact": 0.3066145705697185,
                "rank": 4,
                "feature": "Fraud_Status",
                "positiveCategoricalValue": "Genuine",
                "negativeCategoricalValue": "Fraudulent",
                "infoGain": 0.5799151714181009,
                "type": "CATEGORICAL"
            },
            "Profile_Picture": {
                "impact": 0.04818961953991388,
                "rank": 6,
                "feature": "Profile_Picture",
                "positiveCategoricalValue": "No",
                "negativeCategoricalValue": "Yes",
                "infoGain": 0.6917242833307351,
                "type": "CATEGORICAL"
            },
            "Tweet_Sentiment": {
                "impact": 0.01993844894740703,
                "rank": 8,
                "feature": "Tweet_Sentiment",
                "positiveCategoricalValue": "Positive",
                "negativeCategoricalValue": "Neutral",
                "infoGain": 0.6494857185423186,
                "type": "CATEGORICAL"
            }
        }
    }
}