[
    {
        "test_score_gib": 0.93669921875,
        "train_score": 0.9475365519527689,
        "test_score": 0.93669921875,
        "num_samples": 480,
        "fit_time": 18,
        "score_time": 221,
        "time": 239,
        "parameters": {
            "C": 0.1,
            "penalty": "l2"
        },
        "done_at": 1745136572593,
        "split_id": 0
    },
    {
        "test_score_gib": 0.93384765625,
        "train_score": 0.9489869295384631,
        "test_score": 0.93384765625,
        "num_samples": 480,
        "fit_time": 19,
        "score_time": 123,
        "time": 142,
        "parameters": {
            "C": 0.1,
            "penalty": "l2"
        },
        "done_at": 1745136572496,
        "split_id": 1
    },
    {
        "test_score_gib": 0.9387109375,
        "train_score": 0.94698443342645,
        "test_score": 0.9387109375,
        "num_samples": 480,
        "fit_time": 18,
        "score_time": 18,
        "time": 36,
        "parameters": {
            "C": 0.1,
            "penalty": "l2"
        },
        "done_at": 1745136572394,
        "split_id": 2
    },
    {
        "test_score_gib": 0.9553924336533032,
        "train_score": 0.943002223607318,
        "test_score": 0.9553924336533032,
        "num_samples": 480,
        "fit_time": 12,
        "score_time": 511,
        "time": 523,
        "parameters": {
            "C": 0.1,
            "penalty": "l2"
        },
        "done_at": 1745136572890,
        "split_id": 3
    },
    {
        "test_score_gib": 0.9434373722229794,
        "train_score": 0.9463431234669246,
        "test_score": 0.9434373722229794,
        "num_samples": 480,
        "fit_time": 215,
        "score_time": 290,
        "time": 505,
        "parameters": {
            "C": 0.1,
            "penalty": "l2"
        },
        "done_at": 1745136573083,
        "split_id": 4
    },
    {
        "test_score_gib": 0.93767578125,
        "train_score": 0.9449124654468869,
        "test_score": 0.93767578125,
        "num_samples": 480,
        "fit_time": 6,
        "score_time": 383,
        "time": 389,
        "parameters": {
            "C": 0.01,
            "penalty": "l2"
        },
        "done_at": 1745136573083,
        "split_id": 0
    },
    {
        "test_score_gib": 0.9335546875,
        "train_score": 0.9463933131499276,
        "test_score": 0.9335546875,
        "num_samples": 480,
        "fit_time": 105,
        "score_time": 191,
        "time": 296,
        "parameters": {
            "C": 0.01,
            "penalty": "l2"
        },
        "done_at": 1745136573082,
        "split_id": 1
    },
    {
        "test_score_gib": 0.93611328125,
        "train_score": 0.9452464179330048,
        "test_score": 0.93611328125,
        "num_samples": 480,
        "fit_time": 103,
        "score_time": 291,
        "time": 394,
        "parameters": {
            "C": 0.01,
            "penalty": "l2"
        },
        "done_at": 1745136573291,
        "split_id": 2
    },
    {
        "test_score_gib": 0.9630249810159854,
        "train_score": 0.9389062974559639,
        "test_score": 0.9630249810159854,
        "num_samples": 480,
        "fit_time": 96,
        "score_time": 306,
        "time": 402,
        "parameters": {
            "C": 0.01,
            "penalty": "l2"
        },
        "done_at": 1745136573599,
        "split_id": 3
    },
    {
        "test_score_gib": 0.9427753655639712,
        "train_score": 0.943824336241628,
        "test_score": 0.9427753655639712,
        "num_samples": 480,
        "fit_time": 96,
        "score_time": 108,
        "time": 204,
        "parameters": {
            "C": 0.01,
            "penalty": "l2"
        },
        "done_at": 1745136573383,
        "split_id": 4
    },
    {
        "test_score_gib": 0.934453125,
        "train_score": 0.9500655716925297,
        "test_score": 0.934453125,
        "num_samples": 480,
        "fit_time": 92,
        "score_time": 311,
        "time": 403,
        "parameters": {
            "C": 10.0,
            "penalty": "l2"
        },
        "done_at": 1745136573795,
        "split_id": 0
    },
    {
        "test_score_gib": 0.92916015625,
        "train_score": 0.9528468840039197,
        "test_score": 0.92916015625,
        "num_samples": 480,
        "fit_time": 112,
        "score_time": 495,
        "time": 607,
        "parameters": {
            "C": 10.0,
            "penalty": "l2"
        },
        "done_at": 1745136574094,
        "split_id": 1
    },
    {
        "test_score_gib": 0.93333984375,
        "train_score": 0.9505189670386459,
        "test_score": 0.93333984375,
        "num_samples": 480,
        "fit_time": 13,
        "score_time": 483,
        "time": 496,
        "parameters": {
            "C": 10.0,
            "penalty": "l2"
        },
        "done_at": 1745136573992,
        "split_id": 2
    },
    {
        "test_score_gib": 0.924083412839035,
        "train_score": 0.9511526043528059,
        "test_score": 0.924083412839035,
        "num_samples": 480,
        "fit_time": 401,
        "score_time": 105,
        "time": 506,
        "parameters": {
            "C": 10.0,
            "penalty": "l2"
        },
        "done_at": 1745136574190,
        "split_id": 3
    },
    {
        "test_score_gib": 0.9387254424735685,
        "train_score": 0.9499670057169761,
        "test_score": 0.9387254424735685,
        "num_samples": 480,
        "fit_time": 197,
        "score_time": 304,
        "time": 501,
        "parameters": {
            "C": 10.0,
            "penalty": "l2"
        },
        "done_at": 1745136574487,
        "split_id": 4
    },
    {
        "test_score_gib": 0.93560546875,
        "train_score": 0.9494342308611099,
        "test_score": 0.93560546875,
        "num_samples": 480,
        "fit_time": 90,
        "score_time": 304,
        "time": 394,
        "parameters": {
            "C": 1.0,
            "penalty": "l2"
        },
        "done_at": 1745136574388,
        "split_id": 0
    },
    {
        "test_score_gib": 0.9313281250000001,
        "train_score": 0.9517877427249548,
        "test_score": 0.9313281250000001,
        "num_samples": 480,
        "fit_time": 113,
        "score_time": 288,
        "time": 401,
        "parameters": {
            "C": 1.0,
            "penalty": "l2"
        },
        "done_at": 1745136574588,
        "split_id": 1
    },
    {
        "test_score_gib": 0.9396484375,
        "train_score": 0.9487529190372419,
        "test_score": 0.9396484375,
        "num_samples": 480,
        "fit_time": 15,
        "score_time": 796,
        "time": 811,
        "parameters": {
            "C": 1.0,
            "penalty": "l2"
        },
        "done_at": 1745136575195,
        "split_id": 2
    },
    {
        "test_score_gib": 0.9344808115422808,
        "train_score": 0.9496584085411892,
        "test_score": 0.9344808115422808,
        "num_samples": 480,
        "fit_time": 13,
        "score_time": 591,
        "time": 604,
        "parameters": {
            "C": 1.0,
            "penalty": "l2"
        },
        "done_at": 1745136575194,
        "split_id": 3
    },
    {
        "test_score_gib": 0.9401662804961156,
        "train_score": 0.9493998211844032,
        "test_score": 0.9401662804961156,
        "num_samples": 480,
        "fit_time": 12,
        "score_time": 495,
        "time": 507,
        "parameters": {
            "C": 1.0,
            "penalty": "l2"
        },
        "done_at": 1745136575195,
        "split_id": 4
    },
    {
        "test_score_gib": 0.93375,
        "train_score": 0.9499887869968164,
        "test_score": 0.93375,
        "num_samples": 480,
        "fit_time": 200,
        "score_time": 106,
        "time": 306,
        "parameters": {
            "C": 100.0,
            "penalty": "l2"
        },
        "done_at": 1745136575383,
        "split_id": 0
    },
    {
        "test_score_gib": 0.92794921875,
        "train_score": 0.9527822873551451,
        "test_score": 0.92794921875,
        "num_samples": 480,
        "fit_time": 98,
        "score_time": 193,
        "time": 291,
        "parameters": {
            "C": 100.0,
            "penalty": "l2"
        },
        "done_at": 1745136575588,
        "split_id": 1
    },
    {
        "test_score_gib": 0.92712890625,
        "train_score": 0.951654893013324,
        "test_score": 0.92712890625,
        "num_samples": 480,
        "fit_time": 101,
        "score_time": 394,
        "time": 495,
        "parameters": {
            "C": 100.0,
            "penalty": "l2"
        },
        "done_at": 1745136575785,
        "split_id": 2
    },
    {
        "test_score_gib": 0.922895695009638,
        "train_score": 0.951073320493414,
        "test_score": 0.922895695009638,
        "num_samples": 480,
        "fit_time": 105,
        "score_time": 203,
        "time": 308,
        "parameters": {
            "C": 100.0,
            "penalty": "l2"
        },
        "done_at": 1745136575782,
        "split_id": 3
    },
    {
        "test_score_gib": 0.9386865009053915,
        "train_score": 0.9499218749047068,
        "test_score": 0.9386865009053915,
        "num_samples": 480,
        "fit_time": 101,
        "score_time": 207,
        "time": 308,
        "parameters": {
            "C": 100.0,
            "penalty": "l2"
        },
        "done_at": 1745136575786,
        "split_id": 4
    }
]