{
    "startedAt": 1745136572328,
    "gridSize": 5,
    "nThreads": 4,
    "nSplits": 5,
    "metric": "ROC_AUC",
    "timeout": null,
    "gridPoints": [
        {
            "finishedAt": 1745136573083,
            "score": 0.9416175236752565,
            "testScoreGibMean": 0.9416175236752565,
            "testScoreMean": 0.9416175236752565,
            "testScoreStd": 0.007563977789205838,
            "trainScoreMean": 0.946570652398385,
            "trainScoreStd": 0.0019863547194585766,
            "time": 1445,
            "fitTimeMean": 56.4,
            "fitTimeStd": 79.33876732090056,
            "scoreTimeMean": 232.6,
            "scoreTimeStd": 166.73403971595002,
            "parameters": {
                "C": 0.1,
                "penalty": "l2"
            }
        },
        {
            "finishedAt": 1745136573599,
            "score": 0.9426288193159913,
            "testScoreGibMean": 0.9426288193159913,
            "testScoreMean": 0.9426288193159913,
            "testScoreStd": 0.010633433861943471,
            "trainScoreMean": 0.9438565660454822,
            "trainScoreStd": 0.0026072167365095342,
            "time": 1685,
            "fitTimeMean": 81.2,
            "fitTimeStd": 37.7751240898028,
            "scoreTimeMean": 255.8,
            "scoreTimeStd": 95.89869655005745,
            "parameters": {
                "C": 0.01,
                "penalty": "l2"
            }
        },
        {
            "finishedAt": 1745136574487,
            "score": 0.9319523960625208,
            "testScoreGibMean": 0.9319523960625208,
            "testScoreMean": 0.9319523960625208,
            "testScoreStd": 0.004975345498205546,
            "trainScoreMean": 0.9509102065609754,
            "trainScoreStd": 0.0010550431711016793,
            "time": 2513,
            "fitTimeMean": 163.0,
            "fitTimeStd": 132.62126526315456,
            "scoreTimeMean": 339.6,
            "scoreTimeStd": 142.7131388485307,
            "parameters": {
                "C": 10.0,
                "penalty": "l2"
            }
        },
        {
            "finishedAt": 1745136575195,
            "score": 0.9362458246576792,
            "testScoreGibMean": 0.9362458246576792,
            "testScoreMean": 0.9362458246576792,
            "testScoreStd": 0.003306262090186515,
            "trainScoreMean": 0.9498066244697799,
            "trainScoreStd": 0.0010354958767476452,
            "time": 2717,
            "fitTimeMean": 48.6,
            "fitTimeStd": 43.81141403789656,
            "scoreTimeMean": 494.8,
            "scoreTimeStd": 189.28644959425912,
            "parameters": {
                "C": 1.0,
                "penalty": "l2"
            }
        },
        {
            "finishedAt": 1745136575786,
            "score": 0.930082064183006,
            "testScoreGibMean": 0.930082064183006,
            "testScoreMean": 0.930082064183006,
            "testScoreStd": 0.0055209448064879015,
            "trainScoreMean": 0.9510842325526813,
            "trainScoreStd": 0.0010733348791703103,
            "time": 1708,
            "fitTimeMean": 121.0,
            "fitTimeStd": 39.56260860964555,
            "scoreTimeMean": 220.6,
            "scoreTimeStd": 94.29443249736433,
            "parameters": {
                "C": 100.0,
                "penalty": "l2"
            }
        }
    ]
}