{
    "modelInputNRows": 2400,
    "modelInputNCols": 20,
    "modelInputIsSparse": false,
    "modelInputMemory": 384000,
    "usedGridSearch": true,
    "gridSize": 5,
    "gridBestScore": 0.9426288193159913,
    "gridCells": [
        {
            "params": {
                "C": 0.1,
                "penalty": "l2"
            },
            "score": 0.9416175236752565,
            "scoreStd": 0.007563977789205838,
            "fitTime": 0.0564,
            "fitTimeStd": 0.07933876732090056,
            "scoreTime": 0.2326,
            "scoreTimeStd": 0.16673403971595002
        },
        {
            "params": {
                "C": 0.01,
                "penalty": "l2"
            },
            "score": 0.9426288193159913,
            "scoreStd": 0.010633433861943471,
            "fitTime": 0.08120000000000001,
            "fitTimeStd": 0.037775124089802804,
            "scoreTime": 0.2558,
            "scoreTimeStd": 0.09589869655005745
        },
        {
            "params": {
                "C": 10.0,
                "penalty": "l2"
            },
            "score": 0.9319523960625208,
            "scoreStd": 0.004975345498205546,
            "fitTime": 0.163,
            "fitTimeStd": 0.13262126526315454,
            "scoreTime": 0.3396,
            "scoreTimeStd": 0.14271313884853068
        },
        {
            "params": {
                "C": 1.0,
                "penalty": "l2"
            },
            "score": 0.9362458246576792,
            "scoreStd": 0.003306262090186515,
            "fitTime": 0.048600000000000004,
            "fitTimeStd": 0.04381141403789656,
            "scoreTime": 0.4948,
            "scoreTimeStd": 0.18928644959425914
        },
        {
            "params": {
                "C": 100.0,
                "penalty": "l2"
            },
            "score": 0.930082064183006,
            "scoreStd": 0.0055209448064879015,
            "fitTime": 0.121,
            "fitTimeStd": 0.03956260860964555,
            "scoreTime": 0.2206,
            "scoreTimeStd": 0.09429443249736433
        }
    ],
    "lmCoefficients": {
        "variables": [
            "Following",
            "Tweets_Per_Day",
            "Num_Tweets",
            "datetime_cyclical:Profile_Creation_Date:week:sin",
            "datetime_cyclical:Profile_Creation_Date:week:cos",
            "datetime_cyclical:Profile_Creation_Date:month:sin",
            "datetime_cyclical:Profile_Creation_Date:month:cos",
            "datetime_cyclical:Profile_Creation_Date:quarter:sin",
            "datetime_cyclical:Profile_Creation_Date:quarter:cos",
            "datetime_cyclical:Profile_Creation_Date:year:sin",
            "datetime_cyclical:Profile_Creation_Date:year:cos",
            "dummy:Tweet_Sentiment:Neutral",
            "dummy:Tweet_Sentiment:Positive",
            "dummy:Profile_Picture:Yes",
            "dummy:Fraud_Status:Genuine",
            "dummy:Verified:Not Verified"
        ],
        "coefs": [
            -0.5439274909363387,
            -1.0202421277174067,
            0.6433151231530982,
            -0.02172385362380092,
            -0.026160791523053596,
            0.026836115786313224,
            -0.06946585099005081,
            0.048579598765007184,
            0.036130379061231004,
            -0.04570857465193868,
            0.032895629577973456,
            0.00807582441553411,
            0.05038261805938337,
            -0.10056238240442383,
            0.8412353831886918,
            -0.1064252342693557
        ],
        "interceptStderr": null,
        "interceptTstat": null,
        "interceptPvalue": null,
        "interceptCoef": -0.09479844246589265,
        "rescaledCoefs": [
            -0.0004738471762253077,
            -0.07614113116082183,
            0.00019374529164892267,
            -0.02172385362380092,
            -0.026160791523053596,
            0.026836115786313224,
            -0.06946585099005081,
            0.048579598765007184,
            0.036130379061231004,
            -0.04570857465193868,
            0.032895629577973456,
            0.00807582441553411,
            0.05038261805938337,
            -0.10056238240442383,
            0.8412353831886918,
            -0.1064252342693557
        ],
        "rescaledInterceptCoef": 0.6646861270755297
    },
    "probaAware": true
}