{
    "metrics": {},
    "processed_feature_names": [
        "Following",
        "Tweets_Per_Day",
        "Num_Tweets",
        "datetime_cyclical:Profile_Creation_Date:week:sin",
        "datetime_cyclical:Profile_Creation_Date:week:cos",
        "datetime_cyclical:Profile_Creation_Date:month:sin",
        "datetime_cyclical:Profile_Creation_Date:month:cos",
        "datetime_cyclical:Profile_Creation_Date:quarter:sin",
        "datetime_cyclical:Profile_Creation_Date:quarter:cos",
        "datetime_cyclical:Profile_Creation_Date:year:sin",
        "datetime_cyclical:Profile_Creation_Date:year:cos",
        "dummy:Tweet_Sentiment:Neutral",
        "dummy:Tweet_Sentiment:Positive",
        "dummy:Tweet_Sentiment:N/A",
        "dummy:Profile_Picture:Yes",
        "dummy:Profile_Picture:N/A",
        "dummy:Fraud_Status:Genuine",
        "dummy:Fraud_Status:N/A",
        "dummy:Verified:Not Verified",
        "dummy:Verified:N/A"
    ],
    "optimalThreshold": 0.475,
    "usedThreshold": 0.475,
    "perCutData": {
        "cut": [
            0.0,
            0.025,
            0.05,
            0.075,
            0.1,
            0.125,
            0.15,
            0.175,
            0.2,
            0.225,
            0.25,
            0.275,
            0.3,
            0.325,
            0.35,
            0.375,
            0.4,
            0.425,
            0.45,
            0.475,
            0.5,
            0.525,
            0.55,
            0.575,
            0.6,
            0.625,
            0.65,
            0.675,
            0.7,
            0.725,
            0.75,
            0.775,
            0.8,
            0.825,
            0.85,
            0.875,
            0.9,
            0.925,
            0.95,
            0.975
        ],
        "tp": [
            395,
            395,
            395,
            395,
            395,
            395,
            395,
            395,
            395,
            395,
            395,
            395,
            395,
            395,
            395,
            395,
            395,
            395,
            395,
            395,
            395,
            395,
            395,
            393,
            386,
            380,
            368,
            356,
            343,
            324,
            304,
            278,
            242,
            215,
            179,
            133,
            79,
            30,
            7,
            0
        ],
        "tn": [
            0,
            44,
            90,
            115,
            124,
            142,
            152,
            157,
            163,
            167,
            169,
            173,
            175,
            176,
            179,
            182,
            184,
            184,
            184,
            185,
            185,
            185,
            185,
            185,
            185,
            185,
            187,
            188,
            189,
            190,
            192,
            194,
            197,
            198,
            200,
            200,
            202,
            205,
            205,
            205
        ],
        "fp": [
            205,
            161,
            115,
            90,
            81,
            63,
            53,
            48,
            42,
            38,
            36,
            32,
            30,
            29,
            26,
            23,
            21,
            21,
            21,
            20,
            20,
            20,
            20,
            20,
            20,
            20,
            18,
            17,
            16,
            15,
            13,
            11,
            8,
            7,
            5,
            5,
            3,
            0,
            0,
            0
        ],
        "fn": [
            0,
            0,
            0,
            0,
            0,
            0,
            0,
            0,
            0,
            0,
            0,
            0,
            0,
            0,
            0,
            0,
            0,
            0,
            0,
            0,
            0,
            0,
            0,
            2,
            9,
            15,
            27,
            39,
            52,
            71,
            91,
            117,
            153,
            180,
            216,
            262,
            316,
            365,
            388,
            395
        ],
        "precision": [
            0.6583333333333333,
            0.710431654676259,
            0.7745098039215687,
            0.8144329896907216,
            0.8298319327731093,
            0.8624454148471615,
            0.8816964285714286,
            0.891647855530474,
            0.9038901601830663,
            0.9122401847575058,
            0.9164733178654292,
            0.9250585480093677,
            0.9294117647058824,
            0.9316037735849056,
            0.9382422802850356,
            0.9449760765550239,
            0.9495192307692307,
            0.9495192307692307,
            0.9495192307692307,
            0.9518072289156626,
            0.9518072289156626,
            0.9518072289156626,
            0.9518072289156626,
            0.9515738498789347,
            0.9507389162561576,
            0.95,
            0.9533678756476683,
            0.9544235924932976,
            0.9554317548746518,
            0.9557522123893806,
            0.9589905362776026,
            0.9619377162629758,
            0.968,
            0.9684684684684685,
            0.9728260869565217,
            0.9637681159420289,
            0.9634146341463414,
            1.0,
            1.0,
            0.0
        ],
        "recall": [
            1.0,
            1.0,
            1.0,
            1.0,
            1.0,
            1.0,
            1.0,
            1.0,
            1.0,
            1.0,
            1.0,
            1.0,
            1.0,
            1.0,
            1.0,
            1.0,
            1.0,
            1.0,
            1.0,
            1.0,
            1.0,
            1.0,
            1.0,
            0.9949367088607595,
            0.9772151898734177,
            0.9620253164556962,
            0.9316455696202531,
            0.9012658227848102,
            0.8683544303797468,
            0.8202531645569621,
            0.769620253164557,
            0.7037974683544304,
            0.6126582278481013,
            0.5443037974683544,
            0.4531645569620253,
            0.3367088607594937,
            0.2,
            0.0759493670886076,
            0.017721518987341773,
            0.0
        ],
        "accuracy": [
            0.6583333333333333,
            0.7316666666666667,
            0.8083333333333333,
            0.85,
            0.865,
            0.895,
            0.9116666666666666,
            0.92,
            0.93,
            0.9366666666666666,
            0.94,
            0.9466666666666667,
            0.95,
            0.9516666666666667,
            0.9566666666666667,
            0.9616666666666667,
            0.965,
            0.965,
            0.965,
            0.9666666666666667,
            0.9666666666666667,
            0.9666666666666667,
            0.9666666666666667,
            0.9633333333333334,
            0.9516666666666667,
            0.9416666666666667,
            0.925,
            0.9066666666666666,
            0.8866666666666667,
            0.8566666666666667,
            0.8266666666666667,
            0.7866666666666666,
            0.7316666666666667,
            0.6883333333333334,
            0.6316666666666667,
            0.555,
            0.4683333333333333,
            0.39166666666666666,
            0.35333333333333333,
            0.3416666666666667
        ],
        "f1": [
            0.7939698492462312,
            0.8307045215562566,
            0.8729281767955802,
            0.8977272727272727,
            0.9070034443168771,
            0.9261430246189917,
            0.9371293001186239,
            0.9427207637231504,
            0.9495192307692307,
            0.9541062801932366,
            0.9564164648910412,
            0.9610705596107056,
            0.9634146341463414,
            0.9645909645909646,
            0.9681372549019608,
            0.971709717097171,
            0.9741060419235511,
            0.9741060419235511,
            0.9741060419235511,
            0.9753086419753086,
            0.9753086419753086,
            0.9753086419753086,
            0.9753086419753086,
            0.9727722772277227,
            0.9637952559300873,
            0.9559748427672956,
            0.9423815620998719,
            0.9270833333333333,
            0.9098143236074271,
            0.8828337874659401,
            0.853932584269663,
            0.8128654970760235,
            0.7503875968992247,
            0.6969205834683955,
            0.618307426597582,
            0.4990619136960601,
            0.3312368972746332,
            0.1411764705882353,
            0.03482587064676617,
            0.0
        ],
        "mcc": [
            0.0,
            0.39049057829273187,
            0.5831197942143544,
            0.6759268029877452,
            0.7084822653472275,
            0.7729173398150765,
            0.8085453880885741,
            0.8263605582821062,
            0.8477634740025528,
            0.8620568450910354,
            0.86921324313724,
            0.8835491864664164,
            0.8907301987381173,
            0.8943242827339134,
            0.9051219246019987,
            0.9159445236502852,
            0.9231746352285984,
            0.9231746352285984,
            0.9231746352285984,
            0.9267944686230233,
            0.9267944686230233,
            0.9267944686230233,
            0.9267944686230233,
            0.9188697839478914,
            0.8919152390712244,
            0.869716217073246,
            0.8354787405204792,
            0.8002789238500642,
            0.7645657153404556,
            0.7147001939413365,
            0.6709401759351101,
            0.6170957221420985,
            0.5518311517817233,
            0.5011379931593293,
            0.4410102275060118,
            0.3519758124149623,
            0.25593719614622107,
            0.1652728751222229,
            0.07827085105882191,
            0.0
        ],
        "hammingLoss": [
            0.3416666666666667,
            0.2683333333333333,
            0.19166666666666665,
            0.15000000000000002,
            0.135,
            0.10499999999999998,
            0.08833333333333337,
            0.07999999999999996,
            0.06999999999999995,
            0.06333333333333335,
            0.06000000000000005,
            0.053333333333333344,
            0.050000000000000044,
            0.04833333333333334,
            0.043333333333333335,
            0.03833333333333333,
            0.03500000000000003,
            0.03500000000000003,
            0.03500000000000003,
            0.033333333333333326,
            0.033333333333333326,
            0.033333333333333326,
            0.033333333333333326,
            0.036666666666666625,
            0.04833333333333334,
            0.05833333333333335,
            0.07499999999999996,
            0.09333333333333338,
            0.11333333333333329,
            0.1433333333333333,
            0.17333333333333334,
            0.21333333333333337,
            0.2683333333333333,
            0.31166666666666665,
            0.3683333333333333,
            0.44499999999999995,
            0.5316666666666667,
            0.6083333333333334,
            0.6466666666666667,
            0.6583333333333333
        ],
        "assertionsMetrics": [],
        "overridesMetrics": []
    },
    "tiMetrics": {
        "auc": 0.9610620561901821,
        "logLoss": 0.22323235858961543,
        "lift": 1.4683544303797469,
        "averagePrecision": 0.9657518204699185,
        "calibrationLoss": 0.12188726085213261
    },
    "probaPercentiles": [
        0.007650958995633083,
        0.008317815444402625,
        0.010820210906135415,
        0.012307524344261179,
        0.01537401531067599,
        0.019636320451664132,
        0.02364375996531175,
        0.025799123370137265,
        0.0284952177602739,
        0.03137481968500093,
        0.036723963408686146,
        0.03790503494977945,
        0.04152950472657207,
        0.045931489200693086,
        0.049770880071533255,
        0.05388056664625189,
        0.05906032302999795,
        0.06702033141593676,
        0.07362045087842081,
        0.0863232068704027,
        0.10507051147456165,
        0.11349705106751727,
        0.11580978733069096,
        0.13333022315732665,
        0.1470130514074907,
        0.1720930160697282,
        0.1961015934128601,
        0.24193280440880757,
        0.29092239926134383,
        0.36278613482189953,
        0.5610530649025505,
        0.5916034438072082,
        0.6216780778249278,
        0.632280868265096,
        0.6408184218423746,
        0.6543817551293016,
        0.6696123866816963,
        0.6766888833786469,
        0.6875230930587871,
        0.6965849450003644,
        0.7098599351356054,
        0.7174655841329027,
        0.7206787255295211,
        0.7292960213467186,
        0.7342727055248819,
        0.741041710768116,
        0.7487696396123779,
        0.7548183033452,
        0.758489831571644,
        0.762455808050257,
        0.7713406429950824,
        0.7780150624235531,
        0.7815898405994935,
        0.7838633346553292,
        0.7866710003983569,
        0.7900360271343125,
        0.7939748737096921,
        0.798499154645525,
        0.8041157186482663,
        0.812826081672616,
        0.8138875166747422,
        0.8200485164525734,
        0.8246465981588256,
        0.8299916983818174,
        0.8336822687873376,
        0.8370478698142437,
        0.8402089427027299,
        0.844572067361123,
        0.8487085596319102,
        0.8534016018886025,
        0.8573640749230789,
        0.8632922508277537,
        0.8654171643273673,
        0.8678032199162242,
        0.8703338020224756,
        0.8712635548093941,
        0.8744337669895372,
        0.8798649684554268,
        0.8827607521507572,
        0.8858185486572996,
        0.8883261834497467,
        0.8903565860252951,
        0.8916146420356393,
        0.8953289320218525,
        0.8973887923454201,
        0.8991755400597354,
        0.9015438944618532,
        0.9050420554793842,
        0.9063180648407486,
        0.9093279538009937,
        0.9108473227715325,
        0.9128585467543711,
        0.914986967282832,
        0.9206710172560976,
        0.9247893557168662,
        0.9262328192970581,
        0.9298843705221844,
        0.9393211705771473,
        0.9501679000606152
    ],
    "rocVizData": [
        [
            {
                "x": 0.0,
                "y": 0.0,
                "p": 1.9613957325122366
            },
            {
                "x": 0.0,
                "y": 0.08607594936708861,
                "p": 0.9235585768340151
            },
            {
                "x": 0.00975609756097561,
                "y": 0.12658227848101267,
                "p": 0.9122717238399983
            },
            {
                "x": 0.014634146341463415,
                "y": 0.2379746835443038,
                "p": 0.895310440899928
            },
            {
                "x": 0.024390243902439025,
                "y": 0.27848101265822783,
                "p": 0.8883134816919476
            },
            {
                "x": 0.024390243902439025,
                "y": 0.4962025316455696,
                "p": 0.8385929744600095
            },
            {
                "x": 0.03414634146341464,
                "y": 0.5367088607594936,
                "p": 0.8282619859611583
            },
            {
                "x": 0.03902439024390244,
                "y": 0.6455696202531646,
                "p": 0.7907584098870701
            },
            {
                "x": 0.04878048780487805,
                "y": 0.6886075949367089,
                "p": 0.7818083423671258
            },
            {
                "x": 0.05365853658536585,
                "y": 0.739240506329114,
                "p": 0.7609357764199728
            },
            {
                "x": 0.06341463414634146,
                "y": 0.7949367088607595,
                "p": 0.7396529512144681
            },
            {
                "x": 0.07804878048780488,
                "y": 0.830379746835443,
                "p": 0.7203116716978587
            },
            {
                "x": 0.07804878048780488,
                "y": 0.8810126582278481,
                "p": 0.6898825552177577
            },
            {
                "x": 0.08780487804878048,
                "y": 0.9316455696202531,
                "p": 0.6512750449156861
            },
            {
                "x": 0.0975609756097561,
                "y": 1.0,
                "p": 0.5561793038536621
            },
            {
                "x": 1.0,
                "y": 1.0,
                "p": 0.005908440296694384
            }
        ]
    ],
    "liftVizData": {
        "bins": [
            {
                "bin_pos_prop": 0.95,
                "bin_lift": 1.4430379747,
                "cum_lift": 0.1443037975,
                "cum_size": 0.1,
                "bin_min": 0.9093279538,
                "bin_max": 0.9613957325,
                "percentile_idx": 0
            },
            {
                "bin_pos_prop": 0.9666666667,
                "bin_lift": 1.4683544304,
                "cum_lift": 0.2911392405,
                "cum_size": 0.2,
                "bin_min": 0.8858185487,
                "bin_max": 0.9093279538,
                "percentile_idx": 1
            },
            {
                "bin_pos_prop": 1.0,
                "bin_lift": 1.5189873418,
                "cum_lift": 0.4430379747,
                "cum_size": 0.3,
                "bin_min": 0.8534016019,
                "bin_max": 0.8858185487,
                "percentile_idx": 2
            },
            {
                "bin_pos_prop": 0.95,
                "bin_lift": 1.4430379747,
                "cum_lift": 0.5873417722,
                "cum_size": 0.4,
                "bin_min": 0.8128260817,
                "bin_max": 0.8534016019,
                "percentile_idx": 3
            },
            {
                "bin_pos_prop": 0.95,
                "bin_lift": 1.4430379747,
                "cum_lift": 0.7316455696,
                "cum_size": 0.5,
                "bin_min": 0.7624558081,
                "bin_max": 0.8128260817,
                "percentile_idx": 4
            },
            {
                "bin_pos_prop": 0.9166666667,
                "bin_lift": 1.3924050633,
                "cum_lift": 0.8708860759,
                "cum_size": 0.6,
                "bin_min": 0.696584945,
                "bin_max": 0.7624558081,
                "percentile_idx": 5
            },
            {
                "bin_pos_prop": 0.85,
                "bin_lift": 1.2911392405,
                "cum_lift": 1.0,
                "cum_size": 0.7,
                "bin_min": 0.3627861348,
                "bin_max": 0.696584945,
                "percentile_idx": 6
            },
            {
                "bin_pos_prop": 0.0,
                "bin_lift": 0.0,
                "cum_lift": 1.0,
                "cum_size": 0.8,
                "bin_min": 0.0863232069,
                "bin_max": 0.3627861348,
                "percentile_idx": 7
            },
            {
                "bin_pos_prop": 0.0,
                "bin_lift": 0.0,
                "cum_lift": 1.0,
                "cum_size": 0.9,
                "bin_min": 0.0313748197,
                "bin_max": 0.0863232069,
                "percentile_idx": 8
            },
            {
                "bin_pos_prop": 0.0,
                "bin_lift": 0.0,
                "cum_lift": 1.0,
                "cum_size": 1.0,
                "bin_min": 0.0059084403,
                "bin_max": 0.0313748197,
                "percentile_idx": 9
            }
        ],
        "wizard": {
            "positives": 395,
            "total": 600
        }
    },
    "prVizData": [
        {
            "bins": [
                {
                    "x": 1.0,
                    "y": 0.6583333333333333,
                    "p": 0.005908440296694384
                },
                {
                    "x": 1.0,
                    "y": 0.7091561938958707,
                    "p": 0.024808210058750557
                },
                {
                    "x": 1.0,
                    "y": 0.7596153846153846,
                    "p": 0.04300979600514734
                },
                {
                    "x": 1.0,
                    "y": 0.811088295687885,
                    "p": 0.07317882354473286
                },
                {
                    "x": 1.0,
                    "y": 0.8624454148471615,
                    "p": 0.12782351178093138
                },
                {
                    "x": 1.0,
                    "y": 0.9143518518518519,
                    "p": 0.24220117598519655
                },
                {
                    "x": 0.9873417721518988,
                    "y": 0.9512195121951219,
                    "p": 0.5828035542917961
                },
                {
                    "x": 0.9392405063291139,
                    "y": 0.9512820512820512,
                    "p": 0.6418995979339536
                },
                {
                    "x": 0.8936708860759494,
                    "y": 0.9540540540540541,
                    "p": 0.6817726598008937
                },
                {
                    "x": 0.8455696202531645,
                    "y": 0.9542857142857143,
                    "p": 0.7145846069094176
                },
                {
                    "x": 0.8,
                    "y": 0.9575757575757575,
                    "p": 0.7347465218284559
                },
                {
                    "x": 0.7518987341772152,
                    "y": 0.9580645161290322,
                    "p": 0.7556711233867951
                },
                {
                    "x": 0.7063291139240506,
                    "y": 0.9620689655172414,
                    "p": 0.7748877782534556
                },
                {
                    "x": 0.6582278481012658,
                    "y": 0.9629629629629629,
                    "p": 0.7871347007829375
                },
                {
                    "x": 0.6151898734177215,
                    "y": 0.9681274900398407,
                    "p": 0.7994874028693131
                },
                {
                    "x": 0.5645569620253165,
                    "y": 0.9653679653679653,
                    "p": 0.8172703451726453
                },
                {
                    "x": 0.5215189873417722,
                    "y": 0.9716981132075472,
                    "p": 0.8319106848145956
                },
                {
                    "x": 0.4759493670886076,
                    "y": 0.9740932642487047,
                    "p": 0.8442125759088529
                },
                {
                    "x": 0.4253164556962025,
                    "y": 0.9710982658959537,
                    "p": 0.8581120473726515
                },
                {
                    "x": 0.37468354430379747,
                    "y": 0.9673202614379085,
                    "p": 0.8694320168920587
                },
                {
                    "x": 0.3240506329113924,
                    "y": 0.9624060150375939,
                    "p": 0.879584698757005
                },
                {
                    "x": 0.27848101265822783,
                    "y": 0.9649122807017544,
                    "p": 0.8883803330487847
                },
                {
                    "x": 0.2379746835443038,
                    "y": 0.9690721649484536,
                    "p": 0.895310440899928
                },
                {
                    "x": 0.18734177215189873,
                    "y": 0.961038961038961,
                    "p": 0.902143333198445
                },
                {
                    "x": 0.13670886075949368,
                    "y": 0.9473684210526315,
                    "p": 0.9105539485565559
                },
                {
                    "x": 0.11139240506329114,
                    "y": 0.9777777777777777,
                    "p": 0.9139300755619884
                },
                {
                    "x": 0.08607594936708861,
                    "y": 1.0,
                    "p": 0.9235585768340151
                },
                {
                    "x": 0.035443037974683546,
                    "y": 1.0,
                    "p": 0.9367865231556457
                },
                {
                    "x": 0.002531645569620253,
                    "y": 1.0,
                    "p": 0.9613957325122366
                }
            ],
            "positiveRate": 0.6583333333333333
        }
    ],
    "densityData": {
        "0": {
            "actualIsThisClass": [
                0.07392430505116276,
                0.08603890033907356,
                0.09901607823228684,
                0.11271820077980432,
                0.12698382883233017,
                0.14163507108213808,
                0.15648575257846578,
                0.1713495631789576,
                0.1860473361203625,
                0.20041271622310952,
                0.21429569570058477,
                0.22756379375836744,
                0.24010099001978813,
                0.2518048396095253,
                0.26258244916434215,
                0.2723461382235294,
                0.2810096271622987,
                0.28848548056849915,
                0.29468431491633146,
                0.2995159903453135,
                0.3028926973618529,
                0.3047335705983978,
                0.30497025585351234,
                0.3035527509984553,
                0.30045484449569904,
                0.2956785765344087,
                0.28925732060853326,
                0.2812572914932016,
                0.2717774905528992,
                0.26094826777924485,
                0.24892878934483764,
                0.235903741092158,
                0.22207957752335727,
                0.20768055903470165,
                0.1929447304238091,
                0.1781199051870608,
                0.16345965278045652,
                0.14921925192694646,
                0.13565157477653458,
                0.12300289789362333,
                0.11150868388655988,
                0.10138942655975283,
                0.09284668865163852,
                0.08605947513242673,
                0.08118107403117365,
                0.07833646525112133,
                0.0776203558797078,
                0.07909586111669963,
                0.08279382572162086,
                0.08871278072850626,
                0.0968195568795693,
                0.10705062536931033,
                0.11931429694444418,
                0.13349396635904187,
                0.14945262325859646,
                0.16703884743654232,
                0.18609445619261503,
                0.20646387225660398,
                0.22800513938111597,
                0.2506023444449547,
                0.274179030848089,
                0.29871203157606624,
                0.3242450332163818,
                0.35090112026990805,
                0.3788935492576882,
                0.4085340607645723,
                0.440238140642326,
                0.47452676655050197,
                0.5120242952218919,
                0.5534522312341972,
                0.5996186463926548,
                0.651402977002854,
                0.7097358163639028,
                0.7755731627211858,
                0.8498644206379727,
                0.9335133484659299,
                1.0273311742703903,
                1.131981351867533,
                1.2479159750244835,
                1.3753047634678337,
                1.5139587855118868,
                1.6632526303284403,
                1.822050451473368,
                1.9886429553033464,
                2.160703719509117,
                2.335273878740004,
                2.508783899398486,
                2.6771196496636107,
                2.835737153235948,
                2.9798263810889267,
                3.104519482508678,
                3.205133488773622,
                3.2774324028275297,
                3.3178894531273513,
                3.323927838207574,
                3.2941180596139503,
                3.228312206618133,
                3.1277002491859367,
                2.99478009080266,
                2.833241089338971
            ],
            "actualIsNotThisClass": [
                0.16481332788507636,
                0.3098864799612989,
                0.5397143351096317,
                0.8750611751017116,
                1.326625417326705,
                1.8874493773111598,
                2.527312661565597,
                3.1923556652556195,
                3.8125986724028778,
                4.317111894205172,
                4.652261648148823,
                4.795708005281073,
                4.760277245522616,
                4.586875091854008,
                4.330666796560548,
                4.046561011784683,
                3.778312529244422,
                3.552554555159508,
                3.3771905969794713,
                3.2435079444676793,
                3.131864849958479,
                3.020128495916913,
                2.8921499922062814,
                2.742539756558252,
                2.5757203017144974,
                2.4007805828820583,
                2.22603083537555,
                2.0564467412492693,
                1.8943892900883668,
                1.741649380887806,
                1.6006213211006277,
                1.473833611276928,
                1.362536649182099,
                1.2654633400658752,
                1.178498693000109,
                1.095578337897329,
                1.010730421642262,
                0.9204188284285443,
                0.824694205420276,
                0.7262009789663689,
                0.6278212800172122,
                0.5309928253329105,
                0.43604993179139484,
                0.3439502030592933,
                0.2575258205295749,
                0.1810373297907622,
                0.1184167080650798,
                0.07155922345115288,
                0.0397277799006796,
                0.0201707439492174,
                0.009329812055673676,
                0.003918168458019211,
                0.0014895578282965488,
                0.0005112736235963421,
                0.00015807952548140892,
                4.394097755121603e-05,
                1.096260438354005e-05,
                2.451354116904378e-06,
                4.907393312444889e-07,
                8.787051115476821e-08,
                1.4062223906039501e-08,
                2.010098395826353e-09,
                2.565181326368312e-10,
                2.9213424056935844e-11,
                2.9680395193176602e-12,
                2.6894606046625194e-13,
                2.173078137904279e-14,
                1.5653919032026467e-15,
                1.0051815621088784e-16,
                5.752891930339083e-18,
                2.9342906556404946e-19,
                1.3336961599830584e-20,
                5.401502346426066e-22,
                1.9491603125199905e-23,
                6.266584207463667e-25,
                1.7949092225813666e-26,
                4.579971824711847e-28,
                1.0410565407153945e-29,
                2.10795464202626e-31,
                3.801976129590296e-33,
                6.108094386750701e-35,
                8.74054500293522e-37,
                1.1140300466034697e-38,
                1.264651913969e-40,
                1.27865008507818e-42,
                1.1514117082049535e-44,
                9.234216824189442e-47,
                6.595578024677687e-49,
                4.1954875990378605e-51,
                2.3767457355278456e-53,
                1.1990797940510578e-55,
                5.387326874611648e-58,
                2.1555278727996403e-60,
                7.680413217529331e-63,
                2.437036562001358e-65,
                6.886240959537682e-68,
                1.732772634213848e-70,
                3.8827272910814403e-73,
                7.74756327181764e-76,
                1.3766499730810792e-78
            ],
            "actualIsThisClassMedian": 0.9407251492629052,
            "actualIsNotThisClassMedian": 0.16285178786815224
        },
        "1": {
            "actualIsThisClass": [
                1.3766499730809226e-78,
                7.74756327181764e-76,
                3.8827272910814403e-73,
                1.732772634213749e-70,
                6.886240959537878e-68,
                2.4370365620014965e-65,
                7.680413217529986e-63,
                2.1555278727997017e-60,
                5.387326874611188e-58,
                1.1990797940510749e-55,
                2.3767457355279467e-53,
                4.1954875990378006e-51,
                6.595578024677875e-49,
                9.234216824189442e-47,
                1.1514117082050026e-44,
                1.2786500850781437e-42,
                1.264651913969054e-40,
                1.1140300466034854e-38,
                8.740545002935343e-37,
                6.108094386751135e-35,
                3.80197612959035e-33,
                2.10795464202626e-31,
                1.041056540715365e-29,
                4.579971824711945e-28,
                1.7949092225814047e-26,
                6.266584207463756e-25,
                1.9491603125200043e-23,
                5.401502346426066e-22,
                1.3336961599830963e-20,
                2.934290655640557e-19,
                5.752891930339124e-18,
                1.0051815621088641e-16,
                1.5653919032026244e-15,
                2.173078137904318e-14,
                2.689460604662538e-13,
                2.9680395193176707e-12,
                2.921342405693637e-11,
                2.565181326368321e-10,
                2.0100983958263815e-09,
                1.4062223906039451e-08,
                8.787051115476883e-08,
                4.907393312444871e-07,
                2.4513541169043825e-06,
                1.0962604383540012e-05,
                4.394097755121627e-05,
                0.00015807952548141006,
                0.0005112736235963431,
                0.0014895578282965556,
                0.003918168458019232,
                0.009329812055673667,
                0.02017074394921739,
                0.03972777990067974,
                0.07155922345115336,
                0.1184167080650798,
                0.18103732979076237,
                0.25752582052957534,
                0.34395020305929297,
                0.4360499317913956,
                0.5309928253329119,
                0.6278212800172144,
                0.7262009789663663,
                0.8246942054202775,
                0.920418828428545,
                1.0107304216422637,
                1.0955783378973252,
                1.178498693000112,
                1.2654633400658821,
                1.3625366491820978,
                1.4738336112769292,
                1.6006213211006377,
                1.741649380887806,
                1.8943892900883903,
                2.0564467412492804,
                2.226030835375554,
                2.4007805828820925,
                2.5757203017145156,
                2.7425397565582665,
                2.8921499922062868,
                3.0201284959169237,
                3.1318648499584625,
                3.2435079444676447,
                3.3771905969794536,
                3.5525545551595017,
                3.7783125292444293,
                4.046561011784683,
                4.330666796560509,
                4.586875091854008,
                4.760277245522607,
                4.795708005281039,
                4.652261648148848,
                4.317111894205126,
                3.8125986724028644,
                3.1923556652556084,
                2.5273126615656016,
                1.8874493773111631,
                1.3266254173267014,
                0.8750611751017123,
                0.5397143351096264,
                0.309886479961297,
                0.1648133278850768
            ],
            "actualIsNotThisClass": [
                2.833241089338966,
                2.994780090802676,
                3.127700249185959,
                3.2283122066181216,
                3.294118059613933,
                3.3239278382075383,
                3.317889453127381,
                3.277432402827524,
                3.205133488773605,
                3.104519482508678,
                2.9798263810889267,
                2.8357371532359577,
                2.677119649663606,
                2.5087838993985083,
                2.3352738787400122,
                2.1607037195091245,
                1.9886429553033393,
                1.8220504514733646,
                1.6632526303284463,
                1.5139587855118894,
                1.375304763467841,
                1.2479159750244813,
                1.131981351867531,
                1.0273311742703868,
                0.9335133484659315,
                0.8498644206379666,
                0.7755731627211858,
                0.7097358163639004,
                0.6514029770028529,
                0.5996186463926527,
                0.5534522312341962,
                0.5120242952218905,
                0.47452676655050113,
                0.4402381406423276,
                0.40853406076456983,
                0.3788935492576872,
                0.35090112026990805,
                0.3242450332163821,
                0.2987120315760649,
                0.27417903084808776,
                0.25060234444495505,
                0.22800513938111586,
                0.20646387225660326,
                0.18609445619261486,
                0.16703884743654254,
                0.14945262325859618,
                0.13349396635904157,
                0.11931429694444438,
                0.10705062536931009,
                0.09681955687956972,
                0.08871278072850614,
                0.08279382572162064,
                0.07909586111669963,
                0.07762035587970784,
                0.07833646525112133,
                0.08118107403117372,
                0.08605947513242689,
                0.09284668865163843,
                0.10138942655975283,
                0.11150868388655988,
                0.12300289789362344,
                0.13565157477653475,
                0.14921925192694627,
                0.16345965278045635,
                0.17811990518706086,
                0.19294473042380939,
                0.20768055903470173,
                0.22207957752335755,
                0.23590374109215853,
                0.24892878934483764,
                0.2609482677792454,
                0.2717774905528994,
                0.2812572914932026,
                0.2892573206085343,
                0.29567857653440976,
                0.30045484449569954,
                0.30355275099845586,
                0.3049702558535129,
                0.30473357059839806,
                0.30289269736185376,
                0.299515990345314,
                0.29468431491633146,
                0.28848548056849965,
                0.2810096271622995,
                0.2723461382235299,
                0.26258244916434287,
                0.25180483960952565,
                0.24010099001978877,
                0.22756379375836783,
                0.21429569570058507,
                0.2004127162231098,
                0.18604733612036234,
                0.17134956317895744,
                0.15648575257846592,
                0.14163507108213788,
                0.12698382883233011,
                0.11271820077980427,
                0.09901607823228675,
                0.08603890033907348,
                0.07392430505116276
            ],
            "actualIsThisClassMedian": 0.8371482121318478,
            "actualIsNotThisClassMedian": 0.059274850737094834
        }
    },
    "calibrationData": [
        {
            "y": 0,
            "x": 0,
            "n": 0
        },
        {
            "y": 0.0,
            "x": 0.0362621914894252,
            "n": 124.0
        },
        {
            "y": 0.0,
            "x": 0.1373864909012063,
            "n": 39.0
        },
        {
            "y": 0.0,
            "x": 0.24403891185763824,
            "n": 12.0
        },
        {
            "y": 0.0,
            "x": 0.35429060324876627,
            "n": 9.0
        },
        {
            "y": 0.0,
            "x": 0.4557751440573084,
            "n": 1.0
        },
        {
            "y": 1.0,
            "x": 0.5794249233393274,
            "n": 9.0
        },
        {
            "y": 0.9148936170212766,
            "x": 0.6563102972209187,
            "n": 47.0
        },
        {
            "y": 0.926605504587156,
            "x": 0.7574999367558325,
            "n": 109.0
        },
        {
            "y": 0.9702380952380952,
            "x": 0.8580990298679071,
            "n": 168.0
        },
        {
            "y": 0.9634146341463414,
            "x": 0.9207993596404002,
            "n": 82.0
        },
        {
            "y": 1,
            "x": 1,
            "n": 0
        }
    ],
    "probaDistribData": {
        "bins": [
            0.0,
            0.1,
            0.2,
            0.3,
            0.4,
            0.5,
            0.6,
            0.7,
            0.8,
            0.9,
            1.0
        ],
        "probaDistribs": [
            [
                124.0,
                39.0,
                12.0,
                9.0,
                1.0,
                0.0,
                4.0,
                8.0,
                5.0,
                3.0
            ],
            [
                0.0,
                0.0,
                0.0,
                0.0,
                0.0,
                9.0,
                43.0,
                101.0,
                163.0,
                79.0
            ]
        ]
    },
    "globalMetrics": {
        "testWeight": 600,
        "targetAvg": [
            0.6583333333333333
        ],
        "targetStd": [
            0.4746641609232744
        ],
        "predictionAvg": [
            0.6916666666666667
        ],
        "predictionStd": [
            0.46180503341658036
        ]
    }
}