{
    "predictedClassCountPerCut": [
        {
            "1": 600
        },
        {
            "1": 556,
            "0": 44
        },
        {
            "1": 510,
            "0": 90
        },
        {
            "1": 485,
            "0": 115
        },
        {
            "1": 476,
            "0": 124
        },
        {
            "1": 458,
            "0": 142
        },
        {
            "1": 448,
            "0": 152
        },
        {
            "1": 443,
            "0": 157
        },
        {
            "1": 437,
            "0": 163
        },
        {
            "1": 433,
            "0": 167
        },
        {
            "1": 431,
            "0": 169
        },
        {
            "1": 427,
            "0": 173
        },
        {
            "1": 425,
            "0": 175
        },
        {
            "1": 424,
            "0": 176
        },
        {
            "1": 421,
            "0": 179
        },
        {
            "1": 418,
            "0": 182
        },
        {
            "1": 416,
            "0": 184
        },
        {
            "1": 416,
            "0": 184
        },
        {
            "1": 416,
            "0": 184
        },
        {
            "1": 415,
            "0": 185
        },
        {
            "1": 415,
            "0": 185
        },
        {
            "1": 415,
            "0": 185
        },
        {
            "1": 415,
            "0": 185
        },
        {
            "1": 413,
            "0": 187
        },
        {
            "1": 406,
            "0": 194
        },
        {
            "1": 400,
            "0": 200
        },
        {
            "1": 386,
            "0": 214
        },
        {
            "1": 373,
            "0": 227
        },
        {
            "1": 359,
            "0": 241
        },
        {
            "1": 339,
            "0": 261
        },
        {
            "1": 317,
            "0": 283
        },
        {
            "0": 311,
            "1": 289
        },
        {
            "0": 350,
            "1": 250
        },
        {
            "0": 378,
            "1": 222
        },
        {
            "0": 416,
            "1": 184
        },
        {
            "0": 462,
            "1": 138
        },
        {
            "0": 518,
            "1": 82
        },
        {
            "0": 570,
            "1": 30
        },
        {
            "0": 593,
            "1": 7
        },
        {
            "0": 600
        }
    ],
    "cuts": [
        0.0,
        0.025,
        0.05,
        0.075,
        0.1,
        0.125,
        0.15,
        0.175,
        0.2,
        0.225,
        0.25,
        0.275,
        0.3,
        0.325,
        0.35,
        0.375,
        0.4,
        0.425,
        0.45,
        0.475,
        0.5,
        0.525,
        0.55,
        0.575,
        0.6,
        0.625,
        0.65,
        0.675,
        0.7,
        0.725,
        0.75,
        0.775,
        0.8,
        0.825,
        0.85,
        0.875,
        0.9,
        0.925,
        0.95,
        0.975
    ],
    "predictedClassCount": {
        "1": 415,
        "0": 185
    },
    "probabilityDensities": {
        "0": {
            "density": [
                0.8773440951567113,
                0.9743476488497792,
                1.0737510511526394,
                1.1743116822820094,
                1.2746784761333723,
                1.373427762799832,
                1.469103573654488,
                1.5602605798323612,
                1.6455076274871758,
                1.7235497606150394,
                1.7932266926510174,
                1.8535458971243408,
                1.9037088189185245,
                1.9431291341073509,
                1.9714424730940474,
                1.9885075297499029,
                1.9943989689064225,
                1.9893929797779732,
                1.9739466742157723,
                1.9486727757087396,
                1.9143111776836392,
                1.871698968288755,
                1.821740433309258,
                1.7653783765719004,
                1.7035678606993259,
                1.6372531953353113,
                1.5673487097768957,
                1.494723564721461,
                1.4201906019324642,
                1.3444990144217792,
                1.268330451326434,
                1.192298054117983,
                1.1169478529581305,
                1.0427619294627808,
                0.9701627682286845,
                0.8995182663953406,
                0.8311469401289164,
                0.7653229513987406,
                0.7022806706725395,
                0.6422185850214018,
                0.585302451436928,
                0.5316676777411313,
                0.48142098504702163,
                0.4346414638986508,
                0.39138117939170375,
                0.3516655079587495,
                0.3154934000978395,
                0.28283775990388227,
                0.2536461153359125,
                0.2278417248658426,
                0.20532522915910328,
                0.18597691371171662,
                0.16965960300436891,
                0.15622216172068468,
                0.14550353659207843,
                0.13733723567148923,
                0.13155611189628813,
                0.12799729560731665,
                0.12650710651719607,
                0.1269457691409162,
                0.12919175610387296,
                0.13314558987989214,
                0.1387329440730115,
                0.14590689904671297,
                0.15464922241955154,
                0.1649705619321401,
                0.17690945616731463,
                0.19053008784975814,
                0.20591872581987058,
                0.22317882665728359,
                0.24242479711070444,
                0.26377445594029164,
                0.287340280334415,
                0.31321957904747855,
                0.34148380219841856,
                0.3721672752718095,
                0.4052557295254606,
                0.4406750879810776,
                0.47828104866470833,
                0.5178500761492982,
                0.5590724588061237,
                0.601548102101906,
                0.6447856980387654,
                0.6882058296362434,
                0.731148432729518,
                0.7728848454049803,
                0.8126344337202682,
                0.8495855025193852,
                0.8829198994666287,
                0.9118404210203919,
                0.935599856255622,
                0.9535302844291377,
                0.9650710993924836,
                0.9697941882444442,
                0.9674247556803762,
                0.9578564628884223,
                0.9411598338299453,
                0.9175832552724049,
                0.8875463337669175,
                0.8516258396596191
            ],
            "median": 0.23754419194974302
        },
        "1": {
            "density": [
                0.8516258396596237,
                0.8875463337669144,
                0.9175832552723951,
                0.9411598338299453,
                0.9578564628884121,
                0.967424755680371,
                0.969794188244439,
                0.965071099392487,
                0.9535302844291377,
                0.9355998562556254,
                0.9118404210203984,
                0.8829198994666303,
                0.8495855025193837,
                0.8126344337202668,
                0.7728848454049788,
                0.7311484327295128,
                0.6882058296362459,
                0.6447856980387665,
                0.6015481021019017,
                0.5590724588061207,
                0.5178500761492972,
                0.4782810486647117,
                0.44067508798108074,
                0.405255729525462,
                0.37216727527180815,
                0.34148380219841795,
                0.3132195790474788,
                0.2873402803344145,
                0.26377445594029186,
                0.24242479711070358,
                0.22317882665728242,
                0.2059187258198704,
                0.19053008784975914,
                0.17690945616731557,
                0.1649705619321398,
                0.1546492224195518,
                0.14590689904671347,
                0.138732944073012,
                0.13314558987989084,
                0.12919175610387307,
                0.12694576914091588,
                0.12650710651719652,
                0.12799729560731724,
                0.1315561118962893,
                0.1373372356714891,
                0.14550353659207896,
                0.15622216172068495,
                0.16965960300436847,
                0.18597691371171662,
                0.20532522915910292,
                0.227841724865844,
                0.25364611533591297,
                0.2828377599038815,
                0.3154934000978395,
                0.3516655079587527,
                0.3913811793916982,
                0.4346414638986485,
                0.4814209850470259,
                0.531667677741136,
                0.5853024514369312,
                0.6422185850213984,
                0.7022806706725471,
                0.765322951398742,
                0.8311469401289091,
                0.8995182663953326,
                0.970162768228676,
                1.0427619294627752,
                1.1169478529581305,
                1.1922980541179937,
                1.2683304513264317,
                1.3444990144217817,
                1.4201906019324793,
                1.4947235647214556,
                1.5673487097769012,
                1.6372531953353024,
                1.7035678606993077,
                1.765378376571891,
                1.8217404333092546,
                1.871698968288745,
                1.9143111776836155,
                1.948672775708774,
                1.9739466742157548,
                1.9893929797779768,
                1.9943989689064154,
                1.9885075297499275,
                1.9714424730940439,
                1.9431291341073407,
                1.9037088189185414,
                1.8535458971243473,
                1.793226692651014,
                1.7235497606150332,
                1.6455076274871847,
                1.5602605798323557,
                1.4691035736544826,
                1.3734277627998246,
                1.2746784761333676,
                1.1743116822820052,
                1.0737510511526336,
                0.9743476488497722,
                0.8773440951567223
            ],
            "median": 0.762455808050257
        }
    }
}