{
  "params": {
    "ttPolicy": "EXPLICIT_FILTERING_TWO_DATASETS",
    "ssdSplitMode": "RANDOM",
    "splitBeforePrepare": true,
    "ssdSelection": {
      "useMemTable": false,
      "filter": {
        "distinct": false,
        "enabled": false
      },
      "partitionSelectionMethod": "ALL",
      "latestPartitionsN": 1,
      "ordering": {
        "enabled": false,
        "rules": []
      },
      "samplingMethod": "FULL",
      "maxRecords": 100000,
      "targetRatio": 0.02,
      "ascending": true,
      "withinFirstN": -1,
      "maxReadUncompressedBytes": -1,
      "seed": 1337
    },
    "ssdTrainingRatio": 0.8,
    "ssdStratified": false,
    "ssdGrouped": false,
    "ssdSeed": 1337,
    "testOnLargerValues": true,
    "streamAll": false,
    "eftdTrain": {
      "datasetSmartName": "train",
      "selection": {
        "useMemTable": false,
        "filter": {
          "distinct": false,
          "enabled": false
        },
        "partitionSelectionMethod": "ALL",
        "latestPartitionsN": 1,
        "ordering": {
          "enabled": false,
          "rules": []
        },
        "samplingMethod": "FULL",
        "maxRecords": 100000,
        "targetRatio": 0.02,
        "ascending": true,
        "withinFirstN": -1,
        "maxReadUncompressedBytes": -1
      }
    },
    "eftdTest": {
      "datasetSmartName": "test",
      "selection": {
        "useMemTable": false,
        "filter": {
          "distinct": false,
          "enabled": false
        },
        "partitionSelectionMethod": "ALL",
        "latestPartitionsN": 1,
        "ordering": {
          "enabled": false,
          "rules": []
        },
        "samplingMethod": "FULL",
        "maxRecords": 100000,
        "targetRatio": 0.02,
        "ascending": true,
        "withinFirstN": -1,
        "maxReadUncompressedBytes": -1
      }
    },
    "kfold": false,
    "nFolds": 5,
    "instanceIdRefresher": 0,
    "subSamplingSeed": 1337
  },
  "generationDate": 1744696586971,
  "policyId": "type\u003dEXPLICIT_FILTERING_TWO_DATASETS,trainSet\u003dtrain,trainSel\u003dmethod\u003dfull,trainFilter\u003dnull,testSet\u003dtest,testSel\u003dmethod\u003dfull,testFilter\u003dnull",
  "instanceId": "7640b11d200ee178b1017731aa5278fe-0",
  "format": "csv1",
  "schema": {
    "columns": [
      {"name":"Customer ID","type":"string"},
      {"name":"Gender","type":"string"},
      {"name":"Age","type":"bigint"},
      {"name":"Years with Firm","type":"bigint"},
      {"name":"Active on Social Media","type":"boolean"},
      {"name":"Average Transactions per Month","type":"double"},
      {"name":"RFM Score","type":"bigint"},
      {"name":"rfm_category","type":"string"},
      {"name":"Credit Balance (AED)","type":"bigint"},
      {"name":"Customer Bio","type":"string"},
      {"name":"tag","type":"boolean"},
      {"name":"Customer Name","type":"string"},
      {"name":"Customer Username","type":"string"},
      {"name":"Profile Picture on Social Media","type":"boolean"},
      {"name":"Number of Referrals","type":"bigint"},
      {"name":"Payback Status","type":"string","downcastedToStringFromMeaning":"LongMeaning"}
    ],
    "userModified": false
  },
  "trainPath": "train-7640b11d200ee178b1017731aa5278fe-0.csv.gz",
  "testPath": "test-7640b11d200ee178b1017731aa5278fe-0.csv.gz",
  "trainRows": 453,
  "testRows": 113,
  "fullRows": 0
}