{
  "params": {
    "ttPolicy": "EXPLICIT_FILTERING_TWO_DATASETS",
    "ssdSplitMode": "RANDOM",
    "splitBeforePrepare": true,
    "ssdSelection": {
      "useMemTable": false,
      "filter": {
        "distinct": false,
        "enabled": false
      },
      "partitionSelectionMethod": "ALL",
      "latestPartitionsN": 1,
      "ordering": {
        "enabled": false,
        "rules": []
      },
      "samplingMethod": "HEAD_SEQUENTIAL",
      "maxRecords": 100000,
      "targetRatio": 0.02,
      "ascending": true,
      "withinFirstN": -1,
      "maxReadUncompressedBytes": -1,
      "seed": 1337
    },
    "ssdTrainingRatio": 0.8,
    "ssdStratified": false,
    "ssdGrouped": false,
    "ssdSeed": 1337,
    "testOnLargerValues": true,
    "streamAll": false,
    "eftdTrain": {
      "datasetSmartName": "train",
      "selection": {
        "useMemTable": false,
        "filter": {
          "distinct": false,
          "enabled": false
        },
        "partitionSelectionMethod": "ALL",
        "latestPartitionsN": 1,
        "ordering": {
          "enabled": false,
          "rules": []
        },
        "samplingMethod": "FULL",
        "maxRecords": 100000,
        "targetRatio": 0.02,
        "ascending": true,
        "withinFirstN": -1,
        "maxReadUncompressedBytes": -1
      }
    },
    "eftdTest": {
      "datasetSmartName": "test",
      "selection": {
        "useMemTable": false,
        "filter": {
          "distinct": false,
          "enabled": false
        },
        "partitionSelectionMethod": "ALL",
        "latestPartitionsN": 1,
        "ordering": {
          "enabled": false,
          "rules": []
        },
        "samplingMethod": "FULL",
        "maxRecords": 100000,
        "targetRatio": 0.02,
        "ascending": true,
        "withinFirstN": -1,
        "maxReadUncompressedBytes": -1
      }
    },
    "kfold": false,
    "nFolds": 5,
    "instanceIdRefresher": 0,
    "subSamplingSeed": 1337
  },
  "generationDate": 1745674447382,
  "policyId": "type\u003dEXPLICIT_FILTERING_TWO_DATASETS,trainSet\u003dtrain,trainSel\u003dmethod\u003dfull,trainFilter\u003dnull,testSet\u003dtest,testSel\u003dmethod\u003dfull,testFilter\u003dnull",
  "instanceId": "61747f90867b27d597e74dcd6e4f38e8-0",
  "format": "csv1",
  "schema": {
    "columns": [
      {"name":"Profile_Creation_Date","type":"dateonly"},
      {"name":"Username","type":"string"},
      {"name":"Fraud_Status","type":"string"},
      {"name":"Followers","type":"bigint"},
      {"name":"Following","type":"bigint"},
      {"name":"Num_Tweets","type":"bigint"},
      {"name":"Verified","type":"string"},
      {"name":"Profile_Bio","type":"string"},
      {"name":"Profile_Picture","type":"boolean"},
      {"name":"Profile_Creation_Method","type":"string"},
      {"name":"Tweets_Per_Day","type":"double"},
      {"name":"Engagement_Rate","type":"double"},
      {"name":"Tweet_Sentiment","type":"string"}
    ],
    "userModified": false
  },
  "trainPath": "train-61747f90867b27d597e74dcd6e4f38e8-0.csv.gz",
  "testPath": "test-61747f90867b27d597e74dcd6e4f38e8-0.csv.gz",
  "trainRows": 2400,
  "testRows": 600,
  "fullRows": 0
}