{
    "per_feature": {
        "country": {
            "stats": {}
        },
        "entertainment_budget_pct": {
            "stats": {
                "min": 5.0,
                "average": 14.749536178107606,
                "median": 15.0,
                "max": 25.0,
                "p99": 25.0,
                "std": 7.099398719624952
            },
            "missing_impute_with_value": 14.749536178107606
        },
        "respondent_id": {
            "stats": {}
        },
        "hours_playing": {
            "stats": {
                "min": 0.0,
                "average": 9.959183673469388,
                "median": 10.0,
                "max": 20.0,
                "p99": 20.0,
                "std": 5.4662129328225895
            },
            "missing_impute_with_value": 9.959183673469388
        },
        "gender": {
            "stats": {
                "mostFrequentValue": "Female",
                "leastFrequentValue": "Male"
            },
            "category_possible_values": [
                "Female",
                "Male"
            ],
            "category_possible_counts": [
                540,
                538
            ]
        },
        "bio": {
            "stats": {}
        },
        "salary": {
            "stats": {}
        },
        "has_kids": {
            "stats": {}
        },
        "lego_preference": {
            "stats": {}
        },
        "income_bracket": {
            "stats": {}
        },
        "DOB": {
            "stats": {}
        },
        "tech_savvy_score": {
            "stats": {
                "min": 1.0,
                "average": 5.468460111317254,
                "median": 5.0,
                "max": 10.0,
                "p99": 10.0,
                "std": 2.513921801920195
            },
            "missing_impute_with_value": 5.468460111317254
        },
        "platform_used": {
            "stats": {
                "mostFrequentValue": "Mobile",
                "leastFrequentValue": "Console"
            },
            "category_possible_values": [
                "Mobile",
                "PC",
                "Console"
            ],
            "category_possible_counts": [
                289,
                248,
                247
            ]
        },
        "used_lego_before": {
            "stats": {
                "mostFrequentValue": "true",
                "leastFrequentValue": "false"
            },
            "category_possible_values": [
                "true",
                "false"
            ],
            "category_possible_counts": [
                539,
                539
            ]
        },
        "owns_tablet": {
            "stats": {
                "mostFrequentValue": "true",
                "leastFrequentValue": "false"
            },
            "category_possible_values": [
                "true",
                "false"
            ],
            "category_possible_counts": [
                581,
                497
            ]
        },
        "Age": {
            "stats": {
                "min": 10.0,
                "average": 33.98886827458256,
                "median": 33.0,
                "max": 60.0,
                "p99": 60.0,
                "std": 14.564359980222775
            },
            "missing_impute_with_value": 33.98886827458256
        },
        "grocery_trips_per_week": {
            "stats": {}
        }
    },
    "feature_order": [
        "country",
        "entertainment_budget_pct",
        "respondent_id",
        "hours_playing",
        "gender",
        "bio",
        "salary",
        "has_kids",
        "lego_preference",
        "income_bracket",
        "DOB",
        "tech_savvy_score",
        "platform_used",
        "used_lego_before",
        "owns_tablet",
        "Age",
        "grocery_trips_per_week"
    ]
}