{
    "details": {
        "gender": {
            "levels": [
                "Female",
                "Male"
            ],
            "with_others": true
        },
        "platform_used": {
            "levels": [
                "Mobile",
                "PC",
                "Console"
            ],
            "with_others": true
        },
        "used_lego_before": {
            "levels": [
                "true",
                "false"
            ],
            "with_others": true
        },
        "owns_tablet": {
            "levels": [
                "true",
                "false"
            ],
            "with_others": true
        }
    }
}