{
    "details": {
        "Marital_Status": {
            "levels": [
                "Married",
                "Single",
                "Divorced"
            ],
            "with_others": true
        },
        "Emirate": {
            "levels": [
                "Dubai",
                "Sharjah",
                "Abu Dhabi",
                "Ajman",
                "Fujairah",
                "Umm Al Quwain",
                "Ras Al Khaimah"
            ],
            "with_others": true
        },
        "Job_Type": {
            "levels": [
                "Sales",
                "Healthcare",
                "Manager",
                "Engineer",
                "Clerk",
                "IT"
            ],
            "with_others": true
        },
        "Has_Loan": {
            "levels": [
                "false",
                "true"
            ],
            "with_others": true
        },
        "Shopping_Interest1": {
            "levels": [
                "true",
                "false"
            ],
            "with_others": true
        }
    }
}