{
  "params": {
    "ttPolicy": "SPLIT_SINGLE_DATASET",
    "ssdSplitMode": "RANDOM",
    "splitBeforePrepare": true,
    "ssdSelection": {
      "useMemTable": false,
      "filter": {
        "distinct": false,
        "enabled": false
      },
      "partitionSelectionMethod": "ALL",
      "latestPartitionsN": 1,
      "ordering": {
        "enabled": false,
        "rules": []
      },
      "samplingMethod": "HEAD_SEQUENTIAL",
      "maxRecords": 100000,
      "targetRatio": 0.02,
      "ascending": true,
      "withinFirstN": -1,
      "maxReadUncompressedBytes": -1,
      "seed": 1337
    },
    "ssdTrainingRatio": 0.8,
    "ssdStratified": false,
    "ssdGrouped": false,
    "ssdSeed": 1337,
    "testOnLargerValues": true,
    "streamAll": false,
    "kfold": false,
    "nFolds": 5,
    "instanceIdRefresher": 0,
    "subSamplingSeed": 1337
  },
  "generationDate": 1742885834510,
  "policyId": "type\u003dSPLIT_SINGLE_DATASET,split\u003dRANDOM,splitBeforePrepare\u003dtrue,ds\u003dtrain,sel\u003d(method\u003dhead-s,records\u003d100000),r\u003d0.8,s\u003d1337",
  "instanceId": "7b573c5a6de325d4f490a2d9f96dad39-0",
  "format": "csv1",
  "schema": {
    "columns": [
      {"name":"Customer_ID","type":"string"},
      {"name":"Age","type":"double"},
      {"name":"Income","type":"double"},
      {"name":"Marital_Status","type":"string"},
      {"name":"Job_Type","type":"string"},
      {"name":"Has_Loan","type":"boolean"},
      {"name":"Credit_Score","type":"bigint"},
      {"name":"Visits_to_Branch","type":"bigint"},
      {"name":"Avg_Online_Spending_AED","type":"double"},
      {"name":"Emirate","type":"string"},
      {"name":"Children","type":"bigint"},
      {"name":"Shopping_Interest","type":"string"},
      {"name":"Shopping_Interest1","type":"boolean"},
      {"name":"Total_Years_in_UAE","type":"bigint"},
      {"name":"Signed_Up_CC","type":"boolean"}
    ],
    "userModified": false
  },
  "trainPath": "train-7b573c5a6de325d4f490a2d9f96dad39-0.csv.gz",
  "testPath": "test-7b573c5a6de325d4f490a2d9f96dad39-0.csv.gz",
  "trainRows": 1918,
  "testRows": 482,
  "fullRows": 0
}