{
    "per_feature": {
        "Profile_Creation_Method": {
            "stats": {
                "mostFrequentValue": "Manual Signup",
                "leastFrequentValue": "Bot Created"
            },
            "dropped_modality": "Bot Created",
            "category_possible_values": [
                "Manual Signup",
                "API"
            ],
            "category_possible_counts": [
                1190,
                979
            ]
        },
        "Tweet_Sentiment": {
            "stats": {
                "mostFrequentValue": "Neutral",
                "leastFrequentValue": "Negative"
            },
            "dropped_modality": "Negative",
            "category_possible_values": [
                "Neutral",
                "Positive"
            ],
            "category_possible_counts": [
                804,
                796
            ]
        },
        "Profile_Picture": {
            "stats": {
                "mostFrequentValue": "Yes",
                "leastFrequentValue": "No"
            },
            "dropped_modality": "No",
            "category_possible_values": [
                "Yes"
            ],
            "category_possible_counts": [
                1238
            ]
        },
        "Following": {
            "stats": {
                "min": 50.0,
                "average": 1531.7929883138565,
                "median": 1306.0,
                "max": 4999.0,
                "p99": 4865.250000000001,
                "std": 1149.663622824526
            },
            "missing_impute_with_value": 1531.7929883138565
        },
        "Followers": {
            "stats": {
                "min": 10.0,
                "average": 35277.173622704504,
                "median": 28366.0,
                "max": 99986.0,
                "p99": 98693.95000000001,
                "std": 33170.79733081986
            },
            "missing_impute_with_value": 35277.173622704504
        },
        "Tweets_Per_Day": {
            "stats": {
                "min": 0.10668146763273068,
                "average": 9.876237933697194,
                "median": 3.5705057756578515,
                "max": 49.97928884385447,
                "p99": 47.863349594063806,
                "std": 13.334815552144926
            },
            "missing_impute_with_value": 9.876237933697194
        },
        "Fraud_Status": {
            "stats": {}
        },
        "Engagement_Rate": {
            "stats": {
                "min": 0.010029133997692242,
                "average": 0.2269608808178088,
                "median": 0.21568510770121735,
                "max": 0.49932000588931813,
                "p99": 0.49578196777857114,
                "std": 0.1475093556967132
            },
            "missing_impute_with_value": 0.2269608808178088
        },
        "Profile_Creation_Date": {
            "stats": {}
        },
        "Num_Tweets": {
            "stats": {
                "min": 1.0,
                "average": 3593.088898163606,
                "median": 3041.5,
                "max": 9996.0,
                "p99": 9832.0,
                "std": 3307.799639636126
            },
            "missing_impute_with_value": 3593.088898163606
        },
        "Verified": {
            "stats": {
                "mostFrequentValue": "Not Verified",
                "leastFrequentValue": "Verified"
            },
            "dropped_modality": "Verified",
            "category_possible_values": [
                "Not Verified"
            ],
            "category_possible_counts": [
                2144
            ]
        },
        "Username": {
            "stats": {}
        },
        "Profile_Bio": {
            "stats": {}
        }
    },
    "feature_order": [
        "Profile_Creation_Method",
        "Tweet_Sentiment",
        "Profile_Picture",
        "Following",
        "Followers",
        "Tweets_Per_Day",
        "Fraud_Status",
        "Engagement_Rate",
        "Profile_Creation_Date",
        "Num_Tweets",
        "Verified",
        "Username",
        "Profile_Bio"
    ]
}