{
    "details": {
        "Profile_Creation_Method": {
            "levels": [
                "Manual Signup",
                "API"
            ],
            "with_others": false
        },
        "Tweet_Sentiment": {
            "levels": [
                "Neutral",
                "Positive"
            ],
            "with_others": false
        },
        "Profile_Picture": {
            "levels": [
                "Yes"
            ],
            "with_others": false
        },
        "Verified": {
            "levels": [
                "Not Verified"
            ],
            "with_others": false
        }
    }
}