{
  "type": "CustomCode_sentiment-analysis-score",
  "neverRecomputeExistingPartitions": false,
  "params": {
    "customConfig": {
      "sentiment_scale": "1to5",
      "output_score": true,
      "output_sentiment": true,
      "output_confidence": false,
      "text_column_name": "text"
    },
    "containerSelection": {
      "containerMode": "INHERIT"
    }
  },
  "customMeta": {
    "kv": {}
  },
  "redispatchPartitioning": false,
  "maxRunningActivities": 0,
  "hashPropagationBehavior": "INHERIT",
  "variables": {},
  "dkuProperties": [],
  "inputs": {
    "input_dataset": {
      "items": [
        {
          "ref": "vaccination_tweets",
          "deps": []
        }
      ]
    }
  },
  "outputs": {
    "output_dataset": {
      "items": [
        {
          "ref": "tweet_sentiment",
          "appendMode": false
        }
      ]
    }
  },
  "labels": [],
  "creationTag": {
    "versionNumber": 0,
    "lastModifiedBy": {
      "login": "fs675@live.mdx.ac.uk"
    },
    "lastModifiedOn": 1744096484060
  },
  "tags": [],
  "customFields": {},
  "checklists": {
    "checklists": []
  }
}