{
  "columns": [
    {"name":"Customer_ID","type":"string"},
    {"name":"Age","type":"double","meaning":"DoubleMeaning"},
    {"name":"Income","type":"double"},
    {"name":"Marital_Status","type":"string"},
    {"name":"Job_Type","type":"string"},
    {"name":"Has_Loan","type":"boolean"},
    {"name":"Credit_Score","type":"int"},
    {"name":"Visits_to_Branch","type":"int"},
    {"name":"Avg_Online_Spending_AED","type":"double"},
    {"name":"Emirate","type":"string"},
    {"name":"Children","type":"string"},
    {"name":"Shopping_Interest","type":"string"},
    {"name":"Shopping_Interest1","type":"boolean"},
    {"name":"Total_Years_in_UAE","type":"int"},
    {"name":"Signed_Up_CC","type":"boolean"}
  ],
  "userModified": true
}