{
  "script": {
    "steps": [],
    "maxProcessedMemTableBytes": -1,
    "columnsSelection": {
      "mode": "ALL",
      "list": [
        {
          "name": "Customer_ID",
          "d": true
        },
        {
          "name": "Age",
          "d": true
        },
        {
          "name": "Income",
          "d": true
        },
        {
          "name": "Marital_Status",
          "d": true
        },
        {
          "name": "Job_Type",
          "d": true
        },
        {
          "name": "Has_Loan",
          "d": true
        },
        {
          "name": "Credit_Score",
          "d": true
        },
        {
          "name": "Visits_to_Branch",
          "d": true
        },
        {
          "name": "Avg_Online_Spending_AED",
          "d": true
        },
        {
          "name": "Emirate",
          "d": true
        },
        {
          "name": "Children",
          "d": true
        },
        {
          "name": "Shopping_Interest",
          "d": true
        },
        {
          "name": "Total_Years_in_UAE",
          "d": true
        },
        {
          "name": "Signed_Up_CC",
          "d": true
        }
      ]
    },
    "columnOrder": [],
    "columnWidthsByName": {
      "Customer_ID": 100,
      "Age": 134,
      "Income": 134,
      "Marital_Status": 120,
      "Job_Type": 106,
      "Has_Loan": 100,
      "Credit_Score": 105,
      "Visits_to_Branch": 135,
      "Avg_Online_Spending_AED": 188,
      "Emirate": 113,
      "Children": 100,
      "Shopping_Interest": 300,
      "Total_Years_in_UAE": 150,
      "Signed_Up_CC": 105
    },
    "columnUseScientificNotationByName": {},
    "coloring": {
      "scheme": "MEANING_AND_STATUS",
      "individualColumns": [],
      "individualColumnsRules": [],
      "valueColoringMode": "HASH"
    },
    "sorting": [],
    "analysisColumnData": {},
    "explorationSampling": {
      "selection": {
        "maxRecordsForDisplay": -1,
        "maxStoredBytes": 104857600,
        "timeout": -1,
        "filter": {
          "distinct": false,
          "enabled": false
        },
        "partitionSelectionMethod": "ALL",
        "latestPartitionsN": 1,
        "ordering": {
          "enabled": false,
          "rules": []
        },
        "samplingMethod": "HEAD_SEQUENTIAL",
        "maxRecords": 10000,
        "targetRatio": 0.02,
        "ascending": true,
        "withinFirstN": -1,
        "maxReadUncompressedBytes": -1
      },
      "autoRefreshSample": false,
      "_refreshTrigger": 1742882089532
    },
    "vizSampling": {
      "selection": {
        "useMemTable": false,
        "filter": {
          "distinct": false,
          "enabled": false
        },
        "partitionSelectionMethod": "ALL",
        "latestPartitionsN": 1,
        "ordering": {
          "enabled": false,
          "rules": []
        },
        "samplingMethod": "FULL",
        "maxRecords": -1,
        "targetRatio": 0.02,
        "ascending": true,
        "withinFirstN": -1,
        "maxReadUncompressedBytes": -1
      },
      "autoRefreshSample": false,
      "_refreshTrigger": 0
    },
    "exploreUIParams": {
      "autoRefresh": true
    },
    "globalSearchQuery": "",
    "explorationFilters": [],
    "previewMode": "ALL_ROWS"
  },
  "charts": [],
  "interactiveSearch": {
    "savedQueries": []
  },
  "customMeasures": []
}