{
  "params": {
    "ttPolicy": "EXPLICIT_FILTERING_TWO_DATASETS",
    "ssdSplitMode": "RANDOM",
    "splitBeforePrepare": true,
    "ssdSelection": {
      "useMemTable": false,
      "filter": {
        "distinct": false,
        "enabled": false
      },
      "partitionSelectionMethod": "ALL",
      "latestPartitionsN": 1,
      "ordering": {
        "enabled": false,
        "rules": []
      },
      "samplingMethod": "HEAD_SEQUENTIAL",
      "maxRecords": 100000,
      "targetRatio": 0.02,
      "ascending": true,
      "withinFirstN": -1,
      "maxReadUncompressedBytes": -1,
      "seed": 1337
    },
    "ssdTrainingRatio": 0.8,
    "ssdStratified": false,
    "ssdGrouped": false,
    "ssdSeed": 1337,
    "testOnLargerValues": true,
    "streamAll": false,
    "eftdTrain": {
      "datasetSmartName": "train",
      "selection": {
        "useMemTable": false,
        "filter": {
          "distinct": false,
          "enabled": false
        },
        "partitionSelectionMethod": "ALL",
        "latestPartitionsN": 1,
        "ordering": {
          "enabled": false,
          "rules": []
        },
        "samplingMethod": "FULL",
        "maxRecords": 100000,
        "targetRatio": 0.02,
        "ascending": true,
        "withinFirstN": -1,
        "maxReadUncompressedBytes": -1
      }
    },
    "eftdTest": {
      "datasetSmartName": "train",
      "selection": {
        "useMemTable": false,
        "filter": {
          "distinct": false,
          "enabled": false
        },
        "partitionSelectionMethod": "ALL",
        "latestPartitionsN": 1,
        "ordering": {
          "enabled": false,
          "rules": []
        },
        "samplingMethod": "FULL",
        "maxRecords": 100000,
        "targetRatio": 0.02,
        "ascending": true,
        "withinFirstN": -1,
        "maxReadUncompressedBytes": -1
      }
    },
    "kfold": false,
    "nFolds": 5,
    "instanceIdRefresher": 0,
    "subSamplingSeed": 1337
  },
  "generationDate": 1744614916186,
  "policyId": "type\u003dEXPLICIT_FILTERING_TWO_DATASETS,trainSet\u003dtrain,trainSel\u003dmethod\u003dfull,trainFilter\u003dnull,testSet\u003dtrain,testSel\u003dmethod\u003dfull,testFilter\u003dnull",
  "instanceId": "5eaa0101ee2814d089fb29a9e693b267-0",
  "format": "csv1",
  "schema": {
    "columns": [
      {"name":"respondent_id","type":"bigint"},
      {"name":"DOB","type":"string"},
      {"name":"Age","type":"bigint"},
      {"name":"gender","type":"string"},
      {"name":"country","type":"string"},
      {"name":"hours_playing","type":"bigint"},
      {"name":"platform_used","type":"string"},
      {"name":"income_bracket","type":"string"},
      {"name":"has_kids","type":"boolean"},
      {"name":"bio","type":"string"},
      {"name":"used_lego_before","type":"boolean"},
      {"name":"owns_tablet","type":"boolean"},
      {"name":"tech_savvy_score","type":"double"},
      {"name":"lego_preference","type":"string"},
      {"name":"salary","type":"double"},
      {"name":"entertainment_budget_pct","type":"bigint"},
      {"name":"grocery_trips_per_week","type":"bigint"}
    ],
    "userModified": false
  },
  "trainPath": "train-5eaa0101ee2814d089fb29a9e693b267-0.csv.gz",
  "testPath": "test-5eaa0101ee2814d089fb29a9e693b267-0.csv.gz",
  "trainRows": 1078,
  "testRows": 1078,
  "fullRows": 0
}