{
    "per_feature": {
        "Years with Firm": {
            "stats": {
                "min": 0.0,
                "average": 5.121412803532009,
                "median": 5.0,
                "max": 10.0,
                "p99": 10.0,
                "std": 3.1812233606533633
            },
            "missing_impute_with_value": 5.121412803532009
        },
        "Average Transactions per Month": {
            "stats": {
                "min": 1.02,
                "average": 952.3377589403975,
                "median": 9.9,
                "max": 114863.8691,
                "p99": 19.9276,
                "std": 10005.23681013816
            },
            "missing_impute_with_value": 952.3377589403975
        },
        "rfm_category": {
            "stats": {}
        },
        "Credit Balance (AED)": {
            "stats": {
                "min": 0.0,
                "average": 502.0927152317881,
                "median": 499.0,
                "max": 999.0,
                "p99": 985.48,
                "std": 291.2188002429726
            },
            "missing_impute_with_value": 502.0927152317881
        },
        "Gender": {
            "stats": {
                "mostFrequentValue": "Male",
                "leastFrequentValue": "Female"
            },
            "category_possible_values": [
                "Male",
                "Female"
            ],
            "category_possible_counts": [
                232,
                221
            ]
        },
        "Active on Social Media": {
            "stats": {
                "mostFrequentValue": "true",
                "leastFrequentValue": "false"
            },
            "category_possible_values": [
                "true",
                "false"
            ],
            "category_possible_counts": [
                240,
                213
            ]
        },
        "RFM Score": {
            "stats": {
                "min": 1.0,
                "average": 2.4348785871964678,
                "median": 2.0,
                "max": 5.0,
                "p99": 5.0,
                "std": 1.361064879756927
            },
            "missing_impute_with_value": 2.4348785871964678
        },
        "Customer ID": {
            "stats": {}
        },
        "Profile Picture on Social Media": {
            "stats": {
                "mostFrequentValue": "true",
                "leastFrequentValue": "false"
            },
            "category_possible_values": [
                "true",
                "false"
            ],
            "category_possible_counts": [
                238,
                215
            ]
        },
        "Number of Referrals": {
            "stats": {
                "min": 0.0,
                "average": 5.0176600441501105,
                "median": 5.0,
                "max": 10.0,
                "p99": 10.0,
                "std": 3.1369404516899384
            },
            "missing_impute_with_value": 5.0176600441501105
        },
        "Payback Status": {
            "stats": {
                "mostFrequentValue": "Default",
                "leastFrequentValue": "5"
            },
            "category_possible_values": [
                "Default",
                "4",
                "8",
                "11",
                "7",
                "6",
                "12",
                "3",
                "10",
                "1",
                "9",
                "2",
                "5"
            ],
            "category_possible_counts": [
                194,
                35,
                31,
                24,
                23,
                22,
                21,
                21,
                20,
                17,
                16,
                15,
                14
            ]
        },
        "Customer Bio": {
            "stats": {}
        },
        "tag": {
            "stats": {
                "mostFrequentValue": "false",
                "leastFrequentValue": "true"
            },
            "category_possible_values": [
                "false",
                "true"
            ],
            "category_possible_counts": [
                320,
                133
            ]
        },
        "Customer Username": {
            "stats": {}
        },
        "Customer Name": {
            "stats": {}
        },
        "Age": {
            "stats": {
                "min": 17.0,
                "average": 40.37306843267108,
                "median": 41.0,
                "max": 64.0,
                "p99": 64.0,
                "std": 13.823632406463336
            },
            "missing_impute_with_value": 40.37306843267108
        }
    },
    "feature_order": [
        "Years with Firm",
        "Average Transactions per Month",
        "rfm_category",
        "Credit Balance (AED)",
        "Gender",
        "Active on Social Media",
        "RFM Score",
        "Customer ID",
        "Profile Picture on Social Media",
        "Number of Referrals",
        "Payback Status",
        "Customer Bio",
        "tag",
        "Customer Username",
        "Customer Name",
        "Age"
    ]
}