{
    "per_feature": {
        "Profile_Creation_Method": {
            "stats": {}
        },
        "Tweet_Sentiment": {
            "stats": {}
        },
        "Profile_Picture": {
            "stats": {}
        },
        "Following": {
            "stats": {
                "min": 50.0,
                "average": 1511.5508333333332,
                "median": 1276.5,
                "max": 4999.0,
                "p99": 4876.099999999998,
                "std": 1147.8964489549028
            },
            "missing_impute_with_value": 1511.5508333333332
        },
        "Followers": {
            "stats": {
                "min": 10.0,
                "average": 35523.364166666666,
                "median": 28593.5,
                "max": 99986.0,
                "p99": 98862.14,
                "std": 33228.32436224176
            },
            "missing_impute_with_value": 35523.364166666666
        },
        "Tweets_Per_Day": {
            "stats": {
                "min": 0.103801765,
                "average": 9.871503328217917,
                "median": 3.5557176999999998,
                "max": 49.97929,
                "p99": 48.49820861999999,
                "std": 13.399356066335525
            },
            "missing_impute_with_value": 9.871503328217917
        },
        "Fraud_Status": {
            "stats": {}
        },
        "Engagement_Rate": {
            "stats": {
                "min": 0.010029133997692242,
                "average": 0.22851824675701238,
                "median": 0.21567920600971593,
                "max": 0.4996378809005283,
                "p99": 0.4959077990976013,
                "std": 0.1481965519933719
            },
            "missing_impute_with_value": 0.22851824675701238
        },
        "Profile_Creation_Date": {
            "stats": {}
        },
        "Num_Tweets": {
            "stats": {
                "min": 1.0,
                "average": 3656.2795833333334,
                "median": 3262.5,
                "max": 9996.0,
                "p99": 9839.069999999998,
                "std": 3320.416809502764
            },
            "missing_impute_with_value": 3656.2795833333334
        },
        "Verified": {
            "stats": {
                "mostFrequentValue": "Not Verified",
                "leastFrequentValue": "Verified"
            },
            "dropped_modality": "Verified",
            "category_possible_values": [
                "Not Verified"
            ],
            "category_possible_counts": [
                2153
            ]
        },
        "Username": {
            "stats": {}
        },
        "Profile_Bio": {
            "stats": {}
        }
    },
    "feature_order": [
        "Profile_Creation_Method",
        "Tweet_Sentiment",
        "Profile_Picture",
        "Following",
        "Followers",
        "Tweets_Per_Day",
        "Fraud_Status",
        "Engagement_Rate",
        "Profile_Creation_Date",
        "Num_Tweets",
        "Verified",
        "Username",
        "Profile_Bio"
    ]
}