{
    "startedAt": 1742795302249,
    "gridSize": 5,
    "nThreads": 4,
    "nSplits": 5,
    "metric": "ROC_AUC",
    "timeout": null,
    "gridPoints": [
        {
            "finishedAt": 1742795302335,
            "score": 0.8434175724064367,
            "testScoreGibMean": 0.8434175724064367,
            "testScoreMean": 0.8434175724064367,
            "testScoreStd": 0.01267082925345892,
            "trainScoreMean": 0.8495951684968261,
            "trainScoreStd": 0.0050413779117434035,
            "time": 150,
            "fitTimeMean": 7.4,
            "fitTimeStd": 1.4966629547095764,
            "scoreTimeMean": 22.6,
            "scoreTimeStd": 3.6110940170535577,
            "parameters": {
                "C": 0.1,
                "penalty": "l2"
            }
        },
        {
            "finishedAt": 1742795302362,
            "score": 0.8332509951198322,
            "testScoreGibMean": 0.8332509951198322,
            "testScoreMean": 0.8332509951198322,
            "testScoreStd": 0.0067006078396445595,
            "trainScoreMean": 0.8361046015865143,
            "trainScoreStd": 0.0029856315631463415,
            "time": 133,
            "fitTimeMean": 8.6,
            "fitTimeStd": 1.624807680927192,
            "scoreTimeMean": 18.0,
            "scoreTimeStd": 5.477225575051661,
            "parameters": {
                "C": 0.01,
                "penalty": "l2"
            }
        },
        {
            "finishedAt": 1742795302438,
            "score": 0.8440382159461555,
            "testScoreGibMean": 0.8440382159461555,
            "testScoreMean": 0.8440382159461555,
            "testScoreStd": 0.018981179735866292,
            "trainScoreMean": 0.8593031154888123,
            "trainScoreStd": 0.0030892200144075404,
            "time": 171,
            "fitTimeMean": 8.0,
            "fitTimeStd": 2.0976176963403033,
            "scoreTimeMean": 26.2,
            "scoreTimeStd": 9.495261976375375,
            "parameters": {
                "C": 10.0,
                "penalty": "l2"
            }
        },
        {
            "finishedAt": 1742795302473,
            "score": 0.848814181917293,
            "testScoreGibMean": 0.848814181917293,
            "testScoreMean": 0.848814181917293,
            "testScoreStd": 0.014091483018602108,
            "trainScoreMean": 0.857044279524568,
            "trainScoreStd": 0.0031586105845922492,
            "time": 142,
            "fitTimeMean": 9.0,
            "fitTimeStd": 8.221921916437786,
            "scoreTimeMean": 19.4,
            "scoreTimeStd": 8.039900496896712,
            "parameters": {
                "C": 1.0,
                "penalty": "l2"
            }
        },
        {
            "finishedAt": 1742795302532,
            "score": 0.8438192041281977,
            "testScoreGibMean": 0.8438192041281977,
            "testScoreMean": 0.8438192041281977,
            "testScoreStd": 0.01901123389211037,
            "trainScoreMean": 0.8597627632253193,
            "trainScoreStd": 0.003186764929972776,
            "time": 216,
            "fitTimeMean": 7.8,
            "fitTimeStd": 2.039607805437114,
            "scoreTimeMean": 35.4,
            "scoreTimeStd": 13.807244475274565,
            "parameters": {
                "C": 100.0,
                "penalty": "l2"
            }
        }
    ]
}