{
  "state": "DONE",
  "postSearchDescription": {
    "importantParams": [
      {
        "name": "C",
        "val": "1.0"
      },
      {
        "name": "penalty",
        "val": "l2"
      }
    ]
  },
  "resumed": false,
  "timeOrderingEnabled": false,
  "sampleWeightsEnabled": false,
  "progress": {
    "top_level_todo": [],
    "stack": [],
    "top_level_done": [
      {
        "name": "Loading train set",
        "time": 160
      },
      {
        "name": "Loading test set",
        "time": 17
      },
      {
        "name": "Collecting preprocessing data",
        "time": 60
      },
      {
        "name": "Preprocessing train set",
        "time": 152
      },
      {
        "name": "Preprocessing test set",
        "time": 51
      },
      {
        "name": "Hyperparameter searching",
        "time": 1214
      },
      {
        "name": "Fitting model",
        "time": 42
      },
      {
        "name": "Saving model",
        "time": 121
      },
      {
        "name": "Scoring model",
        "time": 480
      },
      {
        "name": "Preparing explainability",
        "time": 1077
      }
    ]
  },
  "startTime": 1742795301532,
  "endTime": 1742795305104,
  "preprocessingTime": 0,
  "trainingTime": 3572,
  "hyperparamsSearchTime": 1214,
  "pythonVersion": "3.9.20",
  "packagesVersion": {
    "pandas": "2.2.3",
    "scikit-learn": "1.3.2",
    "scipy": "1.13.1",
    "lightgbm": "3.2.1",
    "flask": "2.2.5",
    "itsdangerous": "2.2.0",
    "jinja2": "3.1.6",
    "xgboost": "1.7.6",
    "werkzeug": "3.1.3",
    "statsmodels": "0.14.4",
    "pillow": "11.1.0",
    "markupsafe": "3.0.2",
    "cloudpickle": "1.5.0"
  }
}