{
  "starred": false,
  "clusterMetas": {},
  "customMeta": {
    "kv": {}
  },
  "tags": [],
  "activeClassifierThreshold": 0.575,
  "name": "Logistic Regression (withcat) - v2",
  "labels": [
    {
      "key": "trainDataset:dataset-name",
      "value": "train_data"
    },
    {
      "key": "model:name",
      "value": "Logistic Regression (withcat) - v2"
    },
    {
      "key": "testDataset:dataset-name",
      "value": "test_data"
    },
    {
      "key": "model:algorithm",
      "value": "LOGISTIC_REGRESSION"
    },
    {
      "key": "model:date",
      "value": "2025-03-24T05:48:25.104+0000"
    },
    {
      "key": "evaluationDataset:dataset-name",
      "value": "test_data"
    },
    {
      "key": "evaluation:date",
      "value": "2025-03-24T05:48:25.104+0000"
    }
  ]
}