{
  "trainedWithDSSVersion": "13.4.2",
  "backend": "PY_MEMORY",
  "isValid": true,
  "type": "BINARY_PROBABILISTIC",
  "algorithm_name": "LOGISTIC",
  "columns": [
    "Age1",
    "dummy:Pclass:3",
    "dummy:Pclass:1",
    "dummy:Pclass:N/A",
    "dummy:Sex:male",
    "dummy:Sex:N/A",
    "dummy:Family:0",
    "dummy:Family:1",
    "dummy:Family:2",
    "dummy:Family:3",
    "dummy:Family:5",
    "dummy:Family:4",
    "dummy:Family:6",
    "dummy:Family:7",
    "dummy:Family:N/A"
  ],
  "classes": [
    "false",
    "true"
  ]
}