{
    "featuresDistribution": {
        "Pclass": {
            "type": "CATEGORY",
            "nbDistinct": 3,
            "count": 692,
            "missingCount": 0.0,
            "values": {
                "scale": [
                    "3",
                    "1",
                    "2"
                ],
                "distribution": [
                    0.5332369942196532,
                    0.24855491329479767,
                    0.21820809248554912
                ]
            }
        },
        "Sex": {
            "type": "CATEGORY",
            "nbDistinct": 2,
            "count": 692,
            "missingCount": 0.0,
            "values": {
                "scale": [
                    "male",
                    "female"
                ],
                "distribution": [
                    0.6358381502890174,
                    0.36416184971098264
                ]
            }
        },
        "Age1": {
            "type": "NUMERIC",
            "nbDistinct": 3,
            "count": 692,
            "missingCount": 0.0,
            "histogram": {
                "scale": [
                    1.0,
                    1.0408163265306123,
                    1.0816326530612246,
                    1.1224489795918366,
                    1.163265306122449,
                    1.2040816326530612,
                    1.2448979591836735,
                    1.2857142857142856,
                    1.3265306122448979,
                    1.3673469387755102,
                    1.4081632653061225,
                    1.4489795918367347,
                    1.489795918367347,
                    1.530612244897959,
                    1.5714285714285714,
                    1.6122448979591835,
                    1.6530612244897958,
                    1.693877551020408,
                    1.7346938775510203,
                    1.7755102040816326,
                    1.816326530612245,
                    1.8571428571428572,
                    1.8979591836734693,
                    1.9387755102040816,
                    1.9795918367346939,
                    2.020408163265306,
                    2.061224489795918,
                    2.1020408163265305,
                    2.142857142857143,
                    2.183673469387755,
                    2.224489795918367,
                    2.2653061224489797,
                    2.3061224489795915,
                    2.3469387755102042,
                    2.387755102040816,
                    2.4285714285714284,
                    2.4693877551020407,
                    2.510204081632653,
                    2.5510204081632653,
                    2.591836734693877,
                    2.63265306122449,
                    2.6734693877551017,
                    2.7142857142857144,
                    2.7551020408163263,
                    2.7959183673469385,
                    2.836734693877551,
                    2.877551020408163,
                    2.9183673469387754,
                    2.9591836734693877,
                    3.0
                ],
                "distribution": [
                    0.06213872832369942,
                    0.0,
                    0.0,
                    0.0,
                    0.0,
                    0.0,
                    0.0,
                    0.0,
                    0.0,
                    0.0,
                    0.0,
                    0.0,
                    0.0,
                    0.0,
                    0.0,
                    0.0,
                    0.0,
                    0.0,
                    0.0,
                    0.0,
                    0.0,
                    0.0,
                    0.0,
                    0.0,
                    0.8901734104046243,
                    0.0,
                    0.0,
                    0.0,
                    0.0,
                    0.0,
                    0.0,
                    0.0,
                    0.0,
                    0.0,
                    0.0,
                    0.0,
                    0.0,
                    0.0,
                    0.0,
                    0.0,
                    0.0,
                    0.0,
                    0.0,
                    0.0,
                    0.0,
                    0.0,
                    0.0,
                    0.0,
                    0.0476878612716763
                ]
            },
            "quantiles": {
                "scale": [
                    1.5,
                    2.0,
                    2.0,
                    2.0,
                    2.0,
                    2.0,
                    2.0,
                    2.0,
                    2.0,
                    2.5
                ],
                "distribution": [
                    0.06213872832369942,
                    0.0,
                    0.0,
                    0.0,
                    0.0,
                    0.0,
                    0.0,
                    0.0,
                    0.0,
                    0.9378612716763006
                ]
            },
            "topValues": [
                {
                    "value": 2.0,
                    "count": 616.0
                },
                {
                    "value": 1.0,
                    "count": 43.0
                },
                {
                    "value": 3.0,
                    "count": 33.0
                }
            ]
        },
        "Family": {
            "type": "CATEGORY",
            "nbDistinct": 9,
            "count": 692,
            "missingCount": 0.0,
            "values": {
                "scale": [
                    "0",
                    "1",
                    "2",
                    "3",
                    "5",
                    "4",
                    "6",
                    "7",
                    "10"
                ],
                "distribution": [
                    0.5953757225433526,
                    0.19219653179190752,
                    0.11849710982658959,
                    0.024566473988439308,
                    0.024566473988439308,
                    0.015895953757225433,
                    0.014450867052023121,
                    0.008670520231213872,
                    0.005780346820809248
                ]
            }
        }
    }
}