{
    "perClassFacts": {
        "unique": {
            "Sex": {
                "impact": 1.1279663655889776,
                "rank": 1,
                "feature": "Sex",
                "positiveCategoricalValue": "female",
                "negativeCategoricalValue": "male",
                "infoGain": 0.631792848707003,
                "type": "CATEGORICAL"
            },
            "Pclass": {
                "impact": 0.7121722345113802,
                "rank": 2,
                "feature": "Pclass",
                "positiveCategoricalValue": "1",
                "negativeCategoricalValue": "3",
                "infoGain": 0.6607059326659308,
                "type": "CATEGORICAL"
            },
            "Family": {
                "impact": 0.2492099955443848,
                "rank": 3,
                "feature": "Family",
                "positiveCategoricalValue": "0",
                "negativeCategoricalValue": "1",
                "infoGain": 0.6164075757682482,
                "type": "CATEGORICAL"
            }
        }
    }
}