{
    "startedAt": 1742794218250,
    "gridSize": 5,
    "nThreads": 4,
    "nSplits": 5,
    "metric": "ROC_AUC",
    "timeout": null,
    "gridPoints": [
        {
            "finishedAt": 1742794218342,
            "score": 0.8434175724064367,
            "testScoreGibMean": 0.8434175724064367,
            "testScoreMean": 0.8434175724064367,
            "testScoreStd": 0.01267082925345892,
            "trainScoreMean": 0.8495951684968261,
            "trainScoreStd": 0.0050413779117434035,
            "time": 151,
            "fitTimeMean": 7.4,
            "fitTimeStd": 2.33238075793812,
            "scoreTimeMean": 22.8,
            "scoreTimeStd": 0.7483314773547883,
            "parameters": {
                "C": 0.1,
                "penalty": "l2"
            }
        },
        {
            "finishedAt": 1742794218362,
            "score": 0.8332509951198322,
            "testScoreGibMean": 0.8332509951198322,
            "testScoreMean": 0.8332509951198322,
            "testScoreStd": 0.0067006078396445595,
            "trainScoreMean": 0.8361046015865143,
            "trainScoreStd": 0.0029856315631463415,
            "time": 114,
            "fitTimeMean": 7.0,
            "fitTimeStd": 1.2649110640673518,
            "scoreTimeMean": 15.8,
            "scoreTimeStd": 4.874423042781576,
            "parameters": {
                "C": 0.01,
                "penalty": "l2"
            }
        },
        {
            "finishedAt": 1742794218453,
            "score": 0.8440382159461555,
            "testScoreGibMean": 0.8440382159461555,
            "testScoreMean": 0.8440382159461555,
            "testScoreStd": 0.018981179735866292,
            "trainScoreMean": 0.8593031154888123,
            "trainScoreStd": 0.0030892200144075404,
            "time": 154,
            "fitTimeMean": 7.0,
            "fitTimeStd": 0.8944271909999159,
            "scoreTimeMean": 23.8,
            "scoreTimeStd": 6.209669878504009,
            "parameters": {
                "C": 10.0,
                "penalty": "l2"
            }
        },
        {
            "finishedAt": 1742794218484,
            "score": 0.848814181917293,
            "testScoreGibMean": 0.848814181917293,
            "testScoreMean": 0.848814181917293,
            "testScoreStd": 0.014091483018602108,
            "trainScoreMean": 0.857044279524568,
            "trainScoreStd": 0.0031586105845922492,
            "time": 160,
            "fitTimeMean": 6.8,
            "fitTimeStd": 0.9797958971132712,
            "scoreTimeMean": 25.2,
            "scoreTimeStd": 6.04648658313239,
            "parameters": {
                "C": 1.0,
                "penalty": "l2"
            }
        },
        {
            "finishedAt": 1742794218509,
            "score": 0.8438192041281977,
            "testScoreGibMean": 0.8438192041281977,
            "testScoreMean": 0.8438192041281977,
            "testScoreStd": 0.01901123389211037,
            "trainScoreMean": 0.8597627632253193,
            "trainScoreStd": 0.003186764929972776,
            "time": 118,
            "fitTimeMean": 7.2,
            "fitTimeStd": 1.6,
            "scoreTimeMean": 16.4,
            "scoreTimeStd": 6.118823416311342,
            "parameters": {
                "C": 100.0,
                "penalty": "l2"
            }
        }
    ]
}