[
    {
        "test_score_gib": 0.8449891067538126,
        "train_score": 0.8495103686635945,
        "test_score": 0.8449891067538126,
        "num_samples": 139,
        "fit_time": 6,
        "score_time": 22,
        "time": 28,
        "parameters": {
            "C": 0.1,
            "penalty": "l2"
        },
        "done_at": 1742794218301,
        "split_id": 0
    },
    {
        "test_score_gib": 0.8212121212121211,
        "train_score": 0.8572233212440927,
        "test_score": 0.8212121212121211,
        "num_samples": 139,
        "fit_time": 4,
        "score_time": 22,
        "time": 26,
        "parameters": {
            "C": 0.1,
            "penalty": "l2"
        },
        "done_at": 1742794218302,
        "split_id": 1
    },
    {
        "test_score_gib": 0.8583553791887125,
        "train_score": 0.8418342928250079,
        "test_score": 0.8583553791887125,
        "num_samples": 138,
        "fit_time": 8,
        "score_time": 23,
        "time": 31,
        "parameters": {
            "C": 0.1,
            "penalty": "l2"
        },
        "done_at": 1742794218312,
        "split_id": 2
    },
    {
        "test_score_gib": 0.8520723104056438,
        "train_score": 0.847604917337855,
        "test_score": 0.8520723104056438,
        "num_samples": 138,
        "fit_time": 8,
        "score_time": 23,
        "time": 31,
        "parameters": {
            "C": 0.1,
            "penalty": "l2"
        },
        "done_at": 1742794218315,
        "split_id": 3
    },
    {
        "test_score_gib": 0.8406084656084656,
        "train_score": 0.8517482804359421,
        "test_score": 0.8406084656084656,
        "num_samples": 138,
        "fit_time": 11,
        "score_time": 24,
        "time": 35,
        "parameters": {
            "C": 0.1,
            "penalty": "l2"
        },
        "done_at": 1742794218342,
        "split_id": 4
    },
    {
        "test_score_gib": 0.8430283224400872,
        "train_score": 0.8359597871406628,
        "test_score": 0.8430283224400872,
        "num_samples": 139,
        "fit_time": 7,
        "score_time": 18,
        "time": 25,
        "parameters": {
            "C": 0.01,
            "penalty": "l2"
        },
        "done_at": 1742794218337,
        "split_id": 0
    },
    {
        "test_score_gib": 0.8268398268398268,
        "train_score": 0.8388421804593911,
        "test_score": 0.8268398268398268,
        "num_samples": 139,
        "fit_time": 7,
        "score_time": 17,
        "time": 24,
        "parameters": {
            "C": 0.01,
            "penalty": "l2"
        },
        "done_at": 1742794218339,
        "split_id": 1
    },
    {
        "test_score_gib": 0.8303571428571428,
        "train_score": 0.8316057925036581,
        "test_score": 0.8303571428571428,
        "num_samples": 138,
        "fit_time": 7,
        "score_time": 23,
        "time": 30,
        "parameters": {
            "C": 0.01,
            "penalty": "l2"
        },
        "done_at": 1742794218349,
        "split_id": 2
    },
    {
        "test_score_gib": 0.8392857142857142,
        "train_score": 0.8342996622406981,
        "test_score": 0.8392857142857142,
        "num_samples": 138,
        "fit_time": 9,
        "score_time": 12,
        "time": 21,
        "parameters": {
            "C": 0.01,
            "penalty": "l2"
        },
        "done_at": 1742794218362,
        "split_id": 3
    },
    {
        "test_score_gib": 0.8267195767195767,
        "train_score": 0.83979679744014,
        "test_score": 0.8267195767195767,
        "num_samples": 138,
        "fit_time": 5,
        "score_time": 9,
        "time": 14,
        "parameters": {
            "C": 0.01,
            "penalty": "l2"
        },
        "done_at": 1742794218359,
        "split_id": 4
    },
    {
        "test_score_gib": 0.8153594771241831,
        "train_score": 0.8604550691244239,
        "test_score": 0.8153594771241831,
        "num_samples": 139,
        "fit_time": 8,
        "score_time": 22,
        "time": 30,
        "parameters": {
            "C": 10.0,
            "penalty": "l2"
        },
        "done_at": 1742794218406,
        "split_id": 0
    },
    {
        "test_score_gib": 0.8311688311688311,
        "train_score": 0.8644631278162435,
        "test_score": 0.8311688311688311,
        "num_samples": 139,
        "fit_time": 7,
        "score_time": 22,
        "time": 29,
        "parameters": {
            "C": 10.0,
            "penalty": "l2"
        },
        "done_at": 1742794218407,
        "split_id": 1
    },
    {
        "test_score_gib": 0.8603395061728395,
        "train_score": 0.8564659710921796,
        "test_score": 0.8603395061728395,
        "num_samples": 138,
        "fit_time": 6,
        "score_time": 19,
        "time": 25,
        "parameters": {
            "C": 10.0,
            "penalty": "l2"
        },
        "done_at": 1742794218406,
        "split_id": 2
    },
    {
        "test_score_gib": 0.8672839506172839,
        "train_score": 0.8558916435340289,
        "test_score": 0.8672839506172839,
        "num_samples": 138,
        "fit_time": 6,
        "score_time": 20,
        "time": 26,
        "parameters": {
            "C": 10.0,
            "penalty": "l2"
        },
        "done_at": 1742794218407,
        "split_id": 3
    },
    {
        "test_score_gib": 0.8463403880070546,
        "train_score": 0.8591940269933953,
        "test_score": 0.8463403880070546,
        "num_samples": 138,
        "fit_time": 8,
        "score_time": 36,
        "time": 44,
        "parameters": {
            "C": 10.0,
            "penalty": "l2"
        },
        "done_at": 1742794218453,
        "split_id": 4
    },
    {
        "test_score_gib": 0.8395424836601307,
        "train_score": 0.8586172372174676,
        "test_score": 0.8395424836601307,
        "num_samples": 139,
        "fit_time": 6,
        "score_time": 28,
        "time": 34,
        "parameters": {
            "C": 1.0,
            "penalty": "l2"
        },
        "done_at": 1742794218444,
        "split_id": 0
    },
    {
        "test_score_gib": 0.8283549783549783,
        "train_score": 0.8616331464996152,
        "test_score": 0.8283549783549783,
        "num_samples": 139,
        "fit_time": 8,
        "score_time": 30,
        "time": 38,
        "parameters": {
            "C": 1.0,
            "penalty": "l2"
        },
        "done_at": 1742794218451,
        "split_id": 1
    },
    {
        "test_score_gib": 0.8632054673721341,
        "train_score": 0.8536080077670966,
        "test_score": 0.8632054673721341,
        "num_samples": 138,
        "fit_time": 6,
        "score_time": 32,
        "time": 38,
        "parameters": {
            "C": 1.0,
            "penalty": "l2"
        },
        "done_at": 1742794218452,
        "split_id": 2
    },
    {
        "test_score_gib": 0.8655202821869489,
        "train_score": 0.8533481929193616,
        "test_score": 0.8655202821869489,
        "num_samples": 138,
        "fit_time": 6,
        "score_time": 17,
        "time": 23,
        "parameters": {
            "C": 1.0,
            "penalty": "l2"
        },
        "done_at": 1742794218473,
        "split_id": 3
    },
    {
        "test_score_gib": 0.8476631393298059,
        "train_score": 0.8579701623159075,
        "test_score": 0.8476631393298059,
        "num_samples": 138,
        "fit_time": 8,
        "score_time": 19,
        "time": 27,
        "parameters": {
            "C": 1.0,
            "penalty": "l2"
        },
        "done_at": 1742794218484,
        "split_id": 4
    },
    {
        "test_score_gib": 0.814488017429194,
        "train_score": 0.8611819727891156,
        "test_score": 0.814488017429194,
        "num_samples": 139,
        "fit_time": 6,
        "score_time": 21,
        "time": 27,
        "parameters": {
            "C": 100.0,
            "penalty": "l2"
        },
        "done_at": 1742794218486,
        "split_id": 0
    },
    {
        "test_score_gib": 0.8311688311688311,
        "train_score": 0.8650538520716562,
        "test_score": 0.8311688311688311,
        "num_samples": 139,
        "fit_time": 9,
        "score_time": 23,
        "time": 32,
        "parameters": {
            "C": 100.0,
            "penalty": "l2"
        },
        "done_at": 1742794218493,
        "split_id": 1
    },
    {
        "test_score_gib": 0.8596781305114638,
        "train_score": 0.8572727645667245,
        "test_score": 0.8596781305114638,
        "num_samples": 138,
        "fit_time": 5,
        "score_time": 20,
        "time": 25,
        "parameters": {
            "C": 100.0,
            "penalty": "l2"
        },
        "done_at": 1742794218500,
        "split_id": 2
    },
    {
        "test_score_gib": 0.8666225749559083,
        "train_score": 0.8559873647937206,
        "test_score": 0.8666225749559083,
        "num_samples": 138,
        "fit_time": 7,
        "score_time": 9,
        "time": 16,
        "parameters": {
            "C": 100.0,
            "penalty": "l2"
        },
        "done_at": 1742794218506,
        "split_id": 3
    },
    {
        "test_score_gib": 0.847442680776014,
        "train_score": 0.8592692365545817,
        "test_score": 0.847442680776014,
        "num_samples": 138,
        "fit_time": 9,
        "score_time": 9,
        "time": 18,
        "parameters": {
            "C": 100.0,
            "penalty": "l2"
        },
        "done_at": 1742794218509,
        "split_id": 4
    }
]