{
    "modelInputNRows": 692,
    "modelInputNCols": 15,
    "modelInputIsSparse": false,
    "modelInputMemory": 83040,
    "usedGridSearch": true,
    "gridSize": 5,
    "gridBestScore": 0.848814181917293,
    "gridCells": [
        {
            "params": {
                "C": 0.1,
                "penalty": "l2"
            },
            "score": 0.8434175724064367,
            "scoreStd": 0.01267082925345892,
            "fitTime": 0.0074,
            "fitTimeStd": 0.00233238075793812,
            "scoreTime": 0.0228,
            "scoreTimeStd": 0.0007483314773547884
        },
        {
            "params": {
                "C": 0.01,
                "penalty": "l2"
            },
            "score": 0.8332509951198322,
            "scoreStd": 0.0067006078396445595,
            "fitTime": 0.007,
            "fitTimeStd": 0.0012649110640673518,
            "scoreTime": 0.0158,
            "scoreTimeStd": 0.004874423042781576
        },
        {
            "params": {
                "C": 10.0,
                "penalty": "l2"
            },
            "score": 0.8440382159461555,
            "scoreStd": 0.018981179735866292,
            "fitTime": 0.007,
            "fitTimeStd": 0.0008944271909999159,
            "scoreTime": 0.0238,
            "scoreTimeStd": 0.006209669878504009
        },
        {
            "params": {
                "C": 1.0,
                "penalty": "l2"
            },
            "score": 0.848814181917293,
            "scoreStd": 0.014091483018602108,
            "fitTime": 0.0068,
            "fitTimeStd": 0.0009797958971132711,
            "scoreTime": 0.0252,
            "scoreTimeStd": 0.00604648658313239
        },
        {
            "params": {
                "C": 100.0,
                "penalty": "l2"
            },
            "score": 0.8438192041281977,
            "scoreStd": 0.01901123389211037,
            "fitTime": 0.0072,
            "fitTimeStd": 0.0016,
            "scoreTime": 0.016399999999999998,
            "scoreTimeStd": 0.006118823416311342
        }
    ],
    "lmCoefficients": {
        "variables": [
            "Age1",
            "dummy:Pclass:3",
            "dummy:Pclass:1",
            "dummy:Sex:male",
            "dummy:Family:0",
            "dummy:Family:1",
            "dummy:Family:2",
            "dummy:Family:3",
            "dummy:Family:5",
            "dummy:Family:4",
            "dummy:Family:6",
            "dummy:Family:7"
        ],
        "coefs": [
            -0.37696377342264414,
            -0.8091063269441302,
            1.1317604295398642,
            -2.537431816924349,
            1.0012840653849508,
            0.8867443907106646,
            1.3807211299382607,
            0.7799274528284051,
            -0.8934084123727977,
            -1.393394173928153,
            0.1920101894304044,
            -0.7097504625435919
        ],
        "interceptStderr": null,
        "interceptTstat": null,
        "interceptPvalue": null,
        "interceptCoef": 0.6991421994227559,
        "rescaledCoefs": [
            -1.1377455012334614,
            -0.8091063269441302,
            1.1317604295398642,
            -2.537431816924349,
            1.0012840653849508,
            0.8867443907106646,
            1.3807211299382607,
            0.7799274528284051,
            -0.8934084123727977,
            -1.393394173928153,
            0.1920101894304044,
            -0.7097504625435919
        ],
        "rescaledInterceptCoef": 2.958191792912317
    },
    "probaAware": true
}