{
    "metrics": {},
    "processed_feature_names": [
        "Age1",
        "dummy:Pclass:3",
        "dummy:Pclass:1",
        "dummy:Pclass:N/A",
        "dummy:Sex:male",
        "dummy:Sex:N/A",
        "dummy:Family:0",
        "dummy:Family:1",
        "dummy:Family:2",
        "dummy:Family:3",
        "dummy:Family:5",
        "dummy:Family:4",
        "dummy:Family:6",
        "dummy:Family:7",
        "dummy:Family:N/A"
    ],
    "optimalThreshold": 0.575,
    "usedThreshold": 0.575,
    "perCutData": {
        "cut": [
            0.0,
            0.025,
            0.05,
            0.075,
            0.1,
            0.125,
            0.15,
            0.175,
            0.2,
            0.225,
            0.25,
            0.275,
            0.3,
            0.325,
            0.35,
            0.375,
            0.4,
            0.425,
            0.45,
            0.475,
            0.5,
            0.525,
            0.55,
            0.575,
            0.6,
            0.625,
            0.65,
            0.675,
            0.7,
            0.725,
            0.75,
            0.775,
            0.8,
            0.825,
            0.85,
            0.875,
            0.9,
            0.925,
            0.95,
            0.975
        ],
        "tp": [
            61,
            61,
            61,
            61,
            61,
            61,
            61,
            53,
            53,
            53,
            53,
            53,
            53,
            52,
            50,
            50,
            50,
            50,
            50,
            49,
            49,
            48,
            47,
            43,
            43,
            42,
            42,
            39,
            36,
            29,
            29,
            29,
            28,
            27,
            19,
            19,
            17,
            17,
            5,
            0
        ],
        "tn": [
            0,
            1,
            2,
            6,
            8,
            8,
            13,
            68,
            68,
            71,
            71,
            72,
            85,
            85,
            85,
            85,
            87,
            87,
            87,
            89,
            89,
            89,
            92,
            102,
            102,
            102,
            103,
            104,
            104,
            107,
            107,
            108,
            109,
            109,
            110,
            110,
            110,
            111,
            111,
            111
        ],
        "fp": [
            111,
            110,
            109,
            105,
            103,
            103,
            98,
            43,
            43,
            40,
            40,
            39,
            26,
            26,
            26,
            26,
            24,
            24,
            24,
            22,
            22,
            22,
            19,
            9,
            9,
            9,
            8,
            7,
            7,
            4,
            4,
            3,
            2,
            2,
            1,
            1,
            1,
            0,
            0,
            0
        ],
        "fn": [
            0,
            0,
            0,
            0,
            0,
            0,
            0,
            8,
            8,
            8,
            8,
            8,
            8,
            9,
            11,
            11,
            11,
            11,
            11,
            12,
            12,
            13,
            14,
            18,
            18,
            19,
            19,
            22,
            25,
            32,
            32,
            32,
            33,
            34,
            42,
            42,
            44,
            44,
            56,
            61
        ],
        "precision": [
            0.3546511627906977,
            0.3567251461988304,
            0.3588235294117647,
            0.3674698795180723,
            0.3719512195121951,
            0.3719512195121951,
            0.3836477987421384,
            0.5520833333333334,
            0.5520833333333334,
            0.5698924731182796,
            0.5698924731182796,
            0.5760869565217391,
            0.6708860759493671,
            0.6666666666666666,
            0.6578947368421053,
            0.6578947368421053,
            0.6756756756756757,
            0.6756756756756757,
            0.6756756756756757,
            0.6901408450704225,
            0.6901408450704225,
            0.6857142857142857,
            0.7121212121212122,
            0.8269230769230769,
            0.8269230769230769,
            0.8235294117647058,
            0.84,
            0.8478260869565217,
            0.8372093023255814,
            0.8787878787878788,
            0.8787878787878788,
            0.90625,
            0.9333333333333333,
            0.9310344827586207,
            0.95,
            0.95,
            0.9444444444444444,
            1.0,
            1.0,
            0.0
        ],
        "recall": [
            1.0,
            1.0,
            1.0,
            1.0,
            1.0,
            1.0,
            1.0,
            0.8688524590163934,
            0.8688524590163934,
            0.8688524590163934,
            0.8688524590163934,
            0.8688524590163934,
            0.8688524590163934,
            0.8524590163934426,
            0.819672131147541,
            0.819672131147541,
            0.819672131147541,
            0.819672131147541,
            0.819672131147541,
            0.8032786885245902,
            0.8032786885245902,
            0.7868852459016393,
            0.7704918032786885,
            0.7049180327868853,
            0.7049180327868853,
            0.6885245901639344,
            0.6885245901639344,
            0.639344262295082,
            0.5901639344262295,
            0.47540983606557374,
            0.47540983606557374,
            0.47540983606557374,
            0.45901639344262296,
            0.4426229508196721,
            0.3114754098360656,
            0.3114754098360656,
            0.2786885245901639,
            0.2786885245901639,
            0.08196721311475409,
            0.0
        ],
        "accuracy": [
            0.3546511627906977,
            0.36046511627906974,
            0.36627906976744184,
            0.38953488372093026,
            0.4011627906976744,
            0.4011627906976744,
            0.43023255813953487,
            0.7034883720930233,
            0.7034883720930233,
            0.7209302325581395,
            0.7209302325581395,
            0.7267441860465116,
            0.8023255813953488,
            0.7965116279069767,
            0.7848837209302325,
            0.7848837209302325,
            0.7965116279069767,
            0.7965116279069767,
            0.7965116279069767,
            0.8023255813953488,
            0.8023255813953488,
            0.7965116279069767,
            0.8081395348837209,
            0.8430232558139535,
            0.8430232558139535,
            0.8372093023255814,
            0.8430232558139535,
            0.8313953488372093,
            0.813953488372093,
            0.7906976744186046,
            0.7906976744186046,
            0.7965116279069767,
            0.7965116279069767,
            0.7906976744186046,
            0.75,
            0.75,
            0.7383720930232558,
            0.7441860465116279,
            0.6744186046511628,
            0.6453488372093024
        ],
        "f1": [
            0.5236051502145923,
            0.5258620689655172,
            0.5281385281385281,
            0.5374449339207048,
            0.5422222222222222,
            0.5422222222222222,
            0.5545454545454546,
            0.6751592356687898,
            0.6751592356687898,
            0.6883116883116883,
            0.6883116883116883,
            0.6928104575163399,
            0.7571428571428572,
            0.7482014388489209,
            0.7299270072992702,
            0.7299270072992702,
            0.7407407407407408,
            0.7407407407407408,
            0.7407407407407408,
            0.7424242424242424,
            0.7424242424242424,
            0.732824427480916,
            0.7401574803149605,
            0.7610619469026548,
            0.7610619469026548,
            0.7499999999999999,
            0.7567567567567568,
            0.7289719626168225,
            0.6923076923076923,
            0.6170212765957447,
            0.6170212765957447,
            0.6236559139784946,
            0.6153846153846154,
            0.6,
            0.46913580246913583,
            0.46913580246913583,
            0.43037974683544306,
            0.43589743589743585,
            0.1515151515151515,
            0.0
        ],
        "mcc": [
            0.0,
            0.056689858492020594,
            0.08040701970742352,
            0.14093699560692577,
            0.16372933487917804,
            0.16372933487917804,
            0.21197104561002475,
            0.4638192619683112,
            0.4638192619683112,
            0.4881525877368806,
            0.4881525877368806,
            0.4963622944431605,
            0.6092337117355143,
            0.5941027859813095,
            0.5639814584179097,
            0.5639814584179097,
            0.5831000218379121,
            0.5831000218379121,
            0.5831000218379121,
            0.5879625920103878,
            0.5879625920103878,
            0.57327338770542,
            0.589604426545158,
            0.6498381558872993,
            0.6498381558872993,
            0.6362891671295475,
            0.649473028569005,
            0.6228689326667844,
            0.5823593573641915,
            0.5338216620168473,
            0.5338216620168473,
            0.5512344523724658,
            0.5559792674001817,
            0.5425558174049386,
            0.4514054036582989,
            0.4514054036582989,
            0.4214807588787968,
            0.446740353467405,
            0.23341208522988585,
            0.0
        ],
        "hammingLoss": [
            0.6453488372093024,
            0.6395348837209303,
            0.6337209302325582,
            0.6104651162790697,
            0.5988372093023255,
            0.5988372093023255,
            0.5697674418604651,
            0.2965116279069767,
            0.2965116279069767,
            0.2790697674418605,
            0.2790697674418605,
            0.2732558139534884,
            0.19767441860465118,
            0.20348837209302328,
            0.2151162790697675,
            0.2151162790697675,
            0.20348837209302328,
            0.20348837209302328,
            0.20348837209302328,
            0.19767441860465118,
            0.19767441860465118,
            0.20348837209302328,
            0.19186046511627908,
            0.15697674418604646,
            0.15697674418604646,
            0.16279069767441856,
            0.15697674418604646,
            0.16860465116279066,
            0.18604651162790697,
            0.2093023255813954,
            0.2093023255813954,
            0.20348837209302328,
            0.20348837209302328,
            0.2093023255813954,
            0.25,
            0.25,
            0.2616279069767442,
            0.2558139534883721,
            0.32558139534883723,
            0.35465116279069764
        ],
        "assertionsMetrics": [],
        "overridesMetrics": []
    },
    "tiMetrics": {
        "auc": 0.8713631664451336,
        "logLoss": 0.4245435956550837,
        "lift": 1.948891031822565,
        "averagePrecision": 0.8201311400224175,
        "calibrationLoss": 0.10242373547085516
    },
    "probaPercentiles": [
        0.044391756928412913,
        0.057308032025340634,
        0.06729359922734221,
        0.08169773938621583,
        0.13194041945118848,
        0.14466246560211526,
        0.14466246560211526,
        0.15941954608729658,
        0.15941954608729658,
        0.15941954608729658,
        0.15941954608729658,
        0.15941954608729658,
        0.15941954608729658,
        0.15941954608729658,
        0.15941954608729658,
        0.15941954608729658,
        0.15941954608729658,
        0.15941954608729658,
        0.15941954608729658,
        0.15941954608729658,
        0.15941954608729658,
        0.15941954608729658,
        0.15941954608729658,
        0.15941954608729658,
        0.15941954608729658,
        0.15941954608729658,
        0.15941954608729658,
        0.15941954608729658,
        0.15941954608729658,
        0.15941954608729658,
        0.15941954608729658,
        0.15941954608729658,
        0.15941954608729658,
        0.15941954608729658,
        0.15941954608729658,
        0.15941954608729658,
        0.15941954608729658,
        0.15941954608729658,
        0.15941954608729658,
        0.15941954608729658,
        0.15941954608729658,
        0.15941954608729658,
        0.15941954608729658,
        0.17119525785948214,
        0.21659347887983538,
        0.2487288858342906,
        0.27528199024630734,
        0.29755820434860786,
        0.2987102790402329,
        0.2987102790402329,
        0.2987102790402329,
        0.2987102790402329,
        0.2987102790402329,
        0.3065123793023317,
        0.3302430666755715,
        0.37340709295372354,
        0.42129278275396,
        0.46844062693990424,
        0.5091979445142898,
        0.5408521783002964,
        0.5408521783002964,
        0.5691326998545098,
        0.5691326998545098,
        0.5691326998545098,
        0.5691326998545098,
        0.5691326998545098,
        0.5691326998545098,
        0.5691326998545098,
        0.5691326998545098,
        0.5933567994355097,
        0.6433244737980147,
        0.6578036790185668,
        0.6597088288905928,
        0.6814272981845176,
        0.687510424494224,
        0.7057598034233428,
        0.7057598034233428,
        0.7057598034233428,
        0.7057598034233428,
        0.7057598034233428,
        0.7427270339824925,
        0.7780460169650524,
        0.8095621468255896,
        0.827396626473624,
        0.8277045000688074,
        0.8277045000688074,
        0.8398142676749547,
        0.8434314709858816,
        0.8831004866132388,
        0.9133276059608,
        0.9345244578093764,
        0.937097746800746,
        0.937097746800746,
        0.937097746800746,
        0.9435207629110801,
        0.9435207629110801,
        0.9435207629110801,
        0.9606525774615332,
        0.9606525774615332
    ],
    "rocVizData": [
        [
            {
                "x": 0.0,
                "y": 0.0,
                "p": 1.960878185716568
            },
            {
                "x": 0.0,
                "y": 0.08196721311475409,
                "p": 0.9606525774615332
            },
            {
                "x": 0.0,
                "y": 0.16393442622950818,
                "p": 0.9435207629110801
            },
            {
                "x": 0.0,
                "y": 0.26229508196721313,
                "p": 0.937097746800746
            },
            {
                "x": 0.009009009009009009,
                "y": 0.3114754098360656,
                "p": 0.8821161615539664
            },
            {
                "x": 0.018018018018018018,
                "y": 0.4262295081967213,
                "p": 0.8277045000688074
            },
            {
                "x": 0.02702702702702703,
                "y": 0.47540983606557374,
                "p": 0.7780460169650524
            },
            {
                "x": 0.06306306306306306,
                "y": 0.5901639344262295,
                "p": 0.7057598034233428
            },
            {
                "x": 0.06306306306306306,
                "y": 0.6557377049180327,
                "p": 0.6600990403101644
            },
            {
                "x": 0.08108108108108109,
                "y": 0.7049180327868853,
                "p": 0.6037385563987959
            },
            {
                "x": 0.17117117117117117,
                "y": 0.7704918032786885,
                "p": 0.5691326998545098
            },
            {
                "x": 0.21621621621621623,
                "y": 0.8032786885245902,
                "p": 0.46844062693990424
            },
            {
                "x": 0.23423423423423423,
                "y": 0.8688524590163934,
                "p": 0.32165763275228804
            },
            {
                "x": 0.32432432432432434,
                "y": 0.8688524590163934,
                "p": 0.2987102790402329
            },
            {
                "x": 0.3783783783783784,
                "y": 0.8688524590163934,
                "p": 0.21702024030484052
            },
            {
                "x": 0.8828828828828829,
                "y": 1.0,
                "p": 0.15941954608729658
            },
            {
                "x": 0.9459459459459459,
                "y": 1.0,
                "p": 0.08169773938621583
            },
            {
                "x": 1.0,
                "y": 1.0,
                "p": 0.01700274497844818
            }
        ]
    ],
    "liftVizData": {
        "bins": [
            {
                "bin_pos_prop": 0.8372093023,
                "bin_lift": 2.3606557377,
                "cum_lift": 0.5901639344,
                "cum_size": 0.25,
                "bin_min": 0.6875104245,
                "bin_max": 0.9608781857,
                "percentile_idx": 0
            },
            {
                "bin_pos_prop": 0.4722222222,
                "bin_lift": 1.3315118397,
                "cum_lift": 0.868852459,
                "cum_size": 0.4593023256,
                "bin_min": 0.298710279,
                "bin_max": 0.6875104245,
                "percentile_idx": 1
            },
            {
                "bin_pos_prop": 0.0,
                "bin_lift": 0.0,
                "cum_lift": 0.868852459,
                "cum_size": 0.5581395349,
                "bin_min": 0.1594195461,
                "bin_max": 0.298710279,
                "percentile_idx": 2
            },
            {
                "bin_pos_prop": 0.1052631579,
                "bin_lift": 0.2968075928,
                "cum_lift": 1.0,
                "cum_size": 1.0,
                "bin_min": 0.017002745,
                "bin_max": 0.1594195461,
                "percentile_idx": 3
            }
        ],
        "wizard": {
            "positives": 61,
            "total": 172
        }
    },
    "prVizData": [
        {
            "bins": [
                {
                    "x": 1.0,
                    "y": 0.3546511627906977,
                    "p": 0.01700274497844818
                },
                {
                    "x": 0.8688524590163934,
                    "y": 0.5520833333333334,
                    "p": 0.2084850118047374
                },
                {
                    "x": 0.8688524590163934,
                    "y": 0.6708860759493671,
                    "p": 0.32165763275228804
                },
                {
                    "x": 0.819672131147541,
                    "y": 0.6578947368421053,
                    "p": 0.38225331340965435
                },
                {
                    "x": 0.8032786885245902,
                    "y": 0.6901408450704225,
                    "p": 0.5142353657875284
                },
                {
                    "x": 0.7049180327868853,
                    "y": 0.8269230769230769,
                    "p": 0.6037385563987959
                },
                {
                    "x": 0.6557377049180327,
                    "y": 0.851063829787234,
                    "p": 0.6600990403101644
                },
                {
                    "x": 0.5901639344262295,
                    "y": 0.8372093023255814,
                    "p": 0.7057598034233428
                },
                {
                    "x": 0.4918032786885246,
                    "y": 0.8823529411764706,
                    "p": 0.7152565739338137
                },
                {
                    "x": 0.45901639344262296,
                    "y": 0.9333333333333333,
                    "p": 0.8119343286430492
                },
                {
                    "x": 0.36065573770491804,
                    "y": 0.9565217391304348,
                    "p": 0.8434314709858816
                },
                {
                    "x": 0.29508196721311475,
                    "y": 0.9473684210526315,
                    "p": 0.8872968197606634
                },
                {
                    "x": 0.2786885245901639,
                    "y": 1.0,
                    "p": 0.9304995698997983
                },
                {
                    "x": 0.16393442622950818,
                    "y": 1.0,
                    "p": 0.9435207629110801
                },
                {
                    "x": 0.08196721311475409,
                    "y": 1.0,
                    "p": 0.9606525774615332
                },
                {
                    "x": 0.01639344262295082,
                    "y": 1.0,
                    "p": 0.960878185716568
                }
            ],
            "positiveRate": 0.3546511627906977
        }
    ],
    "densityData": {
        "false": {
            "actualIsThisClass": [
                0.03334558711165323,
                0.038872331890616604,
                0.04488830906386705,
                0.051381073256675,
                0.0583381193899692,
                0.06574957398198271,
                0.07361048591517762,
                0.08192236270964509,
                0.09069367902434015,
                0.09993921623140094,
                0.10967826026318185,
                0.11993186724886812,
                0.1307195766508438,
                0.14205608370461856,
                0.15394845494913162,
                0.16639446751580908,
                0.17938256842671357,
                0.19289378739453095,
                0.20690570684653026,
                0.22139831437368404,
                0.23636125925216764,
                0.2518017341577048,
                0.26775193741766945,
                0.28427487489047176,
                0.3014671703618722,
                0.3194576047439707,
                0.33840032708270695,
                0.3584620914948546,
                0.37980347007986504,
                0.4025547409130532,
                0.4267879881178598,
                0.452487781494382,
                0.4795235057444144,
                0.5076268542666724,
                0.5363780719448893,
                0.565204143182289,
                0.5933912512573485,
                0.6201125312468753,
                0.6444705258739425,
                0.6655520218269614,
                0.6824913243576646,
                0.6945367567764279,
                0.701114450782761,
                0.7018834539251468,
                0.6967768548571067,
                0.6860249414966998,
                0.6701581908837433,
                0.6499899029108928,
                0.6265802658509253,
                0.6011853302232073,
                0.5751955784113539,
                0.5500694069060494,
                0.5272668791021571,
                0.5081886387057986,
                0.49412403588080056,
                0.48621147129028197,
                0.48541285182604976,
                0.4925029739454408,
                0.5080736423151465,
                0.5325513718074678,
                0.5662265546797809,
                0.6092909494362657,
                0.6618792542903544,
                0.7241094344886003,
                0.7961155404819233,
                0.8780662278336364,
                0.9701623592066688,
                1.0726082039603835,
                1.1855530247575687,
                1.3090032528146367,
                1.4427097755041163,
                1.586039619205248,
                1.737845824664923,
                1.896352779093889,
                2.059075898235571,
                2.222793719902535,
                2.3835868718414353,
                2.5369521310256897,
                2.6779914849837723,
                2.8016667462496727,
                2.903101155196846,
                2.9779019187821927,
                3.0224730091159198,
                3.0342866479730466,
                3.012085048473522,
                2.9559908678738025,
                2.8675145515360976,
                2.7494579758854245,
                2.6057249612689337,
                2.4410587953757608,
                2.2607336433661724,
                2.070229860288271,
                1.8749225803820673,
                1.6798089213516856,
                1.489292557240174,
                1.3070364141467326,
                1.1358860378765914,
                0.9778588578912131,
                0.8341889368404646,
                0.7054132953810642
            ],
            "actualIsNotThisClass": [
                1.117201650297886,
                1.180542836562284,
                1.2411195158286064,
                1.2983379573798084,
                1.3516665445794076,
                1.4006490024999156,
                1.4449150410593083,
                1.4841879642580733,
                1.5182889354446174,
                1.5471377453282351,
                1.5707500947715158,
                1.5892315687507375,
                1.6027686318907204,
                1.6116171109928152,
                1.6160887385893608,
                1.6165364081164373,
                1.6133388322012294,
                1.6068852994494394,
                1.5975611928893665,
                1.5857348679066037,
                1.5717463939724208,
                1.555898549099009,
                1.53845032613938,
                1.5196130737013178,
                1.4995492594765263,
                1.478373717616839,
                1.4561571309034351,
                1.4329314080427062,
                1.4086965501231674,
                1.3834285600289604,
                1.3570879346622415,
                1.329628290799489,
                1.3010047085058158,
                1.2711814273481101,
                1.2401385955068425,
                1.207877845231396,
                1.1744265448598328,
                1.1398406531325458,
                1.1042061717200613,
                1.0676392535724828,
                1.030285075681394,
                0.9923156239346257,
                0.9539265646981681,
                0.9153333931426811,
                0.876767053325991,
                0.8384692212256737,
                0.8006874310430333,
                0.7636702089113707,
                0.7276623582122149,
                0.6929005183514773,
                0.6596090951055196,
                0.6279966362874558,
                0.5982527020913874,
                0.5705452555403135,
                0.5450185754973448,
                0.5217916733010339,
                0.5009571750026196,
                0.4825806153137057,
                0.46670007771415645,
                0.4533261087180328,
                0.4424418339074604,
                0.4340032095816867,
                0.42793935684226675,
                0.4241529441804697,
                0.42252060903444444,
                0.4228934365704939,
                0.425097542763349,
                0.4289348359273858,
                0.4341840532090748,
                0.44060218329652634,
                0.4479263912268999,
                0.4558765538521784,
                0.4641584943728316,
                0.47246797160262416,
                0.4804954357247881,
                0.48793150984798683,
                0.494473099293521,
                0.4998299726167139,
                0.5037316046530944,
                0.5059340271317931,
                0.5062264009096419,
                0.504437009083733,
                0.5004383743679846,
                0.49415122795645466,
                0.4855470998714831,
                0.47464936020792636,
                0.461532613074066,
                0.4463204256644792,
                0.429181458368523,
                0.4103241424748933,
                0.3899901244621166,
                0.3684467553158672,
                0.34597894606872404,
                0.32288073439929593,
                0.2994469106878802,
                0.2759650359046606,
                0.2527081499654353,
                0.22992842073772168,
                0.2078519245752397,
                0.18667468346119773
            ],
            "actualIsThisClassMedian": 0.8405804539127034,
            "actualIsNotThisClassMedian": 0.29424019657665723
        },
        "true": {
            "actualIsThisClass": [
                0.18667468346119773,
                0.2078519245752398,
                0.2299284207377218,
                0.2527081499654353,
                0.2759650359046607,
                0.2994469106878803,
                0.32288073439929604,
                0.3459789460687243,
                0.3684467553158675,
                0.38999012446211645,
                0.41032414247489385,
                0.4291814583685226,
                0.4463204256644802,
                0.4615326130740658,
                0.4746493602079268,
                0.4855470998714835,
                0.4941512279564549,
                0.5004383743679841,
                0.5044370090837332,
                0.5062264009096421,
                0.5059340271317929,
                0.503731604653094,
                0.4998299726167139,
                0.49447309929352123,
                0.48793150984798683,
                0.4804954357247881,
                0.47246797160262377,
                0.4641584943728318,
                0.4558765538521784,
                0.44792639122689976,
                0.4406021832965261,
                0.4341840532090748,
                0.4289348359273856,
                0.42509754276334916,
                0.4228934365704939,
                0.42252060903444427,
                0.4241529441804697,
                0.4279393568422665,
                0.4340032095816867,
                0.44244183390746,
                0.4533261087180326,
                0.46670007771415645,
                0.4825806153137057,
                0.5009571750026196,
                0.5217916733010335,
                0.5450185754973446,
                0.570545255540313,
                0.5982527020913884,
                0.6279966362874564,
                0.6596090951055193,
                0.6929005183514769,
                0.7276623582122155,
                0.7636702089113704,
                0.8006874310430333,
                0.8384692212256741,
                0.876767053325991,
                0.9153333931426828,
                0.9539265646981681,
                0.9923156239346248,
                1.030285075681394,
                1.067639253572484,
                1.1042061717200602,
                1.139840653132547,
                1.1744265448598339,
                1.2078778452313983,
                1.2401385955068436,
                1.271181427348109,
                1.301004708505817,
                1.329628290799489,
                1.357087934662244,
                1.3834285600289593,
                1.4086965501231699,
                1.4329314080427076,
                1.4561571309034338,
                1.478373717616839,
                1.4995492594765263,
                1.5196130737013178,
                1.5384503261393787,
                1.5558985490990063,
                1.571746393972422,
                1.585734867906605,
                1.597561192889368,
                1.606885299449438,
                1.6133388322012294,
                1.6165364081164386,
                1.6160887385893608,
                1.6116171109928152,
                1.6027686318907204,
                1.5892315687507375,
                1.570750094771513,
                1.5471377453282364,
                1.5182889354446174,
                1.484187964258072,
                1.4449150410593083,
                1.4006490024999143,
                1.3516665445794076,
                1.2983379573798095,
                1.2411195158286052,
                1.180542836562284,
                1.117201650297886
            ],
            "actualIsNotThisClass": [
                0.7054132953810649,
                0.8341889368404654,
                0.977858857891214,
                1.1358860378765903,
                1.3070364141467312,
                1.4892925572401778,
                1.6798089213516871,
                1.8749225803820673,
                2.070229860288275,
                2.260733643366174,
                2.441058795375763,
                2.6057249612689364,
                2.7494579758854245,
                2.8675145515360976,
                2.955990867873805,
                3.012085048473522,
                3.0342866479730466,
                3.0224730091159198,
                2.97790191878219,
                2.9031011551968535,
                2.8016667462496727,
                2.677991484983777,
                2.5369521310256897,
                2.3835868718414335,
                2.222793719902535,
                2.059075898235571,
                1.8963527790938923,
                1.737845824664923,
                1.586039619205248,
                1.4427097755041152,
                1.3090032528146378,
                1.1855530247575665,
                1.0726082039603835,
                0.9701623592066688,
                0.8780662278336364,
                0.7961155404819233,
                0.7241094344886003,
                0.6618792542903544,
                0.6092909494362653,
                0.5662265546797799,
                0.5325513718074674,
                0.5080736423151465,
                0.4925029739454408,
                0.48541285182604976,
                0.48621147129028197,
                0.49412403588080056,
                0.5081886387057986,
                0.527266879102158,
                0.55006940690605,
                0.5751955784113534,
                0.6011853302232067,
                0.6265802658509259,
                0.6499899029108939,
                0.6701581908837433,
                0.6860249414966998,
                0.6967768548571074,
                0.7018834539251468,
                0.7011144507827617,
                0.6945367567764285,
                0.6824913243576646,
                0.6655520218269614,
                0.6444705258739425,
                0.6201125312468758,
                0.5933912512573485,
                0.5652041431822895,
                0.5363780719448888,
                0.507626854266672,
                0.4795235057444137,
                0.45248778149438185,
                0.4267879881178596,
                0.4025547409130529,
                0.37980347007986504,
                0.3584620914948549,
                0.3384003270827068,
                0.31945760474397106,
                0.3014671703618721,
                0.2842748748904719,
                0.26775193741766945,
                0.2518017341577048,
                0.23636125925216764,
                0.22139831437368404,
                0.20690570684653034,
                0.19289378739453086,
                0.1793825684267135,
                0.16639446751580914,
                0.15394845494913148,
                0.14205608370461856,
                0.1307195766508437,
                0.11993186724886812,
                0.10967826026318175,
                0.0999392162314009,
                0.09069367902434015,
                0.08192236270964502,
                0.07361048591517758,
                0.06574957398198263,
                0.058338119389969176,
                0.05138107325667502,
                0.04488830906386703,
                0.03887233189061657,
                0.03334558711165326
            ],
            "actualIsThisClassMedian": 0.7057598034233428,
            "actualIsNotThisClassMedian": 0.15941954608729658
        }
    },
    "calibrationData": [
        {
            "y": 0,
            "x": 0,
            "n": 0
        },
        {
            "y": 0.0,
            "x": 0.054885097605944635,
            "n": 8.0
        },
        {
            "y": 0.11764705882352941,
            "x": 0.15796028881188828,
            "n": 68.0
        },
        {
            "y": 0.0,
            "x": 0.278983172345423,
            "n": 17.0
        },
        {
            "y": 0.6,
            "x": 0.35248364972618773,
            "n": 5.0
        },
        {
            "y": 0.3333333333333333,
            "x": 0.4668674799244144,
            "n": 3.0
        },
        {
            "y": 0.3157894736842105,
            "x": 0.5602895724711501,
            "n": 19.0
        },
        {
            "y": 0.7777777777777778,
            "x": 0.6571992423932482,
            "n": 9.0
        },
        {
            "y": 0.6153846153846154,
            "x": 0.7224851584432375,
            "n": 13.0
        },
        {
            "y": 0.9166666666666666,
            "x": 0.8397511265747587,
            "n": 12.0
        },
        {
            "y": 0.9444444444444444,
            "x": 0.9439110153533871,
            "n": 18.0
        },
        {
            "y": 1,
            "x": 1,
            "n": 0
        }
    ],
    "probaDistribData": {
        "bins": [
            0.0,
            0.1,
            0.2,
            0.3,
            0.4,
            0.5,
            0.6,
            0.7,
            0.8,
            0.9,
            1.0
        ],
        "probaDistribs": [
            [
                8.0,
                60.0,
                17.0,
                2.0,
                2.0,
                13.0,
                2.0,
                5.0,
                1.0,
                1.0
            ],
            [
                0.0,
                8.0,
                0.0,
                3.0,
                1.0,
                6.0,
                7.0,
                8.0,
                11.0,
                17.0
            ]
        ]
    },
    "globalMetrics": {
        "testWeight": 172,
        "targetAvg": [
            0.3546511627906977
        ],
        "targetStd": [
            0.47980429166769034
        ],
        "predictionAvg": [
            0.3023255813953488
        ],
        "predictionStd": [
            0.45926552693329065
        ]
    }
}