{
    "predictedClassCountPerCut": [
        {
            "true": 172
        },
        {
            "true": 171,
            "false": 1
        },
        {
            "true": 170,
            "false": 2
        },
        {
            "true": 166,
            "false": 6
        },
        {
            "true": 164,
            "false": 8
        },
        {
            "true": 164,
            "false": 8
        },
        {
            "true": 159,
            "false": 13
        },
        {
            "true": 96,
            "false": 76
        },
        {
            "true": 96,
            "false": 76
        },
        {
            "true": 93,
            "false": 79
        },
        {
            "true": 93,
            "false": 79
        },
        {
            "true": 92,
            "false": 80
        },
        {
            "false": 93,
            "true": 79
        },
        {
            "false": 94,
            "true": 78
        },
        {
            "false": 96,
            "true": 76
        },
        {
            "false": 96,
            "true": 76
        },
        {
            "false": 98,
            "true": 74
        },
        {
            "false": 98,
            "true": 74
        },
        {
            "false": 98,
            "true": 74
        },
        {
            "false": 101,
            "true": 71
        },
        {
            "false": 101,
            "true": 71
        },
        {
            "false": 102,
            "true": 70
        },
        {
            "false": 106,
            "true": 66
        },
        {
            "false": 120,
            "true": 52
        },
        {
            "false": 120,
            "true": 52
        },
        {
            "false": 121,
            "true": 51
        },
        {
            "false": 122,
            "true": 50
        },
        {
            "false": 126,
            "true": 46
        },
        {
            "false": 129,
            "true": 43
        },
        {
            "false": 139,
            "true": 33
        },
        {
            "false": 139,
            "true": 33
        },
        {
            "false": 140,
            "true": 32
        },
        {
            "false": 142,
            "true": 30
        },
        {
            "false": 143,
            "true": 29
        },
        {
            "false": 152,
            "true": 20
        },
        {
            "false": 152,
            "true": 20
        },
        {
            "false": 154,
            "true": 18
        },
        {
            "false": 155,
            "true": 17
        },
        {
            "false": 167,
            "true": 5
        },
        {
            "false": 172
        }
    ],
    "cuts": [
        0.0,
        0.025,
        0.05,
        0.075,
        0.1,
        0.125,
        0.15,
        0.175,
        0.2,
        0.225,
        0.25,
        0.275,
        0.3,
        0.325,
        0.35,
        0.375,
        0.4,
        0.425,
        0.45,
        0.475,
        0.5,
        0.525,
        0.55,
        0.575,
        0.6,
        0.625,
        0.65,
        0.675,
        0.7,
        0.725,
        0.75,
        0.775,
        0.8,
        0.825,
        0.85,
        0.875,
        0.9,
        0.925,
        0.95,
        0.975
    ],
    "predictedClassCount": {
        "false": 120,
        "true": 52
    },
    "probabilityDensities": {
        "false": {
            "density": [
                0.43487851794071347,
                0.463794762255385,
                0.4918104759861077,
                0.5186482344545056,
                0.5440616315518455,
                0.5678430273743317,
                0.5898298038029298,
                0.6099088249055619,
                0.6280188923410129,
                0.6441510913856212,
                0.6583470336580707,
                0.6706951107125152,
                0.6813249713898009,
                0.6904005190531126,
                0.698111787841925,
                0.7046660967916311,
                0.7102788958629264,
                0.7151647092242049,
                0.7195285508389634,
                0.7235581392388526,
                0.7274171770413733,
                0.731239891602718,
                0.7351269615909707,
                0.7391428852874371,
                0.7433147843952976,
                0.7476325853142478,
                0.7520504802136495,
                0.7564895434272787,
                0.7608413639962945,
                0.7649725507356236,
                0.7687299692351343,
                0.7719465774448634,
                0.7744477345353902,
                0.776057863488002,
                0.7766073489853862,
                0.7759395473018598,
                0.7739177739224627,
                0.7704321187231575,
                0.765405920062958,
                0.7588017113213522,
                0.7506264400159157,
                0.7409357544273848,
                0.7298371589063414,
                0.7174918589978753,
                0.704115152052682,
                0.6899752672899226,
                0.6753906188098261,
                0.6607255017138206,
                0.6463843299395515,
                0.6328045786161522,
                0.6204486475988378,
                0.6097949009150733,
                0.6013281550573952,
                0.5955298852350375,
                0.5928683930431928,
                0.5937891342534917,
                0.5987053467446173,
                0.6079890532213357,
                0.6219624499839459,
                0.6408896408381028,
                0.6649686430447426,
                0.6943235872281732,
                0.7289970600466,
                0.7689425984206917,
                0.8140174344570154,
                0.8639757039567921,
                0.9184624577045144,
                0.9770089395290789,
                1.0390297023476978,
                1.1038222064916403,
                1.1705695683313349,
                1.2383470894722597,
                1.306133090336395,
                1.3728243957277373,
                1.4372565799624006,
                1.4982287884122867,
                1.5545326304441545,
                1.6049843104022614,
                1.6484588561818307,
                1.6839250472619847,
                1.7104794617225159,
                1.727377975695832,
                1.7340630725391968,
                1.7301854574105366,
                1.7156187207550204,
                1.6904661366833469,
                1.6550590960769098,
                1.6099471297444483,
                1.555879940547786,
                1.493782300857291,
                1.4247230511329447,
                1.3498797302279593,
                1.2705005590413498,
                1.187865576220752,
                1.1032486870487253,
                1.0178822428497927,
                0.9329255345078082,
                0.8494382822132469,
                0.7683598602120316,
                0.6904946370650632
            ],
            "median": 0.701289720959767
        },
        "true": {
            "density": [
                0.6904946370650632,
                0.768359860212031,
                0.8494382822132461,
                0.9329255345078049,
                1.0178822428497918,
                1.1032486870487244,
                1.187865576220752,
                1.2705005590413476,
                1.3498797302279593,
                1.4247230511329447,
                1.4937823008572884,
                1.555879940547786,
                1.6099471297444454,
                1.6550590960769067,
                1.690466136683341,
                1.7156187207550204,
                1.7301854574105366,
                1.7340630725391968,
                1.727377975695832,
                1.7104794617225128,
                1.6839250472619818,
                1.6484588561818307,
                1.604984310402264,
                1.5545326304441545,
                1.498228788412284,
                1.4372565799623982,
                1.3728243957277348,
                1.3061330903363928,
                1.2383470894722575,
                1.1705695683313349,
                1.1038222064916403,
                1.0390297023476978,
                0.9770089395290789,
                0.9184624577045127,
                0.8639757039567937,
                0.814017434457016,
                0.7689425984206917,
                0.7289970600466,
                0.6943235872281744,
                0.6649686430447426,
                0.6408896408381028,
                0.6219624499839449,
                0.6079890532213357,
                0.5987053467446173,
                0.5937891342534922,
                0.5928683930431934,
                0.5955298852350375,
                0.6013281550573958,
                0.6097949009150722,
                0.6204486475988372,
                0.6328045786161511,
                0.6463843299395515,
                0.6607255017138212,
                0.6753906188098254,
                0.689975267289924,
                0.704115152052682,
                0.7174918589978753,
                0.7298371589063419,
                0.7409357544273855,
                0.7506264400159164,
                0.7588017113213522,
                0.765405920062958,
                0.7704321187231583,
                0.7739177739224635,
                0.7759395473018598,
                0.7766073489853849,
                0.776057863488002,
                0.7744477345353915,
                0.7719465774448647,
                0.7687299692351349,
                0.7649725507356244,
                0.7608413639962932,
                0.7564895434272787,
                0.7520504802136502,
                0.7476325853142478,
                0.743314784395297,
                0.7391428852874371,
                0.7351269615909707,
                0.731239891602718,
                0.727417177041374,
                0.7235581392388526,
                0.7195285508389639,
                0.7151647092242049,
                0.7102788958629257,
                0.7046660967916297,
                0.698111787841925,
                0.6904005190531133,
                0.6813249713898009,
                0.6706951107125145,
                0.6583470336580707,
                0.6441510913856212,
                0.6280188923410129,
                0.6099088249055619,
                0.5898298038029298,
                0.5678430273743317,
                0.5440616315518455,
                0.5186482344545065,
                0.4918104759861073,
                0.46379476225538546,
                0.43487851794071386
            ],
            "median": 0.2987102790402329
        }
    }
}