{
  "state": "DONE",
  "preSearchDescription": {
    "gridLength": 5,
    "searchStrategy": "GRID",
    "importantParams": [
      {
        "name": "penalty",
        "vals": [
          "l2"
        ]
      },
      {
        "name": "C",
        "vals": [
          "0.01",
          "0.1",
          "1.0",
          "10.0",
          "100.0"
        ]
      }
    ]
  },
  "postSearchDescription": {
    "importantParams": [
      {
        "name": "C",
        "val": "1.0"
      },
      {
        "name": "penalty",
        "val": "l2"
      }
    ]
  },
  "resumed": false,
  "timeOrderingEnabled": false,
  "sampleWeightsEnabled": false,
  "modelId": "m1",
  "progress": {
    "top_level_todo": [],
    "stack": [],
    "top_level_done": [
      {
        "name": "Loading train set",
        "time": 158
      },
      {
        "name": "Loading test set",
        "time": 16
      },
      {
        "name": "Collecting statistics",
        "time": 79
      },
      {
        "name": "Preprocessing train set",
        "time": 174
      },
      {
        "name": "Preprocessing test set",
        "time": 55
      },
      {
        "name": "Hyperparameter searching",
        "time": 1187
      },
      {
        "name": "Fitting model",
        "time": 41
      },
      {
        "name": "Saving model",
        "time": 120
      },
      {
        "name": "Scoring model",
        "time": 509
      },
      {
        "name": "Preparing explainability",
        "time": 1128
      }
    ]
  },
  "startTime": 1742794217666,
  "endTime": 1742794221176,
  "preprocessingTime": 506,
  "trainingTime": 3004,
  "hyperparamsSearchTime": 1187,
  "pythonVersion": "3.9.20",
  "packagesVersion": {
    "pandas": "2.2.3",
    "scikit-learn": "1.3.2",
    "scipy": "1.13.1",
    "lightgbm": "3.2.1",
    "flask": "2.2.5",
    "itsdangerous": "2.2.0",
    "jinja2": "3.1.6",
    "xgboost": "1.7.6",
    "werkzeug": "3.1.3",
    "statsmodels": "0.14.4",
    "pillow": "11.1.0",
    "markupsafe": "3.0.2",
    "cloudpickle": "1.5.0"
  }
}