{
  "starred": false,
  "clusterMetas": {},
  "sessionName": "withcat",
  "customMeta": {
    "kv": {}
  },
  "tags": [],
  "activeClassifierThreshold": 0.575,
  "description": "",
  "name": "Logistic Regression (withcat) - v1",
  "labels": [
    {
      "key": "trainDataset:dataset-name",
      "value": "train_data"
    },
    {
      "key": "testDataset:dataset-name",
      "value": "test_data"
    },
    {
      "key": "evaluationDataset:dataset-name",
      "value": "test_data"
    },
    {
      "key": "model:algorithm",
      "value": "LOGISTIC_REGRESSION"
    },
    {
      "key": "model:session-name",
      "value": "withcat"
    },
    {
      "key": "model:date",
      "value": "2025-03-24T05:30:21.176+0000"
    },
    {
      "key": "evaluation:date",
      "value": "2025-03-24T05:30:21.176+0000"
    },
    {
      "key": "model:name",
      "value": "Logistic Regression (withcat) - v1"
    }
  ]
}