{
    "featuresDistribution": {
        "Marital_Status": {
            "type": "CATEGORY",
            "nbDistinct": 3,
            "count": 1918,
            "missingCount": 0.0,
            "values": {
                "scale": [
                    "Married",
                    "Single",
                    "Divorced"
                ],
                "distribution": [
                    0.4994786235662148,
                    0.39363920750782067,
                    0.10688216892596454
                ]
            }
        },
        "Income": {
            "type": "NUMERIC",
            "nbDistinct": 1882,
            "count": 1918,
            "missingCount": 0.0,
            "histogram": {
                "scale": [
                    20000.0,
                    21663.04081632653,
                    23326.081632653062,
                    24989.122448979593,
                    26652.163265306124,
                    28315.204081632655,
                    29978.244897959183,
                    31641.285714285714,
                    33304.32653061225,
                    34967.36734693877,
                    36630.40816326531,
                    38293.448979591834,
                    39956.489795918365,
                    41619.5306122449,
                    43282.57142857143,
                    44945.61224489796,
                    46608.65306122449,
                    48271.69387755102,
                    49934.73469387755,
                    51597.77551020408,
                    53260.816326530614,
                    54923.857142857145,
                    56586.897959183676,
                    58249.93877551021,
                    59912.97959183673,
                    61576.02040816326,
                    63239.06122448979,
                    64902.102040816324,
                    66565.14285714286,
                    68228.18367346938,
                    69891.22448979592,
                    71554.26530612246,
                    73217.30612244898,
                    74880.3469387755,
                    76543.38775510204,
                    78206.42857142858,
                    79869.4693877551,
                    81532.51020408163,
                    83195.55102040817,
                    84858.5918367347,
                    86521.63265306123,
                    88184.67346938775,
                    89847.71428571429,
                    91510.75510204081,
                    93173.79591836735,
                    94836.83673469388,
                    96499.87755102041,
                    98162.91836734694,
                    99825.95918367346,
                    101489.0
                ],
                "distribution": [
                    0.0046923879040667365,
                    0.0010427528675703858,
                    0.0020855057351407717,
                    0.004171011470281543,
                    0.0026068821689259644,
                    0.004171011470281543,
                    0.0036496350364963502,
                    0.009906152241918665,
                    0.010948905109489052,
                    0.01616266944734098,
                    0.015119916579770595,
                    0.014077163712200209,
                    0.016684045881126174,
                    0.026590198123044837,
                    0.028154327424400417,
                    0.022419186652763295,
                    0.029197080291970802,
                    0.03441084462982273,
                    0.043274244004171014,
                    0.04223149113660062,
                    0.03597497393117831,
                    0.0370177267987487,
                    0.05265901981230448,
                    0.040145985401459854,
                    0.05057351407716371,
                    0.04223149113660062,
                    0.04171011470281543,
                    0.04118873826903024,
                    0.03441084462982273,
                    0.0370177267987487,
                    0.026590198123044837,
                    0.03388946819603754,
                    0.03023983315954119,
                    0.029718456725755994,
                    0.028154327424400417,
                    0.01929092805005214,
                    0.01824817518248175,
                    0.010948905109489052,
                    0.01251303441084463,
                    0.009384775808133473,
                    0.010948905109489052,
                    0.008863399374348279,
                    0.0031282586027111575,
                    0.0036496350364963502,
                    0.0026068821689259644,
                    0.0020855057351407717,
                    0.0020855057351407717,
                    0.0015641293013555788,
                    0.0015641293013555788
                ]
            },
            "quantiles": {
                "scale": [
                    30599.61,
                    44476.229999999996,
                    49858.770000000004,
                    54189.83,
                    58214.93,
                    61812.51,
                    65805.83,
                    70424.11,
                    75787.85,
                    90108.81
                ],
                "distribution": [
                    0.10010427528675704,
                    0.10010427528675704,
                    0.09958289885297185,
                    0.10010427528675704,
                    0.10010427528675704,
                    0.10010427528675704,
                    0.10010427528675704,
                    0.09958289885297185,
                    0.10010427528675704,
                    0.10010427528675704
                ]
            },
            "topValues": [
                {
                    "value": 20000.0,
                    "count": 5.0
                },
                {
                    "value": 34426.0,
                    "count": 2.0
                },
                {
                    "value": 39838.0,
                    "count": 2.0
                },
                {
                    "value": 43233.0,
                    "count": 2.0
                },
                {
                    "value": 43380.0,
                    "count": 2.0
                },
                {
                    "value": 45182.0,
                    "count": 2.0
                },
                {
                    "value": 46631.0,
                    "count": 2.0
                },
                {
                    "value": 48512.0,
                    "count": 2.0
                },
                {
                    "value": 49680.0,
                    "count": 2.0
                },
                {
                    "value": 50545.0,
                    "count": 2.0
                },
                {
                    "value": 50850.0,
                    "count": 2.0
                },
                {
                    "value": 52608.0,
                    "count": 2.0
                },
                {
                    "value": 52962.0,
                    "count": 2.0
                },
                {
                    "value": 55010.0,
                    "count": 2.0
                },
                {
                    "value": 55559.0,
                    "count": 2.0
                },
                {
                    "value": 57579.0,
                    "count": 2.0
                },
                {
                    "value": 57987.0,
                    "count": 2.0
                },
                {
                    "value": 59820.08411214953,
                    "count": 2.0
                },
                {
                    "value": 60452.0,
                    "count": 2.0
                },
                {
                    "value": 60490.0,
                    "count": 2.0
                },
                {
                    "value": 62355.0,
                    "count": 2.0
                },
                {
                    "value": 65025.0,
                    "count": 2.0
                },
                {
                    "value": 65165.0,
                    "count": 2.0
                },
                {
                    "value": 66118.0,
                    "count": 2.0
                },
                {
                    "value": 66502.0,
                    "count": 2.0
                },
                {
                    "value": 68951.0,
                    "count": 2.0
                },
                {
                    "value": 72111.0,
                    "count": 2.0
                },
                {
                    "value": 72704.0,
                    "count": 2.0
                },
                {
                    "value": 75575.0,
                    "count": 2.0
                },
                {
                    "value": 76910.0,
                    "count": 2.0
                },
                {
                    "value": 77469.0,
                    "count": 2.0
                },
                {
                    "value": 81273.0,
                    "count": 2.0
                },
                {
                    "value": 82939.0,
                    "count": 2.0
                },
                {
                    "value": 20035.0,
                    "count": 1.0
                },
                {
                    "value": 20417.0,
                    "count": 1.0
                },
                {
                    "value": 20689.0,
                    "count": 1.0
                },
                {
                    "value": 21173.0,
                    "count": 1.0
                },
                {
                    "value": 22337.0,
                    "count": 1.0
                },
                {
                    "value": 22522.0,
                    "count": 1.0
                },
                {
                    "value": 23958.0,
                    "count": 1.0
                },
                {
                    "value": 24130.0,
                    "count": 1.0
                },
                {
                    "value": 24353.0,
                    "count": 1.0
                },
                {
                    "value": 24446.0,
                    "count": 1.0
                },
                {
                    "value": 25040.0,
                    "count": 1.0
                },
                {
                    "value": 25170.0,
                    "count": 1.0
                },
                {
                    "value": 25362.0,
                    "count": 1.0
                },
                {
                    "value": 25897.0,
                    "count": 1.0
                },
                {
                    "value": 26080.0,
                    "count": 1.0
                },
                {
                    "value": 26277.0,
                    "count": 1.0
                },
                {
                    "value": 26399.0,
                    "count": 1.0
                }
            ]
        },
        "Emirate": {
            "type": "CATEGORY",
            "nbDistinct": 7,
            "count": 1918,
            "missingCount": 0.0,
            "values": {
                "scale": [
                    "Dubai",
                    "Sharjah",
                    "Abu Dhabi",
                    "Ajman",
                    "Fujairah",
                    "Umm Al Quwain",
                    "Ras Al Khaimah"
                ],
                "distribution": [
                    0.44004171011470283,
                    0.264859228362878,
                    0.1329509906152242,
                    0.0667361835245047,
                    0.03232533889468196,
                    0.03180396246089677,
                    0.03128258602711158
                ]
            }
        },
        "Visits_to_Branch": {
            "type": "NUMERIC",
            "nbDistinct": 12,
            "count": 1918,
            "missingCount": 0.0,
            "histogram": {
                "scale": [
                    0.0,
                    0.22448979591836735,
                    0.4489795918367347,
                    0.673469387755102,
                    0.8979591836734694,
                    1.1224489795918366,
                    1.346938775510204,
                    1.5714285714285714,
                    1.7959183673469388,
                    2.020408163265306,
                    2.2448979591836733,
                    2.4693877551020407,
                    2.693877551020408,
                    2.9183673469387754,
                    3.142857142857143,
                    3.36734693877551,
                    3.5918367346938775,
                    3.816326530612245,
                    4.040816326530612,
                    4.26530612244898,
                    4.489795918367347,
                    4.714285714285714,
                    4.938775510204081,
                    5.163265306122449,
                    5.387755102040816,
                    5.612244897959184,
                    5.836734693877551,
                    6.061224489795919,
                    6.285714285714286,
                    6.510204081632653,
                    6.73469387755102,
                    6.959183673469388,
                    7.183673469387755,
                    7.408163265306122,
                    7.63265306122449,
                    7.857142857142857,
                    8.081632653061224,
                    8.306122448979592,
                    8.53061224489796,
                    8.755102040816327,
                    8.979591836734693,
                    9.204081632653061,
                    9.428571428571429,
                    9.653061224489797,
                    9.877551020408163,
                    10.10204081632653,
                    10.326530612244898,
                    10.551020408163266,
                    10.775510204081632,
                    11.0
                ],
                "distribution": [
                    0.04692387904066736,
                    0.0,
                    0.0,
                    0.0,
                    0.1454640250260688,
                    0.0,
                    0.0,
                    0.0,
                    0.22679874869655892,
                    0.0,
                    0.0,
                    0.0,
                    0.0,
                    0.2278415015641293,
                    0.0,
                    0.0,
                    0.0,
                    0.15901981230448384,
                    0.0,
                    0.0,
                    0.0,
                    0.0,
                    0.10844629822732013,
                    0.0,
                    0.0,
                    0.0,
                    0.05474452554744526,
                    0.0,
                    0.0,
                    0.0,
                    0.0,
                    0.01981230448383733,
                    0.0,
                    0.0,
                    0.0,
                    0.007820646506777894,
                    0.0,
                    0.0,
                    0.0,
                    0.0,
                    0.0010427528675703858,
                    0.0,
                    0.0,
                    0.0,
                    0.0015641293013555788,
                    0.0,
                    0.0,
                    0.0,
                    0.0005213764337851929
                ]
            },
            "quantiles": {
                "scale": [
                    0.5,
                    1.5,
                    2.0,
                    2.0,
                    2.5,
                    3.0,
                    3.5,
                    4.0,
                    4.5,
                    8.0
                ],
                "distribution": [
                    0.04692387904066736,
                    0.1454640250260688,
                    0.0,
                    0.0,
                    0.22679874869655892,
                    0.0,
                    0.2278415015641293,
                    0.0,
                    0.15901981230448384,
                    0.19395203336809178
                ]
            },
            "topValues": [
                {
                    "value": 3.0,
                    "count": 437.0
                },
                {
                    "value": 2.0,
                    "count": 435.0
                },
                {
                    "value": 4.0,
                    "count": 305.0
                },
                {
                    "value": 1.0,
                    "count": 279.0
                },
                {
                    "value": 5.0,
                    "count": 208.0
                },
                {
                    "value": 6.0,
                    "count": 105.0
                },
                {
                    "value": 0.0,
                    "count": 90.0
                },
                {
                    "value": 7.0,
                    "count": 38.0
                },
                {
                    "value": 8.0,
                    "count": 15.0
                },
                {
                    "value": 10.0,
                    "count": 3.0
                },
                {
                    "value": 9.0,
                    "count": 2.0
                },
                {
                    "value": 11.0,
                    "count": 1.0
                }
            ]
        },
        "Avg_Online_Spending_AED": {
            "type": "NUMERIC",
            "nbDistinct": 1884,
            "count": 1918,
            "missingCount": 0.0,
            "histogram": {
                "scale": [
                    50.0,
                    93.59489795918367,
                    137.18979591836734,
                    180.78469387755104,
                    224.3795918367347,
                    267.9744897959184,
                    311.56938775510207,
                    355.1642857142857,
                    398.7591836734694,
                    442.3540816326531,
                    485.94897959183675,
                    529.5438775510204,
                    573.1387755102041,
                    616.7336734693878,
                    660.3285714285714,
                    703.9234693877552,
                    747.5183673469388,
                    791.1132653061225,
                    834.7081632653062,
                    878.3030612244899,
                    921.8979591836735,
                    965.4928571428572,
                    1009.0877551020409,
                    1052.6826530612245,
                    1096.2775510204083,
                    1139.8724489795918,
                    1183.4673469387756,
                    1227.0622448979593,
                    1270.6571428571428,
                    1314.2520408163266,
                    1357.8469387755104,
                    1401.4418367346939,
                    1445.0367346938776,
                    1488.6316326530614,
                    1532.226530612245,
                    1575.8214285714287,
                    1619.4163265306124,
                    1663.011224489796,
                    1706.6061224489797,
                    1750.2010204081635,
                    1793.795918367347,
                    1837.3908163265307,
                    1880.9857142857145,
                    1924.580612244898,
                    1968.1755102040818,
                    2011.7704081632655,
                    2055.365306122449,
                    2098.9602040816326,
                    2142.5551020408166,
                    2186.15
                ],
                "distribution": [
                    0.01564129301355579,
                    0.006777893639207508,
                    0.0046923879040667365,
                    0.010427528675703858,
                    0.010948905109489052,
                    0.013555787278415016,
                    0.020855057351407715,
                    0.01929092805005214,
                    0.025547445255474453,
                    0.028154327424400417,
                    0.025547445255474453,
                    0.029197080291970802,
                    0.03023983315954119,
                    0.032846715328467155,
                    0.03910323253388947,
                    0.030761209593326382,
                    0.04171011470281543,
                    0.04744525547445255,
                    0.04744525547445255,
                    0.0443169968717414,
                    0.04275286757038582,
                    0.053180396246089674,
                    0.03910323253388947,
                    0.03597497393117831,
                    0.04118873826903024,
                    0.04118873826903024,
                    0.030761209593326382,
                    0.021897810218978103,
                    0.02502606882168926,
                    0.022940563086548488,
                    0.022419186652763295,
                    0.01616266944734098,
                    0.011470281543274244,
                    0.014598540145985401,
                    0.011991657977059436,
                    0.01251303441084463,
                    0.008863399374348279,
                    0.005735140771637122,
                    0.0031282586027111575,
                    0.0020855057351407717,
                    0.0020855057351407717,
                    0.0026068821689259644,
                    0.0031282586027111575,
                    0.0020855057351407717,
                    0.0005213764337851929,
                    0.0005213764337851929,
                    0.0005213764337851929,
                    0.0005213764337851929,
                    0.0005213764337851929
                ]
            },
            "quantiles": {
                "scale": [
                    222.2056,
                    476.01300000000003,
                    622.8565000000001,
                    746.8395,
                    851.0454,
                    945.0656,
                    1047.2515,
                    1157.4433,
                    1306.1738999999998,
                    1792.2465
                ],
                "distribution": [
                    0.10010427528675704,
                    0.10010427528675704,
                    0.09958289885297185,
                    0.10010427528675704,
                    0.10010427528675704,
                    0.10010427528675704,
                    0.10010427528675704,
                    0.09958289885297185,
                    0.10010427528675704,
                    0.10010427528675704
                ]
            },
            "topValues": [
                {
                    "value": 50.0,
                    "count": 22.0
                },
                {
                    "value": 443.09,
                    "count": 2.0
                },
                {
                    "value": 474.19,
                    "count": 2.0
                },
                {
                    "value": 525.29,
                    "count": 2.0
                },
                {
                    "value": 547.62,
                    "count": 2.0
                },
                {
                    "value": 805.37,
                    "count": 2.0
                },
                {
                    "value": 816.02,
                    "count": 2.0
                },
                {
                    "value": 967.47,
                    "count": 2.0
                },
                {
                    "value": 981.11,
                    "count": 2.0
                },
                {
                    "value": 981.66,
                    "count": 2.0
                },
                {
                    "value": 1050.25,
                    "count": 2.0
                },
                {
                    "value": 1057.43,
                    "count": 2.0
                },
                {
                    "value": 1160.24,
                    "count": 2.0
                },
                {
                    "value": 1165.56,
                    "count": 2.0
                },
                {
                    "value": 61.23,
                    "count": 1.0
                },
                {
                    "value": 62.76,
                    "count": 1.0
                },
                {
                    "value": 68.16,
                    "count": 1.0
                },
                {
                    "value": 69.94,
                    "count": 1.0
                },
                {
                    "value": 72.27,
                    "count": 1.0
                },
                {
                    "value": 77.72,
                    "count": 1.0
                },
                {
                    "value": 87.27,
                    "count": 1.0
                },
                {
                    "value": 93.08,
                    "count": 1.0
                },
                {
                    "value": 100.46,
                    "count": 1.0
                },
                {
                    "value": 107.66,
                    "count": 1.0
                },
                {
                    "value": 115.03,
                    "count": 1.0
                },
                {
                    "value": 120.87,
                    "count": 1.0
                },
                {
                    "value": 122.48,
                    "count": 1.0
                },
                {
                    "value": 123.43,
                    "count": 1.0
                },
                {
                    "value": 123.83,
                    "count": 1.0
                },
                {
                    "value": 126.43,
                    "count": 1.0
                },
                {
                    "value": 127.58,
                    "count": 1.0
                },
                {
                    "value": 129.61,
                    "count": 1.0
                },
                {
                    "value": 129.94,
                    "count": 1.0
                },
                {
                    "value": 134.93,
                    "count": 1.0
                },
                {
                    "value": 137.11,
                    "count": 1.0
                },
                {
                    "value": 138.11,
                    "count": 1.0
                },
                {
                    "value": 140.59,
                    "count": 1.0
                },
                {
                    "value": 141.05,
                    "count": 1.0
                },
                {
                    "value": 152.44,
                    "count": 1.0
                },
                {
                    "value": 156.07,
                    "count": 1.0
                },
                {
                    "value": 159.46,
                    "count": 1.0
                },
                {
                    "value": 160.42,
                    "count": 1.0
                },
                {
                    "value": 174.45,
                    "count": 1.0
                },
                {
                    "value": 179.57,
                    "count": 1.0
                },
                {
                    "value": 188.07,
                    "count": 1.0
                },
                {
                    "value": 190.7,
                    "count": 1.0
                },
                {
                    "value": 191.3,
                    "count": 1.0
                },
                {
                    "value": 192.04,
                    "count": 1.0
                },
                {
                    "value": 193.37,
                    "count": 1.0
                },
                {
                    "value": 194.7,
                    "count": 1.0
                }
            ]
        },
        "Job_Type": {
            "type": "CATEGORY",
            "nbDistinct": 6,
            "count": 1918,
            "missingCount": 0.0,
            "values": {
                "scale": [
                    "Sales",
                    "Healthcare",
                    "Manager",
                    "Engineer",
                    "Clerk",
                    "IT"
                ],
                "distribution": [
                    0.1772679874869656,
                    0.17205422314911367,
                    0.1704900938477581,
                    0.1673618352450469,
                    0.16319082377476538,
                    0.14963503649635038
                ]
            }
        },
        "Has_Loan": {
            "type": "CATEGORY",
            "nbDistinct": 2,
            "count": 1918,
            "missingCount": 0.0,
            "values": {
                "scale": [
                    "false",
                    "true"
                ],
                "distribution": [
                    0.6981230448383733,
                    0.3018769551616267
                ]
            }
        },
        "Credit_Score": {
            "type": "NUMERIC",
            "nbDistinct": 257,
            "count": 1918,
            "missingCount": 0.0,
            "histogram": {
                "scale": [
                    511.0,
                    517.9183673469388,
                    524.8367346938776,
                    531.7551020408164,
                    538.6734693877551,
                    545.5918367346939,
                    552.5102040816327,
                    559.4285714285714,
                    566.3469387755102,
                    573.2653061224489,
                    580.1836734693877,
                    587.1020408163265,
                    594.0204081632653,
                    600.9387755102041,
                    607.8571428571429,
                    614.7755102040817,
                    621.6938775510204,
                    628.6122448979592,
                    635.530612244898,
                    642.4489795918367,
                    649.3673469387755,
                    656.2857142857142,
                    663.204081632653,
                    670.1224489795918,
                    677.0408163265306,
                    683.9591836734694,
                    690.8775510204082,
                    697.795918367347,
                    704.7142857142858,
                    711.6326530612245,
                    718.5510204081633,
                    725.469387755102,
                    732.3877551020408,
                    739.3061224489795,
                    746.2244897959183,
                    753.1428571428571,
                    760.0612244897959,
                    766.9795918367347,
                    773.8979591836735,
                    780.8163265306123,
                    787.7346938775511,
                    794.6530612244899,
                    801.5714285714286,
                    808.4897959183673,
                    815.4081632653061,
                    822.3265306122448,
                    829.2448979591836,
                    836.1632653061224,
                    843.0816326530612,
                    850.0
                ],
                "distribution": [
                    0.0010427528675703858,
                    0.0,
                    0.0020855057351407717,
                    0.0010427528675703858,
                    0.0010427528675703858,
                    0.0005213764337851929,
                    0.0020855057351407717,
                    0.005213764337851929,
                    0.006256517205422315,
                    0.0072992700729927005,
                    0.005213764337851929,
                    0.010948905109489052,
                    0.013034410844629822,
                    0.01929092805005214,
                    0.026068821689259645,
                    0.01981230448383733,
                    0.02867570385818561,
                    0.030761209593326382,
                    0.04223149113660062,
                    0.04953076120959333,
                    0.04535974973931178,
                    0.048488008342022944,
                    0.04640250260688217,
                    0.05735140771637122,
                    0.043795620437956206,
                    0.05526590198123045,
                    0.05474452554744526,
                    0.05526590198123045,
                    0.047966631908237745,
                    0.049009384775808136,
                    0.043795620437956206,
                    0.024504692387904068,
                    0.029197080291970802,
                    0.029718456725755994,
                    0.02346193952033368,
                    0.020855057351407715,
                    0.011991657977059436,
                    0.010427528675703858,
                    0.0072992700729927005,
                    0.004171011470281543,
                    0.004171011470281543,
                    0.0046923879040667365,
                    0.004171011470281543,
                    0.0020855057351407717,
                    0.0005213764337851929,
                    0.0005213764337851929,
                    0.0005213764337851929,
                    0.0005213764337851929,
                    0.0015641293013555788
                ]
            },
            "quantiles": {
                "scale": [
                    562.5,
                    626.02,
                    645.52,
                    661.0,
                    675.5,
                    688.0,
                    700.5,
                    714.5,
                    734.0,
                    798.0
                ],
                "distribution": [
                    0.09593326381647549,
                    0.10427528675703858,
                    0.0954118873826903,
                    0.10062565172054223,
                    0.10218978102189781,
                    0.09124087591240876,
                    0.10583941605839416,
                    0.10062565172054223,
                    0.102711157455683,
                    0.10114702815432743
                ]
            },
            "topValues": [
                {
                    "value": 688.0,
                    "count": 26.0
                },
                {
                    "value": 694.0,
                    "count": 22.0
                },
                {
                    "value": 648.0,
                    "count": 21.0
                },
                {
                    "value": 701.0,
                    "count": 21.0
                },
                {
                    "value": 715.0,
                    "count": 21.0
                },
                {
                    "value": 673.0,
                    "count": 20.0
                },
                {
                    "value": 650.0,
                    "count": 19.0
                },
                {
                    "value": 676.0,
                    "count": 19.0
                },
                {
                    "value": 663.0,
                    "count": 18.0
                },
                {
                    "value": 670.0,
                    "count": 18.0
                },
                {
                    "value": 677.0,
                    "count": 18.0
                },
                {
                    "value": 686.0,
                    "count": 18.0
                },
                {
                    "value": 638.0,
                    "count": 17.0
                },
                {
                    "value": 680.0,
                    "count": 17.0
                },
                {
                    "value": 702.0,
                    "count": 17.0
                },
                {
                    "value": 719.0,
                    "count": 17.0
                },
                {
                    "value": 725.0,
                    "count": 17.0
                },
                {
                    "value": 631.0,
                    "count": 16.0
                },
                {
                    "value": 693.0,
                    "count": 16.0
                },
                {
                    "value": 705.0,
                    "count": 16.0
                },
                {
                    "value": 706.0,
                    "count": 16.0
                },
                {
                    "value": 712.0,
                    "count": 16.0
                },
                {
                    "value": 647.0,
                    "count": 15.0
                },
                {
                    "value": 662.0,
                    "count": 15.0
                },
                {
                    "value": 679.0,
                    "count": 15.0
                },
                {
                    "value": 682.0,
                    "count": 15.0
                },
                {
                    "value": 684.0,
                    "count": 15.0
                },
                {
                    "value": 695.0,
                    "count": 15.0
                },
                {
                    "value": 717.0,
                    "count": 15.0
                },
                {
                    "value": 738.0,
                    "count": 15.0
                },
                {
                    "value": 641.0,
                    "count": 14.0
                },
                {
                    "value": 642.0,
                    "count": 14.0
                },
                {
                    "value": 644.0,
                    "count": 14.0
                },
                {
                    "value": 652.0,
                    "count": 14.0
                },
                {
                    "value": 657.0,
                    "count": 14.0
                },
                {
                    "value": 661.0,
                    "count": 14.0
                },
                {
                    "value": 671.0,
                    "count": 14.0
                },
                {
                    "value": 672.0,
                    "count": 14.0
                },
                {
                    "value": 683.0,
                    "count": 14.0
                },
                {
                    "value": 685.0,
                    "count": 14.0
                },
                {
                    "value": 691.0,
                    "count": 14.0
                },
                {
                    "value": 696.0,
                    "count": 14.0
                },
                {
                    "value": 697.0,
                    "count": 14.0
                },
                {
                    "value": 698.0,
                    "count": 14.0
                },
                {
                    "value": 699.0,
                    "count": 14.0
                },
                {
                    "value": 700.0,
                    "count": 14.0
                },
                {
                    "value": 703.0,
                    "count": 14.0
                },
                {
                    "value": 721.0,
                    "count": 14.0
                },
                {
                    "value": 744.0,
                    "count": 14.0
                },
                {
                    "value": 637.0,
                    "count": 13.0
                }
            ]
        },
        "Total_Years_in_UAE": {
            "type": "NUMERIC",
            "nbDistinct": 41,
            "count": 1918,
            "missingCount": 0.0,
            "histogram": {
                "scale": [
                    0.0,
                    0.8163265306122449,
                    1.6326530612244898,
                    2.4489795918367347,
                    3.2653061224489797,
                    4.081632653061225,
                    4.8979591836734695,
                    5.714285714285714,
                    6.530612244897959,
                    7.346938775510204,
                    8.16326530612245,
                    8.979591836734695,
                    9.795918367346939,
                    10.612244897959183,
                    11.428571428571429,
                    12.244897959183675,
                    13.061224489795919,
                    13.877551020408163,
                    14.693877551020408,
                    15.510204081632654,
                    16.3265306122449,
                    17.142857142857142,
                    17.95918367346939,
                    18.775510204081634,
                    19.591836734693878,
                    20.408163265306122,
                    21.224489795918366,
                    22.040816326530614,
                    22.857142857142858,
                    23.6734693877551,
                    24.48979591836735,
                    25.306122448979593,
                    26.122448979591837,
                    26.93877551020408,
                    27.755102040816325,
                    28.571428571428573,
                    29.387755102040817,
                    30.20408163265306,
                    31.02040816326531,
                    31.836734693877553,
                    32.6530612244898,
                    33.46938775510204,
                    34.285714285714285,
                    35.10204081632653,
                    35.91836734693878,
                    36.734693877551024,
                    37.55102040816327,
                    38.36734693877551,
                    39.183673469387756,
                    40.0
                ],
                "distribution": [
                    0.12200208550573514,
                    0.10062565172054223,
                    0.09958289885297185,
                    0.07820646506777894,
                    0.06725755995828989,
                    0.0,
                    0.058394160583941604,
                    0.05683003128258603,
                    0.05213764337851929,
                    0.04744525547445255,
                    0.0,
                    0.030761209593326382,
                    0.03597497393117831,
                    0.03023983315954119,
                    0.027632950990615225,
                    0.020855057351407715,
                    0.0,
                    0.01929092805005214,
                    0.015119916579770595,
                    0.014598540145985401,
                    0.016684045881126174,
                    0.0,
                    0.011991657977059436,
                    0.01251303441084463,
                    0.006256517205422315,
                    0.013555787278415016,
                    0.0046923879040667365,
                    0.0,
                    0.006256517205422315,
                    0.006256517205422315,
                    0.006256517205422315,
                    0.006256517205422315,
                    0.0,
                    0.0046923879040667365,
                    0.0026068821689259644,
                    0.0020855057351407717,
                    0.0020855057351407717,
                    0.0046923879040667365,
                    0.0,
                    0.0005213764337851929,
                    0.0020855057351407717,
                    0.0005213764337851929,
                    0.0010427528675703858,
                    0.0,
                    0.0036496350364963502,
                    0.0015641293013555788,
                    0.0005213764337851929,
                    0.0015641293013555788,
                    0.0046923879040667365
                ]
            },
            "quantiles": {
                "scale": [
                    0.0,
                    0.5,
                    1.5,
                    2.5,
                    4.0,
                    6.0,
                    8.0,
                    10.5,
                    15.0,
                    29.0
                ],
                "distribution": [
                    0.0,
                    0.12200208550573514,
                    0.10062565172054223,
                    0.09958289885297185,
                    0.1454640250260688,
                    0.11522419186652763,
                    0.09958289885297185,
                    0.09697601668404589,
                    0.11418143899895725,
                    0.10636079249217935
                ]
            },
            "topValues": [
                {
                    "value": 0.0,
                    "count": 234.0
                },
                {
                    "value": 1.0,
                    "count": 193.0
                },
                {
                    "value": 2.0,
                    "count": 191.0
                },
                {
                    "value": 3.0,
                    "count": 150.0
                },
                {
                    "value": 4.0,
                    "count": 129.0
                },
                {
                    "value": 5.0,
                    "count": 112.0
                },
                {
                    "value": 6.0,
                    "count": 109.0
                },
                {
                    "value": 7.0,
                    "count": 100.0
                },
                {
                    "value": 8.0,
                    "count": 91.0
                },
                {
                    "value": 10.0,
                    "count": 69.0
                },
                {
                    "value": 9.0,
                    "count": 59.0
                },
                {
                    "value": 11.0,
                    "count": 58.0
                },
                {
                    "value": 12.0,
                    "count": 53.0
                },
                {
                    "value": 13.0,
                    "count": 40.0
                },
                {
                    "value": 14.0,
                    "count": 37.0
                },
                {
                    "value": 17.0,
                    "count": 32.0
                },
                {
                    "value": 15.0,
                    "count": 29.0
                },
                {
                    "value": 16.0,
                    "count": 28.0
                },
                {
                    "value": 21.0,
                    "count": 26.0
                },
                {
                    "value": 19.0,
                    "count": 24.0
                },
                {
                    "value": 18.0,
                    "count": 23.0
                },
                {
                    "value": 20.0,
                    "count": 12.0
                },
                {
                    "value": 23.0,
                    "count": 12.0
                },
                {
                    "value": 24.0,
                    "count": 12.0
                },
                {
                    "value": 25.0,
                    "count": 12.0
                },
                {
                    "value": 26.0,
                    "count": 12.0
                },
                {
                    "value": 22.0,
                    "count": 9.0
                },
                {
                    "value": 27.0,
                    "count": 9.0
                },
                {
                    "value": 31.0,
                    "count": 9.0
                },
                {
                    "value": 40.0,
                    "count": 9.0
                },
                {
                    "value": 36.0,
                    "count": 7.0
                },
                {
                    "value": 28.0,
                    "count": 5.0
                },
                {
                    "value": 29.0,
                    "count": 4.0
                },
                {
                    "value": 33.0,
                    "count": 4.0
                },
                {
                    "value": 30.0,
                    "count": 4.0
                },
                {
                    "value": 39.0,
                    "count": 3.0
                },
                {
                    "value": 37.0,
                    "count": 3.0
                },
                {
                    "value": 35.0,
                    "count": 2.0
                },
                {
                    "value": 32.0,
                    "count": 1.0
                },
                {
                    "value": 34.0,
                    "count": 1.0
                },
                {
                    "value": 38.0,
                    "count": 1.0
                }
            ]
        },
        "Children": {
            "type": "NUMERIC",
            "nbDistinct": 5,
            "count": 1918,
            "missingCount": 0.0,
            "histogram": {
                "scale": [
                    0.0,
                    0.08163265306122448,
                    0.16326530612244897,
                    0.24489795918367346,
                    0.32653061224489793,
                    0.4081632653061224,
                    0.4897959183673469,
                    0.5714285714285714,
                    0.6530612244897959,
                    0.7346938775510203,
                    0.8163265306122448,
                    0.8979591836734693,
                    0.9795918367346939,
                    1.0612244897959182,
                    1.1428571428571428,
                    1.2244897959183672,
                    1.3061224489795917,
                    1.3877551020408163,
                    1.4693877551020407,
                    1.5510204081632653,
                    1.6326530612244896,
                    1.7142857142857142,
                    1.7959183673469385,
                    1.8775510204081631,
                    1.9591836734693877,
                    2.0408163265306123,
                    2.1224489795918364,
                    2.204081632653061,
                    2.2857142857142856,
                    2.36734693877551,
                    2.4489795918367343,
                    2.530612244897959,
                    2.6122448979591835,
                    2.693877551020408,
                    2.7755102040816326,
                    2.8571428571428568,
                    2.9387755102040813,
                    3.020408163265306,
                    3.1020408163265305,
                    3.1836734693877546,
                    3.265306122448979,
                    3.346938775510204,
                    3.4285714285714284,
                    3.510204081632653,
                    3.591836734693877,
                    3.6734693877551017,
                    3.7551020408163263,
                    3.836734693877551,
                    3.9183673469387754,
                    4.0
                ],
                "distribution": [
                    0.3023983315954119,
                    0.0,
                    0.0,
                    0.0,
                    0.0,
                    0.0,
                    0.0,
                    0.0,
                    0.0,
                    0.0,
                    0.0,
                    0.0,
                    0.3988529718456726,
                    0.0,
                    0.0,
                    0.0,
                    0.0,
                    0.0,
                    0.0,
                    0.0,
                    0.0,
                    0.0,
                    0.0,
                    0.0,
                    0.18873826903023982,
                    0.0,
                    0.0,
                    0.0,
                    0.0,
                    0.0,
                    0.0,
                    0.0,
                    0.0,
                    0.0,
                    0.0,
                    0.0,
                    0.09019812304483837,
                    0.0,
                    0.0,
                    0.0,
                    0.0,
                    0.0,
                    0.0,
                    0.0,
                    0.0,
                    0.0,
                    0.0,
                    0.0,
                    0.01981230448383733
                ]
            },
            "quantiles": {
                "scale": [
                    0.0,
                    0.0,
                    0.0,
                    0.5,
                    1.0,
                    1.0,
                    1.0,
                    1.5,
                    2.5,
                    3.5
                ],
                "distribution": [
                    0.0,
                    0.0,
                    0.0,
                    0.3023983315954119,
                    0.0,
                    0.0,
                    0.0,
                    0.3988529718456726,
                    0.18873826903023982,
                    0.11001042752867571
                ]
            },
            "topValues": [
                {
                    "value": 1.0,
                    "count": 765.0
                },
                {
                    "value": 0.0,
                    "count": 580.0
                },
                {
                    "value": 2.0,
                    "count": 362.0
                },
                {
                    "value": 3.0,
                    "count": 173.0
                },
                {
                    "value": 4.0,
                    "count": 38.0
                }
            ]
        },
        "Age": {
            "type": "NUMERIC",
            "nbDistinct": 52,
            "count": 1918,
            "missingCount": 0.0,
            "histogram": {
                "scale": [
                    18.0,
                    19.040816326530614,
                    20.081632653061224,
                    21.122448979591837,
                    22.163265306122447,
                    23.20408163265306,
                    24.244897959183675,
                    25.285714285714285,
                    26.3265306122449,
                    27.367346938775512,
                    28.408163265306122,
                    29.448979591836736,
                    30.48979591836735,
                    31.53061224489796,
                    32.57142857142857,
                    33.61224489795919,
                    34.6530612244898,
                    35.69387755102041,
                    36.734693877551024,
                    37.775510204081634,
                    38.816326530612244,
                    39.85714285714286,
                    40.89795918367347,
                    41.93877551020408,
                    42.9795918367347,
                    44.02040816326531,
                    45.06122448979592,
                    46.102040816326536,
                    47.142857142857146,
                    48.183673469387756,
                    49.22448979591837,
                    50.26530612244898,
                    51.30612244897959,
                    52.3469387755102,
                    53.38775510204082,
                    54.42857142857143,
                    55.46938775510204,
                    56.51020408163266,
                    57.55102040816327,
                    58.59183673469388,
                    59.63265306122449,
                    60.673469387755105,
                    61.714285714285715,
                    62.755102040816325,
                    63.79591836734694,
                    64.83673469387756,
                    65.87755102040816,
                    66.91836734693878,
                    67.9591836734694,
                    69.0
                ],
                "distribution": [
                    0.040145985401459854,
                    0.017205422314911366,
                    0.01981230448383733,
                    0.020333680917622523,
                    0.01564129301355579,
                    0.013555787278415016,
                    0.022419186652763295,
                    0.01981230448383733,
                    0.017726798748696558,
                    0.016684045881126174,
                    0.01929092805005214,
                    0.014598540145985401,
                    0.018769551616266946,
                    0.01981230448383733,
                    0.016684045881126174,
                    0.01981230448383733,
                    0.020333680917622523,
                    0.01824817518248175,
                    0.017205422314911366,
                    0.01981230448383733,
                    0.020855057351407715,
                    0.022940563086548488,
                    0.01616266944734098,
                    0.022419186652763295,
                    0.045881126173096975,
                    0.022940563086548488,
                    0.017726798748696558,
                    0.018769551616266946,
                    0.015119916579770595,
                    0.01981230448383733,
                    0.025547445255474453,
                    0.01824817518248175,
                    0.020855057351407715,
                    0.01824817518248175,
                    0.023983315954118872,
                    0.017726798748696558,
                    0.02346193952033368,
                    0.020333680917622523,
                    0.015119916579770595,
                    0.014598540145985401,
                    0.011470281543274244,
                    0.02137643378519291,
                    0.020333680917622523,
                    0.015119916579770595,
                    0.02502606882168926,
                    0.014077163712200209,
                    0.024504692387904068,
                    0.020855057351407715,
                    0.03858185610010428
                ]
            },
            "quantiles": {
                "scale": [
                    20.5,
                    25.5,
                    31.0,
                    36.5,
                    41.0,
                    46.0,
                    51.5,
                    56.5,
                    61.5,
                    66.5
                ],
                "distribution": [
                    0.09749739311783108,
                    0.08915537017726799,
                    0.10583941605839416,
                    0.0954118873826903,
                    0.08237747653806048,
                    0.12043795620437957,
                    0.102711157455683,
                    0.10062565172054223,
                    0.08289885297184567,
                    0.12304483837330553
                ]
            },
            "topValues": [
                {
                    "value": 43.0,
                    "count": 60.0
                },
                {
                    "value": 50.0,
                    "count": 49.0
                },
                {
                    "value": 19.0,
                    "count": 48.0
                },
                {
                    "value": 64.0,
                    "count": 48.0
                },
                {
                    "value": 66.0,
                    "count": 47.0
                },
                {
                    "value": 54.0,
                    "count": 46.0
                },
                {
                    "value": 56.0,
                    "count": 45.0
                },
                {
                    "value": 40.0,
                    "count": 44.0
                },
                {
                    "value": 45.0,
                    "count": 44.0
                },
                {
                    "value": 68.0,
                    "count": 44.0
                },
                {
                    "value": 25.0,
                    "count": 43.0
                },
                {
                    "value": 42.0,
                    "count": 43.0
                },
                {
                    "value": 61.0,
                    "count": 41.0
                },
                {
                    "value": 39.0,
                    "count": 40.0
                },
                {
                    "value": 52.0,
                    "count": 40.0
                },
                {
                    "value": 67.0,
                    "count": 40.0
                },
                {
                    "value": 22.0,
                    "count": 39.0
                },
                {
                    "value": 35.0,
                    "count": 39.0
                },
                {
                    "value": 57.0,
                    "count": 39.0
                },
                {
                    "value": 62.0,
                    "count": 39.0
                },
                {
                    "value": 21.0,
                    "count": 38.0
                },
                {
                    "value": 26.0,
                    "count": 38.0
                },
                {
                    "value": 32.0,
                    "count": 38.0
                },
                {
                    "value": 34.0,
                    "count": 38.0
                },
                {
                    "value": 38.0,
                    "count": 38.0
                },
                {
                    "value": 49.0,
                    "count": 38.0
                },
                {
                    "value": 29.0,
                    "count": 37.0
                },
                {
                    "value": 31.0,
                    "count": 36.0
                },
                {
                    "value": 47.0,
                    "count": 36.0
                },
                {
                    "value": 36.0,
                    "count": 35.0
                },
                {
                    "value": 51.0,
                    "count": 35.0
                },
                {
                    "value": 53.0,
                    "count": 35.0
                },
                {
                    "value": 27.0,
                    "count": 34.0
                },
                {
                    "value": 46.0,
                    "count": 34.0
                },
                {
                    "value": 55.0,
                    "count": 34.0
                },
                {
                    "value": 20.0,
                    "count": 33.0
                },
                {
                    "value": 37.0,
                    "count": 33.0
                },
                {
                    "value": 28.0,
                    "count": 32.0
                },
                {
                    "value": 33.0,
                    "count": 32.0
                },
                {
                    "value": 41.0,
                    "count": 31.0
                },
                {
                    "value": 23.0,
                    "count": 30.0
                },
                {
                    "value": 69.0,
                    "count": 30.0
                },
                {
                    "value": 18.0,
                    "count": 29.0
                },
                {
                    "value": 48.0,
                    "count": 29.0
                },
                {
                    "value": 58.0,
                    "count": 29.0
                },
                {
                    "value": 63.0,
                    "count": 29.0
                },
                {
                    "value": 30.0,
                    "count": 28.0
                },
                {
                    "value": 44.0,
                    "count": 28.0
                },
                {
                    "value": 59.0,
                    "count": 28.0
                },
                {
                    "value": 65.0,
                    "count": 27.0
                }
            ]
        },
        "Shopping_Interest1": {
            "type": "CATEGORY",
            "nbDistinct": 2,
            "count": 1918,
            "missingCount": 0.0,
            "values": {
                "scale": [
                    "true",
                    "false"
                ],
                "distribution": [
                    0.8154327424400417,
                    0.1845672575599583
                ]
            }
        }
    }
}