{
    "perClassFacts": {
        "unique": {
            "Has_Loan": {
                "impact": 1.0914295679438462,
                "rank": 2,
                "feature": "Has_Loan",
                "positiveCategoricalValue": "false",
                "negativeCategoricalValue": "true",
                "infoGain": 0.6130347107037318,
                "type": "CATEGORICAL"
            },
            "Shopping_Interest1": {
                "impact": 0.045231392862219715,
                "rank": 6,
                "feature": "Shopping_Interest1",
                "positiveCategoricalValue": "true",
                "negativeCategoricalValue": "true",
                "infoGain": 0.5095066339675122,
                "type": "CATEGORICAL"
            }
        }
    }
}