{
    "modelInputNRows": 1918,
    "modelInputNCols": 37,
    "modelInputIsSparse": false,
    "modelInputMemory": 567728,
    "rawImportance": {
        "variables": [
            "Income",
            "Avg_Online_Spending_AED",
            "Credit_Score",
            "Total_Years_in_UAE",
            "Age",
            "dummy:Has_Loan:true",
            "dummy:Shopping_Interest1:false"
        ],
        "importances": [
            0.2175867025784708,
            0.1620819722706308,
            0.17273548703367633,
            0.1637332030551881,
            2.9340079386609405e-16,
            0.2789108214846935,
            0.004951813577340205
        ]
    },
    "probaAware": true
}