{
    "metrics": {},
    "processed_feature_names": [
        "Income",
        "Visits_to_Branch",
        "Avg_Online_Spending_AED",
        "Credit_Score",
        "Total_Years_in_UAE",
        "Children",
        "Age",
        "dummy:Marital_Status:Married",
        "dummy:Marital_Status:Single",
        "dummy:Marital_Status:Divorced",
        "dummy:Marital_Status:N/A",
        "dummy:Marital_Status:__Others__",
        "dummy:Emirate:Dubai",
        "dummy:Emirate:Sharjah",
        "dummy:Emirate:Abu Dhabi",
        "dummy:Emirate:Ajman",
        "dummy:Emirate:Fujairah",
        "dummy:Emirate:Umm Al Quwain",
        "dummy:Emirate:Ras Al Khaimah",
        "dummy:Emirate:N/A",
        "dummy:Emirate:__Others__",
        "dummy:Job_Type:Sales",
        "dummy:Job_Type:Healthcare",
        "dummy:Job_Type:Manager",
        "dummy:Job_Type:Engineer",
        "dummy:Job_Type:Clerk",
        "dummy:Job_Type:IT",
        "dummy:Job_Type:N/A",
        "dummy:Job_Type:__Others__",
        "dummy:Has_Loan:false",
        "dummy:Has_Loan:true",
        "dummy:Has_Loan:N/A",
        "dummy:Has_Loan:__Others__",
        "dummy:Shopping_Interest1:true",
        "dummy:Shopping_Interest1:false",
        "dummy:Shopping_Interest1:N/A",
        "dummy:Shopping_Interest1:__Others__"
    ],
    "optimalThreshold": 0.025,
    "usedThreshold": 0.025,
    "perCutData": {
        "cut": [
            0.0,
            0.025,
            0.05,
            0.075,
            0.1,
            0.125,
            0.15,
            0.175,
            0.2,
            0.225,
            0.25,
            0.275,
            0.3,
            0.325,
            0.35,
            0.375,
            0.4,
            0.425,
            0.45,
            0.475,
            0.5,
            0.525,
            0.55,
            0.575,
            0.6,
            0.625,
            0.65,
            0.675,
            0.7,
            0.725,
            0.75,
            0.775,
            0.8,
            0.825,
            0.85,
            0.875,
            0.9,
            0.925,
            0.95,
            0.975
        ],
        "tp": [
            425,
            424,
            424,
            414,
            414,
            402,
            401,
            401,
            401,
            392,
            378,
            378,
            378,
            378,
            376,
            376,
            376,
            376,
            375,
            375,
            375,
            375,
            375,
            375,
            375,
            375,
            375,
            375,
            375,
            375,
            375,
            375,
            375,
            375,
            375,
            375,
            375,
            375,
            375,
            375
        ],
        "tn": [
            10,
            19,
            19,
            28,
            28,
            36,
            36,
            36,
            38,
            41,
            52,
            52,
            52,
            52,
            55,
            55,
            55,
            55,
            55,
            55,
            55,
            55,
            55,
            55,
            55,
            55,
            55,
            55,
            55,
            55,
            55,
            55,
            55,
            55,
            55,
            55,
            55,
            55,
            55,
            55
        ],
        "fp": [
            46,
            37,
            37,
            28,
            28,
            20,
            20,
            20,
            18,
            15,
            4,
            4,
            4,
            4,
            1,
            1,
            1,
            1,
            1,
            1,
            1,
            1,
            1,
            1,
            1,
            1,
            1,
            1,
            1,
            1,
            1,
            1,
            1,
            1,
            1,
            1,
            1,
            1,
            1,
            1
        ],
        "fn": [
            1,
            2,
            2,
            12,
            12,
            24,
            25,
            25,
            25,
            34,
            48,
            48,
            48,
            48,
            50,
            50,
            50,
            50,
            51,
            51,
            51,
            51,
            51,
            51,
            51,
            51,
            51,
            51,
            51,
            51,
            51,
            51,
            51,
            51,
            51,
            51,
            51,
            51,
            51,
            51
        ],
        "precision": [
            0.9023354564755839,
            0.9197396963123644,
            0.9197396963123644,
            0.9366515837104072,
            0.9366515837104072,
            0.95260663507109,
            0.9524940617577197,
            0.9524940617577197,
            0.9570405727923628,
            0.9631449631449631,
            0.9895287958115183,
            0.9895287958115183,
            0.9895287958115183,
            0.9895287958115183,
            0.9973474801061007,
            0.9973474801061007,
            0.9973474801061007,
            0.9973474801061007,
            0.9973404255319149,
            0.9973404255319149,
            0.9973404255319149,
            0.9973404255319149,
            0.9973404255319149,
            0.9973404255319149,
            0.9973404255319149,
            0.9973404255319149,
            0.9973404255319149,
            0.9973404255319149,
            0.9973404255319149,
            0.9973404255319149,
            0.9973404255319149,
            0.9973404255319149,
            0.9973404255319149,
            0.9973404255319149,
            0.9973404255319149,
            0.9973404255319149,
            0.9973404255319149,
            0.9973404255319149,
            0.9973404255319149,
            0.9973404255319149
        ],
        "recall": [
            0.9976525821596244,
            0.9953051643192489,
            0.9953051643192489,
            0.971830985915493,
            0.971830985915493,
            0.9436619718309859,
            0.9413145539906104,
            0.9413145539906104,
            0.9413145539906104,
            0.92018779342723,
            0.8873239436619719,
            0.8873239436619719,
            0.8873239436619719,
            0.8873239436619719,
            0.8826291079812206,
            0.8826291079812206,
            0.8826291079812206,
            0.8826291079812206,
            0.8802816901408451,
            0.8802816901408451,
            0.8802816901408451,
            0.8802816901408451,
            0.8802816901408451,
            0.8802816901408451,
            0.8802816901408451,
            0.8802816901408451,
            0.8802816901408451,
            0.8802816901408451,
            0.8802816901408451,
            0.8802816901408451,
            0.8802816901408451,
            0.8802816901408451,
            0.8802816901408451,
            0.8802816901408451,
            0.8802816901408451,
            0.8802816901408451,
            0.8802816901408451,
            0.8802816901408451,
            0.8802816901408451,
            0.8802816901408451
        ],
        "accuracy": [
            0.9024896265560166,
            0.9190871369294605,
            0.9190871369294605,
            0.91701244813278,
            0.91701244813278,
            0.9087136929460581,
            0.9066390041493776,
            0.9066390041493776,
            0.9107883817427386,
            0.8983402489626556,
            0.8921161825726142,
            0.8921161825726142,
            0.8921161825726142,
            0.8921161825726142,
            0.8941908713692946,
            0.8941908713692946,
            0.8941908713692946,
            0.8941908713692946,
            0.8921161825726142,
            0.8921161825726142,
            0.8921161825726142,
            0.8921161825726142,
            0.8921161825726142,
            0.8921161825726142,
            0.8921161825726142,
            0.8921161825726142,
            0.8921161825726142,
            0.8921161825726142,
            0.8921161825726142,
            0.8921161825726142,
            0.8921161825726142,
            0.8921161825726142,
            0.8921161825726142,
            0.8921161825726142,
            0.8921161825726142,
            0.8921161825726142,
            0.8921161825726142,
            0.8921161825726142,
            0.8921161825726142,
            0.8921161825726142
        ],
        "f1": [
            0.947603121516165,
            0.9560315670800451,
            0.9560315670800451,
            0.9539170506912442,
            0.9539170506912442,
            0.9481132075471698,
            0.9468713105076741,
            0.9468713105076741,
            0.949112426035503,
            0.9411764705882352,
            0.9356435643564357,
            0.9356435643564357,
            0.9356435643564357,
            0.9356435643564357,
            0.9364881693648817,
            0.9364881693648817,
            0.9364881693648817,
            0.9364881693648817,
            0.9351620947630924,
            0.9351620947630924,
            0.9351620947630924,
            0.9351620947630924,
            0.9351620947630924,
            0.9351620947630924,
            0.9351620947630924,
            0.9351620947630924,
            0.9351620947630924,
            0.9351620947630924,
            0.9351620947630924,
            0.9351620947630924,
            0.9351620947630924,
            0.9351620947630924,
            0.9351620947630924,
            0.9351620947630924,
            0.9351620947630924,
            0.9351620947630924,
            0.9351620947630924,
            0.9351620947630924,
            0.9351620947630924,
            0.9351620947630924
        ],
        "mcc": [
            0.3781438992672617,
            0.5252339622631409,
            0.5252339622631409,
            0.5480802353914447,
            0.5480802353914447,
            0.5693104200457617,
            0.5630323635802645,
            0.5630323635802645,
            0.589295795675184,
            0.5766851412540616,
            0.6447652181393433,
            0.6447652181393433,
            0.6447652181393433,
            0.6447652181393433,
            0.6713285085666267,
            0.6713285085666267,
            0.6713285085666267,
            0.6713285085666267,
            0.6672261630097769,
            0.6672261630097769,
            0.6672261630097769,
            0.6672261630097769,
            0.6672261630097769,
            0.6672261630097769,
            0.6672261630097769,
            0.6672261630097769,
            0.6672261630097769,
            0.6672261630097769,
            0.6672261630097769,
            0.6672261630097769,
            0.6672261630097769,
            0.6672261630097769,
            0.6672261630097769,
            0.6672261630097769,
            0.6672261630097769,
            0.6672261630097769,
            0.6672261630097769,
            0.6672261630097769,
            0.6672261630097769,
            0.6672261630097769
        ],
        "hammingLoss": [
            0.09751037344398339,
            0.08091286307053946,
            0.08091286307053946,
            0.08298755186721996,
            0.08298755186721996,
            0.09128630705394192,
            0.09336099585062241,
            0.09336099585062241,
            0.08921161825726143,
            0.10165975103734437,
            0.10788381742738584,
            0.10788381742738584,
            0.10788381742738584,
            0.10788381742738584,
            0.10580912863070535,
            0.10580912863070535,
            0.10580912863070535,
            0.10580912863070535,
            0.10788381742738584,
            0.10788381742738584,
            0.10788381742738584,
            0.10788381742738584,
            0.10788381742738584,
            0.10788381742738584,
            0.10788381742738584,
            0.10788381742738584,
            0.10788381742738584,
            0.10788381742738584,
            0.10788381742738584,
            0.10788381742738584,
            0.10788381742738584,
            0.10788381742738584,
            0.10788381742738584,
            0.10788381742738584,
            0.10788381742738584,
            0.10788381742738584,
            0.10788381742738584,
            0.10788381742738584,
            0.10788381742738584,
            0.10788381742738584
        ],
        "assertionsMetrics": [],
        "overridesMetrics": []
    },
    "tiMetrics": {
        "auc": 0.948943661971831,
        "logLoss": 0.3721324526702442,
        "lift": 1.131455399061033,
        "averagePrecision": 0.9914124556530218,
        "calibrationLoss": 0.07837571413546339
    },
    "probaPercentiles": [
        0.0,
        0.0,
        0.004071509765423167,
        0.004071509765423167,
        0.0541357515801044,
        0.05838367719138262,
        0.05838367719138262,
        0.05838367719138262,
        0.10599061241906454,
        0.10599061241906454,
        0.10599061241906454,
        0.10599061241906454,
        0.2028432926301204,
        0.21752403221616004,
        0.21752403221616004,
        0.22632367632367648,
        0.22632367632367648,
        0.22632367632367648,
        0.233862590888856,
        0.233862590888856,
        0.3399808245445829,
        0.8967916041979053,
        1.0,
        1.0,
        1.0,
        1.0,
        1.0,
        1.0,
        1.0,
        1.0,
        1.0,
        1.0,
        1.0,
        1.0,
        1.0,
        1.0,
        1.0,
        1.0,
        1.0,
        1.0,
        1.0,
        1.0,
        1.0,
        1.0,
        1.0,
        1.0,
        1.0,
        1.0,
        1.0,
        1.0,
        1.0,
        1.0,
        1.0,
        1.0,
        1.0,
        1.0,
        1.0,
        1.0,
        1.0,
        1.0,
        1.0,
        1.0,
        1.0,
        1.0,
        1.0,
        1.0,
        1.0,
        1.0,
        1.0,
        1.0,
        1.0,
        1.0,
        1.0,
        1.0,
        1.0,
        1.0,
        1.0,
        1.0,
        1.0,
        1.0,
        1.0,
        1.0,
        1.0,
        1.0,
        1.0,
        1.0,
        1.0,
        1.0,
        1.0,
        1.0,
        1.0,
        1.0,
        1.0,
        1.0,
        1.0,
        1.0,
        1.0,
        1.0,
        1.0
    ],
    "rocVizData": [
        [
            {
                "x": 0.0,
                "y": 0.0,
                "p": 2.0
            },
            {
                "x": 0.017857142857142856,
                "y": 0.8802816901408451,
                "p": 1.0
            },
            {
                "x": 0.07142857142857142,
                "y": 0.8873239436619719,
                "p": 0.3399808245445829
            },
            {
                "x": 0.17857142857142858,
                "y": 0.8990610328638498,
                "p": 0.233862590888856
            },
            {
                "x": 0.26785714285714285,
                "y": 0.92018779342723,
                "p": 0.22632367632367648
            },
            {
                "x": 0.32142857142857145,
                "y": 0.9413145539906104,
                "p": 0.21752403221616004
            },
            {
                "x": 0.5,
                "y": 0.971830985915493,
                "p": 0.10599061241906454
            },
            {
                "x": 0.6071428571428571,
                "y": 0.9859154929577465,
                "p": 0.05838367719138262
            },
            {
                "x": 0.6607142857142857,
                "y": 0.9953051643192489,
                "p": 0.0541357515801044
            },
            {
                "x": 0.8214285714285714,
                "y": 0.9976525821596244,
                "p": 0.004071509765423167
            },
            {
                "x": 1.0,
                "y": 1.0,
                "p": 0.0
            }
        ]
    ],
    "liftVizData": {
        "bins": [
            {
                "bin_pos_prop": 0.8838174274,
                "bin_lift": 1.0,
                "cum_lift": 1.0,
                "cum_size": 1.0,
                "bin_min": 0.0,
                "bin_max": 1.0,
                "percentile_idx": 0
            }
        ],
        "wizard": {
            "positives": 426,
            "total": 482
        }
    },
    "prVizData": [
        {
            "bins": [
                {
                    "x": 1.0,
                    "y": 0.8838174273858921,
                    "p": 0.0
                },
                {
                    "x": 0.971830985915493,
                    "y": 0.9366515837104072,
                    "p": 0.10599061241906454
                },
                {
                    "x": 0.92018779342723,
                    "y": 0.9631449631449631,
                    "p": 0.22632367632367648
                },
                {
                    "x": 0.8826291079812206,
                    "y": 0.9973474801061007,
                    "p": 0.4266200233216724
                },
                {
                    "x": 0.8802816901408451,
                    "y": 0.9973404255319149,
                    "p": 1.0
                }
            ],
            "positiveRate": 0.8838174273858921
        }
    ],
    "densityData": {
        "false": {
            "actualIsThisClass": [
                0.09533980002032895,
                0.09448119277543941,
                0.09193485388138602,
                0.08783724484038881,
                0.08240259940234711,
                0.07590437535854129,
                0.06865250707509021,
                0.0609690860049959,
                0.0531651029852179,
                0.045520531732664425,
                0.03826940284159468,
                0.031590735446140474,
                0.025605394992143374,
                0.020378251362633486,
                0.015924508692879782,
                0.012218808604421878,
                0.009205669424810638,
                0.006809976062808467,
                0.004946516965586758,
                0.003527907291065093,
                0.0024705786622680375,
                0.0016988086335652378,
                0.0011469798000400659,
                0.000760390810635039,
                0.0004949960533098681,
                0.0003164438185304735,
                0.00019873480480248255,
                0.0001227539618605557,
                7.485547993240775e-05,
                4.561498695670839e-05,
                2.8811552598754616e-05,
                2.0667637048657682e-05,
                1.9357429656716602e-05,
                2.4791061300126806e-05,
                3.869097471235988e-05,
                6.49938589204441e-05,
                0.0001106331541206073,
                0.0001867787386074603,
                0.00031062658063054255,
                0.0005078352652041009,
                0.0008156908063406377,
                0.0012870383355667464,
                0.001994943013857921,
                0.0030379308588184026,
                0.004545518286443528,
                0.006683582244600164,
                0.009658977724583242,
                0.013722713744652473,
                0.019170996127871702,
                0.02634357581898033,
                0.035619128968526995,
                0.04740783204364502,
                0.06214183001055975,
                0.08026482647870478,
                0.10222240699852934,
                0.12845477626276985,
                0.15939320257731063,
                0.19546054498886656,
                0.2370748370388286,
                0.2846532185494539,
                0.33861190229115523,
                0.39935680840365295,
                0.46725949061367256,
                0.5426144027711999,
                0.6255765543262224,
                0.7160829621036856,
                0.8137663992452966,
                0.9178747890901586,
                1.0272130099761136,
                1.1401247298904968,
                1.2545293745757853,
                1.3680232405214618,
                1.4780446405453402,
                1.5820921128354994,
                1.6779740011686608,
                1.764059213449196,
                1.8394945600508499,
                1.9043549881296944,
                1.9596995277148705,
                2.0075170418446495,
                2.050560173855004,
                2.092080859721233,
                2.1354939583065025,
                2.184004876170825,
                2.240241251167627,
                2.3059275371932757,
                2.381635394791875,
                2.466633545841023,
                2.558849923189018,
                2.654948168608708,
                2.7505110081310327,
                2.8403153780777095,
                2.9186784510597255,
                2.9798496282243194,
                3.0184207571702872,
                3.0297251224825352,
                3.0101952838793675,
                2.9576510607325135,
                2.871492469179932,
                2.7527786557380622
            ],
            "actualIsNotThisClass": [
                4.058849652846519,
                4.031556108237052,
                3.9502387107124437,
                3.8181664854077497,
                3.6405522647410806,
                3.424211391693764,
                3.1771283045071197,
                2.907969371577822,
                2.6255832357128788,
                2.338528365243304,
                2.0546619672317576,
                1.7808158436191381,
                1.522574420053166,
                1.284159409076383,
                1.068415649433629,
                0.8768845986957545,
                0.7099463912811551,
                0.5670085517641482,
                0.44671924382784095,
                0.347184911785396,
                0.26617571906123316,
                0.2013066184212833,
                0.15018654583660052,
                0.11053256836074893,
                0.08024944881428951,
                0.05747780106498548,
                0.040615743035272836,
                0.028319781105545717,
                0.019490735711202693,
                0.013250043179190835,
                0.008910949065085105,
                0.005948128284512875,
                0.003968274481486555,
                0.002683298533786797,
                0.0018870242952246706,
                0.0014356928622380615,
                0.0012321820537030093,
                0.0012135952064711373,
                0.0013417436951365404,
                0.0015960093447912503,
                0.001968096808244509,
                0.002458247296304528,
                0.0030725645145608187,
                0.003821187259856798,
                0.004717121285574606,
                0.005775609566483967,
                0.00701397118157523,
                0.008451872494002708,
                0.010112009057437072,
                0.012021172539845252,
                0.014211654707733553,
                0.01672290212944802,
                0.019603284238592887,
                0.02291177910793895,
                0.026719323130478544,
                0.031109522174075123,
                0.03617839355985168,
                0.042032811833549996,
                0.048787377197959406,
                0.0565595211487513,
                0.06546281162877031,
                0.07559861492255118,
                0.08704649977781335,
                0.09985400787749665,
                0.1140266327917231,
                0.1295190109515909,
                0.14622839693929574,
                0.16399144148128467,
                0.18258509660627625,
                0.20173213952865657,
                0.22111135795960393,
                0.24037191996303928,
                0.25915092477806856,
                0.27709267137477117,
                0.29386786257519604,
                0.30919084508047046,
                0.32283310572749013,
                0.3346316044467525,
                0.3444910905047239,
                0.3523802522848978,
                0.3583222984242252,
                0.3623812545949129,
                0.36464578595535696,
                0.365212642352783,
                0.36417182863416697,
                0.36159532500436636,
                0.35753066381066556,
                0.35199998652528375,
                0.34500445791517687,
                0.33653320984625235,
                0.32657542106282444,
                0.3151337832374531,
                0.30223749504793895,
                0.2879530647579018,
                0.27239155253828023,
                0.2557113844014715,
                0.2381164425131844,
                0.21984970150375213,
                0.20118316606688208,
                0.18240521869155482
            ],
            "actualIsThisClassMedian": 0.9178128551947764,
            "actualIsNotThisClassMedian": 0.0
        },
        "true": {
            "actualIsThisClass": [
                0.18240521869155515,
                0.20118316606688208,
                0.21984970150375252,
                0.2381164425131844,
                0.255711384401472,
                0.27239155253828023,
                0.2879530647579018,
                0.30223749504793895,
                0.3151337832374531,
                0.3265754210628248,
                0.3365332098462527,
                0.34500445791517687,
                0.35199998652528375,
                0.3575306638106659,
                0.36159532500436636,
                0.36417182863416697,
                0.365212642352783,
                0.36464578595535696,
                0.36238125459491255,
                0.3583222984242249,
                0.3523802522848978,
                0.3444910905047239,
                0.3346316044467525,
                0.32283310572749013,
                0.3091908450804702,
                0.29386786257519604,
                0.27709267137477095,
                0.25915092477806856,
                0.24037191996303928,
                0.22111135795960393,
                0.2017321395286564,
                0.18258509660627592,
                0.16399144148128467,
                0.14622839693929546,
                0.12951901095159069,
                0.11402663279172301,
                0.09985400787749651,
                0.08704649977781324,
                0.07559861492255107,
                0.06546281162877025,
                0.05655952114875122,
                0.04878737719795936,
                0.04203281183354998,
                0.03617839355985163,
                0.03110952217407511,
                0.026719323130478496,
                0.02291177910793894,
                0.01960328423859287,
                0.016722902129448002,
                0.014211654707733553,
                0.012021172539845252,
                0.010112009057437072,
                0.0084518724940027,
                0.00701397118157523,
                0.005775609566483956,
                0.004717121285574606,
                0.0038211872598567917,
                0.0030725645145608187,
                0.002458247296304528,
                0.0019680968082445073,
                0.0015960093447912518,
                0.0013417436951365404,
                0.0012135952064711384,
                0.0012321820537030126,
                0.001435692862238069,
                0.0018870242952246773,
                0.0026832985337868066,
                0.003968274481486562,
                0.005948128284512906,
                0.008910949065085112,
                0.013250043179190884,
                0.019490735711202762,
                0.028319781105545793,
                0.04061574303527303,
                0.05747780106498558,
                0.08024944881428976,
                0.11053256836074932,
                0.15018654583660052,
                0.20130661842128364,
                0.2661757190612336,
                0.3471849117853966,
                0.4467192438278417,
                0.5670085517641502,
                0.7099463912811563,
                0.8768845986957561,
                1.068415649433631,
                1.284159409076383,
                1.5225744200531686,
                1.7808158436191412,
                2.054661967231761,
                2.3385283652433086,
                2.6255832357128788,
                2.907969371577827,
                3.1771283045071197,
                3.424211391693764,
                3.6405522647410806,
                3.8181664854077497,
                3.9502387107124437,
                4.031556108237052,
                4.058849652846519
            ],
            "actualIsNotThisClass": [
                2.7527786557380622,
                2.8714924691799295,
                2.957651060732516,
                3.01019528387937,
                3.029725122482538,
                3.0184207571702872,
                2.9798496282243194,
                2.918678451059723,
                2.8403153780777095,
                2.7505110081310327,
                2.654948168608708,
                2.558849923189018,
                2.4666335458410207,
                2.381635394791875,
                2.3059275371932757,
                2.240241251167627,
                2.184004876170825,
                2.1354939583065025,
                2.092080859721233,
                2.050560173855004,
                2.0075170418446495,
                1.9596995277148705,
                1.9043549881296944,
                1.8394945600508483,
                1.7640592134491944,
                1.6779740011686608,
                1.5820921128354966,
                1.4780446405453376,
                1.3680232405214607,
                1.2545293745757853,
                1.1401247298904968,
                1.0272130099761119,
                0.9178747890901582,
                0.8137663992452958,
                0.7160829621036853,
                0.6255765543262215,
                0.5426144027711987,
                0.46725949061367195,
                0.39935680840365223,
                0.33861190229115523,
                0.28465321854945325,
                0.2370748370388284,
                0.1954605449888664,
                0.1593932025773103,
                0.1284547762627698,
                0.10222240699852911,
                0.08026482647870471,
                0.06214183001055961,
                0.04740783204364487,
                0.035619128968526946,
                0.026343575818980305,
                0.019170996127871643,
                0.013722713744652424,
                0.009658977724583215,
                0.00668358224460014,
                0.00454551828644352,
                0.003037930858818392,
                0.0019949430138579177,
                0.001287038335566744,
                0.0008156908063406334,
                0.000507835265204099,
                0.00031062658063054033,
                0.00018677873860745964,
                0.00011063315412060653,
                6.499385892044365e-05,
                3.869097471235968e-05,
                2.4791061300126718e-05,
                1.9357429656716534e-05,
                2.0667637048657682e-05,
                2.8811552598754464e-05,
                4.561498695670847e-05,
                7.485547993240789e-05,
                0.00012275396186055547,
                0.00019873480480248255,
                0.0003164438185304735,
                0.0004949960533098689,
                0.0007603908106350404,
                0.0011469798000400648,
                0.0016988086335652393,
                0.0024705786622680396,
                0.0035279072910651024,
                0.0049465169655867666,
                0.0068099760628084855,
                0.009205669424810646,
                0.012218808604421878,
                0.015924508692879823,
                0.020378251362633496,
                0.02560539499214342,
                0.0315907354461405,
                0.03826940284159477,
                0.04552053173266448,
                0.05316510298521792,
                0.060969086004995954,
                0.06865250707509024,
                0.07590437535854136,
                0.08240259940234713,
                0.08783724484038881,
                0.09193485388138602,
                0.09448119277543941,
                0.09533980002032895
            ],
            "actualIsThisClassMedian": 1.0,
            "actualIsNotThisClassMedian": 0.08218714480522359
        }
    },
    "calibrationData": [
        {
            "y": 0,
            "x": 0,
            "n": 0
        },
        {
            "y": 0.3,
            "x": 0.02800673712528885,
            "n": 40.0
        },
        {
            "y": 0.5652173913043478,
            "x": 0.11412190438033398,
            "n": 23.0
        },
        {
            "y": 0.6216216216216216,
            "x": 0.22571103661899483,
            "n": 37.0
        },
        {
            "y": 0.4,
            "x": 0.3399808245445829,
            "n": 5.0
        },
        {
            "y": 1.0,
            "x": 0.4266200233216724,
            "n": 1.0
        },
        {
            "y": 0.9973404255319149,
            "x": 1.0,
            "n": 376.0
        },
        {
            "y": 1,
            "x": 1,
            "n": 0
        }
    ],
    "probaDistribData": {
        "bins": [
            0.0,
            0.1,
            0.2,
            0.3,
            0.4,
            0.5,
            0.6,
            0.7,
            0.8,
            0.9,
            1.0
        ],
        "probaDistribs": [
            [
                28.0,
                10.0,
                14.0,
                3.0,
                0.0,
                0.0,
                0.0,
                0.0,
                0.0,
                1.0
            ],
            [
                12.0,
                13.0,
                23.0,
                2.0,
                1.0,
                0.0,
                0.0,
                0.0,
                0.0,
                375.0
            ]
        ]
    },
    "globalMetrics": {
        "testWeight": 482,
        "targetAvg": [
            0.8838174273858921
        ],
        "targetStd": [
            0.3207766560453512
        ],
        "predictionAvg": [
            0.9564315352697096
        ],
        "predictionStd": [
            0.20413293122702156
        ]
    }
}