{
    "predictedClassCountPerCut": [
        {
            "true": 471,
            "false": 11
        },
        {
            "true": 461,
            "false": 21
        },
        {
            "true": 461,
            "false": 21
        },
        {
            "true": 442,
            "false": 40
        },
        {
            "true": 442,
            "false": 40
        },
        {
            "true": 422,
            "false": 60
        },
        {
            "true": 421,
            "false": 61
        },
        {
            "true": 421,
            "false": 61
        },
        {
            "true": 419,
            "false": 63
        },
        {
            "true": 407,
            "false": 75
        },
        {
            "true": 382,
            "false": 100
        },
        {
            "true": 382,
            "false": 100
        },
        {
            "true": 382,
            "false": 100
        },
        {
            "true": 382,
            "false": 100
        },
        {
            "true": 377,
            "false": 105
        },
        {
            "true": 377,
            "false": 105
        },
        {
            "true": 377,
            "false": 105
        },
        {
            "true": 377,
            "false": 105
        },
        {
            "true": 376,
            "false": 106
        },
        {
            "true": 376,
            "false": 106
        },
        {
            "true": 376,
            "false": 106
        },
        {
            "true": 376,
            "false": 106
        },
        {
            "true": 376,
            "false": 106
        },
        {
            "true": 376,
            "false": 106
        },
        {
            "true": 376,
            "false": 106
        },
        {
            "true": 376,
            "false": 106
        },
        {
            "true": 376,
            "false": 106
        },
        {
            "true": 376,
            "false": 106
        },
        {
            "true": 376,
            "false": 106
        },
        {
            "true": 376,
            "false": 106
        },
        {
            "true": 376,
            "false": 106
        },
        {
            "true": 376,
            "false": 106
        },
        {
            "true": 376,
            "false": 106
        },
        {
            "true": 376,
            "false": 106
        },
        {
            "true": 376,
            "false": 106
        },
        {
            "true": 376,
            "false": 106
        },
        {
            "true": 376,
            "false": 106
        },
        {
            "true": 376,
            "false": 106
        },
        {
            "true": 376,
            "false": 106
        },
        {
            "true": 376,
            "false": 106
        }
    ],
    "cuts": [
        0.0,
        0.025,
        0.05,
        0.075,
        0.1,
        0.125,
        0.15,
        0.175,
        0.2,
        0.225,
        0.25,
        0.275,
        0.3,
        0.325,
        0.35,
        0.375,
        0.4,
        0.425,
        0.45,
        0.475,
        0.5,
        0.525,
        0.55,
        0.575,
        0.6,
        0.625,
        0.65,
        0.675,
        0.7,
        0.725,
        0.75,
        0.775,
        0.8,
        0.825,
        0.85,
        0.875,
        0.9,
        0.925,
        0.95,
        0.975
    ],
    "predictedClassCount": {
        "true": 461,
        "false": 21
    },
    "probabilityDensities": {
        "false": {
            "density": [
                2.7916936420187985,
                2.7803696996429417,
                2.746449467734866,
                2.6907599538366624,
                2.6146440636171486,
                2.5199067810024283,
                2.408744053099678,
                2.283658290502633,
                2.147365017138006,
                2.0026955158754487,
                1.8525003068200447,
                1.6995579805434622,
                1.5464933277430057,
                1.3957079177677796,
                1.2493253513557236,
                1.1091524235412575,
                0.976656455395198,
                0.8529581548316648,
                0.7388386014071533,
                0.6347583562346869,
                0.5408862968575907,
                0.45713557205593225,
                0.3832040516130782,
                0.3186167871458441,
                0.2627682695435586,
                0.21496262890646786,
                0.1744503356504916,
                0.14046039047486034,
                0.11222740485549841,
                0.0890133478841461,
                0.07012405227612263,
                0.05492082230362997,
                0.04282766616526372,
                0.033334787468255,
                0.025999021998390635,
                0.02044190656600201,
                0.016346027688767334,
                0.013450230690673056,
                0.0115441852298186,
                0.0104627106908133,
                0.010080171880846256,
                0.010305167720465018,
                0.011075656934197695,
                0.012354597297128145,
                0.014126119624884729,
                0.016392214265294375,
                0.01916987557722092,
                0.022488627645609178,
                0.026388341068630645,
                0.030917244929748174,
                0.036130039076894764,
                0.04208601881511804,
                0.04884713648234027,
                0.056475941601534296,
                0.0650333628303023,
                0.07457632004367389,
                0.0851551825999224,
                0.09681111881583741,
                0.10957341020566955,
                0.1234568300676771,
                0.1384592072545655,
                0.15455931010500248,
                0.17171519038511796,
                0.18986312097581634,
                0.20891724294042024,
                0.22877000746600193,
                0.24929345706238845,
                0.27034134059020837,
                0.2917520015741729,
                0.3133519231794583,
                0.33495976113304976,
                0.3563906528641983,
                0.37746056196712424,
                0.397990405608866,
                0.41780972118311327,
                0.43675965804314776,
                0.45469512923722527,
                0.4714860235110785,
                0.4870174543209229,
                0.5011891037110995,
                0.5139137973497289,
                0.5251155153923782,
                0.5347270954329831,
                0.5426879132554898,
                0.5489418310365963,
                0.5534356800465575,
                0.5561184972424331,
                0.5569416663438016,
                0.5558600299723029,
                0.5528339476501155,
                0.5478321830760731,
                0.5408354212888825,
                0.5318401494341327,
                0.5208625897338581,
                0.5079423537593277,
                0.4931454947498058,
                0.4765666686192755,
                0.4583301713159547,
                0.4385896953203927,
                0.41752673488797837
            ],
            "median": 0.0
        },
        "true": {
            "density": [
                0.41752673488797765,
                0.4385896953203927,
                0.4583301713159547,
                0.4765666686192755,
                0.4931454947498058,
                0.5079423537593287,
                0.5208625897338581,
                0.5318401494341327,
                0.5408354212888835,
                0.5478321830760741,
                0.5528339476501145,
                0.5558600299723029,
                0.5569416663438016,
                0.5561184972424331,
                0.5534356800465566,
                0.5489418310365954,
                0.5426879132554908,
                0.5347270954329831,
                0.5251155153923792,
                0.5139137973497289,
                0.5011891037110995,
                0.4870174543209229,
                0.4714860235110793,
                0.45469512923722527,
                0.436759658043147,
                0.41780972118311327,
                0.39799040560886567,
                0.37746056196712424,
                0.3563906528641983,
                0.33495976113304976,
                0.31335192317945776,
                0.2917520015741729,
                0.27034134059020837,
                0.249293457062388,
                0.2287700074660015,
                0.20891724294041988,
                0.18986312097581634,
                0.17171519038511796,
                0.1545593101050022,
                0.13845920725456526,
                0.1234568300676771,
                0.10957341020566955,
                0.09681111881583741,
                0.08515518259992233,
                0.07457632004367386,
                0.06503336283030221,
                0.05647594160153422,
                0.04884713648234023,
                0.04208601881511798,
                0.036130039076894764,
                0.03091724492974816,
                0.02638834106863061,
                0.02248862764560916,
                0.019169875577220913,
                0.01639221426529436,
                0.014126119624884729,
                0.012354597297128133,
                0.011075656934197695,
                0.010305167720465018,
                0.010080171880846256,
                0.01046271069081332,
                0.011544185229818621,
                0.013450230690673056,
                0.01634602768876736,
                0.02044190656600206,
                0.02599902199839068,
                0.033334787468255064,
                0.042827666165263775,
                0.05492082230363009,
                0.07012405227612276,
                0.08901334788414633,
                0.1122274048554987,
                0.14046039047486059,
                0.17445033565049206,
                0.21496262890646825,
                0.2627682695435591,
                0.31861678714584474,
                0.3832040516130782,
                0.45713557205593225,
                0.5408862968575907,
                0.6347583562346891,
                0.738838601407156,
                0.8529581548316664,
                0.9766564553951996,
                1.1091524235412555,
                1.2493253513557259,
                1.3957079177677796,
                1.5464933277430084,
                1.6995579805434653,
                1.852500306820048,
                2.0026955158754487,
                2.14736501713801,
                2.283658290502637,
                2.408744053099678,
                2.5199067810024327,
                2.6146440636171486,
                2.6907599538366624,
                2.746449467734866,
                2.7803696996429417,
                2.7916936420187985
            ],
            "median": 1.0
        }
    }
}