{
    "tree": {
        "leftChild": [
            1,
            2,
            3,
            4,
            5,
            -1,
            -1,
            -1,
            9,
            10,
            -1,
            -1,
            13,
            -1,
            -1,
            16,
            17,
            18,
            -1,
            -1,
            -1,
            22,
            23,
            -1,
            -1,
            26,
            -1,
            -1,
            29,
            30,
            31,
            32,
            -1,
            -1,
            35,
            -1,
            -1,
            38,
            39,
            -1,
            -1,
            42,
            -1,
            -1,
            45,
            46,
            -1,
            48,
            -1,
            -1,
            51,
            52,
            -1,
            -1,
            -1
        ],
        "rightChild": [
            28,
            15,
            8,
            7,
            6,
            -1,
            -1,
            -1,
            12,
            11,
            -1,
            -1,
            14,
            -1,
            -1,
            21,
            20,
            19,
            -1,
            -1,
            -1,
            25,
            24,
            -1,
            -1,
            27,
            -1,
            -1,
            44,
            37,
            34,
            33,
            -1,
            -1,
            36,
            -1,
            -1,
            41,
            40,
            -1,
            -1,
            43,
            -1,
            -1,
            50,
            47,
            -1,
            49,
            -1,
            -1,
            54,
            53,
            -1,
            -1,
            -1
        ],
        "impurity": [
            0.5000000000000389,
            0.38929319957275843,
            0.4928071740463841,
            0.25928964356609563,
            0.49945366598328444,
            1.5543122344752192e-15,
            0.2297621241708987,
            0.0,
            0.39277486708508924,
            0.23276295919963064,
            0.1895132049961924,
            -5.10702591327572e-14,
            0.4886631510052951,
            0.3031700842233511,
            8.881784197001252e-16,
            0.2101138307650522,
            0.44109943694691467,
            0.4846808280928937,
            0.0,
            0.35834175894321607,
            -2.6645352591003757e-14,
            0.022355050833612333,
            0.4399698946937902,
            0.0,
            0.0,
            5.551115123125783e-16,
            0.0,
            0.0,
            0.3818455038815366,
            0.2010446295550269,
            0.42248126594182767,
            0.1410563788241308,
            0.1024101439619235,
            6.439293542825908e-15,
            0.3399575713773375,
            0.44878772697313685,
            3.3306690738754696e-16,
            0.10739722042831501,
            0.005061697394593945,
            1.1102230246251565e-16,
            0.10241014396192138,
            0.18749195813488906,
            0.008109865147306494,
            0.35020253971802195,
            0.4992819471569372,
            0.3103670174231805,
            0.0,
            0.18432315117959275,
            0.4892307580453764,
            0.10995004685798926,
            0.3105315361739046,
            0.49938246736392056,
            3.3306690738754696e-16,
            0.34041465524916714,
            -9.769962616701378e-15
        ],
        "threshold": [
            0.5,
            48552.49996131538,
            4.500000023440445,
            648.5000011084413,
            641.4999992212281,
            -2.0,
            -2.0,
            -2.0,
            845.4050021084291,
            747.4999997126043,
            -2.0,
            -2.0,
            645.999999570239,
            -2.0,
            -2.0,
            649.5000005138456,
            794.829998311,
            4.500000023440445,
            -2.0,
            -2.0,
            -2.0,
            49588.000334193464,
            49542.50030621689,
            -2.0,
            -2.0,
            18.499999829745448,
            -2.0,
            -2.0,
            823.0650014677672,
            4.500000023440445,
            650.0000002165477,
            0.5,
            -2.0,
            -2.0,
            44280.000279469525,
            -2.0,
            -2.0,
            659.4999998610986,
            814.4449996507262,
            -2.0,
            -2.0,
            50452.00019869706,
            -2.0,
            -2.0,
            50009.50000816143,
            2.49999981173665,
            -2.0,
            4.500000023440445,
            -2.0,
            -2.0,
            645.4999998675369,
            4.500000023440445,
            -2.0,
            -2.0,
            -2.0
        ],
        "nSamples": [
            1918,
            1339,
            291,
            148,
            31,
            24,
            7,
            117,
            143,
            66,
            57,
            9,
            77,
            18,
            59,
            1048,
            283,
            107,
            52,
            55,
            176,
            765,
            19,
            18,
            1,
            746,
            12,
            734,
            579,
            235,
            96,
            31,
            27,
            4,
            65,
            11,
            54,
            139,
            46,
            43,
            3,
            93,
            29,
            64,
            344,
            80,
            28,
            52,
            15,
            37,
            264,
            64,
            40,
            24,
            200
        ],
        "feature": [
            30,
            0,
            4,
            3,
            3,
            -2,
            -2,
            -2,
            2,
            3,
            -2,
            -2,
            3,
            -2,
            -2,
            3,
            2,
            4,
            -2,
            -2,
            -2,
            0,
            0,
            -2,
            -2,
            6,
            -2,
            -2,
            2,
            4,
            3,
            34,
            -2,
            -2,
            0,
            -2,
            -2,
            3,
            2,
            -2,
            -2,
            0,
            -2,
            -2,
            0,
            4,
            -2,
            4,
            -2,
            -2,
            3,
            4,
            -2,
            -2,
            -2
        ],
        "probas": [
            [
                0.5000000000000068,
                0.4999999999999931
            ],
            [
                0.264726966667153,
                0.735273033332847
            ],
            [
                0.5599701006903222,
                0.4400298993096778
            ],
            [
                0.15307756166982892,
                0.8469224383301711
            ],
            [
                0.48347223522801763,
                0.5165277647719824
            ],
            [
                0.0,
                1.0
            ],
            [
                0.8675852797849101,
                0.13241472021508988
            ],
            [
                0.0,
                1.0
            ],
            [
                0.7315438758798299,
                0.26845612412017
            ],
            [
                0.8655386715522506,
                0.13446132844774944
            ],
            [
                0.8940093875809354,
                0.10599061241906454
            ],
            [
                0.0,
                1.0
            ],
            [
                0.4247110599267877,
                0.5752889400732123
            ],
            [
                0.81371158392435,
                0.1862884160756501
            ],
            [
                0.0,
                1.0
            ],
            [
                0.11928608560041587,
                0.8807139143995841
            ],
            [
                0.3283891567337907,
                0.6716108432662092
            ],
            [
                0.5875190605157145,
                0.41248093948428544
            ],
            [
                0.0,
                1.0
            ],
            [
                0.7661374091111439,
                0.233862590888856
            ],
            [
                0.0,
                1.0
            ],
            [
                0.011305336039782109,
                0.9886946639602179
            ],
            [
                0.32675147142585914,
                0.6732485285741409
            ],
            [
                0.0,
                1.0
            ],
            [
                1.0,
                0.0
            ],
            [
                0.0,
                1.0
            ],
            [
                0.0,
                1.0
            ],
            [
                0.0,
                1.0
            ],
            [
                0.7430581166290391,
                0.25694188337096097
            ],
            [
                0.8866234411187276,
                0.11337655888127246
            ],
            [
                0.696873987690314,
                0.3031260123096861
            ],
            [
                0.9236411342019739,
                0.07635886579802614
            ],
            [
                0.9458642484198956,
                0.0541357515801044
            ],
            [
                0.0,
                1.0
            ],
            [
                0.21711978805273421,
                0.7828802119472658
            ],
            [
                0.6600191754554171,
                0.3399808245445829
            ],
            [
                0.0,
                1.0
            ],
            [
                0.9430591267380032,
                0.05694087326199681
            ],
            [
                0.9974627134798176,
                0.002537286520182377
            ],
            [
                1.0,
                0.0
            ],
            [
                0.9458642484198956,
                0.05413575158010442
            ],
            [
                0.8952897936104041,
                0.10471020638959587
            ],
            [
                0.995928490234577,
                0.004071509765423167
            ],
            [
                0.7736763236763236,
                0.22632367632367648
            ],
            [
                0.48105200745383797,
                0.518947992546162
            ],
            [
                0.80792286580962,
                0.19207713419038006
            ],
            [
                0.0,
                1.0
            ],
            [
                0.8972888425443171,
                0.10271115745568295
            ],
            [
                0.5733799766783275,
                0.4266200233216724
            ],
            [
                0.9416163228086174,
                0.05838367719138262
            ],
            [
                0.1922107345714468,
                0.8077892654285532
            ],
            [
                0.5175717477229761,
                0.482428252277024
            ],
            [
                0.0,
                1.0
            ],
            [
                0.7824759677838399,
                0.21752403221616004
            ],
            [
                0.0,
                1.0
            ]
        ],
        "targetClassesProportions": [
            [
                0.10271115745568551,
                0.8972888425443145
            ],
            [
                0.03958177744585562,
                0.9604182225541443
            ],
            [
                0.127147766323024,
                0.8728522336769761
            ],
            [
                0.02027027027027022,
                0.9797297297297298
            ],
            [
                0.0967741935483871,
                0.9032258064516129
            ],
            [
                0.0,
                1.0
            ],
            [
                0.42857142857142855,
                0.5714285714285714
            ],
            [
                0.0,
                1.0
            ],
            [
                0.2377622377622373,
                0.7622377622377626
            ],
            [
                0.42424242424242414,
                0.5757575757575759
            ],
            [
                0.4912280701754386,
                0.5087719298245613
            ],
            [
                0.0,
                1.0
            ],
            [
                0.07792207792207778,
                0.9220779220779223
            ],
            [
                0.3333333333333333,
                0.6666666666666666
            ],
            [
                0.0,
                1.0
            ],
            [
                0.015267175572519083,
                0.9847328244274809
            ],
            [
                0.05300353356890466,
                0.9469964664310954
            ],
            [
                0.14018691588785026,
                0.8598130841121497
            ],
            [
                0.0,
                1.0
            ],
            [
                0.2727272727272726,
                0.7272727272727274
            ],
            [
                0.0,
                1.0
            ],
            [
                0.0013071895424836527,
                0.9986928104575163
            ],
            [
                0.05263157894736842,
                0.9473684210526315
            ],
            [
                0.0,
                1.0
            ],
            [
                1.0,
                0.0
            ],
            [
                0.0,
                1.0
            ],
            [
                0.0,
                1.0
            ],
            [
                0.0,
                1.0
            ],
            [
                0.2487046632124366,
                0.7512953367875634
            ],
            [
                0.47234042553191397,
                0.5276595744680861
            ],
            [
                0.20833333333333304,
                0.7916666666666669
            ],
            [
                0.5806451612903227,
                0.4193548387096773
            ],
            [
                0.6666666666666667,
                0.33333333333333326
            ],
            [
                0.0,
                1.0
            ],
            [
                0.030769230769230715,
                0.9692307692307693
            ],
            [
                0.18181818181818182,
                0.8181818181818182
            ],
            [
                0.0,
                1.0
            ],
            [
                0.6546762589928051,
                0.3453237410071949
            ],
            [
                0.9782608695652174,
                0.021739130434782622
            ],
            [
                1.0,
                0.0
            ],
            [
                0.6666666666666666,
                0.3333333333333333
            ],
            [
                0.49462365591397806,
                0.5053763440860221
            ],
            [
                0.9655172413793104,
                0.03448275862068965
            ],
            [
                0.2812499999999999,
                0.7187500000000002
            ],
            [
                0.09593023255813987,
                0.9040697674418602
            ],
            [
                0.3249999999999998,
                0.6750000000000003
            ],
            [
                0.0,
                1.0
            ],
            [
                0.5000000000000001,
                0.4999999999999999
            ],
            [
                0.13333333333333333,
                0.8666666666666667
            ],
            [
                0.6486486486486487,
                0.3513513513513512
            ],
            [
                0.026515151515151505,
                0.9734848484848485
            ],
            [
                0.10937499999999985,
                0.8906250000000002
            ],
            [
                0.0,
                1.0
            ],
            [
                0.29166666666666663,
                0.7083333333333334
            ],
            [
                0.0,
                1.0
            ]
        ]
    },
    "featureNames": [
        "Income",
        "Visits_to_Branch",
        "Avg_Online_Spending_AED",
        "Credit_Score",
        "Total_Years_in_UAE",
        "Children",
        "Age",
        "dummy:Marital_Status:Married",
        "dummy:Marital_Status:Single",
        "dummy:Marital_Status:Divorced",
        "dummy:Marital_Status:N/A",
        "dummy:Marital_Status:__Others__",
        "dummy:Emirate:Dubai",
        "dummy:Emirate:Sharjah",
        "dummy:Emirate:Abu Dhabi",
        "dummy:Emirate:Ajman",
        "dummy:Emirate:Fujairah",
        "dummy:Emirate:Umm Al Quwain",
        "dummy:Emirate:Ras Al Khaimah",
        "dummy:Emirate:N/A",
        "dummy:Emirate:__Others__",
        "dummy:Job_Type:Sales",
        "dummy:Job_Type:Healthcare",
        "dummy:Job_Type:Manager",
        "dummy:Job_Type:Engineer",
        "dummy:Job_Type:Clerk",
        "dummy:Job_Type:IT",
        "dummy:Job_Type:N/A",
        "dummy:Job_Type:__Others__",
        "dummy:Has_Loan:false",
        "dummy:Has_Loan:true",
        "dummy:Has_Loan:N/A",
        "dummy:Has_Loan:__Others__",
        "dummy:Shopping_Interest1:true",
        "dummy:Shopping_Interest1:false",
        "dummy:Shopping_Interest1:N/A",
        "dummy:Shopping_Interest1:__Others__"
    ],
    "classes": [
        "false",
        "true"
    ]
}