{
  "starred": false,
  "clusterMetas": {},
  "sessionName": "D2",
  "customMeta": {
    "kv": {}
  },
  "tags": [],
  "activeClassifierThreshold": 0.025,
  "description": "",
  "name": "Decision Tree (D2)",
  "labels": [
    {
      "key": "trainDataset:dataset-name",
      "value": "train"
    },
    {
      "key": "testDataset:dataset-name",
      "value": "train"
    },
    {
      "key": "evaluationDataset:dataset-name",
      "value": "train"
    },
    {
      "key": "model:algorithm",
      "value": "DECISION_TREE_CLASSIFICATION"
    },
    {
      "key": "model:name",
      "value": "Decision Tree (D2)"
    },
    {
      "key": "model:session-name",
      "value": "D2"
    },
    {
      "key": "model:date",
      "value": "2025-03-25T06:57:20.074+0000"
    },
    {
      "key": "evaluation:date",
      "value": "2025-03-25T06:57:20.074+0000"
    }
  ]
}