{
  "type": "prediction_training",
  "neverRecomputeExistingPartitions": false,
  "params": {
    "containerSelection": {
      "containerMode": "INHERIT"
    }
  },
  "customMeta": {
    "kv": {}
  },
  "redispatchPartitioning": false,
  "maxRunningActivities": 0,
  "hashPropagationBehavior": "INHERIT",
  "variables": {},
  "dkuProperties": [],
  "inputs": {
    "test": {
      "items": [
        {
          "ref": "test1",
          "deps": []
        }
      ]
    },
    "main": {
      "items": [
        {
          "ref": "train1",
          "deps": []
        }
      ]
    }
  },
  "outputs": {
    "main": {
      "items": [
        {
          "ref": "6aIFc7FG",
          "appendMode": false
        }
      ]
    }
  },
  "labels": [],
  "creationTag": {
    "versionNumber": 0,
    "lastModifiedBy": {
      "login": "fs675@live.mdx.ac.uk"
    },
    "lastModifiedOn": 1745136645200
  },
  "tags": [],
  "customFields": {},
  "checklists": {
    "checklists": []
  }
}