{
    "per_feature": {
        "Profile_Creation_Method": {
            "stats": {}
        },
        "Tweet_Sentiment": {
            "stats": {
                "mostFrequentValue": "Neutral",
                "leastFrequentValue": "Negative"
            },
            "category_possible_values": [
                "Neutral",
                "Positive",
                "Negative"
            ],
            "category_possible_counts": [
                809,
                800,
                791
            ]
        },
        "Profile_Picture": {
            "stats": {
                "mostFrequentValue": "Yes",
                "leastFrequentValue": "No"
            },
            "category_possible_values": [
                "Yes",
                "No"
            ],
            "category_possible_counts": [
                1240,
                1160
            ]
        },
        "Following": {
            "stats": {
                "min": 50.0,
                "average": 1511.5508333333332,
                "median": 1276.5,
                "max": 4999.0,
                "p99": 4876.099999999998,
                "std": 1147.8964489549028
            },
            "missing_impute_with_value": 1511.5508333333332
        },
        "Followers": {
            "stats": {}
        },
        "Tweets_Per_Day": {
            "stats": {
                "min": 0.103801765,
                "average": 9.871503328217917,
                "median": 3.5557176999999998,
                "max": 49.97929,
                "p99": 48.49820861999999,
                "std": 13.399356066335525
            },
            "missing_impute_with_value": 9.871503328217917
        },
        "Fraud_Status": {
            "stats": {
                "mostFrequentValue": "Genuine",
                "leastFrequentValue": "Fraudulent"
            },
            "category_possible_values": [
                "Genuine",
                "Fraudulent"
            ],
            "category_possible_counts": [
                1698,
                702
            ]
        },
        "Engagement_Rate": {
            "stats": {}
        },
        "Profile_Creation_Date": {
            "stats": {
                "min": 3471638400.0,
                "average": 3728254284.0,
                "median": 3731529600.0,
                "max": 3975868800.0,
                "p99": 3969303264.0,
                "std": 142849865.2397841
            }
        },
        "Num_Tweets": {
            "stats": {
                "min": 1.0,
                "average": 3656.2795833333334,
                "median": 3262.5,
                "max": 9996.0,
                "p99": 9839.069999999998,
                "std": 3320.416809502764
            },
            "missing_impute_with_value": 3656.2795833333334
        },
        "Verified": {
            "stats": {
                "mostFrequentValue": "Not Verified",
                "leastFrequentValue": "Verified"
            },
            "category_possible_values": [
                "Not Verified",
                "Verified"
            ],
            "category_possible_counts": [
                2153,
                247
            ]
        },
        "Username": {
            "stats": {}
        },
        "Profile_Bio": {
            "stats": {}
        },
        "has_10k_followers": {
            "stats": {}
        }
    },
    "feature_order": [
        "Profile_Creation_Method",
        "Tweet_Sentiment",
        "Profile_Picture",
        "Following",
        "Followers",
        "Tweets_Per_Day",
        "Fraud_Status",
        "Engagement_Rate",
        "Profile_Creation_Date",
        "Num_Tweets",
        "Verified",
        "Username",
        "Profile_Bio",
        "has_10k_followers"
    ]
}