{
    "details": {
        "Tweet_Sentiment": {
            "levels": [
                "Neutral",
                "Positive",
                "Negative"
            ],
            "with_others": true
        },
        "Profile_Picture": {
            "levels": [
                "Yes",
                "No"
            ],
            "with_others": true
        },
        "Fraud_Status": {
            "levels": [
                "Genuine",
                "Fraudulent"
            ],
            "with_others": true
        },
        "Verified": {
            "levels": [
                "Not Verified",
                "Verified"
            ],
            "with_others": true
        }
    }
}