CUST0001	Female	43	9	true	13.11	2	Bad	472	Always learning	false	Customer 1	user_1	true	7	7	0.45105540796433663	0.5489445920356634	Bad
CUST0002	Male	48	10	false	6.09	1	Bad	340	Traveler	false	Customer 2	user_2	false	2	Default	0.7940436400403424	0.20595635995965764	Bad
CUST0003	Female	19	7	true	17.05	1	Bad	600	Love	false	Customer 3	user_3	false	3	Default	0.770498890206525	0.229501109793475	Bad
CUST0004	Female	31	0	false	16.77	5	Good	492	Foodie, traveler, and passionate about personal growth	false	Customer 4	user_4	true	4	2	0.3944902199594844	0.6055097800405157	Good
CUST0005	Male	55	2	false	18.48	2	Bad	173	Love	false	Customer 5	customer5	false	0	Default	0.8187439851982093	0.18125601480179077	Bad
CUST0006	Male	21	1	true	9.93	5	Good	484	Fitness fanatic with a love for outdoor adventures	true	Customer 6	user_6	true	1	10	0.2971416233654354	0.7028583766345646	Good
CUST0007	Female	30	10	false	15.62	1	Bad	942	Fitness	true	Customer 7	user_7	false	0	Default	0.7375724087472938	0.2624275912527062	Bad
CUST0008	Male	35	3	false	8.43	2	Bad	35	Foodie	false	Customer 8	user_8	false	0	Default	0.7748605101552	0.2251394898448001	Bad
CUST0009	Female	49	4	false	11.13	2	Bad	662	Shopaholic and proud	true	Customer 9	user_9	false	1	Default	0.8315963660862864	0.16840363391371366	Bad
CUST0010	Male	24	9	false	17.69	2	Bad	659	Traveler	false	Customer 10	user_10	false	7	Default	0.7847756965183686	0.21522430348163143	Bad
CUST0011	Male	44	10	true	16.31	3	Bad	191	Love	false	Customer 11	customer11	true	10	11	0.4752469418032137	0.5247530581967862	Bad
CUST0012	Female	56	3	true	14.21	4	Good	495	Fitness fanatic with a love for outdoor adventures	true	Customer 12	user_12	true	9	3	0.5809528001300285	0.4190471998699715	Bad
CUST0013	Male	57	5	true	1.94	1	Bad	69	Fitness	true	Customer 13	user_13	false	2	8	0.48624935052036905	0.5137506494796309	Bad
CUST0014	Male	33	0	true	14.38	2	Bad	255	Shopaholic	true	Customer 14	customer14	false	5	Default	0.875638315008536	0.12436168499146394	Bad
CUST0015	Female	26	6	false	10.99	3	Bad	938	Fitness	true	Customer 15	user_15	true	7	6	0.38200998722510243	0.6179900127748975	Good
CUST0016	Female	17	5	true	8.78	1	Bad	352	Foodie	false	Customer 16	user_16	false	4	Default	0.7983320931083955	0.20166790689160458	Bad
CUST0017	Male	60	4	false	11.01	2	Bad	809	Fitness	true	Customer 17	user_17	false	9	Default	0.9041852968324569	0.09581470316754309	Bad
CUST0018	Female	28	6	true	18.07	1	Bad	129	Music lover	false	Customer 18	user_18	true	10	Default	0.8860783569188535	0.1139216430811464	Bad
CUST0019	Male	26	10	false	9.1	1	Bad	305	Shopaholic	true	Customer 19	customer19	false	3	6	0.32241360112401707	0.6775863988759829	Good
CUST0020	Female	55	7	false	10.04	2	Bad	319	Foodie	false	Customer 20	customer20	false	2	Default	0.831899599836791	0.168100400163209	Bad
CUST0021	Female	27	8	true	17.69	1	Bad	689	Love	false	Customer 21	user_21	false	0	Default	0.7411949581979633	0.2588050418020367	Bad
CUST0022	Female	48	10	false	9.81	5	Good	881	Avid reader, tech enthusiast, and fitness lover	false	Customer 22	user_22	true	10	6	0.45034589855578244	0.5496541014442176	Bad
CUST0023	Male	56	8	true	11.04	4	Good	943	Creative thinker who enjoys innovation and challenges	false	Customer 23	user_23	true	8	8	0.4591468726970985	0.5408531273029015	Bad
CUST0024	Male	29	4	true	2.52	2	Bad	216	Enjoying the small moments	false	Customer 24	user_24	true	6	Default	0.8440342885736113	0.1559657114263886	Bad
CUST0025	Female	58	6	false	19.56	1	Bad	419	Enjoying the small moments	false	Customer 25	user_25	true	1	8	0.3677936683998176	0.6322063316001825	Good
CUST0026	Female	26	3	true	3.56	5	Good	414	Avid reader, tech enthusiast, and fitness lover	false	Customer 26	customer26	true	4	10	0.3301367697397597	0.6698632302602403	Good
CUST0027	Female	57	5	false	1.91	5	Good	311	Creative thinker who enjoys innovation and challenges	false	Customer 27	user_27	true	2	10	0.36221263512512053	0.6377873648748795	Good
CUST0028	Male	36	8	true	9.54	1	Bad	981	Love	false	Customer 28	user_28	false	10	Default	0.8552848657078457	0.1447151342921543	Bad
CUST0029	Male	28	10	true	2.61	2	Bad	222	Passionate about photography	false	Customer 29	user_29	false	9	Default	0.8564634262470368	0.14353657375296325	Bad
CUST0031	Female	29	0	false	11.73	3	Bad	956	Love	false	Customer 31	user_31	true	5	8	0.3268494586559686	0.6731505413440314	Good
CUST0032	Male	17	4	false	10.05	1	Bad	711	Bookworm	false	Customer 32	user_32	false	10	Default	0.8174302155465064	0.18256978445349356	Bad
CUST0033	Female	31	4	false	4.44	1	Bad	754	Bookworm	false	Customer 33	user_33	true	2	Default	0.7615426216485662	0.23845737835143388	Bad
CUST0034	Male	28	3	true	9.48	1	Bad	143	Enjoying the small moments	false	Customer 34	user_34	true	10	Default	0.8831916495230155	0.11680835047698447	Bad
CUST0035	Female	64	9	true	2.73	1	Bad	516	Traveler and dreamer	false	Customer 35	user_35	true	4	Default	0.8747246188035047	0.12527538119649526	Bad
CUST0036	Male	33	1	true	13.66	2	Bad	477	Enjoying the small moments	false	Customer 36	user_36	true	7	8	0.4262030378725968	0.5737969621274033	Bad
CUST0037	Male	18	2	true	1.13	2	Bad	457	Enjoying	false	Customer 37	user_37	false	10	Default	0.8572903636162995	0.1427096363837006	Bad
CUST0038	Female	61	1	true	3.65	2	Bad	569	Enjoying the small moments	false	Customer 38	customer38	false	6	Default	0.8992605716360447	0.10073942836395543	Bad
CUST0039	Female	17	7	true	8.07	5	Good	668	Tech geek who loves exploring cutting-edge solutions	true	Customer 39	user_39	true	2	4	0.2147998075655214	0.7852001924344786	Good
CUST0040	Male	40	9	false	7.14	1	Bad	278	Shopaholic	true	Customer 40	user_40	false	8	Default	0.8749427764452959	0.12505722355470417	Bad
CUST0041	Male	18	1	true	14.61	2	Bad	367	Tech geek	true	Customer 41	customer41	true	8	Default	0.8703356159106399	0.12966438408936018	Bad
CUST0042	Female	55	0	false	13.64	2	Bad	629	Shopaholic and proud	true	Customer 42	customer42	true	10	4	0.4671274353330819	0.5328725646669181	Bad
CUST0043	Female	62	7	false	6.71	1	Bad	563	Love exploring new places	false	Customer 43	user_43	false	3	Default	0.8456972451921931	0.15430275480780697	Bad
CUST0044	Female	47	1	false	13.03	2	Bad	706	Music lover	false	Customer 44	customer44	false	0	Default	0.7889478978040866	0.21105210219591342	Bad
CUST0045	Male	43	9	false	4.47	1	Bad	877	Always learning	false	Customer 45	user_45	true	8	Default	0.8294755691116181	0.17052443088838193	Bad
CUST0046	Male	53	2	false	14.64	1	Bad	831	Shopaholic	true	Customer 46	user_46	false	7	5	0.5121588643750864	0.4878411356249136	Bad
CUST0047	Male	32	1	true	9.32	1	Bad	95	Enjoying	false	Customer 47	user_47	false	4	7	0.4022797934262029	0.5977202065737971	Bad
CUST0048	Female	58	4	false	10.41	2	Bad	116	Foodie	false	Customer 48	user_48	false	9	Default	0.9091080970128809	0.09089190298711912	Bad
CUST0049	Female	18	9	false	6.16	2	Bad	865	Enjoying the small moments	false	Customer 49	user_49	false	6	10	0.2511646157720847	0.7488353842279153	Good
CUST0050	Female	40	10	false	17.22	3	Bad	436	Traveler	false	Customer 50	customer50	true	9	4	0.3149844314917195	0.6850155685082805	Good
CUST0051	Female	18	0	false	15.48	5	Good	891	Fitness fanatic with a love for outdoor adventures	true	Customer 51	user_51	true	5	11	0.3181288335332213	0.6818711664667787	Good
CUST0052	Female	56	7	false	6.28	4	Good	502	Tech geek who loves exploring cutting-edge solutions	true	Customer 52	user_52	true	9	11	0.5243984343134499	0.47560156568655004	Bad
CUST0053	Male	18	5	true	13.38	1	Bad	940	Love	false	Customer 53	user_53	false	7	8	0.321834175460905	0.678165824539095	Good
CUST0054	Male	23	2	false	6.16	4	Good	206	Fitness fanatic with a love for outdoor adventures	true	Customer 54	user_54	true	0	3	0.2726393535631228	0.7273606464368773	Good
CUST0055	Male	64	7	true	15.57	3	Bad	461	Traveler	false	Customer 55	user_55	true	9	6	0.5577704287973062	0.4422295712026938	Bad
CUST0056	Female	59	7	true	13.46	5	Good	602	Passionate about sustainable living and healthy eating	false	Customer 56	user_56	true	8	3	0.49188423697032474	0.5081157630296752	Bad
CUST0057	Female	48	10	false	1.79	2	Bad	934	Foodie	false	Customer 57	user_57	false	8	11	0.37524705356489757	0.6247529464351024	Good
CUST0058	Female	61	9	true	3.76	1	Bad	524	Enjoying	false	Customer 58	user_58	false	7	Default	0.8934231504836994	0.10657684951630068	Bad
CUST0059	Female	57	8	true	10.99	4	Good	510	Passionate about sustainable living and healthy eating	false	Customer 59	user_59	true	8	4	0.3947447055939256	0.6052552944060744	Good
CUST0060	Male	39	2	true	2.94	2	Bad	572	Foodie	false	Customer 60	user_60	false	2	Default	0.8107238801495128	0.18927611985048723	Bad
CUST0061	Male	33	9	true	9.5	2	Bad	284	Tech geek	true	Customer 61	user_61	true	0	Default	0.7999741371570567	0.20002586284294324	Bad
CUST0062	Female	45	10	true	8.78	3	Bad	882	Foodie	false	Customer 62	user_62	true	5	2	0.4249461164137473	0.5750538835862526	Bad
CUST0063	Female	28	10	false	7.12	2	Bad	410	Fitness enthusiast	true	Customer 63	user_63	true	4	Default	0.8146678945830169	0.18533210541698306	Bad
CUST0064	Female	56	9	false	8.58	5	Good	834	Always learning and sharing my experiences	false	Customer 64	user_64	true	4	1	0.36742888064492546	0.6325711193550746	Good
CUST0065	Male	30	3	true	4.31	2	Bad	684	Fitness	true	Customer 65	user_65	false	0	2	0.35995446391712244	0.6400455360828776	Good
CUST0066	Male	20	8	true	18.79	5	Good	284	Fitness fanatic with a love for outdoor adventures	true	Customer 66	user_66	true	0	10	0.26450731812602535	0.7354926818739747	Good
CUST0067	Female	20	8	true	17.6	1	Bad	624	Food lover	false	Customer 67	user_67	false	6	Default	0.8067274243220445	0.1932725756779555	Bad
CUST0068	Male	28	0	true	18.67	1	Bad	975	Shopaholic	true	Customer 68	user_68	false	10	Default	0.8838895108640701	0.1161104891359298	Bad
CUST0069	Male	48	2	false	8.62	2	Bad	564	Music lover	false	Customer 69	customer69	true	5	Default	0.8404277952518916	0.15957220474810843	Bad
CUST0070	Female	50	7	true	1.62	4	Good	671	Passionate about sustainable living and healthy eating	false	Customer 70	user_70	true	8	4	0.3626467303237253	0.6373532696762747	Good
CUST0071	Female	34	5	false	2.0	3	Bad	98	Love	false	Customer 71	user_71	true	3	12	0.3644428691711265	0.6355571308288734	Good
CUST0072	Female	30	3	false	18.13	1	Bad	93	Music lover	false	Customer 72	user_72	true	6	9	0.3411164864657769	0.658883513534223	Good
CUST0073	Male	45	0	true	17.06	1	Bad	864	Love	false	Customer 73	user_73	false	6	Default	0.8575798679135607	0.14242013208643925	Bad
CUST0074	Male	60	2	false	15.62	2	Bad	971	Shopaholic	true	Customer 74	user_74	false	0	Default	0.8237132110187733	0.17628678898122666	Bad
CUST0075	Female	52	9	true	2.26	1	Bad	832	Enjoying	false	Customer 75	customer75	false	7	3	0.41934691228841847	0.5806530877115816	Bad
CUST0076	Female	46	9	true	16.33	2	Bad	41	Enjoying	false	Customer 76	user_76	false	6	Default	0.8789291317401686	0.12107086825983128	Bad
CUST0077	Female	52	10	true	8.13	2	Bad	143	Bookworm	false	Customer 77	user_77	false	5	Default	0.8746326783498503	0.12536732165014985	Bad
CUST0078	Female	24	9	true	13.64	5	Good	482	Creative thinker who enjoys innovation and challenges	false	Customer 78	user_78	true	5	3	0.31400233527622035	0.6859976647237797	Good
CUST0079	Female	56	10	false	15.99	1	Bad	956	Love	false	Customer 79	user_79	false	1	Default	0.7816757232450808	0.21832427675491928	Bad
CUST0080	Female	17	2	false	3.44	2	Bad	999	Love	false	Customer 80	customer80	false	7	Default	0.7852287569775183	0.21477124302248174	Bad
CUST0081	Female	44	10	false	19.46	1	Bad	772	Foodie	false	Customer 81	user_81	false	3	Default	0.7874782446741704	0.21252175532582956	Bad
CUST0082	Female	21	9	false	11.19	2	Bad	659	Fitness	true	Customer 82	user_82	false	1	Default	0.7477049792297243	0.2522950207702756	Bad
CUST0083	Female	52	8	true	12.68	1	Bad	962	Foodie	false	Customer 83	user_83	false	0	3	0.2923575887162053	0.7076424112837947	Good
CUST0084	Male	64	9	true	18.14	3	Bad	929	Love	false	Customer 84	user_84	true	2	9	0.3173538555299713	0.6826461444700287	Good
CUST0085	Male	32	6	false	6.59	5	Good	583	Foodie, traveler, and passionate about personal growth	false	Customer 85	user_85	true	5	11	0.2955490848874327	0.7044509151125673	Good
CUST0086	Male	54	7	true	15.28	1	Bad	820	Music lover	false	Customer 86	user_86	false	7	Default	0.8681691578290017	0.13183084217099827	Bad
CUST0087	Male	21	4	true	14.98	2	Bad	569	Love exploring new places	false	Customer 87	user_87	false	8	Default	0.8334364252948834	0.1665635747051166	Bad
CUST0088	Female	49	0	false	4.28	2	Bad	54	Fitness	true	Customer 88	user_88	false	2	Default	0.8749464450781391	0.1250535549218609	Bad
CUST0089	Female	50	3	true	1.17	2	Bad	301	Shopaholic and proud	true	Customer 89	user_89	true	1	Default	0.8705666200024399	0.12943337999756005	Bad
CUST0090	Female	46	4	true	14.41	2	Bad	707	Shopaholic	true	Customer 90	user_90	true	6	10	0.4613598450789118	0.5386401549210882	Bad
CUST0091	Male	23	2	false	2.04	1	Bad	547	Love	false	Customer 91	user_91	false	0	Default	0.7135691265624862	0.28643087343751383	Bad
CUST0092	Male	33	6	false	14.04	2	Bad	30	Traveler	false	Customer 92	user_92	true	8	Default	0.8536150592469717	0.14638494075302846	Bad
CUST0093	Male	34	2	true	15.75	4	Good	547	Adventure seeker and nature enthusiast	false	Customer 93	user_93	true	7	10	0.3861629757415951	0.6138370242584049	Good
CUST0095	Female	49	1	true	18.31	1	Bad	535	Love	false	Customer 95	customer95	false	3	8	0.42466072665790267	0.5753392733420972	Bad
CUST0096	Female	59	3	true	7.28	1	Bad	950	Shopaholic	true	Customer 96	customer96	false	1	Default	0.8619328954196392	0.1380671045803608	Bad
CUST0097	Female	56	6	false	11.52	4	Good	602	Creative thinker who enjoys innovation and challenges	false	Customer 97	user_97	true	7	3	0.4270844596429608	0.5729155403570392	Bad
CUST0098	Male	27	10	true	12.6	2	Bad	237	Love	false	Customer 98	user_98	false	10	4	0.3205266869527906	0.6794733130472095	Good
CUST0099	Male	33	0	true	2.97	5	Good	767	Fitness fanatic with a love for outdoor adventures	true	Customer 99	user_99	true	3	7	0.3920971901257647	0.6079028098742352	Good
CUST0100	Female	20	4	true	18.84	1	Bad	158	Fitness	true	Customer 100	user_100	false	3	Default	0.8377065183365936	0.16229348166340632	Bad
CUST0101	Male	37	8	false	15.7	4	Good	72	Creative thinker who enjoys innovation and challenges	false	Customer 101	user_101	true	1	9	0.2481777960273423	0.7518222039726579	Good
CUST0102	Male	57	4	false	7.17	2	Bad	773	Shopaholic	true	Customer 102	user_102	false	10	Default	0.9078936370794991	0.09210636292050087	Bad
CUST0103	Female	30	7	false	13.64	2	Bad	254	Enjoying	false	Customer 103	user_103	false	8	Default	0.8466967480585532	0.15330325194144673	Bad
CUST0104	Female	44	1	true	19.58	2	Bad	891	Music lover	false	Customer 104	user_104	false	3	Default	0.8325924716054501	0.16740752839454986	Bad
CUST0105	Male	27	10	true	3.4	3	Bad	2	Fitness	true	Customer 105	customer105	true	1	10	0.31203764319263844	0.6879623568073615	Good
CUST0106	Female	62	2	false	10.32	5	Good	419	Loves photography, music, and exploring new cultures	false	Customer 106	customer106	true	3	7	0.4430510620270105	0.5569489379729894	Bad
CUST0107	Female	50	2	true	2.91	1	Bad	600	Shopaholic	true	Customer 107	user_107	false	5	Default	0.8943339128849874	0.10566608711501253	Bad
CUST0108	Male	17	6	true	12.72	1	Bad	506	Foodie	false	Customer 108	user_108	true	9	6	0.38690202047941513	0.6130979795205849	Good
CUST0109	Female	40	4	false	5.12	2	Bad	404	Shopaholic	true	Customer 109	customer109	false	10	Default	0.9034029313104092	0.09659706868959085	Bad
CUST0110	Female	20	3	true	11.58	5	Good	894	Avid reader, tech enthusiast, and fitness lover	false	Customer 110	user_110	true	1	3	0.23792916821477714	0.7620708317852228	Good
CUST0111	Female	53	5	true	11.03	3	Bad	256	Shopaholic	true	Customer 111	customer111	true	8	2	0.6361801085415935	0.3638198914584065	Bad
CUST0112	Male	41	9	false	5.61	5	Good	964	Tech geek who loves exploring cutting-edge solutions	true	Customer 112	user_112	true	1	8	0.290633290631522	0.709366709368478	Good
CUST0113	Male	61	4	true	16.1	5	Good	789	Loves photography, music, and exploring new cultures	false	Customer 113	user_113	true	4	7	0.4388172546850677	0.5611827453149322	Bad
CUST0114	Male	53	10	false	8.46	2	Bad	715	Food lover	false	Customer 114	user_114	false	1	Default	0.7732561558119023	0.22674384418809768	Bad
CUST0115	Female	19	1	true	17.1	5	Good	399	Always learning and sharing my experiences	false	Customer 115	user_115	true	0	11	0.25953838221091846	0.7404616177890816	Good
CUST0116	Female	47	10	true	6.87	4	Good	586	Avid reader, tech enthusiast, and fitness lover	false	Customer 116	user_116	true	1	11	0.31221664501418983	0.6877833549858101	Good
CUST0117	Female	60	4	false	7.5	2	Bad	569	Food lover	false	Customer 117	user_117	true	7	Default	0.8843043479643752	0.11569565203562475	Bad
CUST0118	Female	51	8	false	16.32	2	Bad	911	Passionate about photography	false	Customer 118	user_118	false	3	Default	0.8033609197770987	0.19663908022290127	Bad
CUST0119	Male	31	3	true	14.63	2	Bad	251	Fitness	true	Customer 119	user_119	false	9	Default	0.897718357353897	0.10228164264610294	Bad
CUST0120	Male	29	5	true	9.88	1	Bad	263	Fitness	true	Customer 120	user_120	false	8	Default	0.8832323754319393	0.1167676245680607	Bad
CUST0121	Male	38	1	true	3.8	1	Bad	866	Enjoying	false	Customer 121	user_121	false	7	8	0.4138126542899254	0.5861873457100745	Bad
CUST0122	Female	59	0	false	16.92	4	Good	136	Adventure seeker and nature enthusiast	false	Customer 122	user_122	true	2	8	0.4392752026445551	0.5607247973554449	Bad
CUST0123	Female	48	8	true	4.34	2	Bad	965	Fitness	true	Customer 123	customer123	false	7	6	0.48934813602282967	0.5106518639771702	Bad
CUST0124	Female	24	5	true	10.67	2	Bad	944	Foodie	false	Customer 124	user_124	false	2	Default	0.7570633424202732	0.24293665757972688	Bad
CUST0125	Female	24	10	false	3.45	5	Good	723	Fitness fanatic with a love for outdoor adventures	true	Customer 125	user_125	true	0	4	0.1707311775613469	0.8292688224386531	Good
CUST0126	Female	31	9	false	9.65	4	Good	184	Foodie, traveler, and passionate about personal growth	false	Customer 126	customer126	true	6	8	0.3677893090387442	0.6322106909612558	Good
CUST0127	Male	24	8	false	8.23	3	Bad	488	Love	false	Customer 127	customer127	true	10	6	0.38412535641136963	0.6158746435886303	Good
CUST0128	Male	40	10	true	1.87	1	Bad	826	Shopaholic and proud	true	Customer 128	user_128	false	9	Default	0.8793402751875646	0.12065972481243548	Bad
CUST0129	Male	48	7	false	10.4	2	Bad	979	Love	false	Customer 129	customer129	false	1	8	0.2747929146507356	0.7252070853492645	Good
CUST0130	Female	34	5	true	7.09	2	Bad	813	Traveler	false	Customer 130	user_130	false	5	Default	0.8258886320818776	0.1741113679181223	Bad
CUST0131	Male	49	9	false	13.12	1	Bad	571	Love	false	Customer 131	user_131	false	8	2	0.46633496714239075	0.5336650328576092	Bad
CUST0133	Male	41	3	true	12.73	2	Bad	802	Traveler and dreamer	false	Customer 133	user_133	true	2	Default	0.8008494248038335	0.1991505751961666	Bad
CUST0134	Female	34	10	true	19.68	2	Bad	736	Shopaholic	true	Customer 134	customer134	false	3	Default	0.8246414973051548	0.17535850269484526	Bad
CUST0135	Male	60	8	false	17.61	1	Bad	812	Shopaholic	true	Customer 135	customer135	false	3	Default	0.8464712586582449	0.1535287413417551	Bad
CUST0136	Female	49	5	false	13.97	5	Good	191	Passionate about sustainable living and healthy eating	false	Customer 136	customer136	true	1	5	0.3876390764704279	0.612360923529572	Good
CUST0137	Female	31	9	false	11.37	3	Bad	789	Traveler	false	Customer 137	user_137	true	10	3	0.36529157774451204	0.6347084222554878	Good
CUST0138	Female	17	7	true	12.91	2	Bad	80	Fitness	true	Customer 138	user_138	false	9	7	0.4877788523914566	0.5122211476085433	Bad
CUST0139	Male	60	6	true	15.43	1	Bad	576	Shopaholic	true	Customer 139	user_139	false	7	Default	0.9078060025573145	0.09219399744268546	Bad
CUST0140	Female	19	0	false	18.62	3	Bad	522	Traveler	false	Customer 140	user_140	true	1	11	0.24025140496060024	0.7597485950393996	Good
CUST0142	Female	18	8	true	2.28	4	Good	886	Loves exploring new cuisines and traveling the world	false	Customer 142	user_142	true	2	7	0.25651268686998013	0.7434873131300198	Good
CUST0143	Male	60	6	false	17.83	4	Good	812	Fitness fanatic with a love for outdoor adventures	true	Customer 143	user_143	true	9	3	0.4965134121752841	0.5034865878247159	Bad
CUST0144	Female	22	0	false	15.07	2	Bad	777	Tech geek	true	Customer 144	user_144	false	4	Default	0.8125185834398945	0.1874814165601055	Bad
CUST0145	Male	21	7	false	13.63	5	Good	228	Always learning and sharing my experiences	false	Customer 145	customer145	true	0	3	0.20920157671773637	0.7907984232822636	Good
CUST0147	Male	27	9	true	6.25	1	Bad	257	Traveler	false	Customer 147	user_147	false	6	Default	0.824862435210604	0.1751375647893961	Bad
CUST0148	Female	29	4	true	13.8	2	Bad	574	Foodie	false	Customer 148	user_148	false	3	8	0.33834354285924745	0.6616564571407525	Good
CUST0149	Female	33	5	false	2.6	2	Bad	226	Fitness	true	Customer 149	user_149	false	8	Default	0.8825037336138286	0.11749626638617154	Bad
CUST0151	Female	41	9	false	3.26	5	Good	32	Always learning and sharing my experiences	false	Customer 151	user_151	true	2	6	0.348737919188046	0.6512620808119541	Good
CUST0152	Male	31	4	true	7.11	1	Bad	869	Shopaholic	true	Customer 152	customer152	false	0	Default	0.7798720798684564	0.2201279201315436	Bad
CUST0153	Male	45	3	true	8.77	2	Bad	794	Traveler	false	Customer 153	user_153	true	10	12	0.5091932576521983	0.4908067423478018	Bad
CUST0154	Male	20	0	true	6.9	2	Bad	390	Traveler	false	Customer 154	user_154	false	9	5	0.4590213040013225	0.5409786959986777	Bad
CUST0155	Female	39	9	true	1.83	1	Bad	146	Traveler	false	Customer 155	user_155	true	1	12	0.3616575833224301	0.6383424166775699	Good
CUST0156	Female	17	0	false	1.14	5	Good	493	Loves exploring new cuisines and traveling the world	false	Customer 156	customer156	true	3	10	0.2602358392716169	0.739764160728383	Good
CUST0157	Female	46	6	true	18.23	1	Bad	905	Shopaholic	true	Customer 157	user_157	false	8	Default	0.8939644335119639	0.10603556648803614	Bad
CUST0158	Male	26	3	false	18.09	4	Good	72	Tech geek who loves exploring cutting-edge solutions	true	Customer 158	user_158	true	8	9	0.3957420183413174	0.6042579816586825	Good
CUST0159	Male	46	1	true	15.39	1	Bad	214	Shopaholic and proud	true	Customer 159	user_159	false	1	Default	0.8620101349498162	0.13798986505018376	Bad
CUST0160	Male	30	1	false	6.13	2	Bad	68	Love	false	Customer 160	user_160	false	7	1	0.40592611033336395	0.5940738896666361	Bad
CUST0161	Male	51	4	false	10.22	1	Bad	355	Fitness	true	Customer 161	user_161	false	10	Default	0.911601593228124	0.08839840677187606	Bad
CUST0162	Male	42	6	true	18.22	3	Bad	202	Fitness	true	Customer 162	user_162	true	9	11	0.5209474876388855	0.4790525123611144	Bad
CUST0163	Male	42	10	true	7.89	1	Bad	592	Shopaholic	true	Customer 163	user_163	false	9	Default	0.8900334464630484	0.10996655353695166	Bad
CUST0164	Male	50	3	false	2.52	2	Bad	63	Traveler	false	Customer 164	user_164	true	2	Default	0.8323776276367427	0.1676223723632573	Bad
CUST0165	Female	31	5	false	15.06	3	Bad	81	Traveler	false	Customer 165	user_165	true	1	8	0.3068986768596883	0.6931013231403117	Good
CUST0166	Male	39	5	false	15.61	1	Bad	766	Shopaholic	true	Customer 166	user_166	false	8	Default	0.8642633241078471	0.13573667589215294	Bad
CUST0167	Male	33	0	false	15.7	4	Good	453	Avid reader, tech enthusiast, and fitness lover	false	Customer 167	user_167	true	2	1	0.30503528474560543	0.6949647152543946	Good
CUST0168	Male	23	8	false	7.84	2	Bad	665	Traveler	false	Customer 168	user_168	false	5	1	0.2760716865284669	0.7239283134715331	Good
CUST0169	Male	39	2	true	10.83	2	Bad	8	Always learning	false	Customer 169	user_169	false	4	11	0.39640100383597915	0.6035989961640208	Good
CUST0170	Male	30	2	true	5.81	1	Bad	226	Always learning	false	Customer 170	user_170	true	7	Default	0.8600075406890558	0.13999245931094415	Bad
CUST0171	Male	44	0	true	11.2	2	Bad	722	Enjoying the small moments	false	Customer 171	customer171	false	10	2	0.5568034607426157	0.4431965392573843	Bad
CUST0172	Female	44	9	true	6.04	1	Bad	87	Traveler	false	Customer 172	user_172	false	1	Default	0.8255737628846187	0.17442623711538124	Bad
CUST0173	Male	55	0	true	14.14	3	Bad	792	Fitness	true	Customer 173	user_173	true	2	3	0.4150062090264619	0.584993790973538	Bad
CUST0174	Female	26	5	false	1.08	3	Bad	620	Enjoying	false	Customer 174	customer174	true	8	11	0.3454220278169466	0.6545779721830535	Good
CUST0175	Male	48	0	false	5.14	1	Bad	985	Love	false	Customer 175	user_175	false	4	10	0.3214101299814086	0.6785898700185914	Good
CUST0176	Female	52	7	true	12.57	2	Bad	398	Traveler	false	Customer 176	user_176	false	3	Default	0.853877796163869	0.14612220383613103	Bad
CUST0177	Male	64	10	true	16.64	1	Bad	931	Traveler	false	Customer 177	customer177	true	10	2	0.5660125759794249	0.43398742402057505	Bad
CUST0178	Male	50	10	false	18.68	1	Bad	506	Enjoying the small moments	false	Customer 178	user_178	false	0	Default	0.7636823047227488	0.23631769527725122	Bad
CUST0179	Male	47	10	true	14.97	2	Bad	64	Shopaholic	true	Customer 179	user_179	true	0	Default	0.838252805701973	0.16174719429802695	Bad
CUST0180	Female	30	10	false	6.08	5	Good	425	Creative thinker who enjoys innovation and challenges	false	Customer 180	user_180	true	3	3	0.26772422169619375	0.7322757783038063	Good
CUST0181	Male	24	6	false	15.72	1	Bad	34	Always learning	false	Customer 181	user_181	false	3	Default	0.7765064176243186	0.22349358237568143	Bad
CUST0182	Female	20	4	true	1.13	2	Bad	119	Fitness	true	Customer 182	user_182	false	5	Default	0.8589455916970528	0.1410544083029473	Bad
CUST0183	Female	63	4	true	1.42	1	Bad	695	Passionate about photography	false	Customer 183	user_183	true	4	Default	0.8773196110467258	0.12268038895327427	Bad
CUST0184	Female	19	4	true	15.32	1	Bad	355	Shopaholic	true	Customer 184	user_184	false	7	8	0.4436090478524954	0.5563909521475048	Bad
CUST0185	Male	57	4	false	5.61	2	Bad	286	Shopaholic	true	Customer 185	user_185	false	8	Default	0.9081410782327936	0.0918589217672064	Bad
CUST0186	Male	38	0	true	8.22	1	Bad	671	Adventure seeker	false	Customer 186	user_186	false	1	Default	0.7973992734951677	0.2026007265048322	Bad
CUST0187	Female	21	10	true	2.62	1	Bad	190	Shopaholic and proud	true	Customer 187	user_187	true	6	Default	0.8531905665121888	0.14680943348781106	Bad
CUST0188	Male	48	6	false	14.5	1	Bad	648	Shopaholic	true	Customer 188	user_188	false	6	Default	0.8641305268138362	0.13586947318616377	Bad
CUST0189	Female	59	3	true	5.82	2	Bad	695	Adventure seeker	false	Customer 189	user_189	false	3	Default	0.8642074911406611	0.1357925088593389	Bad
CUST0190	Female	41	6	false	11.98	1	Bad	753	Music lover	false	Customer 190	user_190	true	2	Default	0.7810047567359315	0.21899524326406852	Bad
CUST0191	Female	38	4	false	15.85	4	Good	711	Fitness fanatic with a love for outdoor adventures	true	Customer 191	user_191	true	8	8	0.46465393413296996	0.53534606586703	Bad
CUST0192	Female	50	3	true	18.77	2	Bad	227	Tech geek	true	Customer 192	user_192	true	2	Default	0.8815060000404331	0.11849399995956679	Bad
CUST0193	Female	47	10	true	18.35	1	Bad	936	Passionate about photography	false	Customer 193	customer193	true	5	Default	0.8340000158969659	0.16599998410303413	Bad
CUST0194	Male	26	8	true	16.87	1	Bad	650	Foodie	false	Customer 194	user_194	false	10	Default	0.8500118430738967	0.1499881569261033	Bad
CUST0195	Male	62	7	false	11.12	3	Bad	458	Enjoying	false	Customer 195	user_195	true	9	12	0.5209576250510407	0.4790423749489593	Bad
CUST0196	Male	50	1	false	14.24	2	Bad	121	Enjoying	false	Customer 196	user_196	false	6	2	0.5062556750630501	0.4937443249369498	Bad
CUST0197	Male	44	9	true	4.8	3	Bad	260	Love	false	Customer 197	user_197	true	5	7	0.4137969386761735	0.5862030613238266	Bad
CUST0198	Male	24	7	false	7.47	3	Bad	810	Shopaholic	true	Customer 198	user_198	true	3	8	0.2883649596845514	0.7116350403154486	Good
CUST0199	Female	34	7	false	1.19	1	Bad	334	Food lover	false	Customer 199	user_199	true	5	Default	0.8194232244935624	0.18057677550643747	Bad
CUST0200	Male	55	1	false	14.68	1	Bad	612	Shopaholic	true	Customer 200	user_200	false	5	11	0.44409243995155495	0.5559075600484451	Bad
CUST0201	Male	54	5	true	5.05	2	Bad	66	Fitness	true	Customer 201	customer201	false	3	6	0.5011923276628915	0.4988076723371086	Bad
CUST0202	Female	33	4	false	7.11	1	Bad	440	Foodie	false	Customer 202	user_202	false	0	Default	0.7573845107636833	0.24261548923631676	Bad
CUST0203	Male	37	5	false	12.49	4	Good	166	Loves photography, music, and exploring new cultures	false	Customer 203	customer203	true	5	10	0.33914079257050767	0.6608592074294922	Good
CUST0204	Male	46	5	false	12.88	2	Bad	33	Enjoying the small moments	false	Customer 204	user_204	true	5	Default	0.8512560821677281	0.14874391783227195	Bad
CUST0205	Female	58	10	true	1.19	3	Bad	308	Enjoying	false	Customer 205	user_205	true	6	4	0.36825244184968936	0.6317475581503106	Good
CUST0206	Female	54	4	true	7.57	2	Bad	824	Bookworm	false	Customer 206	customer206	false	0	3	0.3244923044710024	0.6755076955289976	Good
CUST0207	Female	29	3	true	103589.7093	2	Bad	993	Adventure seeker	false	Customer 207	user_207	true	2	4	0.7716838842488548	0.22831611575114516	Bad
CUST0208	Female	31	0	false	19.17	1	Bad	145	Traveler and dreamer	false	Customer 208	user_208	true	9	Default	0.8776256368180405	0.12237436318195942	Bad
CUST0209	Female	39	2	true	15.82	2	Bad	689	Shopaholic and proud	true	Customer 209	user_209	false	4	7	0.4489965572653648	0.5510034427346352	Bad
CUST0210	Male	21	3	false	14.3	5	Good	536	Always learning and sharing my experiences	false	Customer 210	user_210	true	2	3	0.2317672347992685	0.7682327652007315	Good
CUST0211	Female	58	3	false	9.48	2	Bad	671	Adventure seeker	false	Customer 211	user_211	true	3	Default	0.8434702163830661	0.1565297836169339	Bad
CUST0212	Male	19	8	true	13.31	2	Bad	554	Food lover	false	Customer 212	user_212	true	2	Default	0.7405157678484511	0.2594842321515488	Bad
CUST0213	Male	49	10	true	1.94	5	Good	67	Foodie, traveler, and passionate about personal growth	false	Customer 213	customer213	true	9	3	0.48204423238242555	0.5179557676175746	Bad
CUST0214	Female	50	5	false	19.76	3	Bad	609	Traveler	false	Customer 214	user_214	true	2	5	0.3775996013861288	0.6224003986138712	Good
CUST0215	Male	51	10	false	14.42	3	Bad	255	Fitness	true	Customer 215	user_215	true	8	12	0.5168270116923926	0.4831729883076074	Bad
CUST0216	Male	35	1	true	8.67	1	Bad	599	Enjoying	false	Customer 216	customer216	false	8	Default	0.8659700055492519	0.13402999445074817	Bad
CUST0217	Male	17	1	true	13.68	4	Good	986	Always learning and sharing my experiences	false	Customer 217	user_217	true	6	2	0.35832454819414644	0.6416754518058536	Good
CUST0218	Male	54	2	false	17.22	3	Bad	166	Enjoying	false	Customer 218	user_218	true	7	4	0.36279551308187663	0.6372044869181235	Good
CUST0219	Male	20	4	false	6.93	4	Good	985	Loves photography, music, and exploring new cultures	false	Customer 219	user_219	true	3	11	0.21580198974227438	0.7841980102577255	Good
CUST0221	Male	43	0	true	3.47	1	Bad	655	Tech geek	true	Customer 221	user_221	false	7	Default	0.8932842637706868	0.10671573622931307	Bad
CUST0222	Female	40	3	false	12.95	5	Good	771	Always learning and sharing my experiences	false	Customer 222	user_222	true	9	5	0.468676822142927	0.5313231778570731	Bad
CUST0223	Female	43	1	true	7.8	1	Bad	721	Traveler	false	Customer 223	user_223	false	5	Default	0.8577528443190993	0.1422471556809008	Bad
CUST0224	Female	34	5	false	9.55	2	Bad	472	Traveler	false	Customer 224	user_224	false	7	6	0.3990541360496536	0.6009458639503463	Good
CUST0225	Female	27	2	true	14.82	4	Good	235	Fitness fanatic with a love for outdoor adventures	true	Customer 225	customer225	true	9	1	0.52789671628861	0.4721032837113901	Bad
CUST0226	Female	20	9	true	8.91	2	Bad	222	Enjoying the small moments	false	Customer 226	user_226	false	6	6	0.37026055681046544	0.6297394431895347	Good
CUST0227	Female	63	4	false	8.51	2	Bad	372	Food lover	false	Customer 227	customer227	false	2	Default	0.853020796215386	0.14697920378461402	Bad
CUST0228	Female	30	2	false	17.22	3	Bad	1	Shopaholic	true	Customer 228	user_228	true	2	8	0.38848098302879225	0.6115190169712078	Good
CUST0229	Female	20	1	true	10.36	2	Bad	726	Foodie	false	Customer 229	customer229	true	7	11	0.35381629132847076	0.6461837086715292	Good
CUST0230	Female	17	9	false	8.17	5	Good	894	Avid reader, tech enthusiast, and fitness lover	false	Customer 230	user_230	true	1	10	0.18248993189297436	0.8175100681070256	Good
CUST0231	Male	38	3	false	13.05	2	Bad	607	Tech geek	true	Customer 231	user_231	false	8	Default	0.872777559498778	0.1272224405012219	Bad
CUST0232	Male	47	8	false	10.92	5	Good	977	Tech geek who loves exploring cutting-edge solutions	true	Customer 232	user_232	true	0	7	0.30130364351581124	0.6986963564841888	Good
CUST0233	Female	46	3	true	9.94	1	Bad	958	Bookworm	false	Customer 233	user_233	false	8	Default	0.8761693470184116	0.12383065298158837	Bad
CUST0234	Female	30	8	true	16.41	4	Good	410	Avid reader, tech enthusiast, and fitness lover	false	Customer 234	customer234	true	1	7	0.3079488526402494	0.6920511473597506	Good
CUST0235	Female	63	2	true	4.12	2	Bad	934	Enjoying	false	Customer 235	user_235	false	3	Default	0.8644255689311758	0.13557443106882414	Bad
CUST0236	Female	40	8	false	1.51	4	Good	118	Avid reader, tech enthusiast, and fitness lover	false	Customer 236	customer236	true	10	4	0.36349945868379807	0.6365005413162019	Good
CUST0237	Female	43	3	false	4.52	1	Bad	381	Shopaholic and proud	true	Customer 237	user_237	false	6	5	0.507462849066501	0.49253715093349915	Bad
CUST0238	Male	38	0	false	8.73	4	Good	734	Passionate about sustainable living and healthy eating	false	Customer 238	user_238	true	6	11	0.34616670860263377	0.6538332913973662	Good
CUST0239	Female	52	3	true	11.36	1	Bad	470	Foodie	false	Customer 239	user_239	false	4	Default	0.8694129707728196	0.13058702922718038	Bad
CUST0240	Male	36	4	false	10.8	1	Bad	894	Passionate about photography	false	Customer 240	customer240	true	2	Default	0.7519948793635657	0.24800512063643426	Bad
CUST0241	Female	58	8	false	5.11	3	Bad	279	Enjoying	false	Customer 241	customer241	true	9	2	0.5669111451982815	0.43308885480171844	Bad
CUST0243	Female	38	10	true	2.24	1	Bad	11	Adventure seeker	false	Customer 243	user_243	true	7	Default	0.8732832930533531	0.12671670694664694	Bad
CUST0244	Male	42	4	false	12.39	3	Bad	428	Fitness	true	Customer 244	user_244	true	3	2	0.4343845287783833	0.5656154712216167	Bad
CUST0245	Male	30	8	true	18.01	3	Bad	16	Love	false	Customer 245	user_245	true	6	2	0.44690731715386456	0.5530926828461354	Bad
CUST0247	Male	27	2	true	1.02	1	Bad	945	Love	false	Customer 247	user_247	false	6	5	0.3759085584703415	0.6240914415296586	Good
CUST0248	Male	18	2	true	5.14	4	Good	778	Loves photography, music, and exploring new cultures	false	Customer 248	user_248	true	0	6	0.24130374402243593	0.7586962559775641	Good
CUST0249	Female	21	4	false	19.36	2	Bad	184	Shopaholic	true	Customer 249	user_249	false	4	Default	0.827072367151037	0.17292763284896304	Bad
CUST0250	Female	55	1	false	15.11	2	Bad	290	Shopaholic	true	Customer 250	customer250	false	1	Default	0.865661942629777	0.13433805737022297	Bad
CUST0251	Male	50	1	true	2.65	1	Bad	766	Foodie	false	Customer 251	user_251	false	6	9	0.38665829704775356	0.6133417029522464	Good
CUST0252	Female	26	6	false	11.42	3	Bad	699	Traveler	false	Customer 252	user_252	true	0	4	0.15687185835316017	0.8431281416468398	Good
CUST0253	Male	54	3	true	14.91	3	Bad	836	Traveler	false	Customer 253	user_253	true	1	1	0.35211262342020216	0.6478873765797979	Good
CUST0254	Male	60	5	false	5.99	1	Bad	267	Traveler	false	Customer 254	user_254	false	0	Default	0.8166561435350296	0.18334385646497034	Bad
CUST0256	Female	54	4	false	15.3	2	Bad	502	Enjoying the small moments	false	Customer 256	user_256	true	9	11	0.47756248259089146	0.5224375174091085	Bad
CUST0257	Male	24	5	false	1.17	2	Bad	394	Love	false	Customer 257	user_257	false	1	Default	0.7301887805984603	0.26981121940153974	Bad
CUST0259	Female	62	9	false	18.89	2	Bad	150	Shopaholic	true	Customer 259	user_259	false	7	Default	0.9103380661055378	0.08966193389446224	Bad
CUST0260	Female	48	1	false	1.23	2	Bad	143	Foodie	false	Customer 260	user_260	false	1	Default	0.830666742273671	0.16933325772632904	Bad
CUST0261	Male	26	10	true	2.4	5	Good	64	Fitness fanatic with a love for outdoor adventures	true	Customer 261	customer261	true	3	9	0.31444315238721726	0.6855568476127827	Good
CUST0262	Female	23	3	false	13.07	1	Bad	305	Adventure seeker	false	Customer 262	user_262	false	7	Default	0.8304815882042363	0.16951841179576368	Bad
CUST0263	Male	32	8	true	114863.8691	1	Bad	288	Enjoying	false	Customer 263	user_263	false	5	Default	0.9880663499571684	0.011933650042831728	Bad
CUST0264	Male	42	8	false	2.68	2	Bad	698	Shopaholic	true	Customer 264	user_264	false	4	4	0.2608023995737481	0.7391976004262519	Good
CUST0265	Female	29	1	false	16.5	2	Bad	685	Traveler	false	Customer 265	user_265	false	0	10	0.23558763415176365	0.7644123658482364	Good
CUST0266	Male	62	7	false	4.78	4	Good	626	Tech geek who loves exploring cutting-edge solutions	true	Customer 266	user_266	true	5	1	0.4655340909017566	0.5344659090982432	Bad
CUST0267	Male	26	0	false	13.94	3	Bad	610	Fitness	true	Customer 267	user_267	true	8	7	0.43339877750914463	0.5666012224908553	Bad
CUST0268	Female	36	3	false	15.33	2	Bad	899	Always learning	false	Customer 268	user_268	false	9	10	0.37970202651728785	0.6202979734827122	Good
CUST0269	Male	37	7	false	16.16	1	Bad	472	Bookworm	false	Customer 269	user_269	false	5	3	0.3126968043652418	0.6873031956347583	Good
CUST0270	Male	33	5	true	9.25	2	Bad	697	Enjoying	false	Customer 270	customer270	false	10	11	0.4185850436820098	0.5814149563179901	Bad
CUST0271	Female	52	3	false	9.41	5	Good	701	Loves photography, music, and exploring new cultures	false	Customer 271	user_271	true	5	10	0.37835099661050076	0.6216490033894992	Good
CUST0272	Male	55	4	true	11.29	3	Bad	68	Traveler	false	Customer 272	user_272	true	5	6	0.4939586880282354	0.5060413119717645	Bad
CUST0273	Male	42	10	false	14.36	5	Good	736	Tech geek who loves exploring cutting-edge solutions	true	Customer 273	user_273	true	8	10	0.39499639870152814	0.605003601298472	Good
CUST0274	Female	32	7	false	17.9	1	Bad	646	Traveler and dreamer	false	Customer 274	user_274	true	3	7	0.30098167632187195	0.6990183236781281	Good
CUST0275	Male	17	4	true	7.79	1	Bad	809	Fitness enthusiast	true	Customer 275	user_275	true	5	4	0.2432006100022221	0.756799389997778	Good
CUST0276	Male	48	5	false	4.78	4	Good	728	Avid reader, tech enthusiast, and fitness lover	false	Customer 276	user_276	true	9	10	0.40661516924355756	0.5933848307564425	Bad
CUST0277	Male	47	2	false	15.97	3	Bad	151	Love	false	Customer 277	customer277	true	5	1	0.4188491209153739	0.5811508790846261	Bad
CUST0278	Male	53	4	true	7.74	1	Bad	117	Enjoying	false	Customer 278	user_278	false	9	Default	0.9093979613929811	0.09060203860701879	Bad
CUST0279	Female	42	4	true	15.13	1	Bad	23	Tech geek	true	Customer 279	user_279	true	5	Default	0.8969748681271952	0.10302513187280475	Bad
CUST0280	Female	40	0	true	5.75	4	Good	816	Creative thinker who enjoys innovation and challenges	false	Customer 280	customer280	true	3	12	0.39130691935024	0.6086930806497601	Good
CUST0281	Female	28	0	true	10.35	4	Good	681	Tech geek who loves exploring cutting-edge solutions	true	Customer 281	customer281	true	8	8	0.4889607527026099	0.51103924729739	Bad
CUST0282	Male	23	4	true	2.83	5	Good	418	Always learning and sharing my experiences	false	Customer 282	customer282	true	1	4	0.1910653429416694	0.8089346570583306	Good
CUST0283	Female	37	2	false	11.08	2	Bad	202	Shopaholic	true	Customer 283	user_283	false	9	Default	0.9018479003988135	0.09815209960118648	Bad
CUST0284	Female	57	7	false	17.4	2	Bad	145	Love	false	Customer 284	user_284	false	9	Default	0.9021300794996171	0.09786992050038293	Bad
CUST0285	Male	42	6	false	16.32	3	Bad	917	Enjoying	false	Customer 285	user_285	true	8	1	0.37883428171867717	0.6211657182813228	Good
CUST0286	Male	22	1	false	14.8	1	Bad	246	Love	false	Customer 286	user_286	false	2	7	0.28798082379579754	0.7120191762042024	Good
CUST0287	Male	24	7	false	5.9	4	Good	142	Avid reader, tech enthusiast, and fitness lover	false	Customer 287	user_287	true	0	11	0.22302784676387027	0.7769721532361298	Good
CUST0288	Female	32	3	false	2.22	1	Bad	523	Love	false	Customer 288	customer288	false	4	Default	0.8057306789396981	0.19426932106030187	Bad
CUST0289	Female	17	7	false	10.58	4	Good	963	Always learning and sharing my experiences	false	Customer 289	customer289	true	4	9	0.20413874329255496	0.795861256707445	Good
CUST0290	Male	53	0	true	16.29	4	Good	657	Avid reader, tech enthusiast, and fitness lover	false	Customer 290	user_290	true	8	6	0.5160265476500868	0.4839734523499131	Bad
CUST0291	Male	56	9	true	11.02	2	Bad	852	Love	false	Customer 291	user_291	false	7	Default	0.8659587696797344	0.13404123032026558	Bad
CUST0292	Female	60	7	false	5.61	3	Bad	66	Fitness	true	Customer 292	user_292	true	1	1	0.44688954696652616	0.553110453033474	Bad
CUST0293	Male	51	9	true	11.25	2	Bad	269	Love	false	Customer 293	customer293	false	1	Default	0.8203716023651045	0.17962839763489546	Bad
CUST0294	Female	38	6	false	12.74	2	Bad	67	Love	false	Customer 294	user_294	false	3	Default	0.821087201996337	0.17891279800366297	Bad
CUST0295	Male	40	3	false	7.11	2	Bad	30	Traveler	false	Customer 295	user_295	false	5	7	0.406675067703304	0.5933249322966959	Bad
CUST0296	Male	53	7	false	7.72	5	Good	387	Creative thinker who enjoys innovation and challenges	false	Customer 296	customer296	true	5	9	0.3437635995933822	0.6562364004066179	Good
CUST0297	Male	22	4	false	16.5	3	Bad	218	Love	false	Customer 297	user_297	true	6	4	0.2369040081351815	0.7630959918648184	Good
CUST0299	Male	28	10	false	18.89	4	Good	333	Creative thinker who enjoys innovation and challenges	false	Customer 299	user_299	true	9	10	0.34439390629883193	0.6556060937011681	Good
CUST0300	Female	55	8	true	13.31	1	Bad	535	Enjoying the small moments	false	Customer 300	user_300	true	8	6	0.515059814129898	0.48494018587010207	Bad
CUST0301	Male	23	10	true	19.52	1	Bad	448	Passionate about photography	false	Customer 301	customer301	false	5	8	0.3180797213109117	0.6819202786890883	Good
CUST0302	Female	54	2	true	1.19	4	Good	508	Loves exploring new cuisines and traveling the world	false	Customer 302	user_302	true	9	5	0.5853796188359434	0.4146203811640566	Bad
CUST0303	Male	45	9	true	13.86	4	Good	966	Passionate about sustainable living and healthy eating	false	Customer 303	user_303	true	8	1	0.4099614216016279	0.590038578398372	Bad
CUST0304	Female	56	9	true	3.77	1	Bad	562	Always learning	false	Customer 304	user_304	false	3	Default	0.8498438902122135	0.15015610978778654	Bad
CUST0305	Male	38	10	true	8.91	2	Bad	932	Love	false	Customer 305	user_305	false	6	Default	0.814135535207154	0.18586446479284607	Bad
CUST0306	Male	42	1	false	15.33	5	Good	182	Foodie, traveler, and passionate about personal growth	false	Customer 306	user_306	true	5	6	0.41213838473640185	0.5878616152635983	Bad
CUST0307	Female	33	8	false	2.87	1	Bad	473	Shopaholic and proud	true	Customer 307	user_307	true	3	1	0.3519659774822372	0.6480340225177629	Good
CUST0308	Male	50	4	true	8.24	1	Bad	18	Love exploring new places	false	Customer 308	user_308	true	10	Default	0.9145256816087167	0.08547431839128326	Bad
CUST0309	Female	46	0	true	2.32	4	Good	629	Avid reader, tech enthusiast, and fitness lover	false	Customer 309	customer309	true	10	3	0.5134062613215492	0.4865937386784508	Bad
CUST0310	Female	62	6	false	15.81	2	Bad	518	Always learning	false	Customer 310	user_310	false	0	Default	0.818363915552346	0.18163608444765406	Bad
CUST0311	Female	49	7	true	16.72	2	Bad	290	Shopaholic and proud	true	Customer 311	customer311	true	10	Default	0.924675636486276	0.07532436351372392	Bad
CUST0312	Female	31	1	false	14.61	2	Bad	416	Traveler	false	Customer 312	user_312	false	8	Default	0.8565878239729042	0.14341217602709574	Bad
CUST0314	Male	58	6	false	19.2	1	Bad	438	Foodie	false	Customer 314	user_314	false	3	Default	0.8348315562047481	0.16516844379525183	Bad
CUST0315	Male	59	3	true	3.75	1	Bad	878	Bookworm	false	Customer 315	user_315	true	0	Default	0.8146922557312894	0.18530774426871047	Bad
CUST0316	Male	57	4	true	6.94	2	Bad	916	Enjoying the small moments	false	Customer 316	user_316	true	4	Default	0.8489299327726735	0.15107006722732647	Bad
CUST0317	Male	53	7	false	16.42	5	Good	233	Adventure seeker and nature enthusiast	false	Customer 317	customer317	true	2	4	0.25372309483102073	0.7462769051689793	Good
CUST0318	Male	49	5	true	9.98	2	Bad	752	Love	false	Customer 318	user_318	false	5	8	0.4064883540068436	0.5935116459931564	Bad
CUST0319	Male	59	0	false	19.1	2	Bad	689	Fitness enthusiast	true	Customer 319	user_319	false	9	Default	0.9125701908652822	0.08742980913471779	Bad
CUST0320	Male	51	10	false	3.12	4	Good	871	Fitness fanatic with a love for outdoor adventures	true	Customer 320	user_320	true	2	5	0.370258805879423	0.6297411941205769	Good
CUST0321	Male	24	5	true	13.52	5	Good	558	Always learning and sharing my experiences	false	Customer 321	user_321	true	10	9	0.3657343565675625	0.6342656434324376	Good
CUST0322	Female	27	5	false	4.7	3	Bad	839	Enjoying	false	Customer 322	customer322	true	10	6	0.4010100320253958	0.5989899679746041	Bad
CUST0324	Male	51	4	true	9.08	2	Bad	693	Traveler	false	Customer 324	user_324	false	5	12	0.4392720208568919	0.5607279791431082	Bad
CUST0325	Female	35	2	true	102162.445	3	Bad	206	Enjoying	false	Customer 325	user_325	true	6	7	0.9146484612801533	0.08535153871984658	Bad
CUST0326	Male	20	9	true	2.9	4	Good	908	Loves exploring new cuisines and traveling the world	false	Customer 326	user_326	true	6	4	0.20458039699235386	0.7954196030076462	Good
CUST0327	Male	23	4	false	5.96	5	Good	460	Always learning and sharing my experiences	false	Customer 327	user_327	true	1	8	0.2465317165508261	0.753468283449174	Good
CUST0328	Female	39	2	false	9.62	5	Good	199	Loves photography, music, and exploring new cultures	false	Customer 328	user_328	true	8	4	0.34555589703961287	0.6544441029603871	Good
CUST0329	Male	34	7	false	19.0	4	Good	181	Loves photography, music, and exploring new cultures	false	Customer 329	customer329	true	9	11	0.39593649914036944	0.6040635008596306	Good
CUST0330	Male	39	5	true	11.22	4	Good	267	Tech geek who loves exploring cutting-edge solutions	true	Customer 330	user_330	true	4	6	0.44881620339321304	0.551183796606787	Bad
CUST0331	Female	24	5	true	18.63	5	Good	158	Fitness fanatic with a love for outdoor adventures	true	Customer 331	user_331	true	1	5	0.39119658475203734	0.6088034152479626	Good
CUST0332	Male	22	7	true	9.43	2	Bad	658	Music lover	false	Customer 332	customer332	false	2	3	0.24225273580462195	0.757747264195378	Good
CUST0334	Male	35	8	false	10.95	2	Bad	928	Traveler	false	Customer 334	customer334	false	2	Default	0.732353333855376	0.26764666614462396	Bad
CUST0335	Female	34	10	false	2.46	5	Good	754	Creative thinker who enjoys innovation and challenges	false	Customer 335	user_335	true	7	10	0.3181749958238393	0.6818250041761608	Good
CUST0336	Male	50	1	false	17.5	3	Bad	754	Traveler	false	Customer 336	user_336	true	0	9	0.25422414340391486	0.7457758565960851	Good
CUST0337	Female	62	9	true	7.94	1	Bad	225	Foodie	false	Customer 337	user_337	false	1	Default	0.8553714266844327	0.14462857331556725	Bad
CUST0338	Female	50	5	false	1.14	1	Bad	18	Traveler	false	Customer 338	user_338	false	8	Default	0.8927818968074626	0.10721810319253736	Bad
CUST0339	Male	45	10	false	7.09	2	Bad	14	Love exploring new places	false	Customer 339	user_339	false	6	Default	0.8476172710684405	0.1523827289315594	Bad
CUST0340	Female	18	7	false	8.35	1	Bad	459	Always learning	false	Customer 340	user_340	true	1	Default	0.7168158308517127	0.28318416914828726	Bad
CUST0341	Female	17	0	true	12.19	2	Bad	447	Foodie	false	Customer 341	user_341	false	8	10	0.38053500690448905	0.619464993095511	Good
CUST0342	Female	26	8	false	18.57	2	Bad	239	Shopaholic and proud	true	Customer 342	user_342	false	9	Default	0.8729889578080033	0.1270110421919966	Bad
CUST0344	Male	37	7	true	8.03	4	Good	299	Passionate about sustainable living and healthy eating	false	Customer 344	user_344	true	1	8	0.31947913971138775	0.6805208602886123	Good
CUST0345	Female	46	10	false	18.03	1	Bad	97	Traveler	false	Customer 345	customer345	false	6	Default	0.8564123258646346	0.14358767413536544	Bad
CUST0346	Male	48	0	true	15.46	3	Bad	449	Fitness	true	Customer 346	user_346	true	4	5	0.5162529895241736	0.48374701047582647	Bad
CUST0347	Female	62	7	true	4.76	1	Bad	328	Foodie	false	Customer 347	customer347	false	5	Default	0.8898466067209533	0.11015339327904677	Bad
CUST0348	Female	34	8	true	19.87	2	Bad	699	Tech geek	true	Customer 348	user_348	false	4	7	0.4019313738400628	0.5980686261599372	Bad
CUST0349	Male	63	0	true	15.34	2	Bad	822	Foodie	false	Customer 349	user_349	false	7	7	0.5199615564152155	0.48003844358478454	Bad
CUST0350	Female	39	8	true	9.36	3	Bad	609	Traveler	false	Customer 350	user_350	true	8	7	0.4491920409727577	0.5508079590272422	Bad
CUST0351	Female	62	3	true	1.32	3	Bad	793	Shopaholic	true	Customer 351	user_351	true	7	9	0.5107769511327147	0.48922304886728524	Bad
CUST0352	Female	51	1	true	12.22	3	Bad	514	Shopaholic	true	Customer 352	user_352	true	3	8	0.48708599709362954	0.5129140029063705	Bad
CUST0353	Male	50	8	true	1.62	2	Bad	848	Enjoying	false	Customer 353	user_353	false	0	Default	0.779141910718819	0.22085808928118106	Bad
CUST0354	Male	33	9	true	6.71	5	Good	965	Foodie, traveler, and passionate about personal growth	false	Customer 354	user_354	true	0	1	0.2395945663191015	0.7604054336808986	Good
CUST0355	Female	61	0	false	2.81	1	Bad	50	Tech geek	true	Customer 355	user_355	false	1	Default	0.8857516473327238	0.11424835266727627	Bad
CUST0356	Male	43	10	false	5.16	4	Good	126	Always learning and sharing my experiences	false	Customer 356	user_356	true	8	4	0.3119165014322117	0.6880834985677883	Good
CUST0357	Female	61	10	false	5.55	1	Bad	422	Enjoying	false	Customer 357	user_357	false	7	Default	0.8787195932116464	0.1212804067883535	Bad
CUST0358	Female	28	7	true	8.46	2	Bad	822	Foodie	false	Customer 358	user_358	false	10	11	0.40129886195067604	0.5987011380493239	Bad
CUST0359	Male	61	1	false	6.91	2	Bad	474	Fitness	true	Customer 359	user_359	false	5	Default	0.8926473349740541	0.1073526650259459	Bad
CUST0360	Male	45	9	true	5.67	4	Good	780	Loves exploring new cuisines and traveling the world	false	Customer 360	user_360	true	3	8	0.33690821038960733	0.6630917896103926	Good
CUST0361	Male	42	7	true	1.62	5	Good	508	Fitness fanatic with a love for outdoor adventures	true	Customer 361	user_361	true	8	4	0.3785233134812628	0.6214766865187371	Good
CUST0362	Female	62	7	true	10.28	2	Bad	307	Enjoying	false	Customer 362	customer362	false	1	Default	0.8568773896529907	0.1431226103470093	Bad
CUST0363	Female	36	6	true	13.46	4	Good	482	Avid reader, tech enthusiast, and fitness lover	false	Customer 363	customer363	true	3	12	0.37537173528724554	0.6246282647127543	Good
CUST0364	Male	24	6	false	2.93	4	Good	460	Fitness fanatic with a love for outdoor adventures	true	Customer 364	user_364	true	0	4	0.18235966341152268	0.8176403365884773	Good
CUST0365	Female	29	0	false	2.96	5	Good	268	Always learning and sharing my experiences	false	Customer 365	user_365	true	2	2	0.36822077164218114	0.6317792283578189	Good
CUST0366	Male	56	8	true	5.48	2	Bad	895	Shopaholic and proud	true	Customer 366	user_366	true	5	Default	0.8736379337421866	0.12636206625781346	Bad
CUST0367	Male	25	7	true	2.39	2	Bad	344	Love	false	Customer 367	user_367	false	9	Default	0.8532455815447737	0.14675441845522622	Bad
CUST0368	Female	17	5	true	9.09	3	Bad	530	Foodie	false	Customer 368	user_368	true	0	10	0.22739519986164386	0.7726048001383561	Good
CUST0369	Female	26	8	true	2.26	4	Good	475	Fitness fanatic with a love for outdoor adventures	true	Customer 369	user_369	true	3	11	0.34111084951530996	0.65888915048469	Good
CUST0370	Female	38	6	true	7.72	4	Good	587	Fitness fanatic with a love for outdoor adventures	true	Customer 370	customer370	true	4	4	0.3129689127359931	0.687031087264007	Good
CUST0371	Male	29	6	true	6.79	2	Bad	114	Shopaholic	true	Customer 371	customer371	false	2	Default	0.8309258935914144	0.16907410640858556	Bad
CUST0372	Female	50	8	false	11.23	2	Bad	163	Bookworm	false	Customer 372	user_372	true	2	Default	0.825752386845729	0.17424761315427087	Bad
CUST0373	Female	64	8	false	14.88	4	Good	869	Passionate about sustainable living and healthy eating	false	Customer 373	user_373	true	0	9	0.27710762277078926	0.7228923772292107	Good
CUST0374	Female	57	8	true	7.38	2	Bad	295	Foodie	false	Customer 374	user_374	false	5	Default	0.8814694582659758	0.11853054173402418	Bad
CUST0375	Male	27	9	true	7.63	5	Good	89	Fitness fanatic with a love for outdoor adventures	true	Customer 375	customer375	true	1	4	0.23893283703293644	0.7610671629670636	Good
CUST0376	Female	58	7	true	8.58	2	Bad	98	Traveler	false	Customer 376	user_376	false	7	Default	0.9052480169824175	0.09475198301758245	Bad
CUST0377	Male	30	1	false	19.21	5	Good	389	Fitness fanatic with a love for outdoor adventures	true	Customer 377	user_377	true	0	8	0.31143776272545215	0.6885622372745479	Good
CUST0378	Male	17	1	false	6.31	2	Bad	842	Foodie	false	Customer 378	user_378	false	7	Default	0.7832629001621418	0.21673709983785822	Bad
CUST0379	Female	26	9	true	14.41	1	Bad	178	Shopaholic	true	Customer 379	user_379	false	6	2	0.488310634790412	0.511689365209588	Bad
CUST0381	Female	64	4	false	1.13	4	Good	926	Fitness fanatic with a love for outdoor adventures	true	Customer 381	user_381	true	0	6	0.3985401327262979	0.601459867273702	Good
CUST0382	Female	18	8	false	6.69	2	Bad	713	Passionate about photography	false	Customer 382	user_382	false	7	Default	0.7837482486834758	0.21625175131652424	Bad
CUST0383	Female	56	7	false	14.04	3	Bad	889	Fitness	true	Customer 383	user_383	true	0	4	0.2495446125506236	0.7504553874493766	Good
CUST0384	Male	61	2	true	14.03	1	Bad	233	Fitness	true	Customer 384	user_384	false	6	Default	0.9177606250000306	0.08223937499996938	Bad
CUST0385	Female	42	1	false	6.76	5	Good	518	Adventure seeker and nature enthusiast	false	Customer 385	user_385	true	2	1	0.3432270491910321	0.6567729508089678	Good
CUST0387	Male	43	10	false	8.74	2	Bad	745	Fitness	true	Customer 387	user_387	false	4	Default	0.8197156872267468	0.18028431277325313	Bad
CUST0388	Female	27	1	false	16.58	4	Good	529	Passionate about sustainable living and healthy eating	false	Customer 388	user_388	true	0	4	0.18005024221992305	0.819949757780077	Good
CUST0389	Female	21	0	false	16.93	4	Good	68	Adventure seeker and nature enthusiast	false	Customer 389	customer389	true	3	7	0.3349799399413325	0.6650200600586675	Good
CUST0390	Female	43	8	true	18.07	3	Bad	460	Shopaholic	true	Customer 390	user_390	true	4	10	0.4133294964713586	0.5866705035286415	Bad
CUST0391	Female	42	4	true	4.23	5	Good	307	Avid reader, tech enthusiast, and fitness lover	false	Customer 391	user_391	true	10	3	0.5051747073925794	0.4948252926074206	Bad
CUST0392	Male	19	10	false	1.38	5	Good	378	Avid reader, tech enthusiast, and fitness lover	false	Customer 392	user_392	true	1	5	0.2423114414049094	0.7576885585950907	Good
CUST0393	Male	56	10	true	2.51	5	Good	492	Loves photography, music, and exploring new cultures	false	Customer 393	customer393	true	2	12	0.3891485908838674	0.6108514091161327	Good
CUST0394	Female	45	1	true	11.94	1	Bad	638	Love	false	Customer 394	user_394	false	6	Default	0.8732230328004469	0.12677696719955317	Bad
CUST0396	Male	55	1	true	3.66	5	Good	330	Foodie, traveler, and passionate about personal growth	false	Customer 396	user_396	true	9	11	0.5288909052325133	0.4711090947674867	Bad
CUST0397	Male	53	2	true	18.79	2	Bad	701	Foodie	false	Customer 397	user_397	false	10	Default	0.9032895515497347	0.09671044845026532	Bad
CUST0398	Male	17	2	false	10.87	1	Bad	745	Love	false	Customer 398	customer398	false	0	Default	0.6814577464199125	0.3185422535800874	Bad
CUST0399	Male	26	2	true	10.78	4	Good	393	Foodie, traveler, and passionate about personal growth	false	Customer 399	user_399	true	4	2	0.39378261396330955	0.6062173860366904	Good
CUST0400	Female	28	6	false	106284.7114	2	Bad	819	Love	false	Customer 400	user_400	false	9	Default	0.9857963293712242	0.014203670628775863	Bad
CUST0401	Female	46	1	true	8.53	4	Good	426	Avid reader, tech enthusiast, and fitness lover	false	Customer 401	user_401	true	5	4	0.3409902146465976	0.6590097853534025	Good
CUST0402	Male	64	10	false	18.7	1	Bad	353	Enjoying the small moments	false	Customer 402	user_402	true	2	Default	0.8296237236139781	0.17037627638602199	Bad
CUST0403	Female	20	6	true	9.44	4	Good	3	Always learning and sharing my experiences	false	Customer 403	user_403	true	3	7	0.34615739125697215	0.6538426087430279	Good
CUST0404	Male	63	10	false	2.46	1	Bad	100	Always learning	false	Customer 404	user_404	false	4	Default	0.8584061945907707	0.14159380540922936	Bad
CUST0405	Female	37	2	false	1.67	1	Bad	369	Enjoying	false	Customer 405	user_405	false	0	Default	0.7788271231235502	0.2211728768764498	Bad
CUST0406	Female	26	3	false	6.23	1	Bad	520	Food lover	false	Customer 406	user_406	true	10	3	0.3953084354884944	0.6046915645115056	Good
CUST0407	Female	20	6	true	14.39	1	Bad	324	Tech geek	true	Customer 407	user_407	false	7	12	0.4566911390120049	0.5433088609879951	Bad
CUST0408	Female	59	0	true	7.45	2	Bad	405	Fitness	true	Customer 408	user_408	false	1	Default	0.8873534359348748	0.11264656406512517	Bad
CUST0409	Female	32	10	false	6.04	2	Bad	758	Food lover	false	Customer 409	user_409	false	2	Default	0.7425616227186091	0.25743837728139074	Bad
CUST0413	Female	51	3	false	13.11	2	Bad	472	Passionate about photography	false	Customer 413	customer413	true	1	4	0.24905667486506194	0.7509433251349382	Good
CUST0414	Male	47	4	true	15.39	1	Bad	613	Enjoying the small moments	false	Customer 414	user_414	true	7	10	0.41817191952325444	0.5818280804767455	Bad
CUST0415	Male	32	7	true	13.43	1	Bad	180	Traveler and dreamer	false	Customer 415	user_415	false	1	Default	0.7865240026336513	0.21347599736634867	Bad
CUST0416	Male	45	4	true	11.89	2	Bad	907	Enjoying	false	Customer 416	customer416	false	1	Default	0.789413248041325	0.21058675195867513	Bad
CUST0417	Male	31	7	false	16.26	2	Bad	575	Always learning	false	Customer 417	user_417	false	6	Default	0.8000051911986046	0.19999480880139542	Bad
CUST0418	Female	53	2	true	4.71	2	Bad	548	Passionate about photography	false	Customer 418	user_418	true	4	Default	0.8704181762915867	0.12958182370841334	Bad
CUST0419	Female	23	6	false	13.27	4	Good	172	Avid reader, tech enthusiast, and fitness lover	false	Customer 419	user_419	true	3	4	0.2096159345155647	0.7903840654844354	Good
CUST0420	Female	37	5	true	6.04	4	Good	885	Foodie, traveler, and passionate about personal growth	false	Customer 420	user_420	true	1	2	0.34694912239394143	0.6530508776060585	Good
CUST0422	Female	41	1	false	8.85	1	Bad	497	Traveler	false	Customer 422	user_422	false	0	Default	0.7852510706947207	0.2147489293052794	Bad
CUST0423	Female	36	1	false	16.82	3	Bad	499	Shopaholic	true	Customer 423	user_423	true	8	7	0.4945200009642064	0.5054799990357935	Bad
CUST0424	Male	32	5	true	5.02	1	Bad	82	Foodie	false	Customer 424	user_424	false	7	Default	0.8621764705578879	0.1378235294421121	Bad
CUST0425	Female	31	9	true	6.0	2	Bad	552	Enjoying	false	Customer 425	user_425	false	6	Default	0.8314068871626543	0.16859311283734568	Bad
CUST0426	Female	62	7	true	4.77	4	Good	646	Avid reader, tech enthusiast, and fitness lover	false	Customer 426	user_426	true	0	8	0.3794142096452954	0.6205857903547045	Good
CUST0427	Male	49	0	false	5.37	2	Bad	352	Love	false	Customer 427	user_427	false	0	3	0.3058235096095281	0.6941764903904719	Good
CUST0428	Female	32	1	false	4.8	1	Bad	986	Passionate about photography	false	Customer 428	user_428	true	8	Default	0.8346527332062228	0.16534726679377718	Bad
CUST0429	Female	27	0	true	15.55	2	Bad	399	Food lover	false	Customer 429	user_429	true	9	1	0.47049305257866486	0.5295069474213353	Bad
CUST0430	Female	29	0	true	14.73	3	Bad	68	Love	false	Customer 430	customer430	true	8	12	0.5045637718814662	0.49543622811853383	Bad
CUST0431	Male	29	10	true	15.31	4	Good	247	Foodie, traveler, and passionate about personal growth	false	Customer 431	user_431	true	5	11	0.326806531985258	0.673193468014742	Good
CUST0432	Male	30	2	false	16.48	1	Bad	0	Enjoying	false	Customer 432	user_432	false	7	8	0.4091767268987375	0.5908232731012624	Bad
CUST0434	Male	32	1	false	15.81	1	Bad	364	Love	false	Customer 434	user_434	false	6	Default	0.8298068867900678	0.1701931132099323	Bad
CUST0435	Male	63	7	false	4.67	2	Bad	14	Enjoying	false	Customer 435	user_435	false	8	Default	0.8997026903777852	0.10029730962221477	Bad
CUST0436	Female	21	9	true	10.82	4	Good	859	Adventure seeker and nature enthusiast	false	Customer 436	user_436	true	1	7	0.24849633483425893	0.751503665165741	Good
CUST0437	Male	42	2	true	15.66	2	Bad	450	Traveler	false	Customer 437	user_437	false	5	Default	0.8542734460878303	0.14572655391216965	Bad
CUST0438	Female	36	7	true	8.03	5	Good	958	Fitness fanatic with a love for outdoor adventures	true	Customer 438	user_438	true	6	11	0.39753878699645734	0.6024612130035426	Good
CUST0439	Female	49	10	false	5.87	2	Bad	418	Traveler and dreamer	false	Customer 439	customer439	true	6	4	0.29572016950359714	0.7042798304964029	Good
CUST0440	Female	63	9	true	12.87	2	Bad	786	Bookworm	false	Customer 440	user_440	false	5	11	0.4278205320672456	0.5721794679327544	Bad
CUST0441	Female	52	9	true	4.03	1	Bad	407	Shopaholic	true	Customer 441	customer441	false	9	8	0.5751948624949832	0.42480513750501675	Bad
CUST0442	Male	18	5	true	3.3	3	Bad	275	Enjoying	false	Customer 442	customer442	true	0	3	0.23294690838167048	0.7670530916183295	Good
CUST0443	Male	62	6	true	14.55	2	Bad	263	Love exploring new places	false	Customer 443	user_443	false	4	Default	0.8777830304649029	0.12221696953509704	Bad
CUST0444	Male	51	4	true	11.74	1	Bad	929	Foodie	false	Customer 444	user_444	false	8	Default	0.8743119162371225	0.12568808376287754	Bad
CUST0445	Female	21	6	false	13.1	5	Good	277	Creative thinker who enjoys innovation and challenges	false	Customer 445	user_445	true	4	11	0.28317766009375434	0.7168223399062457	Good
CUST0446	Female	24	8	true	17.48	3	Bad	832	Fitness	true	Customer 446	user_446	true	9	2	0.4907306003793406	0.5092693996206595	Bad
CUST0447	Female	36	6	true	17.4	3	Bad	720	Enjoying	false	Customer 447	user_447	true	5	11	0.35154089487183493	0.6484591051281651	Good
CUST0448	Male	25	4	false	16.94	1	Bad	938	Love	false	Customer 448	user_448	false	7	8	0.3141232188131256	0.6858767811868745	Good
CUST0449	Female	41	6	false	14.84	3	Bad	182	Love	false	Customer 449	user_449	true	7	11	0.40812775849443217	0.5918722415055677	Bad
CUST0450	Female	39	4	false	7.25	3	Bad	613	Fitness	true	Customer 450	user_450	true	8	10	0.4415520103665466	0.5584479896334534	Bad
CUST0451	Male	27	7	true	8.35	3	Bad	629	Enjoying	false	Customer 451	user_451	true	2	8	0.28216470795135107	0.7178352920486489	Good
CUST0452	Female	28	4	false	1.47	4	Good	740	Foodie, traveler, and passionate about personal growth	false	Customer 452	user_452	true	5	12	0.33656525320398595	0.6634347467960141	Good
CUST0453	Male	60	3	false	3.07	4	Good	51	Fitness fanatic with a love for outdoor adventures	true	Customer 453	customer453	true	2	4	0.3488118851811807	0.6511881148188192	Good
CUST0454	Male	52	5	true	4.58	4	Good	923	Fitness fanatic with a love for outdoor adventures	true	Customer 454	user_454	true	7	4	0.3731612333354856	0.6268387666645144	Good
CUST0455	Female	42	5	true	8.86	1	Bad	374	Foodie	false	Customer 455	user_455	false	8	Default	0.8855585124226631	0.11444148757733688	Bad
CUST0456	Female	52	3	true	14.41	2	Bad	806	Shopaholic	true	Customer 456	user_456	false	10	6	0.5972468179542634	0.4027531820457367	Bad
CUST0457	Male	41	10	false	8.07	2	Bad	130	Enjoying	false	Customer 457	user_457	false	1	Default	0.7749435328246629	0.22505646717533714	Bad
CUST0458	Male	44	4	true	8.15	1	Bad	832	Fitness	true	Customer 458	user_458	false	9	Default	0.8965240771357201	0.10347592286427977	Bad
CUST0459	Female	45	1	true	6.53	1	Bad	685	Foodie	false	Customer 459	user_459	false	10	Default	0.9021200272109511	0.09787997278904896	Bad
CUST0460	Male	31	2	true	8.11	5	Good	300	Avid reader, tech enthusiast, and fitness lover	false	Customer 460	user_460	true	8	8	0.44694862932461427	0.5530513706753857	Bad
CUST0461	Male	39	7	true	8.57	1	Bad	951	Shopaholic	true	Customer 461	customer461	false	1	11	0.3029409862950597	0.6970590137049403	Good
CUST0462	Female	45	9	false	9.9	4	Good	731	Passionate about sustainable living and healthy eating	false	Customer 462	user_462	true	2	8	0.30662125186934386	0.6933787481306561	Good
CUST0463	Male	60	8	true	9.47	2	Bad	882	Food lover	false	Customer 463	user_463	false	9	1	0.4952688903739417	0.5047311096260583	Bad
CUST0465	Male	56	1	false	4.49	1	Bad	728	Shopaholic	true	Customer 465	user_465	false	10	Default	0.9125701971016208	0.08742980289837914	Bad
CUST0466	Male	45	0	false	2.19	1	Bad	251	Adventure seeker	false	Customer 466	customer466	false	9	Default	0.8871638070012136	0.11283619299878633	Bad
CUST0467	Male	42	1	true	1.79	1	Bad	231	Enjoying	false	Customer 467	user_467	false	8	Default	0.8896831051524617	0.11031689484753819	Bad
CUST0468	Male	32	1	true	16.14	5	Good	108	Adventure seeker and nature enthusiast	false	Customer 468	user_468	true	6	12	0.44922656218875906	0.550773437811241	Bad
CUST0469	Female	19	6	false	9.14	2	Bad	919	Adventure seeker	false	Customer 469	customer469	true	8	Default	0.7943817043468063	0.20561829565319367	Bad
CUST0470	Female	44	9	true	2.14	2	Bad	237	Shopaholic	true	Customer 470	user_470	false	6	Default	0.8914054818302882	0.10859451816971182	Bad
CUST0471	Male	50	2	false	13.45	4	Good	457	Foodie, traveler, and passionate about personal growth	false	Customer 471	user_471	true	6	2	0.4745167859491313	0.5254832140508687	Bad
CUST0472	Female	55	10	false	16.22	1	Bad	337	Shopaholic	true	Customer 472	user_472	false	0	Default	0.8317862231593667	0.16821377684063327	Bad
CUST0473	Female	20	4	true	18.56	2	Bad	319	Shopaholic	true	Customer 473	user_473	false	1	Default	0.807893074100479	0.19210692589952105	Bad
CUST0474	Male	59	6	false	8.89	2	Bad	963	Tech geek	true	Customer 474	user_474	false	0	Default	0.810356431648806	0.18964356835119392	Bad
CUST0475	Female	52	3	false	8.32	3	Bad	213	Foodie	false	Customer 475	customer475	true	3	5	0.4431860560883637	0.5568139439116363	Bad
CUST0476	Male	64	9	true	15.1	3	Bad	123	Enjoying	false	Customer 476	customer476	true	1	7	0.42217291964836645	0.5778270803516335	Bad
CUST0477	Male	52	2	true	3.49	1	Bad	293	Enjoying	false	Customer 477	user_477	false	9	12	0.5606567156263264	0.43934328437367365	Bad
CUST0478	Female	38	1	false	2.11	3	Bad	273	Traveler	false	Customer 478	user_478	true	10	1	0.49577768167098285	0.5042223183290171	Bad
CUST0479	Male	64	1	false	11.04	3	Bad	103	Enjoying	false	Customer 479	user_479	true	2	9	0.37598535191633203	0.6240146480836679	Good
CUST0480	Male	59	1	true	5.43	2	Bad	899	Shopaholic	true	Customer 480	user_480	false	6	Default	0.8991670938130061	0.10083290618699403	Bad
CUST0481	Male	26	1	true	13.46	5	Good	135	Avid reader, tech enthusiast, and fitness lover	false	Customer 481	user_481	true	7	4	0.3121354902302856	0.6878645097697145	Good
CUST0482	Female	58	5	false	6.45	2	Bad	591	Foodie	false	Customer 482	user_482	true	3	6	0.4017692331210084	0.5982307668789916	Bad
CUST0483	Female	52	5	true	10.08	4	Good	630	Loves exploring new cuisines and traveling the world	false	Customer 483	user_483	true	3	4	0.2961998368877481	0.7038001631122519	Good
CUST0485	Male	32	4	true	18.13	3	Bad	579	Enjoying	false	Customer 485	customer485	true	1	2	0.338443820393333	0.661556179606667	Good
CUST0486	Male	21	1	true	6.12	4	Good	142	Tech geek who loves exploring cutting-edge solutions	true	Customer 486	user_486	true	6	12	0.4594941759667151	0.5405058240332848	Bad
CUST0487	Female	35	3	true	18.77	1	Bad	378	Love	false	Customer 487	user_487	false	7	Default	0.8702464346569787	0.1297535653430214	Bad
CUST0488	Male	23	8	true	12.12	1	Bad	160	Music lover	false	Customer 488	user_488	false	0	8	0.26600221906834165	0.7339977809316584	Good
CUST0489	Female	24	5	false	1.65	5	Good	850	Adventure seeker and nature enthusiast	false	Customer 489	user_489	true	10	11	0.3567648303521708	0.6432351696478292	Good
CUST0490	Female	42	2	true	18.91	1	Bad	6	Enjoying the small moments	false	Customer 490	user_490	true	7	Default	0.8952527536872814	0.1047472463127186	Bad
CUST0491	Female	17	3	false	14.86	2	Bad	8	Fitness	true	Customer 491	customer491	false	9	Default	0.8770017247433389	0.1229982752566611	Bad
CUST0492	Male	31	0	false	4.28	5	Good	503	Avid reader, tech enthusiast, and fitness lover	false	Customer 492	user_492	true	0	1	0.2645107045949888	0.7354892954050112	Good
CUST0493	Male	51	1	false	7.01	1	Bad	423	Fitness	true	Customer 493	user_493	false	0	4	0.2705633028649662	0.7294366971350338	Good
CUST0494	Male	48	1	true	2.94	1	Bad	391	Passionate about photography	false	Customer 494	user_494	false	1	Default	0.8304633685462686	0.16953663145373138	Bad
CUST0495	Male	18	5	true	16.77	2	Bad	835	Enjoying	false	Customer 495	user_495	false	8	Default	0.81170897791728	0.18829102208272006	Bad
CUST0497	Male	29	10	true	5.42	5	Good	140	Loves photography, music, and exploring new cultures	false	Customer 497	user_497	true	2	3	0.2832970016274882	0.7167029983725117	Good
CUST0498	Male	48	1	false	19.55	1	Bad	314	Enjoying the small moments	false	Customer 498	user_498	true	6	Default	0.862680911152268	0.13731908884773203	Bad
CUST0499	Male	24	5	false	12.75	4	Good	816	Always learning and sharing my experiences	false	Customer 499	user_499	true	7	7	0.32031454735435316	0.6796854526456468	Good
CUST0500	Female	55	2	false	2.88	1	Bad	846	Fitness	true	Customer 500	customer500	false	3	Default	0.8603808850307363	0.1396191149692638	Bad
CUST0501	Female	50	4	true	19.13	1	Bad	760	Fitness	true	Customer 501	user_501	false	3	Default	0.8691164742509856	0.13088352574901438	Bad
CUST0502	Male	47	5	true	16.97	1	Bad	777	Bookworm	false	Customer 502	user_502	true	6	4	0.3019421688980278	0.6980578311019722	Good
CUST0503	Female	53	7	false	14.46	1	Bad	349	Always learning	false	Customer 503	user_503	false	6	1	0.4402052864676703	0.5597947135323298	Bad
CUST0504	Male	26	5	true	5.64	2	Bad	243	Traveler	false	Customer 504	user_504	false	7	8	0.40052502943260726	0.5994749705673927	Bad
CUST0505	Male	62	3	false	13.48	2	Bad	597	Fitness enthusiast	true	Customer 505	user_505	true	7	Default	0.9009982735350675	0.09900172646493255	Bad
CUST0506	Male	41	1	true	19.44	2	Bad	553	Traveler	false	Customer 506	user_506	false	1	Default	0.8074487971243992	0.19255120287560068	Bad
CUST0507	Male	27	2	false	5.92	3	Bad	332	Foodie	false	Customer 507	user_507	true	9	5	0.4403604859703027	0.5596395140296974	Bad
CUST0508	Male	36	4	false	15.07	4	Good	459	Creative thinker who enjoys innovation and challenges	false	Customer 508	user_508	true	0	9	0.22321629757008185	0.7767837024299182	Good
CUST0509	Male	46	5	false	1.66	4	Good	36	Fitness fanatic with a love for outdoor adventures	true	Customer 509	user_509	true	5	10	0.4313277661812301	0.5686722338187699	Bad
CUST0510	Male	48	7	false	6.44	5	Good	214	Passionate about sustainable living and healthy eating	false	Customer 510	user_510	true	6	9	0.35694314151862067	0.6430568584813794	Good
CUST0511	Female	47	5	true	12.38	3	Bad	806	Love	false	Customer 511	user_511	true	6	3	0.4035489407360141	0.596451059263986	Bad
CUST0513	Male	22	4	true	19.1	2	Bad	746	Tech geek	true	Customer 513	user_513	false	8	Default	0.8562004199121321	0.14379958008786775	Bad
CUST0514	Male	37	9	false	4.48	2	Bad	664	Love	false	Customer 514	customer514	false	8	9	0.31399977530927403	0.686000224690726	Good
CUST0515	Female	60	1	false	6.47	2	Bad	598	Fitness	true	Customer 515	user_515	false	9	Default	0.9206489022758733	0.07935109772412673	Bad
CUST0516	Male	31	7	false	4.73	1	Bad	938	Fitness	true	Customer 516	user_516	false	10	Default	0.857147105257039	0.14285289474296115	Bad
CUST0517	Male	64	4	true	19.33	1	Bad	283	Enjoying	false	Customer 517	user_517	false	6	Default	0.8990464736929416	0.1009535263070585	Bad
CUST0518	Female	40	8	true	12.86	1	Bad	468	Fitness enthusiast	true	Customer 518	user_518	true	5	Default	0.8715380799155514	0.12846192008444854	Bad
CUST0519	Female	56	6	false	4.57	1	Bad	983	Foodie	false	Customer 519	user_519	false	6	Default	0.8489680472048863	0.1510319527951137	Bad
CUST0520	Male	43	8	false	5.53	2	Bad	998	Love exploring new places	false	Customer 520	user_520	false	1	Default	0.7361519047255273	0.2638480952744728	Bad
CUST0521	Male	18	2	true	5.81	2	Bad	153	Fitness	true	Customer 521	user_521	false	6	7	0.4322674772404621	0.5677325227595378	Bad
CUST0522	Male	42	6	true	18.4	1	Bad	693	Shopaholic	true	Customer 522	user_522	true	8	11	0.4624997134153602	0.5375002865846398	Bad
CUST0523	Female	63	2	true	9.9	1	Bad	744	Food lover	false	Customer 523	customer523	false	10	Default	0.9205569787566633	0.07944302124333659	Bad
CUST0524	Female	28	9	true	7.71	4	Good	861	Foodie, traveler, and passionate about personal growth	false	Customer 524	user_524	true	5	9	0.2754196422597607	0.7245803577402393	Good
CUST0525	Male	46	9	false	17.25	1	Bad	281	Foodie	false	Customer 525	user_525	false	8	Default	0.8603178343471994	0.13968216565280053	Bad
CUST0526	Female	56	7	false	9.21	2	Bad	263	Foodie	false	Customer 526	user_526	false	6	Default	0.8741745944582894	0.12582540554171062	Bad
CUST0527	Male	63	2	true	19.28	5	Good	645	Always learning and sharing my experiences	false	Customer 527	user_527	true	4	10	0.42690877205383065	0.5730912279461695	Bad
CUST0528	Male	25	8	false	10.58	2	Bad	776	Shopaholic	true	Customer 528	user_528	true	5	12	0.3369415989512851	0.6630584010487149	Good
CUST0529	Female	58	4	true	5.59	1	Bad	750	Foodie	false	Customer 529	user_529	false	10	Default	0.9117556834309481	0.08824431656905189	Bad
CUST0530	Male	44	7	false	1.82	4	Good	126	Adventure seeker and nature enthusiast	false	Customer 530	user_530	true	6	6	0.4141968296482541	0.5858031703517459	Bad
CUST0531	Female	35	2	false	9.98	2	Bad	70	Love	false	Customer 531	user_531	false	4	Default	0.8364104229595128	0.16358957704048724	Bad
CUST0532	Female	41	7	true	1.84	4	Good	109	Passionate about sustainable living and healthy eating	false	Customer 532	user_532	true	4	8	0.41948254651389283	0.5805174534861071	Bad
CUST0533	Male	59	0	true	9.29	2	Bad	685	Enjoying	false	Customer 533	user_533	false	7	12	0.5267999182356207	0.47320008176437944	Bad
CUST0534	Male	53	5	true	4.26	2	Bad	164	Love exploring new places	false	Customer 534	user_534	true	3	Default	0.8596300383562546	0.1403699616437455	Bad
CUST0535	Female	41	5	true	3.44	2	Bad	462	Enjoying	false	Customer 535	user_535	false	8	11	0.4485317718116463	0.5514682281883537	Bad
CUST0536	Male	38	9	true	19.99	1	Bad	836	Traveler and dreamer	false	Customer 536	user_536	false	2	3	0.26926866107966657	0.7307313389203334	Good
CUST0537	Male	29	4	true	3.48	2	Bad	295	Love	false	Customer 537	user_537	false	6	Default	0.8406721392322941	0.15932786076770578	Bad
CUST0538	Male	42	7	false	8.97	4	Good	865	Avid reader, tech enthusiast, and fitness lover	false	Customer 538	user_538	true	0	5	0.27412190217223	0.72587809782777	Good
CUST0539	Male	43	3	false	10.71	1	Bad	780	Enjoying	false	Customer 539	customer539	false	4	Default	0.8056756443491498	0.19432435565085018	Bad
CUST0540	Female	55	5	true	19.56	2	Bad	672	Fitness enthusiast	true	Customer 540	user_540	true	0	4	0.29979187540581165	0.7002081245941884	Good
CUST0541	Male	51	8	true	4.32	2	Bad	520	Traveler	false	Customer 541	user_541	false	4	6	0.405586962469407	0.5944130375305932	Bad
CUST0542	Male	59	10	false	12.33	1	Bad	875	Shopaholic	true	Customer 542	user_542	false	3	1	0.38385567767547807	0.616144322324522	Good
CUST0543	Female	32	8	true	2.74	3	Bad	999	Love	false	Customer 543	user_543	true	1	7	0.2750101649841806	0.7249898350158194	Good
CUST0544	Female	37	10	false	5.83	1	Bad	181	Traveler	false	Customer 544	customer544	false	6	5	0.4145070080241704	0.5854929919758296	Bad
CUST0545	Female	29	3	false	10.93	1	Bad	134	Enjoying	false	Customer 545	user_545	false	9	5	0.4789293559808984	0.5210706440191015	Bad
CUST0546	Male	32	3	false	13.55	2	Bad	122	Fitness	true	Customer 546	user_546	false	2	Default	0.8223944720936854	0.1776055279063145	Bad
CUST0547	Female	54	8	true	2.15	2	Bad	835	Bookworm	false	Customer 547	user_547	false	0	5	0.36240799586569344	0.6375920041343066	Good
CUST0548	Female	44	0	true	17.46	1	Bad	651	Shopaholic	true	Customer 548	user_548	false	3	Default	0.8716959344291443	0.12830406557085564	Bad
CUST0549	Female	20	9	false	3.37	4	Good	684	Adventure seeker and nature enthusiast	false	Customer 549	user_549	true	9	6	0.3522948061839895	0.6477051938160105	Good
CUST0551	Male	45	9	false	17.8	5	Good	955	Fitness fanatic with a love for outdoor adventures	true	Customer 551	customer551	true	4	4	0.25000119128213594	0.7499988087178641	Good
CUST0552	Male	61	10	true	14.15	3	Bad	175	Shopaholic	true	Customer 552	user_552	true	5	10	0.4912443365830952	0.5087556634169047	Bad
CUST0553	Female	18	1	true	17.09	1	Bad	471	Fitness enthusiast	true	Customer 553	user_553	true	9	Default	0.883760588540948	0.116239411459052	Bad
CUST0554	Male	64	2	true	14.36	2	Bad	558	Fitness enthusiast	true	Customer 554	user_554	false	4	Default	0.9001888515685341	0.09981114843146593	Bad
CUST0555	Female	55	9	true	5.15	1	Bad	523	Foodie	false	Customer 555	user_555	false	3	Default	0.8495516209427979	0.1504483790572022	Bad
CUST0556	Male	23	10	false	5.36	3	Bad	396	Traveler	false	Customer 556	user_556	true	0	12	0.22756005324548378	0.7724399467545161	Good
CUST0557	Male	29	5	false	13.47	5	Good	600	Fitness fanatic with a love for outdoor adventures	true	Customer 557	user_557	true	6	7	0.3846846249248638	0.6153153750751361	Good
CUST0558	Male	26	9	true	13.36	3	Bad	195	Shopaholic	true	Customer 558	user_558	true	4	12	0.39839587976275764	0.6016041202372424	Good
CUST0559	Male	59	10	false	1.94	1	Bad	308	Traveler	false	Customer 559	user_559	false	4	1	0.39395580836866956	0.6060441916313304	Good
CUST0560	Female	22	10	false	16.87	1	Bad	396	Foodie	false	Customer 560	user_560	false	10	Default	0.8375752922947275	0.16242470770527245	Bad
CUST0561	Male	57	1	false	12.62	4	Good	697	Always learning and sharing my experiences	false	Customer 561	user_561	true	0	4	0.23036167869930851	0.7696383213006915	Good
CUST0562	Male	62	1	true	5.2	1	Bad	75	Love	false	Customer 562	user_562	false	2	Default	0.8781080832557732	0.12189191674422684	Bad
CUST0563	Female	52	0	false	13.98	1	Bad	238	Food lover	false	Customer 563	user_563	false	0	Default	0.8266631456785847	0.17333685432141527	Bad
CUST0564	Female	37	4	true	9.58	2	Bad	45	Love exploring new places	false	Customer 564	user_564	false	4	Default	0.856967254860594	0.14303274513940603	Bad
CUST0565	Female	49	5	false	18.5	3	Bad	56	Traveler	false	Customer 565	customer565	true	3	9	0.3468504634189481	0.653149536581052	Good
CUST0566	Male	23	5	false	11.56	3	Bad	720	Traveler	false	Customer 566	user_566	true	5	1	0.2841694448936654	0.7158305551063345	Good
CUST0567	Male	32	9	true	4.4	1	Bad	243	Traveler	false	Customer 567	user_567	false	8	7	0.42775566709025703	0.572244332909743	Bad
CUST0568	Male	36	6	true	7.76	1	Bad	303	Love	false	Customer 568	user_568	false	8	Default	0.8675388473904077	0.13246115260959226	Bad
CUST0570	Male	48	5	false	16.57	5	Good	601	Always learning and sharing my experiences	false	Customer 570	customer570	true	5	4	0.2683994281966731	0.7316005718033268	Good
CUST0571	Male	64	6	true	19.87	1	Bad	549	Love	false	Customer 571	user_571	false	7	Default	0.8946830913199567	0.10531690868004333	Bad
CUST0572	Female	46	6	false	7.38	5	Good	924	Fitness fanatic with a love for outdoor adventures	true	Customer 572	user_572	true	2	3	0.3289760761108174	0.6710239238891826	Good
CUST0573	Male	57	2	true	7.51	5	Good	802	Avid reader, tech enthusiast, and fitness lover	false	Customer 573	customer573	true	5	6	0.45224947246013064	0.5477505275398692	Bad
CUST0574	Female	58	8	false	1.31	2	Bad	164	Foodie	false	Customer 574	user_574	false	7	2	0.5381330310231458	0.46186696897685414	Bad
CUST0575	Male	29	5	true	2.64	1	Bad	403	Always learning	false	Customer 575	user_575	true	8	Default	0.8535302024315184	0.14646979756848155	Bad
CUST0576	Female	57	7	true	14.69	1	Bad	977	Always learning	false	Customer 576	user_576	true	0	2	0.3822093102150497	0.6177906897849502	Good
CUST0578	Female	40	3	true	8.73	2	Bad	200	Enjoying	false	Customer 578	user_578	false	10	Default	0.9058517014597283	0.09414829854027183	Bad
CUST0579	Male	38	5	true	1.79	1	Bad	467	Love exploring new places	false	Customer 579	user_579	true	3	Default	0.8164450599636827	0.1835549400363172	Bad
CUST0581	Female	43	6	true	14.37	1	Bad	566	Shopaholic	true	Customer 581	customer581	false	0	Default	0.8296475830011826	0.17035241699881748	Bad
CUST0582	Male	61	6	false	3.86	3	Bad	412	Fitness	true	Customer 582	user_582	true	10	12	0.5975389171112551	0.4024610828887449	Bad
CUST0583	Female	54	2	false	3.1	1	Bad	290	Love exploring new places	false	Customer 583	user_583	false	2	9	0.3422921283682182	0.6577078716317818	Good
CUST0584	Male	23	2	false	9.07	1	Bad	553	Bookworm	false	Customer 584	user_584	true	1	3	0.22589239122439084	0.7741076087756091	Good
CUST0585	Male	24	5	false	7.03	1	Bad	999	Fitness enthusiast	true	Customer 585	user_585	false	1	Default	0.7344640944490171	0.26553590555098294	Bad
CUST0586	Male	62	10	true	6.29	1	Bad	841	Music lover	false	Customer 586	customer586	false	6	12	0.45827307233880155	0.5417269276611986	Bad
CUST0587	Female	30	6	true	12.1	5	Good	748	Foodie, traveler, and passionate about personal growth	false	Customer 587	user_587	true	6	12	0.38846508974466837	0.6115349102553316	Good
CUST0588	Male	27	10	true	2.77	3	Bad	985	Love	false	Customer 588	user_588	true	5	4	0.20187348478621986	0.7981265152137802	Good
CUST0589	Female	36	4	true	11.26	5	Good	670	Adventure seeker and nature enthusiast	false	Customer 589	user_589	true	7	9	0.368687669994125	0.631312330005875	Good
CUST0590	Male	17	10	false	18.13	2	Bad	82	Love	false	Customer 590	customer590	false	2	Default	0.725654160583968	0.274345839416032	Bad
CUST0591	Female	35	8	false	19.71	4	Good	553	Tech geek who loves exploring cutting-edge solutions	true	Customer 591	user_591	true	9	12	0.482732236442621	0.517267763557379	Bad
CUST0592	Female	50	0	false	4.59	1	Bad	359	Shopaholic and proud	true	Customer 592	customer592	true	5	Default	0.8901486730779047	0.10985132692209541	Bad
CUST0593	Male	56	3	false	6.35	3	Bad	765	Fitness	true	Customer 593	user_593	true	7	5	0.5237014361087369	0.4762985638912631	Bad
CUST0594	Male	31	3	true	19.49	5	Good	430	Adventure seeker and nature enthusiast	false	Customer 594	customer594	true	2	4	0.2258291261329024	0.7741708738670976	Good
CUST0595	Male	36	10	true	15.93	4	Good	54	Foodie, traveler, and passionate about personal growth	false	Customer 595	customer595	true	5	7	0.39655543479690086	0.6034445652030992	Good
CUST0597	Female	28	3	true	19.42	1	Bad	88	Shopaholic	true	Customer 597	user_597	false	10	Default	0.9119708372402328	0.08802916275976722	Bad
CUST0599	Female	49	5	false	11.01	5	Good	455	Passionate about sustainable living and healthy eating	false	Customer 599	user_599	true	5	9	0.35254525710349205	0.647454742896508	Good
CUST0600	Female	24	4	false	4.87	2	Bad	127	Traveler and dreamer	false	Customer 600	user_600	true	9	Default	0.8575108358222481	0.14248916417775195	Bad
