{
  "columns": [
    {"name":"Survived","type":"boolean"},
    {"name":"PassengerId","type":"string"},
    {"name":"Pclass","type":"int","meaning":"Text"},
    {"name":"Name","type":"string"},
    {"name":"count_name","type":"bigint"},
    {"name":"Sex","type":"string"},
    {"name":"Age","type":"int","meaning":"DoubleMeaning"},
    {"name":"SibSp","type":"string"},
    {"name":"Parch","type":"string"},
    {"name":"Ticket","type":"string"},
    {"name":"Fare","type":"string"},
    {"name":"Cabin","type":"string"},
    {"name":"Embarked","type":"string"}
  ],
  "userModified": true
}