{
    "startedAt": 1744615025653,
    "gridSize": 5,
    "nThreads": 4,
    "nSplits": 5,
    "metric": "ROC_AUC",
    "timeout": null,
    "gridPoints": [
        {
            "finishedAt": 1744615026242,
            "score": 0.5488026683587484,
            "testScoreGibMean": 0.5488026683587484,
            "testScoreMean": 0.5488026683587484,
            "testScoreStd": 0.062008611544981204,
            "trainScoreMean": 0.5798607588273081,
            "trainScoreStd": 0.01469909577865215,
            "time": 1077,
            "fitTimeMean": 37.4,
            "fitTimeStd": 62.32367126541888,
            "scoreTimeMean": 178.0,
            "scoreTimeStd": 118.5141341781646,
            "parameters": {
                "C": 0.1,
                "penalty": "l2"
            }
        },
        {
            "finishedAt": 1744615026447,
            "score": 0.5506632789964973,
            "testScoreGibMean": 0.5506632789964973,
            "testScoreMean": 0.5506632789964973,
            "testScoreStd": 0.06005024575407974,
            "trainScoreMean": 0.5778263886505692,
            "trainScoreStd": 0.01490937531803826,
            "time": 828,
            "fitTimeMean": 4.6,
            "fitTimeStd": 2.8000000000000003,
            "scoreTimeMean": 161.0,
            "scoreTimeStd": 49.43278264471868,
            "parameters": {
                "C": 0.01,
                "penalty": "l2"
            }
        },
        {
            "finishedAt": 1744615026767,
            "score": 0.5480778195549331,
            "testScoreGibMean": 0.5480778195549331,
            "testScoreMean": 0.5480778195549331,
            "testScoreStd": 0.06066997805711685,
            "trainScoreMean": 0.5803114902647145,
            "trainScoreStd": 0.014803413573113183,
            "time": 646,
            "fitTimeMean": 7.6,
            "fitTimeStd": 3.3823069050575527,
            "scoreTimeMean": 121.6,
            "scoreTimeStd": 68.02528941504035,
            "parameters": {
                "C": 10.0,
                "penalty": "l2"
            }
        },
        {
            "finishedAt": 1744615027251,
            "score": 0.5491477614769193,
            "testScoreGibMean": 0.5491477614769193,
            "testScoreMean": 0.5491477614769193,
            "testScoreStd": 0.06133015980097367,
            "trainScoreMean": 0.5802489047373454,
            "trainScoreStd": 0.014788749756477395,
            "time": 1378,
            "fitTimeMean": 97.2,
            "fitTimeStd": 118.31212955567996,
            "scoreTimeMean": 178.4,
            "scoreTimeStd": 74.19865227886555,
            "parameters": {
                "C": 1.0,
                "penalty": "l2"
            }
        },
        {
            "finishedAt": 1744615027740,
            "score": 0.5481651804973443,
            "testScoreGibMean": 0.5481651804973443,
            "testScoreMean": 0.5481651804973443,
            "testScoreStd": 0.060600181406809846,
            "trainScoreMean": 0.5803146318817461,
            "trainScoreStd": 0.014800467157568177,
            "time": 1298,
            "fitTimeMean": 96.2,
            "fitTimeStd": 81.31764876089323,
            "scoreTimeMean": 163.4,
            "scoreTimeStd": 95.67779261667778,
            "parameters": {
                "C": 100.0,
                "penalty": "l2"
            }
        }
    ]
}