[
    {
        "test_score_gib": 0.46581792814788975,
        "train_score": 0.5991551240466381,
        "test_score": 0.46581792814788975,
        "num_samples": 216,
        "fit_time": 8,
        "score_time": 169,
        "time": 177,
        "parameters": {
            "C": 0.1,
            "penalty": "l2"
        },
        "done_at": 1744615025852,
        "split_id": 0
    },
    {
        "test_score_gib": 0.48133937914196023,
        "train_score": 0.5962786008591217,
        "test_score": 0.48133937914196023,
        "num_samples": 216,
        "fit_time": 7,
        "score_time": 69,
        "time": 76,
        "parameters": {
            "C": 0.1,
            "penalty": "l2"
        },
        "done_at": 1744615025754,
        "split_id": 1
    },
    {
        "test_score_gib": 0.5918207185211022,
        "train_score": 0.5678037608486017,
        "test_score": 0.5918207185211022,
        "num_samples": 216,
        "fit_time": 162,
        "score_time": 207,
        "time": 369,
        "parameters": {
            "C": 0.1,
            "penalty": "l2"
        },
        "done_at": 1744615026051,
        "split_id": 2
    },
    {
        "test_score_gib": 0.6099947117927023,
        "train_score": 0.5657322404371584,
        "test_score": 0.6099947117927023,
        "num_samples": 215,
        "fit_time": 7,
        "score_time": 59,
        "time": 66,
        "parameters": {
            "C": 0.1,
            "penalty": "l2"
        },
        "done_at": 1744615025752,
        "split_id": 3
    },
    {
        "test_score_gib": 0.5955402785122511,
        "train_score": 0.570224043715847,
        "test_score": 0.5955402785122511,
        "num_samples": 215,
        "fit_time": 3,
        "score_time": 386,
        "time": 389,
        "parameters": {
            "C": 0.1,
            "penalty": "l2"
        },
        "done_at": 1744615026242,
        "split_id": 4
    },
    {
        "test_score_gib": 0.46084757586327174,
        "train_score": 0.598059305689489,
        "test_score": 0.46084757586327174,
        "num_samples": 216,
        "fit_time": 4,
        "score_time": 103,
        "time": 107,
        "parameters": {
            "C": 0.01,
            "penalty": "l2"
        },
        "done_at": 1744615026047,
        "split_id": 0
    },
    {
        "test_score_gib": 0.49886641088245554,
        "train_score": 0.5936321995266064,
        "test_score": 0.49886641088245554,
        "num_samples": 216,
        "fit_time": 4,
        "score_time": 203,
        "time": 207,
        "parameters": {
            "C": 0.01,
            "penalty": "l2"
        },
        "done_at": 1744615026153,
        "split_id": 1
    },
    {
        "test_score_gib": 0.5959190791768401,
        "train_score": 0.5650916104146576,
        "test_score": 0.5959190791768401,
        "num_samples": 216,
        "fit_time": 2,
        "score_time": 201,
        "time": 203,
        "parameters": {
            "C": 0.01,
            "penalty": "l2"
        },
        "done_at": 1744615026255,
        "split_id": 2
    },
    {
        "test_score_gib": 0.6154591926670192,
        "train_score": 0.5633551912568306,
        "test_score": 0.6154591926670192,
        "num_samples": 215,
        "fit_time": 3,
        "score_time": 200,
        "time": 203,
        "parameters": {
            "C": 0.01,
            "penalty": "l2"
        },
        "done_at": 1744615026356,
        "split_id": 3
    },
    {
        "test_score_gib": 0.5826723074211176,
        "train_score": 0.5688852459016394,
        "test_score": 0.5826723074211176,
        "num_samples": 215,
        "fit_time": 10,
        "score_time": 98,
        "time": 108,
        "parameters": {
            "C": 0.01,
            "penalty": "l2"
        },
        "done_at": 1744615026447,
        "split_id": 4
    },
    {
        "test_score_gib": 0.47026508545517964,
        "train_score": 0.5997249495923556,
        "test_score": 0.47026508545517964,
        "num_samples": 216,
        "fit_time": 7,
        "score_time": 100,
        "time": 107,
        "parameters": {
            "C": 10.0,
            "penalty": "l2"
        },
        "done_at": 1744615026352,
        "split_id": 0
    },
    {
        "test_score_gib": 0.47776421346355075,
        "train_score": 0.5969306127816253,
        "test_score": 0.47776421346355075,
        "num_samples": 216,
        "fit_time": 4,
        "score_time": 195,
        "time": 199,
        "parameters": {
            "C": 10.0,
            "penalty": "l2"
        },
        "done_at": 1744615026652,
        "split_id": 1
    },
    {
        "test_score_gib": 0.5943494942448552,
        "train_score": 0.56775444902253,
        "test_score": 0.5943494942448552,
        "num_samples": 216,
        "fit_time": 14,
        "score_time": 196,
        "time": 210,
        "parameters": {
            "C": 10.0,
            "penalty": "l2"
        },
        "done_at": 1744615026751,
        "split_id": 2
    },
    {
        "test_score_gib": 0.6023268112109994,
        "train_score": 0.5667704918032787,
        "test_score": 0.6023268112109994,
        "num_samples": 215,
        "fit_time": 7,
        "score_time": 102,
        "time": 109,
        "parameters": {
            "C": 10.0,
            "penalty": "l2"
        },
        "done_at": 1744615026748,
        "split_id": 3
    },
    {
        "test_score_gib": 0.596157236030319,
        "train_score": 0.5702677595628416,
        "test_score": 0.596157236030319,
        "num_samples": 215,
        "fit_time": 6,
        "score_time": 15,
        "time": 21,
        "parameters": {
            "C": 10.0,
            "penalty": "l2"
        },
        "done_at": 1744615026767,
        "split_id": 4
    },
    {
        "test_score_gib": 0.47070108126961985,
        "train_score": 0.5995715350223547,
        "test_score": 0.47070108126961985,
        "num_samples": 216,
        "fit_time": 5,
        "score_time": 95,
        "time": 100,
        "parameters": {
            "C": 1.0,
            "penalty": "l2"
        },
        "done_at": 1744615026851,
        "split_id": 0
    },
    {
        "test_score_gib": 0.4778514126264388,
        "train_score": 0.5969141755062681,
        "test_score": 0.4778514126264388,
        "num_samples": 216,
        "fit_time": 185,
        "score_time": 103,
        "time": 288,
        "parameters": {
            "C": 1.0,
            "penalty": "l2"
        },
        "done_at": 1744615027046,
        "split_id": 1
    },
    {
        "test_score_gib": 0.5957446808510637,
        "train_score": 0.5676065135443149,
        "test_score": 0.5957446808510637,
        "num_samples": 216,
        "fit_time": 288,
        "score_time": 201,
        "time": 489,
        "parameters": {
            "C": 1.0,
            "penalty": "l2"
        },
        "done_at": 1744615027251,
        "split_id": 2
    },
    {
        "test_score_gib": 0.6040895469769082,
        "train_score": 0.566672131147541,
        "test_score": 0.6040895469769082,
        "num_samples": 215,
        "fit_time": 3,
        "score_time": 297,
        "time": 300,
        "parameters": {
            "C": 1.0,
            "penalty": "l2"
        },
        "done_at": 1744615027246,
        "split_id": 3
    },
    {
        "test_score_gib": 0.5978318350079324,
        "train_score": 0.5703715846994536,
        "test_score": 0.5978318350079324,
        "num_samples": 215,
        "fit_time": 5,
        "score_time": 196,
        "time": 201,
        "parameters": {
            "C": 1.0,
            "penalty": "l2"
        },
        "done_at": 1744615027245,
        "split_id": 4
    },
    {
        "test_score_gib": 0.47035228461806766,
        "train_score": 0.599735907775927,
        "test_score": 0.47035228461806766,
        "num_samples": 216,
        "fit_time": 3,
        "score_time": 295,
        "time": 298,
        "parameters": {
            "C": 100.0,
            "penalty": "l2"
        },
        "done_at": 1744615027353,
        "split_id": 0
    },
    {
        "test_score_gib": 0.47802581095221486,
        "train_score": 0.5969086964144823,
        "test_score": 0.47802581095221486,
        "num_samples": 216,
        "fit_time": 11,
        "score_time": 200,
        "time": 211,
        "parameters": {
            "C": 100.0,
            "penalty": "l2"
        },
        "done_at": 1744615027639,
        "split_id": 1
    },
    {
        "test_score_gib": 0.5944366934077432,
        "train_score": 0.5676777417375296,
        "test_score": 0.5944366934077432,
        "num_samples": 216,
        "fit_time": 193,
        "score_time": 200,
        "time": 393,
        "parameters": {
            "C": 100.0,
            "penalty": "l2"
        },
        "done_at": 1744615027740,
        "split_id": 2
    },
    {
        "test_score_gib": 0.6023268112109995,
        "train_score": 0.5667704918032787,
        "test_score": 0.6023268112109995,
        "num_samples": 215,
        "fit_time": 184,
        "score_time": 110,
        "time": 294,
        "parameters": {
            "C": 100.0,
            "penalty": "l2"
        },
        "done_at": 1744615027738,
        "split_id": 3
    },
    {
        "test_score_gib": 0.596157236030319,
        "train_score": 0.5703715846994535,
        "test_score": 0.596157236030319,
        "num_samples": 215,
        "fit_time": 90,
        "score_time": 12,
        "time": 102,
        "parameters": {
            "C": 100.0,
            "penalty": "l2"
        },
        "done_at": 1744615027738,
        "split_id": 4
    }
]