{
    "modelInputNRows": 1078,
    "modelInputNCols": 13,
    "modelInputIsSparse": false,
    "modelInputMemory": 112112,
    "usedGridSearch": true,
    "gridSize": 5,
    "gridBestScore": 0.5506632789964973,
    "gridCells": [
        {
            "params": {
                "C": 0.1,
                "penalty": "l2"
            },
            "score": 0.5488026683587484,
            "scoreStd": 0.062008611544981204,
            "fitTime": 0.037399999999999996,
            "fitTimeStd": 0.06232367126541888,
            "scoreTime": 0.178,
            "scoreTimeStd": 0.1185141341781646
        },
        {
            "params": {
                "C": 0.01,
                "penalty": "l2"
            },
            "score": 0.5506632789964973,
            "scoreStd": 0.06005024575407974,
            "fitTime": 0.0046,
            "fitTimeStd": 0.0028000000000000004,
            "scoreTime": 0.161,
            "scoreTimeStd": 0.049432782644718676
        },
        {
            "params": {
                "C": 10.0,
                "penalty": "l2"
            },
            "score": 0.5480778195549331,
            "scoreStd": 0.06066997805711685,
            "fitTime": 0.0076,
            "fitTimeStd": 0.0033823069050575526,
            "scoreTime": 0.1216,
            "scoreTimeStd": 0.06802528941504035
        },
        {
            "params": {
                "C": 1.0,
                "penalty": "l2"
            },
            "score": 0.5491477614769193,
            "scoreStd": 0.06133015980097367,
            "fitTime": 0.09720000000000001,
            "fitTimeStd": 0.11831212955567996,
            "scoreTime": 0.1784,
            "scoreTimeStd": 0.07419865227886555
        },
        {
            "params": {
                "C": 100.0,
                "penalty": "l2"
            },
            "score": 0.5481651804973443,
            "scoreStd": 0.060600181406809846,
            "fitTime": 0.09620000000000001,
            "fitTimeStd": 0.08131764876089323,
            "scoreTime": 0.16340000000000002,
            "scoreTimeStd": 0.09567779261667778
        }
    ],
    "lmCoefficients": {
        "variables": [
            "entertainment_budget_pct",
            "hours_playing",
            "tech_savvy_score",
            "Age",
            "dummy:gender:Female",
            "dummy:platform_used:Mobile",
            "dummy:platform_used:PC",
            "dummy:platform_used:N/A",
            "dummy:used_lego_before:true",
            "dummy:owns_tablet:true"
        ],
        "coefs": [
            0.025590140632992045,
            0.0198757934696303,
            0.06301648412633525,
            -0.14834711679711346,
            0.08090268475486723,
            0.07381918771279346,
            -0.06608234174637632,
            0.015938823565527793,
            0.0016282198146217032,
            -0.014341054732982724
        ],
        "interceptStderr": null,
        "interceptTstat": null,
        "interceptPvalue": null,
        "interceptCoef": -0.03322322334930783,
        "rescaledCoefs": [
            0.003604550419495797,
            0.0036361176766977923,
            0.025067002513046235,
            -0.010185625526872232,
            0.08090268475486723,
            0.07381918771279346,
            -0.06608234174637632,
            0.015938823565527793,
            0.0016282198146217032,
            -0.014341054732982724
        ],
        "rescaledInterceptCoef": 0.08651854700614703
    },
    "probaAware": true
}