{
  "cparams": {
    "extractBeforePrepare": true,
    "selection": {
      "useMemTable": false,
      "filter": {
        "distinct": false,
        "enabled": false
      },
      "partitionSelectionMethod": "ALL",
      "latestPartitionsN": 1,
      "ordering": {
        "enabled": false,
        "rules": []
      },
      "samplingMethod": "FULL",
      "maxRecords": 100000,
      "targetRatio": 0.02,
      "ascending": true,
      "withinFirstN": -1,
      "maxReadUncompressedBytes": -1,
      "seed": 1337
    },
    "instanceIdRefresher": 0
  },
  "generationDate": 1744700655806,
  "policyId": "extractBeforePrepare\u003dtrue,,ds\u003dZing_prepared,sel\u003d(method\u003dfull)",
  "instanceId": "1220e41c0c51772879a182577b5d0cb1-0",
  "format": "csv1",
  "schema": {
    "columns": [
      {"name":"Customer ID","type":"string"},
      {"name":"Gender","type":"string"},
      {"name":"Age","type":"bigint"},
      {"name":"Years with Firm","type":"bigint"},
      {"name":"Active on Social Media","type":"boolean"},
      {"name":"Average Transactions per Month","type":"double"},
      {"name":"RFM Score","type":"bigint"},
      {"name":"rfm_category","type":"string"},
      {"name":"Credit Balance (AED)","type":"bigint"},
      {"name":"Customer Bio","type":"string"},
      {"name":"tag","type":"boolean"},
      {"name":"Customer Name","type":"string"},
      {"name":"Customer Username","type":"string"},
      {"name":"Profile Picture on Social Media","type":"boolean"},
      {"name":"Number of Referrals","type":"bigint"},
      {"name":"Payback Status","type":"string","downcastedToStringFromMeaning":"LongMeaning"}
    ],
    "userModified": false
  },
  "fullPath": "full-1220e41c0c51772879a182577b5d0cb1-0.csv.gz",
  "trainRows": 0,
  "testRows": 0,
  "fullRows": 566
}