{
  "trainedWithDSSVersion": "13.4.3",
  "backend": "PY_MEMORY",
  "isValid": true,
  "type": "BINARY_PROBABILISTIC",
  "algorithm_name": "LOGISTIC",
  "columns": [
    "entertainment_budget_pct",
    "hours_playing",
    "salary",
    "tech_savvy_score",
    "Age",
    "grocery_trips_per_week",
    "dummy:gender:Male",
    "dummy:gender:N/A",
    "dummy:has_kids:false",
    "dummy:has_kids:N/A",
    "dummy:income_bracket:Medium",
    "dummy:income_bracket:Low",
    "dummy:income_bracket:N/A",
    "dummy:platform_used:Mobile",
    "dummy:platform_used:PC",
    "dummy:platform_used:N/A",
    "dummy:used_lego_before:false",
    "dummy:used_lego_before:N/A",
    "dummy:owns_tablet:true",
    "dummy:owns_tablet:N/A"
  ],
  "classes": [
    "Physical",
    "Digital"
  ]
}