{
    "featuresDistribution": {
        "entertainment_budget_pct": {
            "type": "NUMERIC",
            "nbDistinct": 5,
            "count": 1095,
            "missingCount": 0.0,
            "histogram": {
                "scale": [
                    5.0,
                    5.408163265306122,
                    5.816326530612245,
                    6.224489795918368,
                    6.63265306122449,
                    7.040816326530612,
                    7.448979591836735,
                    7.857142857142858,
                    8.26530612244898,
                    8.673469387755102,
                    9.081632653061224,
                    9.489795918367347,
                    9.89795918367347,
                    10.306122448979592,
                    10.714285714285715,
                    11.122448979591837,
                    11.53061224489796,
                    11.938775510204081,
                    12.346938775510203,
                    12.755102040816327,
                    13.16326530612245,
                    13.571428571428571,
                    13.979591836734695,
                    14.387755102040817,
                    14.795918367346939,
                    15.204081632653061,
                    15.612244897959183,
                    16.02040816326531,
                    16.42857142857143,
                    16.836734693877553,
                    17.244897959183675,
                    17.653061224489797,
                    18.06122448979592,
                    18.46938775510204,
                    18.877551020408163,
                    19.285714285714285,
                    19.693877551020407,
                    20.10204081632653,
                    20.510204081632654,
                    20.918367346938776,
                    21.3265306122449,
                    21.73469387755102,
                    22.142857142857142,
                    22.551020408163264,
                    22.95918367346939,
                    23.367346938775512,
                    23.775510204081634,
                    24.183673469387756,
                    24.591836734693878,
                    25.0
                ],
                "distribution": [
                    0.2091324200913242,
                    0.0,
                    0.0,
                    0.0,
                    0.0,
                    0.0,
                    0.0,
                    0.0,
                    0.0,
                    0.0,
                    0.0,
                    0.0,
                    0.22100456621004566,
                    0.0,
                    0.0,
                    0.0,
                    0.0,
                    0.0,
                    0.0,
                    0.0,
                    0.0,
                    0.0,
                    0.0,
                    0.0,
                    0.1863013698630137,
                    0.0,
                    0.0,
                    0.0,
                    0.0,
                    0.0,
                    0.0,
                    0.0,
                    0.0,
                    0.0,
                    0.0,
                    0.0,
                    0.19452054794520549,
                    0.0,
                    0.0,
                    0.0,
                    0.0,
                    0.0,
                    0.0,
                    0.0,
                    0.0,
                    0.0,
                    0.0,
                    0.0,
                    0.18904109589041096
                ]
            },
            "quantiles": {
                "scale": [
                    5.0,
                    5.0,
                    7.5,
                    10.0,
                    12.5,
                    15.0,
                    17.5,
                    20.0,
                    22.5,
                    25.0
                ],
                "distribution": [
                    0.0,
                    0.0,
                    0.2091324200913242,
                    0.0,
                    0.22100456621004566,
                    0.0,
                    0.1863013698630137,
                    0.0,
                    0.19452054794520549,
                    0.18904109589041096
                ]
            },
            "topValues": [
                {
                    "value": 10.0,
                    "count": 242.0
                },
                {
                    "value": 5.0,
                    "count": 229.0
                },
                {
                    "value": 20.0,
                    "count": 213.0
                },
                {
                    "value": 25.0,
                    "count": 207.0
                },
                {
                    "value": 15.0,
                    "count": 204.0
                }
            ]
        },
        "hours_playing": {
            "type": "NUMERIC",
            "nbDistinct": 21,
            "count": 1095,
            "missingCount": 0.0,
            "histogram": {
                "scale": [
                    0.0,
                    0.40816326530612246,
                    0.8163265306122449,
                    1.2244897959183674,
                    1.6326530612244898,
                    2.0408163265306123,
                    2.4489795918367347,
                    2.857142857142857,
                    3.2653061224489797,
                    3.673469387755102,
                    4.081632653061225,
                    4.4897959183673475,
                    4.8979591836734695,
                    5.3061224489795915,
                    5.714285714285714,
                    6.122448979591837,
                    6.530612244897959,
                    6.938775510204081,
                    7.346938775510204,
                    7.755102040816327,
                    8.16326530612245,
                    8.571428571428571,
                    8.979591836734695,
                    9.387755102040817,
                    9.795918367346939,
                    10.204081632653061,
                    10.612244897959183,
                    11.020408163265307,
                    11.428571428571429,
                    11.83673469387755,
                    12.244897959183675,
                    12.653061224489797,
                    13.061224489795919,
                    13.46938775510204,
                    13.877551020408163,
                    14.285714285714286,
                    14.693877551020408,
                    15.10204081632653,
                    15.510204081632654,
                    15.918367346938776,
                    16.3265306122449,
                    16.73469387755102,
                    17.142857142857142,
                    17.551020408163264,
                    17.95918367346939,
                    18.367346938775512,
                    18.775510204081634,
                    19.183673469387756,
                    19.591836734693878,
                    20.0
                ],
                "distribution": [
                    0.034703196347031964,
                    0.0,
                    0.03561643835616438,
                    0.0,
                    0.04200913242009133,
                    0.0,
                    0.0,
                    0.04018264840182648,
                    0.0,
                    0.04018264840182648,
                    0.0,
                    0.0,
                    0.033789954337899546,
                    0.0,
                    0.031050228310502283,
                    0.0,
                    0.0,
                    0.0410958904109589,
                    0.0,
                    0.039269406392694065,
                    0.0,
                    0.0,
                    0.038356164383561646,
                    0.0,
                    0.2365296803652968,
                    0.0,
                    0.03287671232876712,
                    0.0,
                    0.0,
                    0.047488584474885846,
                    0.0,
                    0.0273972602739726,
                    0.0,
                    0.0,
                    0.048401826484018265,
                    0.0,
                    0.04200913242009133,
                    0.0,
                    0.0,
                    0.052054794520547946,
                    0.0,
                    0.029223744292237442,
                    0.0,
                    0.0,
                    0.04200913242009133,
                    0.0,
                    0.026484018264840183,
                    0.0,
                    0.039269406392694065
                ]
            },
            "quantiles": {
                "scale": [
                    1.0,
                    3.5,
                    6.5,
                    9.0,
                    10.0,
                    10.0,
                    11.5,
                    14.0,
                    16.5,
                    19.0
                ],
                "distribution": [
                    0.07031963470319634,
                    0.1223744292237443,
                    0.10593607305936073,
                    0.0776255707762557,
                    0.0,
                    0.0,
                    0.31689497716894977,
                    0.07579908675799087,
                    0.1232876712328767,
                    0.10776255707762557
                ]
            },
            "topValues": [
                {
                    "value": 10.0,
                    "count": 259.0
                },
                {
                    "value": 16.0,
                    "count": 57.0
                },
                {
                    "value": 14.0,
                    "count": 53.0
                },
                {
                    "value": 12.0,
                    "count": 52.0
                },
                {
                    "value": 2.0,
                    "count": 46.0
                },
                {
                    "value": 18.0,
                    "count": 46.0
                },
                {
                    "value": 15.0,
                    "count": 46.0
                },
                {
                    "value": 7.0,
                    "count": 45.0
                },
                {
                    "value": 4.0,
                    "count": 44.0
                },
                {
                    "value": 3.0,
                    "count": 44.0
                },
                {
                    "value": 8.0,
                    "count": 43.0
                },
                {
                    "value": 20.0,
                    "count": 43.0
                },
                {
                    "value": 9.0,
                    "count": 42.0
                },
                {
                    "value": 1.0,
                    "count": 39.0
                },
                {
                    "value": 0.0,
                    "count": 38.0
                },
                {
                    "value": 5.0,
                    "count": 37.0
                },
                {
                    "value": 11.0,
                    "count": 36.0
                },
                {
                    "value": 6.0,
                    "count": 34.0
                },
                {
                    "value": 17.0,
                    "count": 32.0
                },
                {
                    "value": 13.0,
                    "count": 30.0
                },
                {
                    "value": 19.0,
                    "count": 29.0
                }
            ]
        },
        "gender": {
            "type": "CATEGORY",
            "nbDistinct": 2,
            "count": 1095,
            "missingCount": 0.0,
            "values": {
                "scale": [
                    "Male",
                    "Female"
                ],
                "distribution": [
                    0.5004566210045662,
                    0.4995433789954338
                ]
            }
        },
        "salary": {
            "type": "NUMERIC",
            "nbDistinct": 1095,
            "count": 1095,
            "missingCount": 0.0,
            "histogram": {
                "scale": [
                    -853.54,
                    -512.444081632653,
                    -171.34816326530608,
                    169.74775510204086,
                    510.8436734693878,
                    851.9395918367347,
                    1193.0355102040817,
                    1534.1314285714288,
                    1875.2273469387756,
                    2216.3232653061223,
                    2557.4191836734694,
                    2898.5151020408166,
                    3239.6110204081633,
                    3580.70693877551,
                    3921.8028571428576,
                    4262.898775510204,
                    4603.994693877551,
                    4945.090612244898,
                    5286.1865306122445,
                    5627.282448979592,
                    5968.378367346939,
                    6309.4742857142855,
                    6650.570204081633,
                    6991.66612244898,
                    7332.762040816327,
                    7673.857959183674,
                    8014.95387755102,
                    8356.049795918367,
                    8697.145714285714,
                    9038.241632653062,
                    9379.33755102041,
                    9720.433469387754,
                    10061.529387755101,
                    10402.625306122449,
                    10743.721224489796,
                    11084.817142857144,
                    11425.913061224488,
                    11767.008979591836,
                    12108.104897959183,
                    12449.200816326531,
                    12790.296734693879,
                    13131.392653061226,
                    13472.48857142857,
                    13813.584489795918,
                    14154.680408163265,
                    14495.776326530613,
                    14836.87224489796,
                    15177.968163265305,
                    15519.064081632652,
                    15860.16
                ],
                "distribution": [
                    0.0018264840182648401,
                    0.0018264840182648401,
                    0.0009132420091324201,
                    0.0018264840182648401,
                    0.0009132420091324201,
                    0.0,
                    0.0027397260273972603,
                    0.006392694063926941,
                    0.0073059360730593605,
                    0.014611872146118721,
                    0.014611872146118721,
                    0.0228310502283105,
                    0.011872146118721462,
                    0.0228310502283105,
                    0.026484018264840183,
                    0.0319634703196347,
                    0.026484018264840183,
                    0.04657534246575343,
                    0.039269406392694065,
                    0.052968036529680365,
                    0.049315068493150684,
                    0.06757990867579909,
                    0.052054794520547946,
                    0.04474885844748858,
                    0.05662100456621005,
                    0.047488584474885846,
                    0.04474885844748858,
                    0.04200913242009133,
                    0.045662100456621,
                    0.033789954337899546,
                    0.026484018264840183,
                    0.039269406392694065,
                    0.019178082191780823,
                    0.023744292237442923,
                    0.011872146118721462,
                    0.01643835616438356,
                    0.011872146118721462,
                    0.00821917808219178,
                    0.006392694063926941,
                    0.0027397260273972603,
                    0.0036529680365296802,
                    0.006392694063926941,
                    0.0018264840182648401,
                    0.0,
                    0.0009132420091324201,
                    0.0,
                    0.0009132420091324201,
                    0.0009132420091324201,
                    0.0009132420091324201
                ]
            },
            "quantiles": {
                "scale": [
                    1451.5573999999997,
                    4385.2882,
                    5400.229600000001,
                    6077.3434,
                    6665.7096,
                    7294.4786,
                    8000.724,
                    8770.3272,
                    9764.365399999999,
                    13111.998599999999
                ],
                "distribution": [
                    0.09954337899543379,
                    0.1004566210045662,
                    0.09954337899543379,
                    0.1004566210045662,
                    0.09954337899543379,
                    0.1004566210045662,
                    0.1004566210045662,
                    0.09954337899543379,
                    0.1004566210045662,
                    0.09954337899543379
                ]
            },
            "topValues": [
                {
                    "value": -853.54,
                    "count": 1.0
                },
                {
                    "value": -791.63,
                    "count": 1.0
                },
                {
                    "value": -306.77,
                    "count": 1.0
                },
                {
                    "value": -257.32,
                    "count": 1.0
                },
                {
                    "value": 12.28,
                    "count": 1.0
                },
                {
                    "value": 202.57,
                    "count": 1.0
                },
                {
                    "value": 364.59,
                    "count": 1.0
                },
                {
                    "value": 764.11,
                    "count": 1.0
                },
                {
                    "value": 1235.89,
                    "count": 1.0
                },
                {
                    "value": 1436.76,
                    "count": 1.0
                },
                {
                    "value": 1514.77,
                    "count": 1.0
                },
                {
                    "value": 1589.66,
                    "count": 1.0
                },
                {
                    "value": 1652.53,
                    "count": 1.0
                },
                {
                    "value": 1707.07,
                    "count": 1.0
                },
                {
                    "value": 1758.0,
                    "count": 1.0
                },
                {
                    "value": 1774.7,
                    "count": 1.0
                },
                {
                    "value": 1776.13,
                    "count": 1.0
                },
                {
                    "value": 1865.71,
                    "count": 1.0
                },
                {
                    "value": 1888.61,
                    "count": 1.0
                },
                {
                    "value": 1909.83,
                    "count": 1.0
                },
                {
                    "value": 1921.12,
                    "count": 1.0
                },
                {
                    "value": 2057.22,
                    "count": 1.0
                },
                {
                    "value": 2071.3,
                    "count": 1.0
                },
                {
                    "value": 2087.76,
                    "count": 1.0
                },
                {
                    "value": 2092.07,
                    "count": 1.0
                },
                {
                    "value": 2123.97,
                    "count": 1.0
                },
                {
                    "value": 2216.67,
                    "count": 1.0
                },
                {
                    "value": 2265.02,
                    "count": 1.0
                },
                {
                    "value": 2274.73,
                    "count": 1.0
                },
                {
                    "value": 2281.66,
                    "count": 1.0
                },
                {
                    "value": 2285.86,
                    "count": 1.0
                },
                {
                    "value": 2325.18,
                    "count": 1.0
                },
                {
                    "value": 2389.1,
                    "count": 1.0
                },
                {
                    "value": 2392.33,
                    "count": 1.0
                },
                {
                    "value": 2401.09,
                    "count": 1.0
                },
                {
                    "value": 2402.07,
                    "count": 1.0
                },
                {
                    "value": 2411.16,
                    "count": 1.0
                },
                {
                    "value": 2448.62,
                    "count": 1.0
                },
                {
                    "value": 2466.75,
                    "count": 1.0
                },
                {
                    "value": 2472.44,
                    "count": 1.0
                },
                {
                    "value": 2532.97,
                    "count": 1.0
                },
                {
                    "value": 2549.47,
                    "count": 1.0
                },
                {
                    "value": 2621.24,
                    "count": 1.0
                },
                {
                    "value": 2655.19,
                    "count": 1.0
                },
                {
                    "value": 2661.21,
                    "count": 1.0
                },
                {
                    "value": 2690.37,
                    "count": 1.0
                },
                {
                    "value": 2691.74,
                    "count": 1.0
                },
                {
                    "value": 2721.28,
                    "count": 1.0
                },
                {
                    "value": 2727.01,
                    "count": 1.0
                },
                {
                    "value": 2734.84,
                    "count": 1.0
                }
            ]
        },
        "has_kids": {
            "type": "CATEGORY",
            "nbDistinct": 2,
            "count": 1095,
            "missingCount": 0.0,
            "values": {
                "scale": [
                    "false",
                    "true"
                ],
                "distribution": [
                    0.5114155251141552,
                    0.4885844748858447
                ]
            }
        },
        "income_bracket": {
            "type": "CATEGORY",
            "nbDistinct": 3,
            "count": 1095,
            "missingCount": 0.0,
            "values": {
                "scale": [
                    "Medium",
                    "Low",
                    "High"
                ],
                "distribution": [
                    0.5178082191780822,
                    0.29863013698630136,
                    0.18356164383561643
                ]
            }
        },
        "tech_savvy_score": {
            "type": "NUMERIC",
            "nbDistinct": 10,
            "count": 1095,
            "missingCount": 0.0,
            "histogram": {
                "scale": [
                    1.0,
                    1.183673469387755,
                    1.3673469387755102,
                    1.5510204081632653,
                    1.7346938775510203,
                    1.9183673469387754,
                    2.1020408163265305,
                    2.2857142857142856,
                    2.4693877551020407,
                    2.6530612244897958,
                    2.836734693877551,
                    3.0204081632653064,
                    3.2040816326530615,
                    3.3877551020408165,
                    3.5714285714285716,
                    3.7551020408163267,
                    3.938775510204082,
                    4.122448979591837,
                    4.3061224489795915,
                    4.4897959183673475,
                    4.673469387755102,
                    4.857142857142858,
                    5.040816326530613,
                    5.224489795918368,
                    5.408163265306123,
                    5.591836734693878,
                    5.775510204081633,
                    5.959183673469388,
                    6.142857142857143,
                    6.326530612244898,
                    6.510204081632653,
                    6.6938775510204085,
                    6.877551020408164,
                    7.061224489795919,
                    7.244897959183674,
                    7.428571428571429,
                    7.612244897959184,
                    7.795918367346939,
                    7.979591836734694,
                    8.16326530612245,
                    8.346938775510203,
                    8.53061224489796,
                    8.714285714285715,
                    8.89795918367347,
                    9.081632653061225,
                    9.26530612244898,
                    9.448979591836736,
                    9.63265306122449,
                    9.816326530612246,
                    10.0
                ],
                "distribution": [
                    0.0639269406392694,
                    0.0,
                    0.0,
                    0.0,
                    0.0,
                    0.05662100456621005,
                    0.0,
                    0.0,
                    0.0,
                    0.0,
                    0.08584474885844749,
                    0.0,
                    0.0,
                    0.0,
                    0.0,
                    0.0,
                    0.07853881278538813,
                    0.0,
                    0.0,
                    0.0,
                    0.0,
                    0.32511415525114157,
                    0.0,
                    0.0,
                    0.0,
                    0.0,
                    0.0,
                    0.07488584474885844,
                    0.0,
                    0.0,
                    0.0,
                    0.0,
                    0.07123287671232877,
                    0.0,
                    0.0,
                    0.0,
                    0.0,
                    0.0,
                    0.0821917808219178,
                    0.0,
                    0.0,
                    0.0,
                    0.0,
                    0.07214611872146119,
                    0.0,
                    0.0,
                    0.0,
                    0.0,
                    0.08949771689497717
                ]
            },
            "quantiles": {
                "scale": [
                    1.5,
                    2.5,
                    4.0,
                    5.0,
                    5.0,
                    5.0,
                    6.0,
                    7.5,
                    8.5,
                    9.5
                ],
                "distribution": [
                    0.0639269406392694,
                    0.05662100456621005,
                    0.1643835616438356,
                    0.0,
                    0.0,
                    0.0,
                    0.4,
                    0.07123287671232877,
                    0.0821917808219178,
                    0.16164383561643836
                ]
            },
            "topValues": [
                {
                    "value": 5.0,
                    "count": 356.0
                },
                {
                    "value": 10.0,
                    "count": 98.0
                },
                {
                    "value": 3.0,
                    "count": 94.0
                },
                {
                    "value": 8.0,
                    "count": 90.0
                },
                {
                    "value": 4.0,
                    "count": 86.0
                },
                {
                    "value": 6.0,
                    "count": 82.0
                },
                {
                    "value": 9.0,
                    "count": 79.0
                },
                {
                    "value": 7.0,
                    "count": 78.0
                },
                {
                    "value": 1.0,
                    "count": 70.0
                },
                {
                    "value": 2.0,
                    "count": 62.0
                }
            ]
        },
        "platform_used": {
            "type": "CATEGORY",
            "nbDistinct": 4,
            "count": 1095,
            "missingCount": 307.0,
            "values": {
                "scale": [
                    "Mobile",
                    "PC",
                    "Console"
                ],
                "distribution": [
                    0.3464467005076142,
                    0.3286802030456853,
                    0.3248730964467005
                ]
            }
        },
        "used_lego_before": {
            "type": "CATEGORY",
            "nbDistinct": 2,
            "count": 1095,
            "missingCount": 0.0,
            "values": {
                "scale": [
                    "false",
                    "true"
                ],
                "distribution": [
                    0.5077625570776255,
                    0.4922374429223744
                ]
            }
        },
        "owns_tablet": {
            "type": "CATEGORY",
            "nbDistinct": 2,
            "count": 1095,
            "missingCount": 0.0,
            "values": {
                "scale": [
                    "true",
                    "false"
                ],
                "distribution": [
                    0.5360730593607306,
                    0.4639269406392694
                ]
            }
        },
        "Age": {
            "type": "NUMERIC",
            "nbDistinct": 51,
            "count": 1095,
            "missingCount": 0.0,
            "histogram": {
                "scale": [
                    10.0,
                    11.020408163265307,
                    12.040816326530612,
                    13.061224489795919,
                    14.081632653061224,
                    15.10204081632653,
                    16.122448979591837,
                    17.142857142857142,
                    18.163265306122447,
                    19.183673469387756,
                    20.20408163265306,
                    21.224489795918366,
                    22.244897959183675,
                    23.26530612244898,
                    24.285714285714285,
                    25.306122448979593,
                    26.3265306122449,
                    27.346938775510203,
                    28.367346938775512,
                    29.387755102040817,
                    30.408163265306122,
                    31.42857142857143,
                    32.44897959183673,
                    33.46938775510204,
                    34.48979591836735,
                    35.51020408163265,
                    36.53061224489796,
                    37.55102040816327,
                    38.57142857142857,
                    39.59183673469388,
                    40.61224489795919,
                    41.63265306122449,
                    42.6530612244898,
                    43.673469387755105,
                    44.69387755102041,
                    45.714285714285715,
                    46.734693877551024,
                    47.755102040816325,
                    48.775510204081634,
                    49.79591836734694,
                    50.816326530612244,
                    51.83673469387755,
                    52.85714285714286,
                    53.87755102040816,
                    54.89795918367347,
                    55.91836734693878,
                    56.93877551020408,
                    57.95918367346939,
                    58.9795918367347,
                    60.0
                ],
                "distribution": [
                    0.043835616438356165,
                    0.0182648401826484,
                    0.021917808219178082,
                    0.024657534246575342,
                    0.028310502283105023,
                    0.017351598173515982,
                    0.021004566210045664,
                    0.023744292237442923,
                    0.0182648401826484,
                    0.0182648401826484,
                    0.021917808219178082,
                    0.017351598173515982,
                    0.026484018264840183,
                    0.0273972602739726,
                    0.01004566210045662,
                    0.011872146118721462,
                    0.0228310502283105,
                    0.01643835616438356,
                    0.021917808219178082,
                    0.024657534246575342,
                    0.02009132420091324,
                    0.023744292237442923,
                    0.02009132420091324,
                    0.015525114155251141,
                    0.019178082191780823,
                    0.014611872146118721,
                    0.010958904109589041,
                    0.017351598173515982,
                    0.021004566210045664,
                    0.021004566210045664,
                    0.01643835616438356,
                    0.029223744292237442,
                    0.0182648401826484,
                    0.028310502283105023,
                    0.025570776255707764,
                    0.021917808219178082,
                    0.0136986301369863,
                    0.014611872146118721,
                    0.012785388127853882,
                    0.028310502283105023,
                    0.010958904109589041,
                    0.015525114155251141,
                    0.0228310502283105,
                    0.019178082191780823,
                    0.017351598173515982,
                    0.0136986301369863,
                    0.0228310502283105,
                    0.017351598173515982,
                    0.031050228310502283
                ]
            },
            "quantiles": {
                "scale": [
                    12.0,
                    16.5,
                    21.0,
                    26.0,
                    31.0,
                    36.5,
                    42.0,
                    46.5,
                    52.0,
                    57.5
                ],
                "distribution": [
                    0.08401826484018265,
                    0.11506849315068493,
                    0.07579908675799087,
                    0.11506849315068493,
                    0.09041095890410959,
                    0.1187214611872146,
                    0.08493150684931507,
                    0.10410958904109589,
                    0.1095890410958904,
                    0.10228310502283106
                ]
            },
            "topValues": [
                {
                    "value": 42.0,
                    "count": 32.0
                },
                {
                    "value": 15.0,
                    "count": 31.0
                },
                {
                    "value": 44.0,
                    "count": 31.0
                },
                {
                    "value": 50.0,
                    "count": 31.0
                },
                {
                    "value": 24.0,
                    "count": 30.0
                },
                {
                    "value": 23.0,
                    "count": 29.0
                },
                {
                    "value": 45.0,
                    "count": 28.0
                },
                {
                    "value": 14.0,
                    "count": 27.0
                },
                {
                    "value": 30.0,
                    "count": 27.0
                },
                {
                    "value": 10.0,
                    "count": 26.0
                },
                {
                    "value": 18.0,
                    "count": 26.0
                },
                {
                    "value": 32.0,
                    "count": 26.0
                },
                {
                    "value": 27.0,
                    "count": 25.0
                },
                {
                    "value": 53.0,
                    "count": 25.0
                },
                {
                    "value": 57.0,
                    "count": 25.0
                },
                {
                    "value": 13.0,
                    "count": 24.0
                },
                {
                    "value": 21.0,
                    "count": 24.0
                },
                {
                    "value": 29.0,
                    "count": 24.0
                },
                {
                    "value": 46.0,
                    "count": 24.0
                },
                {
                    "value": 17.0,
                    "count": 23.0
                },
                {
                    "value": 39.0,
                    "count": 23.0
                },
                {
                    "value": 40.0,
                    "count": 23.0
                },
                {
                    "value": 11.0,
                    "count": 22.0
                },
                {
                    "value": 31.0,
                    "count": 22.0
                },
                {
                    "value": 33.0,
                    "count": 22.0
                },
                {
                    "value": 35.0,
                    "count": 21.0
                },
                {
                    "value": 54.0,
                    "count": 21.0
                },
                {
                    "value": 12.0,
                    "count": 20.0
                },
                {
                    "value": 19.0,
                    "count": 20.0
                },
                {
                    "value": 20.0,
                    "count": 20.0
                },
                {
                    "value": 43.0,
                    "count": 20.0
                },
                {
                    "value": 60.0,
                    "count": 20.0
                },
                {
                    "value": 16.0,
                    "count": 19.0
                },
                {
                    "value": 22.0,
                    "count": 19.0
                },
                {
                    "value": 38.0,
                    "count": 19.0
                },
                {
                    "value": 55.0,
                    "count": 19.0
                },
                {
                    "value": 58.0,
                    "count": 19.0
                },
                {
                    "value": 28.0,
                    "count": 18.0
                },
                {
                    "value": 41.0,
                    "count": 18.0
                },
                {
                    "value": 34.0,
                    "count": 17.0
                },
                {
                    "value": 52.0,
                    "count": 17.0
                },
                {
                    "value": 36.0,
                    "count": 16.0
                },
                {
                    "value": 48.0,
                    "count": 16.0
                },
                {
                    "value": 47.0,
                    "count": 15.0
                },
                {
                    "value": 56.0,
                    "count": 15.0
                },
                {
                    "value": 49.0,
                    "count": 14.0
                },
                {
                    "value": 59.0,
                    "count": 14.0
                },
                {
                    "value": 26.0,
                    "count": 13.0
                },
                {
                    "value": 37.0,
                    "count": 12.0
                },
                {
                    "value": 51.0,
                    "count": 12.0
                }
            ]
        },
        "grocery_trips_per_week": {
            "type": "NUMERIC",
            "nbDistinct": 11,
            "count": 1095,
            "missingCount": 0.0,
            "histogram": {
                "scale": [
                    0.0,
                    0.20408163265306123,
                    0.40816326530612246,
                    0.6122448979591837,
                    0.8163265306122449,
                    1.0204081632653061,
                    1.2244897959183674,
                    1.4285714285714286,
                    1.6326530612244898,
                    1.836734693877551,
                    2.0408163265306123,
                    2.2448979591836737,
                    2.4489795918367347,
                    2.6530612244897958,
                    2.857142857142857,
                    3.0612244897959187,
                    3.2653061224489797,
                    3.4693877551020407,
                    3.673469387755102,
                    3.8775510204081636,
                    4.081632653061225,
                    4.285714285714286,
                    4.4897959183673475,
                    4.6938775510204085,
                    4.8979591836734695,
                    5.1020408163265305,
                    5.3061224489795915,
                    5.510204081632653,
                    5.714285714285714,
                    5.918367346938775,
                    6.122448979591837,
                    6.326530612244898,
                    6.530612244897959,
                    6.73469387755102,
                    6.938775510204081,
                    7.142857142857143,
                    7.346938775510204,
                    7.551020408163265,
                    7.755102040816327,
                    7.959183673469388,
                    8.16326530612245,
                    8.36734693877551,
                    8.571428571428571,
                    8.775510204081632,
                    8.979591836734695,
                    9.183673469387756,
                    9.387755102040817,
                    9.591836734693878,
                    9.795918367346939,
                    10.0
                ],
                "distribution": [
                    0.05114155251141553,
                    0.0,
                    0.0,
                    0.0,
                    0.14429223744292238,
                    0.0,
                    0.0,
                    0.0,
                    0.0,
                    0.21643835616438356,
                    0.0,
                    0.0,
                    0.0,
                    0.0,
                    0.2054794520547945,
                    0.0,
                    0.0,
                    0.0,
                    0.0,
                    0.18538812785388128,
                    0.0,
                    0.0,
                    0.0,
                    0.0,
                    0.09954337899543379,
                    0.0,
                    0.0,
                    0.0,
                    0.0,
                    0.052054794520547946,
                    0.0,
                    0.0,
                    0.0,
                    0.0,
                    0.026484018264840183,
                    0.0,
                    0.0,
                    0.0,
                    0.0,
                    0.012785388127853882,
                    0.0,
                    0.0,
                    0.0,
                    0.0,
                    0.005479452054794521,
                    0.0,
                    0.0,
                    0.0,
                    0.0009132420091324201
                ]
            },
            "quantiles": {
                "scale": [
                    0.5,
                    1.5,
                    2.0,
                    2.0,
                    2.5,
                    3.0,
                    3.5,
                    4.0,
                    4.5,
                    7.5
                ],
                "distribution": [
                    0.05114155251141553,
                    0.14429223744292238,
                    0.0,
                    0.0,
                    0.21643835616438356,
                    0.0,
                    0.2054794520547945,
                    0.0,
                    0.18538812785388128,
                    0.19726027397260273
                ]
            },
            "topValues": [
                {
                    "value": 2.0,
                    "count": 237.0
                },
                {
                    "value": 3.0,
                    "count": 225.0
                },
                {
                    "value": 4.0,
                    "count": 203.0
                },
                {
                    "value": 1.0,
                    "count": 158.0
                },
                {
                    "value": 5.0,
                    "count": 109.0
                },
                {
                    "value": 6.0,
                    "count": 57.0
                },
                {
                    "value": 0.0,
                    "count": 56.0
                },
                {
                    "value": 7.0,
                    "count": 29.0
                },
                {
                    "value": 8.0,
                    "count": 14.0
                },
                {
                    "value": 9.0,
                    "count": 6.0
                },
                {
                    "value": 10.0,
                    "count": 1.0
                }
            ]
        }
    }
}