{
    "perClassFacts": {
        "unique": {
            "Age": {
                "impact": 0.10762614607178228,
                "rank": 1,
                "feature": "Age",
                "correlation": -0.9925672971301223,
                "type": "NUMERICAL"
            },
            "tech_savvy_score": {
                "impact": 0.0763595122277279,
                "rank": 2,
                "feature": "tech_savvy_score",
                "correlation": 0.9208293465234185,
                "type": "NUMERICAL"
            },
            "gender": {
                "impact": 0.04715546434274256,
                "rank": 3,
                "feature": "gender",
                "positiveCategoricalValue": "Female",
                "negativeCategoricalValue": "Male",
                "infoGain": 0.6931471805599453,
                "type": "CATEGORICAL"
            },
            "platform_used": {
                "impact": 0.0363604694930469,
                "rank": 4,
                "feature": "platform_used",
                "positiveCategoricalValue": "Mobile",
                "negativeCategoricalValue": "Console",
                "infoGain": 0.5432727813369008,
                "type": "CATEGORICAL"
            },
            "income_bracket": {
                "impact": 0.024131246405158027,
                "rank": 5,
                "feature": "income_bracket",
                "positiveCategoricalValue": "Low",
                "negativeCategoricalValue": "Medium",
                "infoGain": 0.6927915828524811,
                "type": "CATEGORICAL"
            },
            "has_kids": {
                "impact": 0.02360946038263677,
                "rank": 6,
                "feature": "has_kids",
                "positiveCategoricalValue": "false",
                "negativeCategoricalValue": "true",
                "infoGain": 0.6874474544541733,
                "type": "CATEGORICAL"
            },
            "grocery_trips_per_week": {
                "impact": 0.008910015231471644,
                "rank": 7,
                "feature": "grocery_trips_per_week",
                "correlation": -0.9153387928918332,
                "type": "NUMERICAL"
            },
            "salary": {
                "impact": 0.008846721133084462,
                "rank": 8,
                "feature": "salary",
                "correlation": -0.9999999999999999,
                "type": "NUMERICAL"
            },
            "entertainment_budget_pct": {
                "impact": 0.005125331119056878,
                "rank": 9,
                "feature": "entertainment_budget_pct",
                "correlation": 0.8956087730622623,
                "type": "NUMERICAL"
            },
            "owns_tablet": {
                "impact": 0.003314861511432452,
                "rank": 10,
                "feature": "owns_tablet",
                "positiveCategoricalValue": "true",
                "negativeCategoricalValue": "false",
                "infoGain": 0.6780488171170702,
                "type": "CATEGORICAL"
            },
            "used_lego_before": {
                "impact": 0.0023750115787459524,
                "rank": 11,
                "feature": "used_lego_before",
                "positiveCategoricalValue": "true",
                "negativeCategoricalValue": "false",
                "infoGain": 0.6930582890371242,
                "type": "CATEGORICAL"
            },
            "hours_playing": {
                "impact": 0.0011025919545551725,
                "rank": 12,
                "feature": "hours_playing",
                "correlation": 0.9538336635483781,
                "type": "NUMERICAL"
            }
        }
    }
}