{
    "startedAt": 1744612978810,
    "gridSize": 5,
    "nThreads": 4,
    "nSplits": 5,
    "metric": "ROC_AUC",
    "timeout": null,
    "gridPoints": [
        {
            "finishedAt": 1744612979640,
            "score": 0.5310911214807319,
            "testScoreGibMean": 0.5310911214807319,
            "testScoreMean": 0.5310911214807319,
            "testScoreStd": 0.007889064227558999,
            "trainScoreMean": 0.5837770444218229,
            "trainScoreStd": 0.002504867008243526,
            "time": 1850,
            "fitTimeMean": 46.4,
            "fitTimeStd": 78.3264961555156,
            "scoreTimeMean": 323.6,
            "scoreTimeStd": 162.3448182111151,
            "parameters": {
                "C": 0.1,
                "penalty": "l2"
            }
        },
        {
            "finishedAt": 1744612980044,
            "score": 0.5378413385556242,
            "testScoreGibMean": 0.5378413385556242,
            "testScoreMean": 0.5378413385556242,
            "testScoreStd": 0.008551706279321673,
            "trainScoreMean": 0.5793550652094956,
            "trainScoreStd": 0.002131934546907325,
            "time": 1410,
            "fitTimeMean": 99.8,
            "fitTimeStd": 85.65372146030785,
            "scoreTimeMean": 182.2,
            "scoreTimeStd": 112.56002842927857,
            "parameters": {
                "C": 0.01,
                "penalty": "l2"
            }
        },
        {
            "finishedAt": 1744612980742,
            "score": 0.5259222715716222,
            "testScoreGibMean": 0.5259222715716222,
            "testScoreMean": 0.5259222715716222,
            "testScoreStd": 0.009811660406588629,
            "trainScoreMean": 0.5846781132342841,
            "trainScoreStd": 0.0028829101668478765,
            "time": 1790,
            "fitTimeMean": 80.0,
            "fitTimeStd": 109.33800803014476,
            "scoreTimeMean": 278.0,
            "scoreTimeStd": 142.9447445693615,
            "parameters": {
                "C": 10.0,
                "penalty": "l2"
            }
        },
        {
            "finishedAt": 1744612981843,
            "score": 0.5265283009438854,
            "testScoreGibMean": 0.5265283009438854,
            "testScoreMean": 0.5265283009438854,
            "testScoreStd": 0.009376974123192182,
            "trainScoreMean": 0.5844770619019035,
            "trainScoreStd": 0.0028233537000219118,
            "time": 1822,
            "fitTimeMean": 164.0,
            "fitTimeStd": 77.5293492814173,
            "scoreTimeMean": 200.4,
            "scoreTimeStd": 205.31789985288668,
            "parameters": {
                "C": 1.0,
                "penalty": "l2"
            }
        },
        {
            "finishedAt": 1744612981945,
            "score": 0.5258548378028897,
            "testScoreGibMean": 0.5258548378028897,
            "testScoreMean": 0.5258548378028897,
            "testScoreStd": 0.009758837816268502,
            "trainScoreMean": 0.5847107466134365,
            "trainScoreStd": 0.0028996127691717304,
            "time": 1413,
            "fitTimeMean": 121.4,
            "fitTimeStd": 140.54266256194236,
            "scoreTimeMean": 161.2,
            "scoreTimeStd": 136.7573032784721,
            "parameters": {
                "C": 100.0,
                "penalty": "l2"
            }
        }
    ]
}