[
    {
        "test_score_gib": 0.5369370888851408,
        "train_score": 0.5812026515151515,
        "test_score": 0.5369370888851408,
        "num_samples": 219,
        "fit_time": 6,
        "score_time": 508,
        "time": 514,
        "parameters": {
            "C": 0.1,
            "penalty": "l2"
        },
        "done_at": 1744612979345,
        "split_id": 0
    },
    {
        "test_score_gib": 0.5202861952861952,
        "train_score": 0.5854575120397905,
        "test_score": 0.5202861952861952,
        "num_samples": 219,
        "fit_time": 11,
        "score_time": 104,
        "time": 115,
        "parameters": {
            "C": 0.1,
            "penalty": "l2"
        },
        "done_at": 1744612978948,
        "split_id": 1
    },
    {
        "test_score_gib": 0.5303030303030303,
        "train_score": 0.5807415984631175,
        "test_score": 0.5303030303030303,
        "num_samples": 219,
        "fit_time": 203,
        "score_time": 508,
        "time": 711,
        "parameters": {
            "C": 0.1,
            "penalty": "l2"
        },
        "done_at": 1744612979640,
        "split_id": 2
    },
    {
        "test_score_gib": 0.5424242424242425,
        "train_score": 0.5841627411247665,
        "test_score": 0.5424242424242425,
        "num_samples": 219,
        "fit_time": 7,
        "score_time": 296,
        "time": 303,
        "parameters": {
            "C": 0.1,
            "penalty": "l2"
        },
        "done_at": 1744612979239,
        "split_id": 3
    },
    {
        "test_score_gib": 0.5255050505050505,
        "train_score": 0.5873207189662886,
        "test_score": 0.5255050505050505,
        "num_samples": 219,
        "fit_time": 5,
        "score_time": 202,
        "time": 207,
        "parameters": {
            "C": 0.1,
            "penalty": "l2"
        },
        "done_at": 1744612979248,
        "split_id": 4
    },
    {
        "test_score_gib": 0.5352504638218923,
        "train_score": 0.578493265993266,
        "test_score": 0.5352504638218923,
        "num_samples": 219,
        "fit_time": 197,
        "score_time": 106,
        "time": 303,
        "parameters": {
            "C": 0.01,
            "penalty": "l2"
        },
        "done_at": 1744612979639,
        "split_id": 0
    },
    {
        "test_score_gib": 0.523063973063973,
        "train_score": 0.5814363535882523,
        "test_score": 0.523063973063973,
        "num_samples": 219,
        "fit_time": 3,
        "score_time": 197,
        "time": 200,
        "parameters": {
            "C": 0.01,
            "penalty": "l2"
        },
        "done_at": 1744612979539,
        "split_id": 1
    },
    {
        "test_score_gib": 0.5387205387205387,
        "train_score": 0.576688860233164,
        "test_score": 0.5387205387205387,
        "num_samples": 219,
        "fit_time": 6,
        "score_time": 396,
        "time": 402,
        "parameters": {
            "C": 0.01,
            "penalty": "l2"
        },
        "done_at": 1744612980044,
        "split_id": 2
    },
    {
        "test_score_gib": 0.5474747474747474,
        "train_score": 0.5778994184057475,
        "test_score": 0.5474747474747474,
        "num_samples": 219,
        "fit_time": 98,
        "score_time": 106,
        "time": 204,
        "parameters": {
            "C": 0.01,
            "penalty": "l2"
        },
        "done_at": 1744612979848,
        "split_id": 3
    },
    {
        "test_score_gib": 0.5446969696969697,
        "train_score": 0.582257427827048,
        "test_score": 0.5446969696969697,
        "num_samples": 219,
        "fit_time": 195,
        "score_time": 106,
        "time": 301,
        "parameters": {
            "C": 0.01,
            "penalty": "l2"
        },
        "done_at": 1744612979947,
        "split_id": 4
    },
    {
        "test_score_gib": 0.5355877888345421,
        "train_score": 0.5812868265993266,
        "test_score": 0.5355877888345421,
        "num_samples": 219,
        "fit_time": 6,
        "score_time": 394,
        "time": 400,
        "parameters": {
            "C": 10.0,
            "penalty": "l2"
        },
        "done_at": 1744612980445,
        "split_id": 0
    },
    {
        "test_score_gib": 0.5142255892255893,
        "train_score": 0.5877207294928815,
        "test_score": 0.5142255892255893,
        "num_samples": 219,
        "fit_time": 9,
        "score_time": 193,
        "time": 202,
        "parameters": {
            "C": 10.0,
            "penalty": "l2"
        },
        "done_at": 1744612980341,
        "split_id": 1
    },
    {
        "test_score_gib": 0.5248316498316498,
        "train_score": 0.5816889918155741,
        "test_score": 0.5248316498316498,
        "num_samples": 219,
        "fit_time": 289,
        "score_time": 108,
        "time": 397,
        "parameters": {
            "C": 10.0,
            "penalty": "l2"
        },
        "done_at": 1744612980448,
        "split_id": 2
    },
    {
        "test_score_gib": 0.5385521885521886,
        "train_score": 0.5845732782441644,
        "test_score": 0.5385521885521886,
        "num_samples": 219,
        "fit_time": 90,
        "score_time": 494,
        "time": 584,
        "parameters": {
            "C": 10.0,
            "penalty": "l2"
        },
        "done_at": 1744612980641,
        "split_id": 3
    },
    {
        "test_score_gib": 0.5164141414141414,
        "train_score": 0.5881207400194741,
        "test_score": 0.5164141414141414,
        "num_samples": 219,
        "fit_time": 6,
        "score_time": 201,
        "time": 207,
        "parameters": {
            "C": 10.0,
            "penalty": "l2"
        },
        "done_at": 1744612980742,
        "split_id": 4
    },
    {
        "test_score_gib": 0.5355034575813796,
        "train_score": 0.5812131734006734,
        "test_score": 0.5355034575813796,
        "num_samples": 219,
        "fit_time": 108,
        "score_time": 96,
        "time": 204,
        "parameters": {
            "C": 1.0,
            "penalty": "l2"
        },
        "done_at": 1744612980841,
        "split_id": 0
    },
    {
        "test_score_gib": 0.5155723905723906,
        "train_score": 0.5872522961130556,
        "test_score": 0.5155723905723906,
        "num_samples": 219,
        "fit_time": 299,
        "score_time": 9,
        "time": 308,
        "parameters": {
            "C": 1.0,
            "penalty": "l2"
        },
        "done_at": 1744612980949,
        "split_id": 1
    },
    {
        "test_score_gib": 0.5269360269360269,
        "train_score": 0.5814679333666675,
        "test_score": 0.5269360269360269,
        "num_samples": 219,
        "fit_time": 102,
        "score_time": 204,
        "time": 306,
        "parameters": {
            "C": 1.0,
            "penalty": "l2"
        },
        "done_at": 1744612981046,
        "split_id": 2
    },
    {
        "test_score_gib": 0.5382154882154883,
        "train_score": 0.5844469591305034,
        "test_score": 0.5382154882154883,
        "num_samples": 219,
        "fit_time": 204,
        "score_time": 101,
        "time": 305,
        "parameters": {
            "C": 1.0,
            "penalty": "l2"
        },
        "done_at": 1744612981148,
        "split_id": 3
    },
    {
        "test_score_gib": 0.5164141414141414,
        "train_score": 0.5880049474986183,
        "test_score": 0.5164141414141414,
        "num_samples": 219,
        "fit_time": 107,
        "score_time": 592,
        "time": 699,
        "parameters": {
            "C": 1.0,
            "penalty": "l2"
        },
        "done_at": 1744612981843,
        "split_id": 4
    },
    {
        "test_score_gib": 0.5353347950750549,
        "train_score": 0.5812763047138048,
        "test_score": 0.5353347950750549,
        "num_samples": 219,
        "fit_time": 293,
        "score_time": 406,
        "time": 699,
        "parameters": {
            "C": 100.0,
            "penalty": "l2"
        },
        "done_at": 1744612981852,
        "split_id": 0
    },
    {
        "test_score_gib": 0.5141414141414141,
        "train_score": 0.5877680991605042,
        "test_score": 0.5141414141414141,
        "num_samples": 219,
        "fit_time": 294,
        "score_time": 9,
        "time": 303,
        "parameters": {
            "C": 100.0,
            "penalty": "l2"
        },
        "done_at": 1744612981643,
        "split_id": 1
    },
    {
        "test_score_gib": 0.524915824915825,
        "train_score": 0.5817153082975868,
        "test_score": 0.524915824915825,
        "num_samples": 219,
        "fit_time": 6,
        "score_time": 101,
        "time": 107,
        "parameters": {
            "C": 100.0,
            "penalty": "l2"
        },
        "done_at": 1744612981543,
        "split_id": 2
    },
    {
        "test_score_gib": 0.5384680134680134,
        "train_score": 0.5846311745045921,
        "test_score": 0.5384680134680134,
        "num_samples": 219,
        "fit_time": 3,
        "score_time": 201,
        "time": 204,
        "parameters": {
            "C": 100.0,
            "penalty": "l2"
        },
        "done_at": 1744612981853,
        "split_id": 3
    },
    {
        "test_score_gib": 0.5164141414141414,
        "train_score": 0.5881628463906945,
        "test_score": 0.5164141414141414,
        "num_samples": 219,
        "fit_time": 11,
        "score_time": 89,
        "time": 100,
        "parameters": {
            "C": 100.0,
            "penalty": "l2"
        },
        "done_at": 1744612981945,
        "split_id": 4
    }
]