{
    "modelInputNRows": 1095,
    "modelInputNCols": 20,
    "modelInputIsSparse": false,
    "modelInputMemory": 175200,
    "usedGridSearch": true,
    "gridSize": 5,
    "gridBestScore": 0.5378413385556242,
    "gridCells": [
        {
            "params": {
                "C": 0.1,
                "penalty": "l2"
            },
            "score": 0.5310911214807319,
            "scoreStd": 0.007889064227558999,
            "fitTime": 0.0464,
            "fitTimeStd": 0.0783264961555156,
            "scoreTime": 0.3236,
            "scoreTimeStd": 0.1623448182111151
        },
        {
            "params": {
                "C": 0.01,
                "penalty": "l2"
            },
            "score": 0.5378413385556242,
            "scoreStd": 0.008551706279321673,
            "fitTime": 0.0998,
            "fitTimeStd": 0.08565372146030785,
            "scoreTime": 0.1822,
            "scoreTimeStd": 0.11256002842927858
        },
        {
            "params": {
                "C": 10.0,
                "penalty": "l2"
            },
            "score": 0.5259222715716222,
            "scoreStd": 0.009811660406588629,
            "fitTime": 0.08,
            "fitTimeStd": 0.10933800803014476,
            "scoreTime": 0.278,
            "scoreTimeStd": 0.1429447445693615
        },
        {
            "params": {
                "C": 1.0,
                "penalty": "l2"
            },
            "score": 0.5265283009438854,
            "scoreStd": 0.009376974123192182,
            "fitTime": 0.164,
            "fitTimeStd": 0.07752934928141729,
            "scoreTime": 0.2004,
            "scoreTimeStd": 0.20531789985288668
        },
        {
            "params": {
                "C": 100.0,
                "penalty": "l2"
            },
            "score": 0.5258548378028897,
            "scoreStd": 0.009758837816268502,
            "fitTime": 0.12140000000000001,
            "fitTimeStd": 0.14054266256194237,
            "scoreTime": 0.16119999999999998,
            "scoreTimeStd": 0.1367573032784721
        }
    ],
    "lmCoefficients": {
        "variables": [
            "entertainment_budget_pct",
            "hours_playing",
            "salary",
            "tech_savvy_score",
            "Age",
            "grocery_trips_per_week",
            "dummy:gender:Male",
            "dummy:has_kids:false",
            "dummy:income_bracket:Medium",
            "dummy:income_bracket:Low",
            "dummy:platform_used:Mobile",
            "dummy:platform_used:PC",
            "dummy:platform_used:N/A",
            "dummy:used_lego_before:false",
            "dummy:owns_tablet:true"
        ],
        "coefs": [
            0.005870011424035984,
            0.0012971349728449924,
            -0.011378579610851668,
            0.09515304066290065,
            -0.12693301292520337,
            -0.010588793358662116,
            -0.09431092868548512,
            0.047934746310172104,
            -0.02977308147671443,
            0.03047040137911195,
            0.07506916298161877,
            -0.03913890665969045,
            0.008896766382798831,
            -0.004756364977461858,
            0.006676010025709802
        ],
        "interceptStderr": null,
        "interceptTstat": null,
        "interceptPvalue": null,
        "interceptCoef": 0.009912528726341038,
        "rescaledCoefs": [
            0.0008289838989201331,
            0.00024190965536987467,
            -4.454310176745622e-06,
            0.03828695960074603,
            -0.00863089790362225,
            -0.005841356139513754,
            -0.09431092868548512,
            0.047934746310172104,
            -0.02977308147671443,
            0.03047040137911195,
            0.07506916298161877,
            -0.03913890665969045,
            0.008896766382798831,
            -0.004756364977461858,
            0.006676010025709802
        ],
        "rescaledInterceptCoef": 0.12755576899146676
    },
    "probaAware": true
}