{
    "metrics": {},
    "processed_feature_names": [
        "entertainment_budget_pct",
        "hours_playing",
        "salary",
        "tech_savvy_score",
        "Age",
        "grocery_trips_per_week",
        "dummy:gender:Male",
        "dummy:gender:N/A",
        "dummy:has_kids:false",
        "dummy:has_kids:N/A",
        "dummy:income_bracket:Medium",
        "dummy:income_bracket:Low",
        "dummy:income_bracket:N/A",
        "dummy:platform_used:Mobile",
        "dummy:platform_used:PC",
        "dummy:platform_used:N/A",
        "dummy:used_lego_before:false",
        "dummy:used_lego_before:N/A",
        "dummy:owns_tablet:true",
        "dummy:owns_tablet:N/A"
    ],
    "optimalThreshold": 0.425,
    "usedThreshold": 0.425,
    "perCutData": {
        "cut": [
            0.0,
            0.025,
            0.05,
            0.075,
            0.1,
            0.125,
            0.15,
            0.175,
            0.2,
            0.225,
            0.25,
            0.275,
            0.3,
            0.325,
            0.35,
            0.375,
            0.4,
            0.425,
            0.45,
            0.475,
            0.5,
            0.525,
            0.55,
            0.575,
            0.6,
            0.625,
            0.65,
            0.675,
            0.7,
            0.725,
            0.75,
            0.775,
            0.8,
            0.825,
            0.85,
            0.875,
            0.9,
            0.925,
            0.95,
            0.975
        ],
        "tp": [
            93,
            93,
            93,
            93,
            93,
            93,
            93,
            93,
            93,
            93,
            93,
            93,
            93,
            93,
            93,
            93,
            92,
            92,
            83,
            63,
            44,
            24,
            8,
            6,
            0,
            0,
            0,
            0,
            0,
            0,
            0,
            0,
            0,
            0,
            0,
            0,
            0,
            0,
            0,
            0
        ],
        "tn": [
            0,
            0,
            0,
            0,
            0,
            0,
            0,
            0,
            0,
            0,
            0,
            0,
            0,
            0,
            0,
            0,
            0,
            5,
            21,
            53,
            86,
            124,
            144,
            157,
            159,
            159,
            159,
            159,
            159,
            159,
            159,
            159,
            159,
            159,
            159,
            159,
            159,
            159,
            159,
            159
        ],
        "fp": [
            159,
            159,
            159,
            159,
            159,
            159,
            159,
            159,
            159,
            159,
            159,
            159,
            159,
            159,
            159,
            159,
            159,
            154,
            138,
            106,
            73,
            35,
            15,
            2,
            0,
            0,
            0,
            0,
            0,
            0,
            0,
            0,
            0,
            0,
            0,
            0,
            0,
            0,
            0,
            0
        ],
        "fn": [
            0,
            0,
            0,
            0,
            0,
            0,
            0,
            0,
            0,
            0,
            0,
            0,
            0,
            0,
            0,
            0,
            1,
            1,
            10,
            30,
            49,
            69,
            85,
            87,
            93,
            93,
            93,
            93,
            93,
            93,
            93,
            93,
            93,
            93,
            93,
            93,
            93,
            93,
            93,
            93
        ],
        "precision": [
            0.36904761904761907,
            0.36904761904761907,
            0.36904761904761907,
            0.36904761904761907,
            0.36904761904761907,
            0.36904761904761907,
            0.36904761904761907,
            0.36904761904761907,
            0.36904761904761907,
            0.36904761904761907,
            0.36904761904761907,
            0.36904761904761907,
            0.36904761904761907,
            0.36904761904761907,
            0.36904761904761907,
            0.36904761904761907,
            0.3665338645418327,
            0.37398373983739835,
            0.3755656108597285,
            0.3727810650887574,
            0.37606837606837606,
            0.4067796610169492,
            0.34782608695652173,
            0.75,
            0.0,
            0.0,
            0.0,
            0.0,
            0.0,
            0.0,
            0.0,
            0.0,
            0.0,
            0.0,
            0.0,
            0.0,
            0.0,
            0.0,
            0.0,
            0.0
        ],
        "recall": [
            1.0,
            1.0,
            1.0,
            1.0,
            1.0,
            1.0,
            1.0,
            1.0,
            1.0,
            1.0,
            1.0,
            1.0,
            1.0,
            1.0,
            1.0,
            1.0,
            0.989247311827957,
            0.989247311827957,
            0.8924731182795699,
            0.6774193548387096,
            0.4731182795698925,
            0.25806451612903225,
            0.08602150537634409,
            0.06451612903225806,
            0.0,
            0.0,
            0.0,
            0.0,
            0.0,
            0.0,
            0.0,
            0.0,
            0.0,
            0.0,
            0.0,
            0.0,
            0.0,
            0.0,
            0.0,
            0.0
        ],
        "accuracy": [
            0.36904761904761907,
            0.36904761904761907,
            0.36904761904761907,
            0.36904761904761907,
            0.36904761904761907,
            0.36904761904761907,
            0.36904761904761907,
            0.36904761904761907,
            0.36904761904761907,
            0.36904761904761907,
            0.36904761904761907,
            0.36904761904761907,
            0.36904761904761907,
            0.36904761904761907,
            0.36904761904761907,
            0.36904761904761907,
            0.36507936507936506,
            0.38492063492063494,
            0.4126984126984127,
            0.4603174603174603,
            0.5158730158730159,
            0.5873015873015873,
            0.6031746031746031,
            0.6468253968253969,
            0.6309523809523809,
            0.6309523809523809,
            0.6309523809523809,
            0.6309523809523809,
            0.6309523809523809,
            0.6309523809523809,
            0.6309523809523809,
            0.6309523809523809,
            0.6309523809523809,
            0.6309523809523809,
            0.6309523809523809,
            0.6309523809523809,
            0.6309523809523809,
            0.6309523809523809,
            0.6309523809523809,
            0.6309523809523809
        ],
        "f1": [
            0.5391304347826087,
            0.5391304347826087,
            0.5391304347826087,
            0.5391304347826087,
            0.5391304347826087,
            0.5391304347826087,
            0.5391304347826087,
            0.5391304347826087,
            0.5391304347826087,
            0.5391304347826087,
            0.5391304347826087,
            0.5391304347826087,
            0.5391304347826087,
            0.5391304347826087,
            0.5391304347826087,
            0.5391304347826087,
            0.5348837209302325,
            0.5427728613569321,
            0.5286624203821655,
            0.48091603053435117,
            0.419047619047619,
            0.31578947368421056,
            0.13793103448275862,
            0.11881188118811882,
            0.0,
            0.0,
            0.0,
            0.0,
            0.0,
            0.0,
            0.0,
            0.0,
            0.0,
            0.0,
            0.0,
            0.0,
            0.0,
            0.0,
            0.0,
            0.0
        ],
        "mcc": [
            0.0,
            0.0,
            0.0,
            0.0,
            0.0,
            0.0,
            0.0,
            0.0,
            0.0,
            0.0,
            0.0,
            0.0,
            0.0,
            0.0,
            0.0,
            0.0,
            -0.08253159287285586,
            0.06549953416738301,
            0.03606530462802945,
            0.011040142762550564,
            0.013544734417737727,
            0.04323327789779463,
            -0.01393745299872854,
            0.1429490511279561,
            0.0,
            0.0,
            0.0,
            0.0,
            0.0,
            0.0,
            0.0,
            0.0,
            0.0,
            0.0,
            0.0,
            0.0,
            0.0,
            0.0,
            0.0,
            0.0
        ],
        "hammingLoss": [
            0.6309523809523809,
            0.6309523809523809,
            0.6309523809523809,
            0.6309523809523809,
            0.6309523809523809,
            0.6309523809523809,
            0.6309523809523809,
            0.6309523809523809,
            0.6309523809523809,
            0.6309523809523809,
            0.6309523809523809,
            0.6309523809523809,
            0.6309523809523809,
            0.6309523809523809,
            0.6309523809523809,
            0.6309523809523809,
            0.6349206349206349,
            0.6150793650793651,
            0.5873015873015873,
            0.5396825396825398,
            0.4841269841269841,
            0.4126984126984127,
            0.39682539682539686,
            0.35317460317460314,
            0.36904761904761907,
            0.36904761904761907,
            0.36904761904761907,
            0.36904761904761907,
            0.36904761904761907,
            0.36904761904761907,
            0.36904761904761907,
            0.36904761904761907,
            0.36904761904761907,
            0.36904761904761907,
            0.36904761904761907,
            0.36904761904761907,
            0.36904761904761907,
            0.36904761904761907,
            0.36904761904761907,
            0.36904761904761907
        ],
        "assertionsMetrics": [],
        "overridesMetrics": []
    },
    "tiMetrics": {
        "auc": 0.5222830864948942,
        "logLoss": 0.6903467925404015,
        "lift": 1.056774193548387,
        "averagePrecision": 0.421730508811877,
        "calibrationLoss": 0.13173914858274471
    },
    "probaPercentiles": [
        0.4130277141443182,
        0.42310484960694117,
        0.42824420570998883,
        0.4298249105497848,
        0.43225895875491793,
        0.43473202783673787,
        0.4385612414121828,
        0.44154661875420925,
        0.4443251563845959,
        0.44531064114991953,
        0.4464267713515545,
        0.4484447860749442,
        0.4504752147997471,
        0.4522228576754429,
        0.45274454967083655,
        0.4549118918947286,
        0.45609033954215655,
        0.4568491128421003,
        0.4590440790571492,
        0.4604095836459361,
        0.4611580302844533,
        0.46175693315419564,
        0.46250530680962887,
        0.4633723646026502,
        0.46350049347810196,
        0.4646986468669857,
        0.4662042598101436,
        0.46780085262508936,
        0.46872860797993704,
        0.4691307823867419,
        0.47060531624194496,
        0.47266051200198655,
        0.4750485299354393,
        0.4759549113434628,
        0.4776089438178171,
        0.47873134368361103,
        0.4800779942142373,
        0.48134194869426067,
        0.4821624617393881,
        0.4840884645563324,
        0.48607940473158895,
        0.4863571633632086,
        0.4877756961930487,
        0.48956973851313035,
        0.49056063210062917,
        0.4921635729959365,
        0.49331399168639306,
        0.49478348597692784,
        0.4962560621668573,
        0.49702527786353223,
        0.4978566149820126,
        0.4980712324778086,
        0.4989986065728573,
        0.5006386536939681,
        0.5030918218047842,
        0.5044061453989992,
        0.5054646368134198,
        0.5057423426023505,
        0.5064789104924011,
        0.5086197028878949,
        0.5103578462433003,
        0.5106199240184762,
        0.5110676874718222,
        0.511969061649996,
        0.5123672153830826,
        0.512635568949237,
        0.5152419496603977,
        0.5166817081766887,
        0.5177295507261672,
        0.5188913893493023,
        0.5203496145336025,
        0.5215183149298512,
        0.5221378972509425,
        0.5229339173373514,
        0.5236035581228131,
        0.5245686843227569,
        0.5252529097493955,
        0.52563431773197,
        0.5261857498458342,
        0.5284270968835824,
        0.5291842981193082,
        0.5328619875452381,
        0.5341594249564857,
        0.5352830310153337,
        0.5368948706641472,
        0.538646822515558,
        0.5412398102723838,
        0.5444526577062533,
        0.5459188955322688,
        0.5476616395189654,
        0.5496440352698267,
        0.552876816967024,
        0.5550829162705817,
        0.5607495469770406,
        0.5638354731690077,
        0.5700304749196851,
        0.5737373248266516,
        0.5862220136570625,
        0.5909036096503356
    ],
    "rocVizData": [
        [
            {
                "x": 0.0,
                "y": 0.0,
                "p": 1.596970968797614
            },
            {
                "x": 0.006289308176100629,
                "y": 0.053763440860215055,
                "p": 0.5863426806755143
            },
            {
                "x": 0.03773584905660377,
                "y": 0.07526881720430108,
                "p": 0.564464483043973
            },
            {
                "x": 0.09433962264150944,
                "y": 0.08602150537634409,
                "p": 0.5501073353449139
            },
            {
                "x": 0.1069182389937107,
                "y": 0.15053763440860216,
                "p": 0.5446394969046374
            },
            {
                "x": 0.12578616352201258,
                "y": 0.1827956989247312,
                "p": 0.5380764026596087
            },
            {
                "x": 0.15723270440251572,
                "y": 0.20430107526881722,
                "p": 0.5340697877136555
            },
            {
                "x": 0.1761006289308176,
                "y": 0.23655913978494625,
                "p": 0.5289991955369726
            },
            {
                "x": 0.20754716981132076,
                "y": 0.25806451612903225,
                "p": 0.5256282666332228
            },
            {
                "x": 0.2389937106918239,
                "y": 0.27956989247311825,
                "p": 0.523500482467412
            },
            {
                "x": 0.27672955974842767,
                "y": 0.3010752688172043,
                "p": 0.5209477381334139
            },
            {
                "x": 0.31446540880503143,
                "y": 0.3225806451612903,
                "p": 0.5172383949437513
            },
            {
                "x": 0.33962264150943394,
                "y": 0.3763440860215054,
                "p": 0.5123296578664575
            },
            {
                "x": 0.3836477987421384,
                "y": 0.3978494623655914,
                "p": 0.5104444105381557
            },
            {
                "x": 0.39622641509433965,
                "y": 0.44086021505376344,
                "p": 0.5064216439828628
            },
            {
                "x": 0.4276729559748428,
                "y": 0.46236559139784944,
                "p": 0.5046355130939566
            },
            {
                "x": 0.4779874213836478,
                "y": 0.4731182795698925,
                "p": 0.4981704461455691
            },
            {
                "x": 0.4968553459119497,
                "y": 0.5053763440860215,
                "p": 0.49722884424550967
            },
            {
                "x": 0.5283018867924528,
                "y": 0.5268817204301075,
                "p": 0.4936750839418568
            },
            {
                "x": 0.5660377358490566,
                "y": 0.5483870967741935,
                "p": 0.4897790025148645
            },
            {
                "x": 0.5911949685534591,
                "y": 0.5806451612903226,
                "p": 0.4860937868267249
            },
            {
                "x": 0.6289308176100629,
                "y": 0.6021505376344086,
                "p": 0.4815489153109759
            },
            {
                "x": 0.6415094339622641,
                "y": 0.6451612903225806,
                "p": 0.4784956435705645
            },
            {
                "x": 0.660377358490566,
                "y": 0.6774193548387096,
                "p": 0.47554557737693426
            },
            {
                "x": 0.7044025157232704,
                "y": 0.6881720430107527,
                "p": 0.4695017572552869
            },
            {
                "x": 0.7232704402515723,
                "y": 0.7526881720430108,
                "p": 0.4658389766616637
            },
            {
                "x": 0.7484276729559748,
                "y": 0.7849462365591398,
                "p": 0.4633707601938073
            },
            {
                "x": 0.7672955974842768,
                "y": 0.8172043010752689,
                "p": 0.46147432917572323
            },
            {
                "x": 0.8050314465408805,
                "y": 0.8387096774193549,
                "p": 0.45844547418414056
            },
            {
                "x": 0.8301886792452831,
                "y": 0.8709677419354839,
                "p": 0.45415672942402663
            },
            {
                "x": 0.8867924528301887,
                "y": 0.8924731182795699,
                "p": 0.44658561283402404
            },
            {
                "x": 0.9119496855345912,
                "y": 0.9247311827956989,
                "p": 0.4421450973997708
            },
            {
                "x": 0.9308176100628931,
                "y": 0.956989247311828,
                "p": 0.43467756111477907
            },
            {
                "x": 0.949685534591195,
                "y": 0.989247311827957,
                "p": 0.42973815593053005
            },
            {
                "x": 1.0,
                "y": 0.989247311827957,
                "p": 0.4037028975187616
            },
            {
                "x": 1.0,
                "y": 1.0,
                "p": 0.3998432438928187
            }
        ]
    ],
    "liftVizData": {
        "bins": [
            {
                "bin_pos_prop": 0.4230769231,
                "bin_lift": 1.1464019851,
                "cum_lift": 0.1182795699,
                "cum_size": 0.1031746032,
                "bin_min": 0.5476616395,
                "bin_max": 0.5969709688,
                "percentile_idx": 0
            },
            {
                "bin_pos_prop": 0.48,
                "bin_lift": 1.3006451613,
                "cum_lift": 0.247311828,
                "cum_size": 0.2023809524,
                "bin_min": 0.5284270969,
                "bin_max": 0.5476616395,
                "percentile_idx": 1
            },
            {
                "bin_pos_prop": 0.24,
                "bin_lift": 0.6503225806,
                "cum_lift": 0.311827957,
                "cum_size": 0.3015873016,
                "bin_min": 0.5188913893,
                "bin_max": 0.5284270969,
                "percentile_idx": 2
            },
            {
                "bin_pos_prop": 0.4,
                "bin_lift": 1.0838709677,
                "cum_lift": 0.4193548387,
                "cum_size": 0.4007936508,
                "bin_min": 0.5086197029,
                "bin_max": 0.5188913893,
                "percentile_idx": 3
            },
            {
                "bin_pos_prop": 0.32,
                "bin_lift": 0.8670967742,
                "cum_lift": 0.5053763441,
                "cum_size": 0.5,
                "bin_min": 0.4970252779,
                "bin_max": 0.5086197029,
                "percentile_idx": 4
            },
            {
                "bin_pos_prop": 0.36,
                "bin_lift": 0.975483871,
                "cum_lift": 0.6021505376,
                "cum_size": 0.5992063492,
                "bin_min": 0.4840884646,
                "bin_max": 0.4970252779,
                "percentile_idx": 5
            },
            {
                "bin_pos_prop": 0.32,
                "bin_lift": 0.8670967742,
                "cum_lift": 0.688172043,
                "cum_size": 0.6984126984,
                "bin_min": 0.4691307824,
                "bin_max": 0.4840884646,
                "percentile_idx": 6
            },
            {
                "bin_pos_prop": 0.48,
                "bin_lift": 1.3006451613,
                "cum_lift": 0.8172043011,
                "cum_size": 0.7976190476,
                "bin_min": 0.4604095836,
                "bin_max": 0.4691307824,
                "percentile_idx": 7
            },
            {
                "bin_pos_prop": 0.32,
                "bin_lift": 0.8670967742,
                "cum_lift": 0.9032258065,
                "cum_size": 0.8968253968,
                "bin_min": 0.4453106411,
                "bin_max": 0.4604095836,
                "percentile_idx": 8
            },
            {
                "bin_pos_prop": 0.3461538462,
                "bin_lift": 0.9379652605,
                "cum_lift": 1.0,
                "cum_size": 1.0,
                "bin_min": 0.3998432439,
                "bin_max": 0.4453106411,
                "percentile_idx": 9
            }
        ],
        "wizard": {
            "positives": 93,
            "total": 252
        }
    },
    "prVizData": [
        {
            "bins": [
                {
                    "x": 1.0,
                    "y": 0.36904761904761907,
                    "p": 0.3998432438928187
                },
                {
                    "x": 0.956989247311828,
                    "y": 0.3723849372384937,
                    "p": 0.4328523785463368
                },
                {
                    "x": 0.9139784946236559,
                    "y": 0.3744493392070485,
                    "p": 0.44528053947431784
                },
                {
                    "x": 0.8709677419354839,
                    "y": 0.375,
                    "p": 0.4524064403937191
                },
                {
                    "x": 0.8387096774193549,
                    "y": 0.3842364532019704,
                    "p": 0.4602342425489293
                },
                {
                    "x": 0.7956989247311828,
                    "y": 0.38341968911917096,
                    "p": 0.4627543935121184
                },
                {
                    "x": 0.7526881720430108,
                    "y": 0.3763440860215054,
                    "p": 0.46508915225252817
                },
                {
                    "x": 0.6989247311827957,
                    "y": 0.36312849162011174,
                    "p": 0.4688265305594897
                },
                {
                    "x": 0.6666666666666666,
                    "y": 0.3712574850299401,
                    "p": 0.47587363822301365
                },
                {
                    "x": 0.6236559139784946,
                    "y": 0.36477987421383645,
                    "p": 0.480109935211066
                },
                {
                    "x": 0.5913978494623656,
                    "y": 0.3691275167785235,
                    "p": 0.4860878966746831
                },
                {
                    "x": 0.5483870967741935,
                    "y": 0.3617021276595745,
                    "p": 0.4897790025148645
                },
                {
                    "x": 0.5268817204301075,
                    "y": 0.3798449612403101,
                    "p": 0.49625854247302364
                },
                {
                    "x": 0.4838709677419355,
                    "y": 0.371900826446281,
                    "p": 0.49813695679578324
                },
                {
                    "x": 0.46236559139784944,
                    "y": 0.38738738738738737,
                    "p": 0.5046355130939566
                },
                {
                    "x": 0.43010752688172044,
                    "y": 0.3883495145631068,
                    "p": 0.5070579385332884
                },
                {
                    "x": 0.3978494623655914,
                    "y": 0.3854166666666667,
                    "p": 0.5106815648070064
                },
                {
                    "x": 0.3655913978494624,
                    "y": 0.38636363636363635,
                    "p": 0.5125800413106254
                },
                {
                    "x": 0.3333333333333333,
                    "y": 0.3780487804878049,
                    "p": 0.5158029516020198
                },
                {
                    "x": 0.3118279569892473,
                    "y": 0.38666666666666666,
                    "p": 0.5190683969938633
                },
                {
                    "x": 0.27956989247311825,
                    "y": 0.37681159420289856,
                    "p": 0.5221097095204708
                },
                {
                    "x": 0.26881720430107525,
                    "y": 0.4032258064516129,
                    "p": 0.524240287428037
                },
                {
                    "x": 0.24731182795698925,
                    "y": 0.4107142857142857,
                    "p": 0.5256360244521294
                },
                {
                    "x": 0.23655913978494625,
                    "y": 0.44,
                    "p": 0.5289991955369726
                },
                {
                    "x": 0.21505376344086022,
                    "y": 0.4444444444444444,
                    "p": 0.5338220199848503
                },
                {
                    "x": 0.1935483870967742,
                    "y": 0.43902439024390244,
                    "p": 0.535400136676279
                },
                {
                    "x": 0.1827956989247312,
                    "y": 0.4594594594594595,
                    "p": 0.5380764026596087
                },
                {
                    "x": 0.16129032258064516,
                    "y": 0.4411764705882353,
                    "p": 0.5407477865148539
                },
                {
                    "x": 0.13978494623655913,
                    "y": 0.43333333333333335,
                    "p": 0.5456635040151343
                },
                {
                    "x": 0.11827956989247312,
                    "y": 0.4074074074074074,
                    "p": 0.5474435567094198
                },
                {
                    "x": 0.0967741935483871,
                    "y": 0.375,
                    "p": 0.5493220809803595
                },
                {
                    "x": 0.08602150537634409,
                    "y": 0.38095238095238093,
                    "p": 0.5529776460567155
                },
                {
                    "x": 0.07526881720430108,
                    "y": 0.3684210526315789,
                    "p": 0.5548348170853594
                },
                {
                    "x": 0.07526881720430108,
                    "y": 0.4375,
                    "p": 0.5608156611320211
                },
                {
                    "x": 0.07526881720430108,
                    "y": 0.5,
                    "p": 0.5633208287258543
                },
                {
                    "x": 0.06451612903225806,
                    "y": 0.5,
                    "p": 0.5683883464073781
                },
                {
                    "x": 0.06451612903225806,
                    "y": 0.6,
                    "p": 0.5704414671365408
                },
                {
                    "x": 0.06451612903225806,
                    "y": 0.6666666666666666,
                    "p": 0.5717591374181524
                },
                {
                    "x": 0.06451612903225806,
                    "y": 0.75,
                    "p": 0.5759680467979379
                },
                {
                    "x": 0.053763440860215055,
                    "y": 0.8333333333333334,
                    "p": 0.5863426806755143
                },
                {
                    "x": 0.03225806451612903,
                    "y": 0.75,
                    "p": 0.5878144868808474
                },
                {
                    "x": 0.021505376344086023,
                    "y": 0.6666666666666666,
                    "p": 0.5941188190634764
                },
                {
                    "x": 0.021505376344086023,
                    "y": 1.0,
                    "p": 0.5943311465383552
                },
                {
                    "x": 0.010752688172043012,
                    "y": 1.0,
                    "p": 0.5969709687976138
                }
            ],
            "positiveRate": 0.36904761904761907
        }
    ],
    "densityData": {
        "Physical": {
            "actualIsThisClass": [
                9.261139140238471e-158,
                4.4431534280547877e-150,
                1.3650224623477083e-142,
                2.6854054899467953e-135,
                3.382996383180687e-128,
                2.7290706648684847e-121,
                1.4097743855843549e-114,
                4.663436168111047e-108,
                9.878341696382052e-102,
                1.3399347163449444e-95,
                1.1638709314700213e-89,
                6.473625791701556e-84,
                2.3057485806763453e-78,
                5.258936163243113e-73,
                7.680782052629644e-68,
                7.183474995601753e-63,
                4.302147909912735e-58,
                1.6499003760438586e-53,
                4.051835202936286e-49,
                6.371879602100187e-45,
                6.416603594061192e-41,
                4.137756704564276e-37,
                1.7086267751352292e-33,
                4.5180679751072215e-30,
                7.650380700244166e-27,
                8.295464634516029e-24,
                5.760108392477909e-21,
                2.5613085798382554e-18,
                7.293755789661411e-16,
                1.3302393750056417e-13,
                1.5540182346009925e-11,
                1.1631633778232981e-09,
                5.5807881075284174e-08,
                1.7180440384349976e-06,
                3.400047304986483e-05,
                0.00043426500389749824,
                0.0036097269189024625,
                0.01988424878455556,
                0.0754257884106696,
                0.21170142322480417,
                0.4847790588247704,
                0.9675792994555158,
                1.6786181641095377,
                2.5065133356508205,
                3.3900775210374743,
                4.543836622809005,
                6.145927430618207,
                7.791178167882513,
                8.784587404216635,
                8.927736062774672,
                8.5272779535702,
                7.993127139696926,
                7.622291278234049,
                7.312723110601773,
                6.62451500795937,
                5.399495566384931,
                3.97342577241793,
                2.707162065492711,
                1.7052032687904426,
                0.9527543272248128,
                0.4420460133532643,
                0.15842504205457153,
                0.0412075256792068,
                0.0074390263625619445,
                0.0009055917335438126,
                7.302273841833868e-05,
                3.856990463469239e-06,
                1.3249953868179622e-07,
                2.9466796447476325e-09,
                4.229087745711806e-11,
                3.9086248965889524e-13,
                2.322804553676293e-15,
                8.866419566441558e-18,
                2.172176307072109e-20,
                3.413557553851088e-23,
                3.439559844580562e-26,
                2.2214997606043413e-29,
                9.194655573417838e-33,
                2.4383354020036636e-36,
                4.142493249708971e-40,
                4.508126989166874e-44,
                3.1424080127082654e-48,
                1.4029275450058558e-52,
                4.011385210632709e-57,
                7.345558385391038e-62,
                8.614200673446708e-67,
                6.469280645841041e-72,
                3.1112938021070835e-77,
                9.582191737499185e-83,
                1.8898332410809385e-88,
                2.3867879199248086e-94,
                1.9303388035576868e-100,
                9.997255786652493e-107,
                3.3155396971526363e-113,
                7.041298573965426e-120,
                9.575811115325424e-127,
                8.339154827230165e-134,
                4.6504146444851735e-141,
                1.660672992910595e-148,
                3.797511430392929e-156
            ],
            "actualIsNotThisClass": [
                2.4349090873444138e-112,
                7.625073492773279e-107,
                1.7324837154218024e-101,
                2.8560577968846943e-96,
                3.416229826735275e-91,
                2.9649661150687357e-86,
                1.867222560556522e-81,
                8.532733271432986e-77,
                2.829495586779995e-72,
                6.808834672941863e-68,
                1.1890356732563794e-63,
                1.506926796327626e-59,
                1.3860634695095573e-55,
                9.253121040585794e-52,
                4.483635921382603e-48,
                1.5770121503911097e-44,
                4.026534620789972e-41,
                7.463678631537385e-38,
                1.0044731131724645e-34,
                9.815969999106241e-32,
                6.966136653177726e-29,
                3.590708187619468e-26,
                1.3445513725344502e-23,
                3.658323058850138e-21,
                7.234622176081088e-19,
                1.0402332073951634e-16,
                1.08796972262364e-14,
                8.2815669922908e-13,
                4.5910945588667486e-11,
                1.8552396514732442e-09,
                5.4704707550174046e-08,
                1.1785713784037774e-06,
                1.858146562603955e-05,
                0.00021479282349080015,
                0.0018245329511626248,
                0.011419118427467213,
                0.0528276635824424,
                0.18140489619686026,
                0.46526890034477053,
                0.9016866622522862,
                1.3557181977966344,
                1.6875102356413596,
                1.987567327105773,
                2.561454890518345,
                3.593636184544813,
                4.922941893566143,
                6.212248970138483,
                7.211162237070722,
                7.804075823365262,
                8.006431228006802,
                8.006600323833656,
                8.019216217577378,
                7.997377236104659,
                7.6208322372542145,
                6.653178955940786,
                5.2125072894200954,
                3.6424422469165694,
                2.2624433574636087,
                1.2648478782823107,
                0.6742714257367789,
                0.3657075676881838,
                0.19353801801424173,
                0.08812175481791215,
                0.03132808571548808,
                0.008306676889139093,
                0.0016138149260899834,
                0.00022824914266242788,
                2.3447007476302998e-05,
                1.747939948976726e-06,
                9.45355806177748e-08,
                3.708907267145034e-09,
                1.0555067367154754e-10,
                2.1788831299121316e-12,
                3.262588969027212e-14,
                3.5436057906446456e-16,
                2.7917898452712246e-18,
                1.5954169494698425e-20,
                6.613323870079012e-23,
                1.988471981795172e-25,
                4.336838485100158e-28,
                6.860900259558018e-31,
                7.873050694527869e-34,
                6.553285277303245e-37,
                3.9566641156644736e-40,
                1.732819706589293e-43,
                5.504674662656995e-47,
                1.268422737042185e-50,
                2.1200712868698534e-54,
                2.5703424808300277e-58,
                2.2604016086538187e-62,
                1.441897222668395e-66,
                6.671708868087276e-71,
                2.2392055003936224e-75,
                5.451360482604233e-80,
                9.626533685496988e-85,
                1.2330737487467342e-89,
                1.1456771545875555e-94,
                7.72128420236124e-100,
                3.774599751837851e-105,
                1.338462968036751e-110
            ],
            "actualIsThisClassMedian": 0.5037414575269763,
            "actualIsNotThisClassMedian": 0.5021398685971474
        },
        "Digital": {
            "actualIsThisClass": [
                1.338462968036599e-110,
                3.774599751837743e-105,
                7.72128420236124e-100,
                1.1456771545874252e-94,
                1.233073748746629e-89,
                9.626533685496988e-85,
                5.4513604826039225e-80,
                2.2392055003936224e-75,
                6.671708868086897e-71,
                1.441897222668436e-66,
                2.2604016086538187e-62,
                2.5703424808298816e-58,
                2.1200712868698534e-54,
                1.2684227370421128e-50,
                5.504674662656995e-47,
                1.73281970658917e-43,
                3.956664115664361e-40,
                6.553285277303339e-37,
                7.873050694527533e-34,
                6.860900259558115e-31,
                4.336838485100003e-28,
                1.9884719817951438e-25,
                6.61332387007873e-23,
                1.5954169494698425e-20,
                2.7917898452712246e-18,
                3.543605790644545e-16,
                3.262588969027212e-14,
                2.178883129912093e-12,
                1.0555067367154717e-10,
                3.708907267145034e-09,
                9.453558061777312e-08,
                1.747939948976726e-06,
                2.3447007476302666e-05,
                0.00022824914266242707,
                0.0016138149260899633,
                0.008306676889139077,
                0.03132808571548806,
                0.08812175481791183,
                0.19353801801424225,
                0.3657075676881838,
                0.6742714257367826,
                1.2648478782823118,
                2.262443357463611,
                3.6424422469165822,
                5.212507289420101,
                6.653178955940821,
                7.6208322372542145,
                7.997377236104666,
                8.019216217577378,
                8.006600323833656,
                8.006431228006816,
                7.804075823365248,
                7.21116223707071,
                6.2122489701385,
                4.922941893566126,
                3.593636184544816,
                2.5614548905183363,
                1.987567327105773,
                1.687510235641358,
                1.3557181977966308,
                0.9016866622522862,
                0.4652689003447676,
                0.18140489619686,
                0.05282766358244186,
                0.011419118427467082,
                0.0018245329511626248,
                0.00021479282349079636,
                1.8581465626039418e-05,
                1.178571378403748e-06,
                5.4704707550173074e-08,
                1.8552396514731915e-09,
                4.591094558866586e-11,
                8.281566992290683e-13,
                1.0879697226236013e-14,
                1.0402332073951486e-16,
                7.2346221760807795e-19,
                3.6583230588500336e-21,
                1.3445513725344408e-23,
                3.5907081876192893e-26,
                6.966136653177528e-29,
                9.815969999105544e-32,
                1.0044731131724359e-34,
                7.463678631536643e-38,
                4.0265346207898006e-41,
                1.577012150391132e-44,
                4.483635921382284e-48,
                9.2531210405854e-52,
                1.3860634695094195e-55,
                1.5069267963274973e-59,
                1.1890356732562105e-63,
                6.808834672941283e-68,
                2.829495586779754e-72,
                8.532733271431774e-77,
                1.867222560556416e-81,
                2.9649661150683985e-86,
                3.416229826735178e-91,
                2.856057796884613e-96,
                1.7324837154216057e-101,
                7.625073492773063e-107,
                2.4349090873444138e-112
            ],
            "actualIsNotThisClass": [
                3.7975114303920654e-156,
                1.660672992910595e-148,
                4.650414644484909e-141,
                8.339154827229691e-134,
                9.57581111532488e-127,
                7.041298573965826e-120,
                3.3155396971524476e-113,
                9.997255786652493e-107,
                1.930338803557522e-100,
                2.3867879199247407e-94,
                1.889833241081046e-88,
                9.582191737498913e-83,
                3.1112938021071718e-77,
                6.469280645840673e-72,
                8.614200673446708e-67,
                7.34555838539062e-62,
                4.011385210632709e-57,
                1.4029275450059355e-52,
                3.142408012708176e-48,
                4.508126989166874e-44,
                4.142493249708971e-40,
                2.4383354020036636e-36,
                9.194655573417315e-33,
                2.221499760604373e-29,
                3.43955984458066e-26,
                3.4135575538510396e-23,
                2.1721763070721398e-20,
                8.866419566441495e-18,
                2.322804553676326e-15,
                3.9086248965890357e-13,
                4.229087745711761e-11,
                2.9466796447476954e-09,
                1.324995386817955e-07,
                3.856990463469294e-06,
                7.302273841833815e-05,
                0.0009055917335438206,
                0.007439026362561997,
                0.0412075256792068,
                0.15842504205457258,
                0.4420460133532647,
                0.952754327224817,
                1.7052032687904426,
                2.7071620654927133,
                3.973425772417937,
                5.3994955663849264,
                6.624515007959358,
                7.312723110601766,
                7.622291278234043,
                7.9931271396969334,
                8.5272779535702,
                8.927736062774688,
                8.784587404216605,
                7.7911781678824985,
                6.145927430618197,
                4.543836622808985,
                3.3900775210374743,
                2.5065133356508205,
                1.6786181641095377,
                0.9675792994555149,
                0.48477905882476696,
                0.21170142322480398,
                0.07542578841066899,
                0.019884248784555632,
                0.0036097269189024404,
                0.0004342650038974944,
                3.400047304986483e-05,
                1.718044038434967e-06,
                5.5807881075284174e-08,
                1.1631633778232567e-09,
                1.554018234600976e-11,
                1.3302393750055993e-13,
                7.293755789661101e-16,
                2.5613085798382554e-18,
                5.760108392477663e-21,
                8.295464634515969e-24,
                7.650380700243732e-27,
                4.518067975106964e-30,
                1.7086267751352292e-33,
                4.137756704564159e-37,
                6.416603594061009e-41,
                6.371879602099643e-45,
                4.051835202936286e-49,
                1.6499003760437179e-53,
                4.30214790991249e-58,
                7.183474995601549e-63,
                7.680782052628771e-68,
                5.2589361632429633e-73,
                2.305748580676083e-78,
                6.473625791701556e-84,
                1.1638709314697899e-89,
                1.3399347163448682e-95,
                9.87834169638149e-102,
                4.663436168110517e-108,
                1.4097743855842747e-114,
                2.7290706648681747e-121,
                3.3829963831804945e-128,
                2.685405489946643e-135,
                1.3650224623475532e-142,
                4.4431534280545353e-150,
                9.261139140238471e-158
            ],
            "actualIsThisClassMedian": 0.4978601314028526,
            "actualIsNotThisClassMedian": 0.49625854247302364
        }
    },
    "calibrationData": [
        {
            "y": 0,
            "x": 0,
            "n": 0
        },
        {
            "y": 1.0,
            "x": 0.3998432438928187,
            "n": 1.0
        },
        {
            "y": 0.3582089552238806,
            "x": 0.46580091873209395,
            "n": 134.0
        },
        {
            "y": 0.37606837606837606,
            "x": 0.5314597057832812,
            "n": 117.0
        },
        {
            "y": 1,
            "x": 1,
            "n": 0
        }
    ],
    "probaDistribData": {
        "bins": [
            0.0,
            0.1,
            0.2,
            0.3,
            0.4,
            0.5,
            0.6,
            0.7,
            0.8,
            0.9,
            1.0
        ],
        "probaDistribs": [
            [
                0.0,
                0.0,
                0.0,
                0.0,
                86.0,
                73.0,
                0.0,
                0.0,
                0.0,
                0.0
            ],
            [
                0.0,
                0.0,
                0.0,
                1.0,
                48.0,
                44.0,
                0.0,
                0.0,
                0.0,
                0.0
            ]
        ]
    },
    "globalMetrics": {
        "testWeight": 252,
        "targetAvg": [
            0.36904761904761907
        ],
        "targetStd": [
            0.48350715510541586
        ],
        "predictionAvg": [
            0.9761904761904762
        ],
        "predictionStd": [
            0.15245533898649638
        ]
    }
}