{
    "predictedClassCountPerCut": [
        {
            "Digital": 252
        },
        {
            "Digital": 252
        },
        {
            "Digital": 252
        },
        {
            "Digital": 252
        },
        {
            "Digital": 252
        },
        {
            "Digital": 252
        },
        {
            "Digital": 252
        },
        {
            "Digital": 252
        },
        {
            "Digital": 252
        },
        {
            "Digital": 252
        },
        {
            "Digital": 252
        },
        {
            "Digital": 252
        },
        {
            "Digital": 252
        },
        {
            "Digital": 252
        },
        {
            "Digital": 252
        },
        {
            "Digital": 252
        },
        {
            "Digital": 251,
            "Physical": 1
        },
        {
            "Digital": 246,
            "Physical": 6
        },
        {
            "Digital": 221,
            "Physical": 31
        },
        {
            "Digital": 169,
            "Physical": 83
        },
        {
            "Physical": 135,
            "Digital": 117
        },
        {
            "Physical": 193,
            "Digital": 59
        },
        {
            "Physical": 229,
            "Digital": 23
        },
        {
            "Physical": 244,
            "Digital": 8
        },
        {
            "Physical": 252
        },
        {
            "Physical": 252
        },
        {
            "Physical": 252
        },
        {
            "Physical": 252
        },
        {
            "Physical": 252
        },
        {
            "Physical": 252
        },
        {
            "Physical": 252
        },
        {
            "Physical": 252
        },
        {
            "Physical": 252
        },
        {
            "Physical": 252
        },
        {
            "Physical": 252
        },
        {
            "Physical": 252
        },
        {
            "Physical": 252
        },
        {
            "Physical": 252
        },
        {
            "Physical": 252
        },
        {
            "Physical": 252
        }
    ],
    "cuts": [
        0.0,
        0.025,
        0.05,
        0.075,
        0.1,
        0.125,
        0.15,
        0.175,
        0.2,
        0.225,
        0.25,
        0.275,
        0.3,
        0.325,
        0.35,
        0.375,
        0.4,
        0.425,
        0.45,
        0.475,
        0.5,
        0.525,
        0.55,
        0.575,
        0.6,
        0.625,
        0.65,
        0.675,
        0.7,
        0.725,
        0.75,
        0.775,
        0.8,
        0.825,
        0.85,
        0.875,
        0.9,
        0.925,
        0.95,
        0.975
    ],
    "predictedClassCount": {
        "Digital": 246,
        "Physical": 6
    },
    "probabilityDensities": {
        "Physical": {
            "density": [
                1.281551603041283e-178,
                7.347810547762873e-170,
                2.525727178105958e-161,
                5.205141645016608e-153,
                6.431448801746486e-145,
                4.764633332049913e-137,
                2.1164634103805558e-129,
                5.637298986625309e-122,
                9.003912930609066e-115,
                8.624125780817026e-108,
                4.9539226609329095e-101,
                1.706726487517835e-94,
                3.526900864472461e-88,
                4.3719528991591425e-82,
                3.251273621982313e-76,
                1.450692593287899e-70,
                3.8841376626531e-65,
                6.241236846539435e-60,
                6.019625017683092e-55,
                3.485488907256963e-50,
                1.2118073705093813e-45,
                2.5302715685681475e-41,
                3.1736644463447833e-37,
                2.3917813762454384e-33,
                1.0833429441181647e-29,
                2.950022895032468e-26,
                4.8311235849464767e-23,
                4.759993638935443e-20,
                2.822968317719634e-17,
                1.0083298761041082e-14,
                2.1708311328622215e-12,
                2.819795401805242e-10,
                2.2130263333621418e-08,
                1.0514634031392729e-06,
                3.0330472621756634e-05,
                0.0005333995526824326,
                0.005754728180319541,
                0.03846266117887921,
                0.1619217119068813,
                0.44307829351022016,
                0.8403366587125687,
                1.2480546386024702,
                1.7095013366860023,
                2.3844311983508013,
                3.361193048035081,
                4.659870325428894,
                6.232867268196411,
                7.737183146237367,
                8.615340087299778,
                8.691365879583023,
                8.31243235188936,
                7.951223725670016,
                7.833645503433864,
                7.640122945849378,
                6.814534176329974,
                5.364090494972449,
                3.7829819928263304,
                2.42179548277492,
                1.4144527380488516,
                0.7681443555281633,
                0.374628007291191,
                0.14494314159333654,
                0.039310263821538426,
                0.00694384923674196,
                0.0007702407758152956,
                5.268645309291304e-05,
                2.200985473306921e-06,
                5.58417285863378e-08,
                8.574745156285493e-10,
                7.950788570686041e-12,
                4.44458354493347e-14,
                1.4961521099504723e-16,
                3.0301147875865866e-19,
                3.689615238315648e-22,
                2.699624956879485e-25,
                1.1864083500287455e-28,
                3.130525798544986e-32,
                4.958211220689473e-36,
                4.712512671931652e-40,
                2.6872834225163387e-44,
                9.192564516150915e-49,
                1.8860946467830029e-53,
                2.3208413552351653e-58,
                1.7125477346818e-63,
                7.577435869310491e-69,
                2.0102824953875452e-74,
                3.1976050211313256e-80,
                3.0493485012897482e-86,
                1.7433664851133394e-92,
                5.975266279677819e-99,
                1.2277290685886313e-105,
                1.5122239161070206e-112,
                1.1165830694291356e-119,
                4.9422153383536165e-127,
                1.3113037730272603e-134,
                2.0856054030040937e-142,
                1.9884057573839766e-150,
                1.1363688765498287e-158,
                3.8928975572729306e-167,
                7.994001079559274e-176
            ],
            "median": 0.5029747221364678
        },
        "Digital": {
            "density": [
                7.994001079557456e-176,
                3.892897557272709e-167,
                1.1363688765498287e-158,
                1.9884057573834114e-150,
                2.085605403003738e-142,
                1.3113037730272603e-134,
                4.942215338353055e-127,
                1.1165830694290722e-119,
                1.5122239161069345e-112,
                1.2277290685885964e-105,
                5.975266279677989e-99,
                1.7433664851132403e-92,
                3.0493485012897482e-86,
                3.197605021131144e-80,
                2.0102824953875452e-74,
                7.577435869309629e-69,
                1.7125477346817514e-63,
                2.3208413552351653e-58,
                1.8860946467828958e-53,
                9.192564516150915e-49,
                2.687283422516148e-44,
                4.712512671931652e-40,
                4.958211220689191e-36,
                3.130525798544986e-32,
                1.1864083500287455e-28,
                2.69962495687937e-25,
                3.689615238315648e-22,
                3.0301147875864575e-19,
                1.4961521099504723e-16,
                4.444583544933517e-14,
                7.950788570685844e-12,
                8.574745156285493e-10,
                5.584172858633681e-08,
                2.2009854733069367e-06,
                5.2686453092912293e-05,
                0.0007702407758152983,
                0.006943849236741978,
                0.039310263821538335,
                0.14494314159333738,
                0.37462800729119133,
                0.7681443555281674,
                1.4144527380488527,
                2.4217954827749266,
                3.7829819928263237,
                5.364090494972439,
                6.814534176329937,
                7.640122945849365,
                7.833645503433877,
                7.951223725670073,
                8.312432351889404,
                8.691365879583053,
                8.615340087299824,
                7.737183146237367,
                6.232867268196411,
                4.659870325428877,
                3.361193048035069,
                2.384431198350793,
                1.7095013366859948,
                1.248054638602467,
                0.8403366587125679,
                0.44307829351022016,
                0.16192171190687984,
                0.03846266117887904,
                0.005754728180319444,
                0.0005333995526824204,
                3.0330472621756312e-05,
                1.0514634031392468e-06,
                2.213026333362118e-08,
                2.819795401805122e-10,
                2.1708311328621673e-12,
                1.008329876104051e-14,
                2.822968317719493e-17,
                4.7599936389353074e-20,
                4.8311235849461675e-23,
                2.950022895032384e-26,
                1.0833429441180724e-29,
                2.3917813762453364e-33,
                3.173664446344738e-37,
                2.530271568567932e-41,
                1.2118073705093296e-45,
                3.4854889072566163e-50,
                6.01962501768275e-55,
                6.241236846538549e-60,
                3.884137662652879e-65,
                1.450692593287899e-70,
                3.251273621981758e-76,
                4.371952899158894e-82,
                3.526900864471759e-88,
                1.7067264875177382e-94,
                4.953922660932205e-101,
                8.624125780815555e-108,
                9.003912930608554e-115,
                5.637298986624348e-122,
                2.116463410380315e-129,
                4.7646333320491005e-137,
                6.43144880174612e-145,
                5.205141645016608e-153,
                2.5257271781055274e-161,
                7.347810547762455e-170,
                1.2815516030413558e-178
            ],
            "median": 0.49702527786353223
        }
    }
}