{
  "starred": false,
  "clusterMetas": {},
  "sessionName": "model1",
  "customMeta": {
    "kv": {}
  },
  "tags": [],
  "activeClassifierThreshold": 0.425,
  "description": "",
  "name": "Logistic Regression (model1)",
  "labels": [
    {
      "key": "trainDataset:dataset-name",
      "value": "legov1"
    },
    {
      "key": "testDataset:dataset-name",
      "value": "legov1"
    },
    {
      "key": "evaluationDataset:dataset-name",
      "value": "legov1"
    },
    {
      "key": "model:algorithm",
      "value": "LOGISTIC_REGRESSION"
    },
    {
      "key": "model:name",
      "value": "Logistic Regression (model1)"
    },
    {
      "key": "model:session-name",
      "value": "model1"
    },
    {
      "key": "model:date",
      "value": "2025-04-14T06:43:07.679+0000"
    },
    {
      "key": "evaluation:date",
      "value": "2025-04-14T06:43:07.679+0000"
    }
  ]
}