{
  "tags": {
    "ANALYSIS.37mlSneD": {
      "versionNumber": 0,
      "lastModifiedBy": {
        "login": "fs675@live.mdx.ac.uk"
      },
      "lastModifiedOn": 1745594778697
    },
    "ANALYSIS.7xmEIQBe": {
      "versionNumber": 0,
      "lastModifiedBy": {
        "login": "fs675@live.mdx.ac.uk"
      },
      "lastModifiedOn": 1744538213588
    },
    "ANALYSIS.9RxzWIJ5": {
      "versionNumber": 0,
      "lastModifiedBy": {
        "login": "fs675@live.mdx.ac.uk"
      },
      "lastModifiedOn": 1745605461856
    },
    "ANALYSIS.BU0JTDDY": {
      "versionNumber": 0,
      "lastModifiedBy": {
        "login": "fs675@live.mdx.ac.uk"
      },
      "lastModifiedOn": 1744961621674
    },
    "ANALYSIS.BjTGM3rO": {
      "versionNumber": 0,
      "lastModifiedBy": {
        "login": "fs675@live.mdx.ac.uk"
      },
      "lastModifiedOn": 1744529764092
    },
    "ANALYSIS.DRBno3Wh": {
      "versionNumber": 1,
      "lastModifiedBy": {
        "login": "fs675@live.mdx.ac.uk"
      },
      "lastModifiedOn": 1745136264303
    },
    "ANALYSIS.MbTMYoQM": {
      "versionNumber": 0,
      "lastModifiedBy": {
        "login": "fs675@live.mdx.ac.uk"
      },
      "lastModifiedOn": 1745590615903
    },
    "ANALYSIS.UYKFwq8N": {
      "versionNumber": 0,
      "lastModifiedBy": {
        "login": "fs675@live.mdx.ac.uk"
      },
      "lastModifiedOn": 1745674380079
    },
    "ANALYSIS.VxWXmmme": {
      "versionNumber": 0,
      "lastModifiedBy": {
        "login": "fs675@live.mdx.ac.uk"
      },
      "lastModifiedOn": 1744822579744
    },
    "ANALYSIS.YUrzU6Xf": {
      "versionNumber": 0,
      "lastModifiedBy": {
        "login": "fs675@live.mdx.ac.uk"
      },
      "lastModifiedOn": 1745594424536
    },
    "ANALYSIS.qY85pOHj": {
      "versionNumber": 0,
      "lastModifiedBy": {
        "login": "fs675@live.mdx.ac.uk"
      },
      "lastModifiedOn": 1745136285383
    },
    "ANALYSIS.w8q0NIoB": {
      "versionNumber": 0,
      "lastModifiedBy": {
        "login": "fs675@live.mdx.ac.uk"
      },
      "lastModifiedOn": 1745136382261
    },
    "ANALYSIS.x9w3Q1tC": {
      "versionNumber": 0,
      "lastModifiedBy": {
        "login": "fs675@live.mdx.ac.uk"
      },
      "lastModifiedOn": 1745605943383
    },
    "DASHBOARD.Y5hLBHT": {
      "versionNumber": 0,
      "lastModifiedBy": {
        "login": "fs675@live.mdx.ac.uk"
      },
      "lastModifiedOn": 1744089890560
    },
    "DATASET.prepared_for_Followers": {
      "versionNumber": 1,
      "lastModifiedBy": {
        "login": "fs675@live.mdx.ac.uk"
      },
      "lastModifiedOn": 1745136191719
    },
    "DATASET.test": {
      "versionNumber": 1,
      "lastModifiedBy": {
        "login": "fs675@live.mdx.ac.uk"
      },
      "lastModifiedOn": 1745674326598
    },
    "DATASET.test1": {
      "versionNumber": 1,
      "lastModifiedBy": {
        "login": "fs675@live.mdx.ac.uk"
      },
      "lastModifiedOn": 1745136342638
    },
    "DATASET.train": {
      "versionNumber": 1,
      "lastModifiedBy": {
        "login": "fs675@live.mdx.ac.uk"
      },
      "lastModifiedOn": 1745674326614
    },
    "DATASET.train1": {
      "versionNumber": 1,
      "lastModifiedBy": {
        "login": "fs675@live.mdx.ac.uk"
      },
      "lastModifiedOn": 1745136342621
    },
    "DATASET.twitter_dataset": {
      "versionNumber": 10,
      "lastModifiedBy": {
        "login": "fs675@live.mdx.ac.uk"
      },
      "lastModifiedOn": 1745592018138
    },
    "DATASET.twitter_fraud_profiles_dataset": {
      "versionNumber": 6,
      "lastModifiedBy": {
        "login": "fs675@live.mdx.ac.uk"
      },
      "lastModifiedOn": 1744529464592
    },
    "DATASET.twitter_prepared": {
      "versionNumber": 1,
      "lastModifiedBy": {
        "login": "fs675@live.mdx.ac.uk"
      },
      "lastModifiedOn": 1745136191719
    },
    "DATASET.twitter_prepared_fraud": {
      "versionNumber": 1,
      "lastModifiedBy": {
        "login": "fs675@live.mdx.ac.uk"
      },
      "lastModifiedOn": 1745593893969
    },
    "PROJECT.TWITTTER": {
      "versionNumber": 0,
      "lastModifiedBy": {
        "login": "api:zmzhcqIk7wpOeUGz"
      },
      "lastModifiedOn": 1744092778082
    },
    "RECIPE.compute_twitter_prepared": {
      "versionNumber": 3,
      "lastModifiedBy": {
        "login": "fs675@live.mdx.ac.uk"
      },
      "lastModifiedOn": 1745136264306
    },
    "RECIPE.compute_twitter_prepared_fraud": {
      "versionNumber": 2,
      "lastModifiedBy": {
        "login": "fs675@live.mdx.ac.uk"
      },
      "lastModifiedOn": 1745593974675
    },
    "RECIPE.split_prepared_for_Followers": {
      "versionNumber": 1,
      "lastModifiedBy": {
        "login": "fs675@live.mdx.ac.uk"
      },
      "lastModifiedOn": 1745136342913
    },
    "RECIPE.split_twitter_dataset": {
      "versionNumber": 1,
      "lastModifiedBy": {
        "login": "fs675@live.mdx.ac.uk"
      },
      "lastModifiedOn": 1745674326863
    },
    "RECIPE.split_twitter_fraud_profiles_dataset": {
      "versionNumber": 2,
      "lastModifiedBy": {
        "login": "fs675@live.mdx.ac.uk"
      },
      "lastModifiedOn": 1745136264311
    },
    "RECIPE.split_twitter_prepared_fraud": {
      "versionNumber": 1,
      "lastModifiedBy": {
        "login": "fs675@live.mdx.ac.uk"
      },
      "lastModifiedOn": 1745594731576
    },
    "RECIPE.train_Predict_Fraud_Status__binary_": {
      "versionNumber": 0,
      "lastModifiedBy": {
        "login": "fs675@live.mdx.ac.uk"
      },
      "lastModifiedOn": 1745674490760
    },
    "RECIPE.train_Predict_has_10k_followers__binary_": {
      "versionNumber": 0,
      "lastModifiedBy": {
        "login": "fs675@live.mdx.ac.uk"
      },
      "lastModifiedOn": 1745136645200
    },
    "SAVED_MODEL.6aIFc7FG": {
      "versionNumber": 0,
      "lastModifiedBy": {
        "login": "fs675@live.mdx.ac.uk"
      },
      "lastModifiedOn": 1745136645190
    },
    "SAVED_MODEL.f9UGRXaj": {
      "versionNumber": 0,
      "lastModifiedBy": {
        "login": "fs675@live.mdx.ac.uk"
      },
      "lastModifiedOn": 1745674490751
    },
    "SAVED_MODEL.sN3CBXhp": {
      "versionNumber": 4,
      "lastModifiedBy": {
        "login": "fs675@live.mdx.ac.uk"
      },
      "lastModifiedOn": 1745591437314
    },
    "SAVED_MODEL.zHBd9iPa": {
      "versionNumber": 0,
      "lastModifiedBy": {
        "login": "fs675@live.mdx.ac.uk"
      },
      "lastModifiedOn": 1745605904690
    }
  }
}