{
    "per_feature": {
        "Years with Firm": {
            "stats": {
                "min": 0.0,
                "average": 5.128975265017668,
                "median": 5.0,
                "max": 10.0,
                "p99": 10.0,
                "std": 3.192243033546756
            },
            "missing_impute_with_value": 5.128975265017668
        },
        "Average Transactions per Month": {
            "stats": {
                "min": 1.02,
                "average": 764.3541427561838,
                "median": 9.98,
                "max": 114863.8691,
                "p99": 19.87,
                "std": 8956.881799852965
            },
            "missing_impute_with_value": 764.3541427561838
        },
        "rfm_category": {
            "stats": {}
        },
        "Credit Balance (AED)": {
            "stats": {
                "min": 0.0,
                "average": 502.35689045936397,
                "median": 502.0,
                "max": 999.0,
                "p99": 986.0,
                "std": 289.8699797273387
            },
            "missing_impute_with_value": 502.35689045936397
        },
        "Gender": {
            "stats": {
                "mostFrequentValue": "Male",
                "leastFrequentValue": "Female"
            },
            "category_possible_values": [
                "Male",
                "Female"
            ],
            "category_possible_counts": [
                288,
                278
            ]
        },
        "Active on Social Media": {
            "stats": {
                "mostFrequentValue": "true",
                "leastFrequentValue": "false"
            },
            "category_possible_values": [
                "true",
                "false"
            ],
            "category_possible_counts": [
                292,
                274
            ]
        },
        "RFM Score": {
            "stats": {
                "min": 1.0,
                "average": 2.46113074204947,
                "median": 2.0,
                "max": 5.0,
                "p99": 5.0,
                "std": 1.370126844024662
            },
            "missing_impute_with_value": 2.46113074204947
        },
        "Customer ID": {
            "stats": {}
        },
        "Profile Picture on Social Media": {
            "stats": {
                "mostFrequentValue": "true",
                "leastFrequentValue": "false"
            },
            "category_possible_values": [
                "true",
                "false"
            ],
            "category_possible_counts": [
                297,
                269
            ]
        },
        "Number of Referrals": {
            "stats": {
                "min": 0.0,
                "average": 4.892226148409894,
                "median": 5.0,
                "max": 10.0,
                "p99": 10.0,
                "std": 3.1663121104251286
            },
            "missing_impute_with_value": 4.892226148409894
        },
        "Payback Status": {
            "stats": {
                "mostFrequentValue": "Default",
                "leastFrequentValue": "5"
            },
            "category_possible_values": [
                "Default",
                "4",
                "8",
                "11",
                "7",
                "3",
                "10",
                "6",
                "12",
                "1",
                "9",
                "2",
                "5"
            ],
            "category_possible_counts": [
                240,
                42,
                36,
                32,
                30,
                28,
                27,
                25,
                23,
                22,
                21,
                21,
                19
            ]
        },
        "Customer Bio": {
            "stats": {}
        },
        "tag": {
            "stats": {
                "mostFrequentValue": "false",
                "leastFrequentValue": "true"
            },
            "category_possible_values": [
                "false",
                "true"
            ],
            "category_possible_counts": [
                399,
                167
            ]
        },
        "Customer Username": {
            "stats": {}
        },
        "Customer Name": {
            "stats": {}
        },
        "Age": {
            "stats": {
                "min": 17.0,
                "average": 40.35865724381625,
                "median": 41.0,
                "max": 64.0,
                "p99": 64.0,
                "std": 13.889844292755782
            },
            "missing_impute_with_value": 40.35865724381625
        }
    },
    "feature_order": [
        "Years with Firm",
        "Average Transactions per Month",
        "rfm_category",
        "Credit Balance (AED)",
        "Gender",
        "Active on Social Media",
        "RFM Score",
        "Customer ID",
        "Profile Picture on Social Media",
        "Number of Referrals",
        "Payback Status",
        "Customer Bio",
        "tag",
        "Customer Username",
        "Customer Name",
        "Age"
    ]
}