{
    "details": {
        "Gender": {
            "levels": [
                "Male",
                "Female"
            ],
            "with_others": true
        },
        "Active on Social Media": {
            "levels": [
                "true",
                "false"
            ],
            "with_others": true
        },
        "Profile Picture on Social Media": {
            "levels": [
                "true",
                "false"
            ],
            "with_others": true
        },
        "Payback Status": {
            "levels": [
                "Default",
                "4",
                "8",
                "11",
                "7",
                "3",
                "10",
                "6",
                "12",
                "1",
                "9",
                "2",
                "5"
            ],
            "with_others": true
        },
        "tag": {
            "levels": [
                "false",
                "true"
            ],
            "with_others": true
        }
    }
}