{
  "columns": [
    {"name":"respondent_id","type":"bigint"},
    {"name":"DOB","type":"string","meaning":"Text"},
    {"name":"Age","type":"bigint"},
    {"name":"gender","type":"string"},
    {"name":"country","type":"string"},
    {"name":"hours_playing","type":"bigint"},
    {"name":"platform_used","type":"string"},
    {"name":"income_bracket","type":"string"},
    {"name":"has_kids","type":"boolean"},
    {"name":"bio","type":"string"},
    {"name":"used_lego_before","type":"boolean"},
    {"name":"owns_tablet","type":"boolean"},
    {"name":"tech_savvy_score","type":"int","meaning":"DoubleMeaning"},
    {"name":"lego_preference","type":"string","meaning":"Text"},
    {"name":"salary","type":"double"},
    {"name":"entertainment_budget_pct","type":"bigint"},
    {"name":"grocery_trips_per_week","type":"bigint"}
  ],
  "userModified": true
}