{
    "details": {
        "Gender": {
            "levels": [
                "Male"
            ],
            "with_others": false
        },
        "Active on Social Media": {
            "levels": [
                "true"
            ],
            "with_others": false
        },
        "Profile Picture on Social Media": {
            "levels": [
                "true"
            ],
            "with_others": false
        },
        "Payback Status": {
            "levels": [
                "Default",
                "4",
                "8",
                "11",
                "7",
                "6",
                "12",
                "3",
                "10",
                "1",
                "9",
                "2"
            ],
            "with_others": false
        },
        "tag": {
            "levels": [
                "false"
            ],
            "with_others": false
        }
    }
}