{
  "type": "UploadedFiles",
  "managed": false,
  "featureGroup": false,
  "formatType": "csv",
  "checklists": {
    "checklists": []
  },
  "checks": [],
  "customMeta": {
    "kv": {}
  },
  "flowOptions": {
    "virtualizable": false,
    "rebuildBehavior": "NORMAL",
    "crossProjectBuildBehavior": "DEFAULT"
  },
  "readWriteOptions": {
    "preserveOrder": false,
    "writeBuckets": 1,
    "forceSingleOutputFile": false,
    "defaultReadOrdering": {
      "enabled": false,
      "rules": []
    }
  },
  "formatParams": {
    "style": "excel",
    "charset": "utf-8",
    "separator": ",",
    "quoteChar": "\"",
    "escapeChar": "\\",
    "maxRowChars": 100000000,
    "dateSerializationFormat": "ISO",
    "arrayMapFormat": "json",
    "hiveSeparators": [
      "\u0002",
      "\u0003",
      "\u0004",
      "\u0005",
      "\u0006",
      "\u0007",
      "\b"
    ],
    "skipRowsBeforeHeader": 0,
    "parseHeaderRow": true,
    "skipRowsAfterHeader": 0,
    "probableNumberOfRecords": 14,
    "normalizeBooleans": false,
    "normalizeDoubles": true,
    "readAdditionalColumnsBehavior": "INSERT_IN_DATA_WARNING",
    "readMissingColumnsBehavior": "DISCARD_SILENT",
    "readDataTypeMismatchBehavior": "DISCARD_WARNING",
    "writeDataTypeMismatchBehavior": "DISCARD_WARNING",
    "fileReadFailureBehavior": "FAIL",
    "compress": ""
  },
  "partitioning": {
    "ignoreNonMatchingFile": false,
    "considerMissingRequestedPartitionsAsEmpty": false,
    "dimensions": []
  },
  "creationTag": {
    "versionNumber": 0,
    "lastModifiedBy": {
      "login": "fs675@live.mdx.ac.uk"
    },
    "lastModifiedOn": 1744694182162
  },
  "tags": [],
  "params": {
    "uploadFSProviderType": "S3",
    "uploadedConfig": {
      "bucket": "gis-data-ap-northeast-1",
      "metastoreSynchronizationEnabled": true,
      "metastoreDatabaseName": "default",
      "metastoreTableName": "${projectKey}_Zing_Customer_Dataset2___Zing_Customer_Dataset2",
      "connection": "dataiku-managed-storage",
      "path": "/managed-dss-data/uploads/${projectKey}/Zing_Customer_Dataset2___Zing_Customer_Dataset2",
      "notReadyIfEmpty": false,
      "filesSelectionRules": {
        "mode": "ALL",
        "excludeRules": [],
        "includeRules": [],
        "explicitFiles": []
      },
      "variablesExpansionLoopConfig": {
        "enabled": false,
        "mode": "CREATE_VARIABLE_FOR_EACH_COLUMN",
        "replacements": []
      }
    },
    "connection": "dataiku-managed-storage",
    "notReadyIfEmpty": false,
    "filesSelectionRules": {
      "mode": "ALL",
      "excludeRules": [],
      "includeRules": [],
      "explicitFiles": []
    },
    "variablesExpansionLoopConfig": {
      "enabled": false,
      "mode": "CREATE_VARIABLE_FOR_EACH_COLUMN",
      "replacements": []
    }
  },
  "schema": {
    "columns": [
      {"name":"Customer ID","type":"string"},
      {"name":"Gender","type":"string"},
      {"name":"Age","type":"string"},
      {"name":"Years with Firm","type":"string"},
      {"name":"Active on Social Media","type":"string"},
      {"name":"Average Transactions per Month","type":"string"},
      {"name":"RFM Score","type":"string"},
      {"name":"Credit Balance (AED)","type":"string"},
      {"name":"Customer Bio","type":"string"},
      {"name":"Customer Name","type":"string"},
      {"name":"Customer Username","type":"string"},
      {"name":"Profile Picture on Social Media","type":"string"},
      {"name":"Number of Referrals","type":"string"},
      {"name":"Payback Status","type":"string"}
    ],
    "userModified": true
  },
  "typeSystemVersion": "V2",
  "dkuProperties": [],
  "metrics": {
    "probes": [
      {
        "type": "basic",
        "enabled": true,
        "computeOnBuildMode": "PARTITION",
        "meta": {
          "name": "Basic data",
          "level": 0
        },
        "configuration": {}
      },
      {
        "type": "records",
        "enabled": true,
        "computeOnBuildMode": "NO",
        "meta": {
          "name": "Record count",
          "level": 0
        },
        "configuration": {}
      }
    ],
    "engineConfig": {
      "padRunsWithMetrics": false,
      "hive": {
        "active": true,
        "extraConf": []
      },
      "basic": {},
      "dss": {
        "active": true,
        "selection": {
          "useMemTable": false,
          "filter": {
            "distinct": false,
            "enabled": false
          },
          "partitionSelectionMethod": "ALL",
          "latestPartitionsN": 1,
          "ordering": {
            "enabled": false,
            "rules": []
          },
          "samplingMethod": "FULL",
          "maxRecords": -1,
          "targetRatio": 0.02,
          "ascending": true,
          "withinFirstN": -1,
          "maxReadUncompressedBytes": -1
        }
      },
      "sql": {
        "active": true
      },
      "impala": {
        "active": true
      },
      "spark": {
        "active": true,
        "extraConf": []
      },
      "python": {}
    },
    "displayedState": {
      "columns": [],
      "metrics": [
        "basic:COUNT_COLUMNS",
        "basic:COUNT_FILES",
        "basic:SIZE",
        "records:COUNT_RECORDS"
      ]
    }
  },
  "metricsChecks": {
    "monitor": false,
    "checks": [],
    "displayedState": {
      "checks": []
    }
  },
  "customFields": {}
}