{
    "featuresDistribution": {
        "Following": {
            "type": "NUMERIC",
            "nbDistinct": 1620,
            "count": 2400,
            "missingCount": 0.0,
            "histogram": {
                "scale": [
                    50.0,
                    151.0,
                    252.0,
                    353.0,
                    454.0,
                    555.0,
                    656.0,
                    757.0,
                    858.0,
                    959.0,
                    1060.0,
                    1161.0,
                    1262.0,
                    1363.0,
                    1464.0,
                    1565.0,
                    1666.0,
                    1767.0,
                    1868.0,
                    1969.0,
                    2070.0,
                    2171.0,
                    2272.0,
                    2373.0,
                    2474.0,
                    2575.0,
                    2676.0,
                    2777.0,
                    2878.0,
                    2979.0,
                    3080.0,
                    3181.0,
                    3282.0,
                    3383.0,
                    3484.0,
                    3585.0,
                    3686.0,
                    3787.0,
                    3888.0,
                    3989.0,
                    4090.0,
                    4191.0,
                    4292.0,
                    4393.0,
                    4494.0,
                    4595.0,
                    4696.0,
                    4797.0,
                    4898.0,
                    4999.0
                ],
                "distribution": [
                    0.03625,
                    0.03833333333333333,
                    0.037083333333333336,
                    0.04041666666666666,
                    0.04041666666666666,
                    0.0425,
                    0.04041666666666666,
                    0.03875,
                    0.04625,
                    0.04,
                    0.045,
                    0.04791666666666667,
                    0.042083333333333334,
                    0.044583333333333336,
                    0.04541666666666667,
                    0.044583333333333336,
                    0.04666666666666667,
                    0.04625,
                    0.04041666666666666,
                    0.016666666666666666,
                    0.006666666666666667,
                    0.006666666666666667,
                    0.005416666666666667,
                    0.007083333333333333,
                    0.00875,
                    0.005416666666666667,
                    0.0075,
                    0.00375,
                    0.005,
                    0.005,
                    0.00625,
                    0.00625,
                    0.006666666666666667,
                    0.002916666666666667,
                    0.008333333333333333,
                    0.0033333333333333335,
                    0.006666666666666667,
                    0.005833333333333334,
                    0.004583333333333333,
                    0.00625,
                    0.0075,
                    0.007916666666666667,
                    0.005833333333333334,
                    0.005,
                    0.005416666666666667,
                    0.00625,
                    0.0075,
                    0.007083333333333333,
                    0.009166666666666667
                ]
            },
            "quantiles": {
                "scale": [
                    187.5,
                    452.0,
                    701.5,
                    941.5,
                    1167.75,
                    1398.75,
                    1624.5,
                    1841.78,
                    2659.0999999999995,
                    4180.82
                ],
                "distribution": [
                    0.09958333333333333,
                    0.1,
                    0.1,
                    0.09916666666666667,
                    0.10125,
                    0.09958333333333333,
                    0.09958333333333333,
                    0.10083333333333333,
                    0.1,
                    0.1
                ]
            },
            "topValues": [
                {
                    "value": 451.0,
                    "count": 6.0
                },
                {
                    "value": 1534.0,
                    "count": 6.0
                },
                {
                    "value": 1824.0,
                    "count": 6.0
                },
                {
                    "value": 140.0,
                    "count": 5.0
                },
                {
                    "value": 259.0,
                    "count": 5.0
                },
                {
                    "value": 639.0,
                    "count": 5.0
                },
                {
                    "value": 822.0,
                    "count": 5.0
                },
                {
                    "value": 1292.0,
                    "count": 5.0
                },
                {
                    "value": 1396.0,
                    "count": 5.0
                },
                {
                    "value": 102.0,
                    "count": 4.0
                },
                {
                    "value": 222.0,
                    "count": 4.0
                },
                {
                    "value": 241.0,
                    "count": 4.0
                },
                {
                    "value": 272.0,
                    "count": 4.0
                },
                {
                    "value": 333.0,
                    "count": 4.0
                },
                {
                    "value": 374.0,
                    "count": 4.0
                },
                {
                    "value": 422.0,
                    "count": 4.0
                },
                {
                    "value": 488.0,
                    "count": 4.0
                },
                {
                    "value": 584.0,
                    "count": 4.0
                },
                {
                    "value": 594.0,
                    "count": 4.0
                },
                {
                    "value": 717.0,
                    "count": 4.0
                },
                {
                    "value": 720.0,
                    "count": 4.0
                },
                {
                    "value": 746.0,
                    "count": 4.0
                },
                {
                    "value": 749.0,
                    "count": 4.0
                },
                {
                    "value": 875.0,
                    "count": 4.0
                },
                {
                    "value": 879.0,
                    "count": 4.0
                },
                {
                    "value": 1059.0,
                    "count": 4.0
                },
                {
                    "value": 1096.0,
                    "count": 4.0
                },
                {
                    "value": 1169.0,
                    "count": 4.0
                },
                {
                    "value": 1367.0,
                    "count": 4.0
                },
                {
                    "value": 1371.0,
                    "count": 4.0
                },
                {
                    "value": 1456.0,
                    "count": 4.0
                },
                {
                    "value": 1544.0,
                    "count": 4.0
                },
                {
                    "value": 1615.0,
                    "count": 4.0
                },
                {
                    "value": 1644.0,
                    "count": 4.0
                },
                {
                    "value": 1994.0,
                    "count": 4.0
                },
                {
                    "value": 60.0,
                    "count": 3.0
                },
                {
                    "value": 65.0,
                    "count": 3.0
                },
                {
                    "value": 96.0,
                    "count": 3.0
                },
                {
                    "value": 136.0,
                    "count": 3.0
                },
                {
                    "value": 147.0,
                    "count": 3.0
                },
                {
                    "value": 150.0,
                    "count": 3.0
                },
                {
                    "value": 219.0,
                    "count": 3.0
                },
                {
                    "value": 231.0,
                    "count": 3.0
                },
                {
                    "value": 234.0,
                    "count": 3.0
                },
                {
                    "value": 255.0,
                    "count": 3.0
                },
                {
                    "value": 258.0,
                    "count": 3.0
                },
                {
                    "value": 296.0,
                    "count": 3.0
                },
                {
                    "value": 328.0,
                    "count": 3.0
                },
                {
                    "value": 347.0,
                    "count": 3.0
                },
                {
                    "value": 393.0,
                    "count": 3.0
                }
            ]
        },
        "Followers": {
            "type": "NUMERIC",
            "nbDistinct": 2041,
            "count": 2400,
            "missingCount": 0.0,
            "histogram": {
                "scale": [
                    10.0,
                    2050.326530612245,
                    4090.6530612244896,
                    6130.9795918367345,
                    8171.306122448979,
                    10211.632653061224,
                    12251.959183673469,
                    14292.285714285714,
                    16332.612244897959,
                    18372.938775510203,
                    20413.26530612245,
                    22453.591836734693,
                    24493.918367346938,
                    26534.244897959183,
                    28574.571428571428,
                    30614.897959183672,
                    32655.224489795917,
                    34695.551020408166,
                    36735.87755102041,
                    38776.20408163265,
                    40816.5306122449,
                    42856.857142857145,
                    44897.183673469386,
                    46937.51020408163,
                    48977.836734693876,
                    51018.163265306124,
                    53058.489795918365,
                    55098.81632653061,
                    57139.142857142855,
                    59179.4693877551,
                    61219.795918367345,
                    63260.122448979586,
                    65300.448979591834,
                    67340.77551020408,
                    69381.10204081633,
                    71421.42857142857,
                    73461.75510204081,
                    75502.08163265306,
                    77542.4081632653,
                    79582.73469387754,
                    81623.0612244898,
                    83663.38775510204,
                    85703.71428571429,
                    87744.04081632652,
                    89784.36734693877,
                    91824.69387755102,
                    93865.02040816325,
                    95905.3469387755,
                    97945.67346938775,
                    99986.0
                ],
                "distribution": [
                    0.30375,
                    0.010833333333333334,
                    0.0125,
                    0.01625,
                    0.014583333333333334,
                    0.016666666666666666,
                    0.014583333333333334,
                    0.01625,
                    0.014583333333333334,
                    0.017083333333333332,
                    0.015,
                    0.016666666666666666,
                    0.017083333333333332,
                    0.014166666666666666,
                    0.015,
                    0.014166666666666666,
                    0.01375,
                    0.014166666666666666,
                    0.0125,
                    0.011666666666666667,
                    0.0125,
                    0.016666666666666666,
                    0.012083333333333333,
                    0.015833333333333335,
                    0.019583333333333335,
                    0.012916666666666667,
                    0.009583333333333333,
                    0.019166666666666665,
                    0.015416666666666667,
                    0.012916666666666667,
                    0.014583333333333334,
                    0.017083333333333332,
                    0.01625,
                    0.011666666666666667,
                    0.013333333333333334,
                    0.01125,
                    0.01125,
                    0.012916666666666667,
                    0.01625,
                    0.012916666666666667,
                    0.012916666666666667,
                    0.013333333333333334,
                    0.01625,
                    0.013333333333333334,
                    0.0175,
                    0.01625,
                    0.01625,
                    0.013333333333333334,
                    0.015416666666666667
                ]
            },
            "quantiles": {
                "scale": [
                    87.21,
                    254.93,
                    1057.2200000000037,
                    8729.200000000004,
                    22141.45,
                    36099.07,
                    50419.57000000001,
                    64205.75000000001,
                    78966.04,
                    93370.54
                ],
                "distribution": [
                    0.1,
                    0.1,
                    0.1,
                    0.1,
                    0.1,
                    0.1,
                    0.1,
                    0.1,
                    0.1,
                    0.1
                ]
            },
            "topValues": [
                {
                    "value": 80.0,
                    "count": 5.0
                },
                {
                    "value": 108.0,
                    "count": 5.0
                },
                {
                    "value": 414.0,
                    "count": 5.0
                },
                {
                    "value": 428.0,
                    "count": 5.0
                },
                {
                    "value": 471.0,
                    "count": 5.0
                },
                {
                    "value": 477.0,
                    "count": 5.0
                },
                {
                    "value": 14.0,
                    "count": 4.0
                },
                {
                    "value": 21.0,
                    "count": 4.0
                },
                {
                    "value": 43.0,
                    "count": 4.0
                },
                {
                    "value": 73.0,
                    "count": 4.0
                },
                {
                    "value": 89.0,
                    "count": 4.0
                },
                {
                    "value": 97.0,
                    "count": 4.0
                },
                {
                    "value": 132.0,
                    "count": 4.0
                },
                {
                    "value": 163.0,
                    "count": 4.0
                },
                {
                    "value": 198.0,
                    "count": 4.0
                },
                {
                    "value": 210.0,
                    "count": 4.0
                },
                {
                    "value": 215.0,
                    "count": 4.0
                },
                {
                    "value": 228.0,
                    "count": 4.0
                },
                {
                    "value": 231.0,
                    "count": 4.0
                },
                {
                    "value": 248.0,
                    "count": 4.0
                },
                {
                    "value": 366.0,
                    "count": 4.0
                },
                {
                    "value": 368.0,
                    "count": 4.0
                },
                {
                    "value": 381.0,
                    "count": 4.0
                },
                {
                    "value": 391.0,
                    "count": 4.0
                },
                {
                    "value": 394.0,
                    "count": 4.0
                },
                {
                    "value": 423.0,
                    "count": 4.0
                },
                {
                    "value": 430.0,
                    "count": 4.0
                },
                {
                    "value": 455.0,
                    "count": 4.0
                },
                {
                    "value": 479.0,
                    "count": 4.0
                },
                {
                    "value": 16.0,
                    "count": 3.0
                },
                {
                    "value": 20.0,
                    "count": 3.0
                },
                {
                    "value": 25.0,
                    "count": 3.0
                },
                {
                    "value": 32.0,
                    "count": 3.0
                },
                {
                    "value": 36.0,
                    "count": 3.0
                },
                {
                    "value": 39.0,
                    "count": 3.0
                },
                {
                    "value": 41.0,
                    "count": 3.0
                },
                {
                    "value": 49.0,
                    "count": 3.0
                },
                {
                    "value": 55.0,
                    "count": 3.0
                },
                {
                    "value": 56.0,
                    "count": 3.0
                },
                {
                    "value": 78.0,
                    "count": 3.0
                },
                {
                    "value": 92.0,
                    "count": 3.0
                },
                {
                    "value": 96.0,
                    "count": 3.0
                },
                {
                    "value": 103.0,
                    "count": 3.0
                },
                {
                    "value": 104.0,
                    "count": 3.0
                },
                {
                    "value": 105.0,
                    "count": 3.0
                },
                {
                    "value": 111.0,
                    "count": 3.0
                },
                {
                    "value": 112.0,
                    "count": 3.0
                },
                {
                    "value": 114.0,
                    "count": 3.0
                },
                {
                    "value": 118.0,
                    "count": 3.0
                },
                {
                    "value": 120.0,
                    "count": 3.0
                }
            ]
        },
        "Tweets_Per_Day": {
            "type": "NUMERIC",
            "nbDistinct": 2400,
            "count": 2400,
            "missingCount": 0.0,
            "histogram": {
                "scale": [
                    0.103801765,
                    1.1216688718367347,
                    2.1395359786734693,
                    3.1574030855102038,
                    4.175270192346939,
                    5.1931372991836735,
                    6.2110044060204075,
                    7.228871512857142,
                    8.246738619693877,
                    9.264605726530611,
                    10.282472833367347,
                    11.300339940204081,
                    12.318207047040815,
                    13.33607415387755,
                    14.353941260714285,
                    15.37180836755102,
                    16.389675474387754,
                    17.40754258122449,
                    18.425409688061222,
                    19.443276794897958,
                    20.461143901734694,
                    21.479011008571426,
                    22.496878115408162,
                    23.514745222244898,
                    24.53261232908163,
                    25.550479435918366,
                    26.5683465427551,
                    27.586213649591837,
                    28.60408075642857,
                    29.621947863265305,
                    30.63981497010204,
                    31.657682076938773,
                    32.67554918377551,
                    33.69341629061224,
                    34.71128339744898,
                    35.72915050428571,
                    36.747017611122445,
                    37.764884717959184,
                    38.782751824795916,
                    39.80061893163265,
                    40.81848603846939,
                    41.83635314530612,
                    42.85422025214285,
                    43.87208735897959,
                    44.889954465816324,
                    45.907821572653056,
                    46.925688679489795,
                    47.94355578632653,
                    48.96142289316326,
                    49.97929
                ],
                "distribution": [
                    0.13875,
                    0.15791666666666668,
                    0.14333333333333334,
                    0.15333333333333332,
                    0.11541666666666667,
                    0.005,
                    0.004583333333333333,
                    0.0075,
                    0.007083333333333333,
                    0.005,
                    0.005833333333333334,
                    0.006666666666666667,
                    0.00625,
                    0.007916666666666667,
                    0.005833333333333334,
                    0.0075,
                    0.007916666666666667,
                    0.00375,
                    0.010416666666666666,
                    0.00875,
                    0.006666666666666667,
                    0.007083333333333333,
                    0.00875,
                    0.005416666666666667,
                    0.007916666666666667,
                    0.00625,
                    0.0075,
                    0.00375,
                    0.007083333333333333,
                    0.005416666666666667,
                    0.007916666666666667,
                    0.008333333333333333,
                    0.008333333333333333,
                    0.005416666666666667,
                    0.00625,
                    0.00375,
                    0.005416666666666667,
                    0.005833333333333334,
                    0.005,
                    0.00625,
                    0.009166666666666667,
                    0.00625,
                    0.006666666666666667,
                    0.007916666666666667,
                    0.004166666666666667,
                    0.007083333333333333,
                    0.008333333333333333,
                    0.0075,
                    0.005833333333333334
                ]
            },
            "quantiles": {
                "scale": [
                    0.45930179649999997,
                    1.1644536300000001,
                    1.835881048,
                    2.50010611,
                    3.1991366279999998,
                    3.88662735,
                    4.5805462850000005,
                    12.206005184999999,
                    26.65761093999999,
                    41.91302853999999
                ],
                "distribution": [
                    0.1,
                    0.1,
                    0.1,
                    0.1,
                    0.1,
                    0.1,
                    0.1,
                    0.1,
                    0.1,
                    0.1
                ]
            },
            "topValues": [
                {
                    "value": 0.103801765,
                    "count": 1.0
                },
                {
                    "value": 0.106681466,
                    "count": 1.0
                },
                {
                    "value": 0.107515566,
                    "count": 1.0
                },
                {
                    "value": 0.10871025,
                    "count": 1.0
                },
                {
                    "value": 0.11090961,
                    "count": 1.0
                },
                {
                    "value": 0.11768359,
                    "count": 1.0
                },
                {
                    "value": 0.118379176,
                    "count": 1.0
                },
                {
                    "value": 0.12219808,
                    "count": 1.0
                },
                {
                    "value": 0.12402267,
                    "count": 1.0
                },
                {
                    "value": 0.13225913,
                    "count": 1.0
                },
                {
                    "value": 0.13289605,
                    "count": 1.0
                },
                {
                    "value": 0.13426603,
                    "count": 1.0
                },
                {
                    "value": 0.14244713,
                    "count": 1.0
                },
                {
                    "value": 0.14647046,
                    "count": 1.0
                },
                {
                    "value": 0.14804806,
                    "count": 1.0
                },
                {
                    "value": 0.15028742,
                    "count": 1.0
                },
                {
                    "value": 0.15127622,
                    "count": 1.0
                },
                {
                    "value": 0.15279576,
                    "count": 1.0
                },
                {
                    "value": 0.15847878,
                    "count": 1.0
                },
                {
                    "value": 0.15866461,
                    "count": 1.0
                },
                {
                    "value": 0.16303803,
                    "count": 1.0
                },
                {
                    "value": 0.16604593,
                    "count": 1.0
                },
                {
                    "value": 0.17325762,
                    "count": 1.0
                },
                {
                    "value": 0.17728533,
                    "count": 1.0
                },
                {
                    "value": 0.17808443,
                    "count": 1.0
                },
                {
                    "value": 0.18171398,
                    "count": 1.0
                },
                {
                    "value": 0.18649946,
                    "count": 1.0
                },
                {
                    "value": 0.18897629,
                    "count": 1.0
                },
                {
                    "value": 0.19136807,
                    "count": 1.0
                },
                {
                    "value": 0.19153696,
                    "count": 1.0
                },
                {
                    "value": 0.19283214,
                    "count": 1.0
                },
                {
                    "value": 0.19499208,
                    "count": 1.0
                },
                {
                    "value": 0.19740753,
                    "count": 1.0
                },
                {
                    "value": 0.20203543,
                    "count": 1.0
                },
                {
                    "value": 0.20672664,
                    "count": 1.0
                },
                {
                    "value": 0.2103842,
                    "count": 1.0
                },
                {
                    "value": 0.21649791,
                    "count": 1.0
                },
                {
                    "value": 0.21688251,
                    "count": 1.0
                },
                {
                    "value": 0.22739168,
                    "count": 1.0
                },
                {
                    "value": 0.2311349,
                    "count": 1.0
                },
                {
                    "value": 0.23671633,
                    "count": 1.0
                },
                {
                    "value": 0.23885286,
                    "count": 1.0
                },
                {
                    "value": 0.24101374,
                    "count": 1.0
                },
                {
                    "value": 0.24162546,
                    "count": 1.0
                },
                {
                    "value": 0.24237323,
                    "count": 1.0
                },
                {
                    "value": 0.24947713,
                    "count": 1.0
                },
                {
                    "value": 0.25007543,
                    "count": 1.0
                },
                {
                    "value": 0.25361845,
                    "count": 1.0
                },
                {
                    "value": 0.25467423,
                    "count": 1.0
                },
                {
                    "value": 0.25715953,
                    "count": 1.0
                }
            ]
        },
        "Engagement_Rate": {
            "type": "NUMERIC",
            "nbDistinct": 2400,
            "count": 2400,
            "missingCount": 0.0,
            "histogram": {
                "scale": [
                    0.010029133997692242,
                    0.020021149240607265,
                    0.030013164483522287,
                    0.04000517972643731,
                    0.04999719496935233,
                    0.05998921021226735,
                    0.06998122545518237,
                    0.0799732406980974,
                    0.08996525594101241,
                    0.09995727118392743,
                    0.10994928642684246,
                    0.11994130166975749,
                    0.1299333169126725,
                    0.1399253321555875,
                    0.14991734739850254,
                    0.15990936264141756,
                    0.16990137788433257,
                    0.1798933931272476,
                    0.1898854083701626,
                    0.19987742361307764,
                    0.20986943885599266,
                    0.21986145409890767,
                    0.2298534693418227,
                    0.23984548458473773,
                    0.24983749982765274,
                    0.2598295150705678,
                    0.26982153031348277,
                    0.2798135455563978,
                    0.28980556079931286,
                    0.29979757604222784,
                    0.3097895912851429,
                    0.31978160652805787,
                    0.3297736217709729,
                    0.33976563701388796,
                    0.34975765225680294,
                    0.359749667499718,
                    0.36974168274263297,
                    0.379733697985548,
                    0.38972571322846306,
                    0.39971772847137804,
                    0.4097097437142931,
                    0.4197017589572081,
                    0.4296937742001231,
                    0.43968578944303816,
                    0.4496778046859532,
                    0.4596698199288682,
                    0.4696618351717832,
                    0.4796538504146982,
                    0.48964586565761326,
                    0.4996378809005283
                ],
                "distribution": [
                    0.028333333333333332,
                    0.034166666666666665,
                    0.03208333333333333,
                    0.035,
                    0.03333333333333333,
                    0.0275,
                    0.03833333333333333,
                    0.032916666666666664,
                    0.030416666666666668,
                    0.017916666666666668,
                    0.017916666666666668,
                    0.01625,
                    0.017083333333333332,
                    0.014583333333333334,
                    0.019583333333333335,
                    0.016666666666666666,
                    0.018333333333333333,
                    0.0225,
                    0.019166666666666665,
                    0.017083333333333332,
                    0.019166666666666665,
                    0.014166666666666666,
                    0.017083333333333332,
                    0.01875,
                    0.014166666666666666,
                    0.019583333333333335,
                    0.015,
                    0.0175,
                    0.017083333333333332,
                    0.020833333333333332,
                    0.015,
                    0.02,
                    0.02,
                    0.014166666666666666,
                    0.018333333333333333,
                    0.014583333333333334,
                    0.022916666666666665,
                    0.02,
                    0.019583333333333335,
                    0.021666666666666667,
                    0.0125,
                    0.017083333333333332,
                    0.017083333333333332,
                    0.019166666666666665,
                    0.016666666666666666,
                    0.01875,
                    0.014166666666666666,
                    0.014583333333333334,
                    0.02125
                ]
            },
            "quantiles": {
                "scale": [
                    0.02567522305331959,
                    0.056878968304144684,
                    0.08799494894566683,
                    0.13327129825637188,
                    0.18933426456523422,
                    0.2452772910391245,
                    0.3031658447842346,
                    0.3588041183108025,
                    0.4142435033334443,
                    0.47098648222287404
                ],
                "distribution": [
                    0.1,
                    0.1,
                    0.1,
                    0.1,
                    0.1,
                    0.1,
                    0.1,
                    0.1,
                    0.1,
                    0.1
                ]
            },
            "topValues": [
                {
                    "value": 0.010029133997692242,
                    "count": 1.0
                },
                {
                    "value": 0.010087270519137272,
                    "count": 1.0
                },
                {
                    "value": 0.010117715932085842,
                    "count": 1.0
                },
                {
                    "value": 0.010235264258635475,
                    "count": 1.0
                },
                {
                    "value": 0.010414212074459079,
                    "count": 1.0
                },
                {
                    "value": 0.010769762233305636,
                    "count": 1.0
                },
                {
                    "value": 0.010778670982608067,
                    "count": 1.0
                },
                {
                    "value": 0.010909819119132212,
                    "count": 1.0
                },
                {
                    "value": 0.010998407315968947,
                    "count": 1.0
                },
                {
                    "value": 0.011002649471452857,
                    "count": 1.0
                },
                {
                    "value": 0.011199618151676157,
                    "count": 1.0
                },
                {
                    "value": 0.011228863606353612,
                    "count": 1.0
                },
                {
                    "value": 0.012063362886829822,
                    "count": 1.0
                },
                {
                    "value": 0.012088800176622793,
                    "count": 1.0
                },
                {
                    "value": 0.012162650132598013,
                    "count": 1.0
                },
                {
                    "value": 0.012610667802028878,
                    "count": 1.0
                },
                {
                    "value": 0.012643899547162059,
                    "count": 1.0
                },
                {
                    "value": 0.012699499646770064,
                    "count": 1.0
                },
                {
                    "value": 0.012723039522580862,
                    "count": 1.0
                },
                {
                    "value": 0.012984814130802618,
                    "count": 1.0
                },
                {
                    "value": 0.013181054450400066,
                    "count": 1.0
                },
                {
                    "value": 0.013247101489611713,
                    "count": 1.0
                },
                {
                    "value": 0.013249031202363405,
                    "count": 1.0
                },
                {
                    "value": 0.013480976420532545,
                    "count": 1.0
                },
                {
                    "value": 0.013735326022057959,
                    "count": 1.0
                },
                {
                    "value": 0.013825102887152507,
                    "count": 1.0
                },
                {
                    "value": 0.013905645419364537,
                    "count": 1.0
                },
                {
                    "value": 0.014032469348850381,
                    "count": 1.0
                },
                {
                    "value": 0.014054906458308654,
                    "count": 1.0
                },
                {
                    "value": 0.014145622243295897,
                    "count": 1.0
                },
                {
                    "value": 0.014156460425048117,
                    "count": 1.0
                },
                {
                    "value": 0.01419788362806167,
                    "count": 1.0
                },
                {
                    "value": 0.014325871492726752,
                    "count": 1.0
                },
                {
                    "value": 0.014325965827939022,
                    "count": 1.0
                },
                {
                    "value": 0.014800693682150264,
                    "count": 1.0
                },
                {
                    "value": 0.015005400078886667,
                    "count": 1.0
                },
                {
                    "value": 0.01544163110315563,
                    "count": 1.0
                },
                {
                    "value": 0.015589221991210538,
                    "count": 1.0
                },
                {
                    "value": 0.016066520127062604,
                    "count": 1.0
                },
                {
                    "value": 0.016084759391198074,
                    "count": 1.0
                },
                {
                    "value": 0.016228423878666222,
                    "count": 1.0
                },
                {
                    "value": 0.016266986854432744,
                    "count": 1.0
                },
                {
                    "value": 0.01631168885128666,
                    "count": 1.0
                },
                {
                    "value": 0.01637899845703395,
                    "count": 1.0
                },
                {
                    "value": 0.016687531884701415,
                    "count": 1.0
                },
                {
                    "value": 0.016749628837255975,
                    "count": 1.0
                },
                {
                    "value": 0.01691463901366279,
                    "count": 1.0
                },
                {
                    "value": 0.01698168366182964,
                    "count": 1.0
                },
                {
                    "value": 0.0171318218878388,
                    "count": 1.0
                },
                {
                    "value": 0.01715240495866858,
                    "count": 1.0
                }
            ]
        },
        "Num_Tweets": {
            "type": "NUMERIC",
            "nbDistinct": 1666,
            "count": 2400,
            "missingCount": 0.0,
            "histogram": {
                "scale": [
                    1.0,
                    204.9795918367347,
                    408.9591836734694,
                    612.9387755102041,
                    816.9183673469388,
                    1020.8979591836735,
                    1224.8775510204082,
                    1428.857142857143,
                    1632.8367346938776,
                    1836.8163265306123,
                    2040.795918367347,
                    2244.775510204082,
                    2448.7551020408164,
                    2652.734693877551,
                    2856.714285714286,
                    3060.6938775510207,
                    3264.673469387755,
                    3468.6530612244896,
                    3672.6326530612246,
                    3876.6122448979595,
                    4080.591836734694,
                    4284.571428571428,
                    4488.551020408164,
                    4692.530612244898,
                    4896.510204081633,
                    5100.489795918367,
                    5304.469387755102,
                    5508.448979591837,
                    5712.428571428572,
                    5916.408163265306,
                    6120.387755102041,
                    6324.367346938776,
                    6528.34693877551,
                    6732.326530612245,
                    6936.306122448979,
                    7140.285714285715,
                    7344.265306122449,
                    7548.244897959184,
                    7752.224489795919,
                    7956.2040816326535,
                    8160.183673469388,
                    8364.163265306122,
                    8568.142857142857,
                    8772.122448979591,
                    8976.102040816328,
                    9180.081632653062,
                    9384.061224489797,
                    9588.040816326531,
                    9792.020408163266,
                    9996.0
                ],
                "distribution": [
                    0.30125,
                    0.015,
                    0.015,
                    0.011666666666666667,
                    0.0125,
                    0.010833333333333334,
                    0.012083333333333333,
                    0.011666666666666667,
                    0.0175,
                    0.016666666666666666,
                    0.016666666666666666,
                    0.01125,
                    0.010416666666666666,
                    0.011666666666666667,
                    0.01375,
                    0.0125,
                    0.014583333333333334,
                    0.016666666666666666,
                    0.015416666666666667,
                    0.011666666666666667,
                    0.015416666666666667,
                    0.015416666666666667,
                    0.015833333333333335,
                    0.019166666666666665,
                    0.01375,
                    0.015,
                    0.01625,
                    0.015,
                    0.017916666666666668,
                    0.0125,
                    0.018333333333333333,
                    0.015833333333333335,
                    0.016666666666666666,
                    0.012083333333333333,
                    0.013333333333333334,
                    0.015,
                    0.01375,
                    0.01625,
                    0.015416666666666667,
                    0.014166666666666666,
                    0.014583333333333334,
                    0.015833333333333335,
                    0.017916666666666668,
                    0.014166666666666666,
                    0.011666666666666667,
                    0.01375,
                    0.016666666666666666,
                    0.01625,
                    0.013333333333333334
                ]
            },
            "quantiles": {
                "scale": [
                    17.5,
                    50.72,
                    129.22,
                    969.9200000000001,
                    2505.67,
                    3949.01,
                    5257.84,
                    6573.08,
                    7939.24,
                    9304.24
                ],
                "distribution": [
                    0.09958333333333333,
                    0.10041666666666667,
                    0.09958333333333333,
                    0.10041666666666667,
                    0.1,
                    0.1,
                    0.1,
                    0.09958333333333333,
                    0.10041666666666667,
                    0.1
                ]
            },
            "topValues": [
                {
                    "value": 36.0,
                    "count": 15.0
                },
                {
                    "value": 39.0,
                    "count": 13.0
                },
                {
                    "value": 22.0,
                    "count": 12.0
                },
                {
                    "value": 57.0,
                    "count": 12.0
                },
                {
                    "value": 74.0,
                    "count": 12.0
                },
                {
                    "value": 90.0,
                    "count": 12.0
                },
                {
                    "value": 2.0,
                    "count": 11.0
                },
                {
                    "value": 34.0,
                    "count": 11.0
                },
                {
                    "value": 60.0,
                    "count": 11.0
                },
                {
                    "value": 63.0,
                    "count": 11.0
                },
                {
                    "value": 5.0,
                    "count": 10.0
                },
                {
                    "value": 14.0,
                    "count": 10.0
                },
                {
                    "value": 38.0,
                    "count": 10.0
                },
                {
                    "value": 64.0,
                    "count": 10.0
                },
                {
                    "value": 4.0,
                    "count": 9.0
                },
                {
                    "value": 8.0,
                    "count": 9.0
                },
                {
                    "value": 12.0,
                    "count": 9.0
                },
                {
                    "value": 13.0,
                    "count": 9.0
                },
                {
                    "value": 16.0,
                    "count": 9.0
                },
                {
                    "value": 24.0,
                    "count": 9.0
                },
                {
                    "value": 27.0,
                    "count": 9.0
                },
                {
                    "value": 53.0,
                    "count": 9.0
                },
                {
                    "value": 72.0,
                    "count": 9.0
                },
                {
                    "value": 93.0,
                    "count": 9.0
                },
                {
                    "value": 96.0,
                    "count": 9.0
                },
                {
                    "value": 99.0,
                    "count": 9.0
                },
                {
                    "value": 3.0,
                    "count": 8.0
                },
                {
                    "value": 10.0,
                    "count": 8.0
                },
                {
                    "value": 19.0,
                    "count": 8.0
                },
                {
                    "value": 21.0,
                    "count": 8.0
                },
                {
                    "value": 23.0,
                    "count": 8.0
                },
                {
                    "value": 28.0,
                    "count": 8.0
                },
                {
                    "value": 30.0,
                    "count": 8.0
                },
                {
                    "value": 54.0,
                    "count": 8.0
                },
                {
                    "value": 55.0,
                    "count": 8.0
                },
                {
                    "value": 59.0,
                    "count": 8.0
                },
                {
                    "value": 81.0,
                    "count": 8.0
                },
                {
                    "value": 84.0,
                    "count": 8.0
                },
                {
                    "value": 85.0,
                    "count": 8.0
                },
                {
                    "value": 87.0,
                    "count": 8.0
                },
                {
                    "value": 91.0,
                    "count": 8.0
                },
                {
                    "value": 11.0,
                    "count": 7.0
                },
                {
                    "value": 15.0,
                    "count": 7.0
                },
                {
                    "value": 20.0,
                    "count": 7.0
                },
                {
                    "value": 32.0,
                    "count": 7.0
                },
                {
                    "value": 40.0,
                    "count": 7.0
                },
                {
                    "value": 46.0,
                    "count": 7.0
                },
                {
                    "value": 49.0,
                    "count": 7.0
                },
                {
                    "value": 51.0,
                    "count": 7.0
                },
                {
                    "value": 56.0,
                    "count": 7.0
                }
            ]
        },
        "Verified": {
            "type": "CATEGORY",
            "nbDistinct": 2,
            "count": 2400,
            "missingCount": 0.0,
            "values": {
                "scale": [
                    "Not Verified",
                    "Verified"
                ],
                "distribution": [
                    0.8970833333333333,
                    0.10291666666666667
                ]
            }
        }
    }
}