{
    "perClassFacts": {
        "unique": {
            "Tweets_Per_Day": {
                "impact": 1.0469042144853014,
                "rank": 1,
                "feature": "Tweets_Per_Day",
                "correlation": 0.7916778523489932,
                "type": "NUMERICAL"
            },
            "Engagement_Rate": {
                "impact": 0.8413589354398829,
                "rank": 2,
                "feature": "Engagement_Rate",
                "correlation": -0.8867114093959731,
                "type": "NUMERICAL"
            },
            "Num_Tweets": {
                "impact": 0.6539336065346896,
                "rank": 3,
                "feature": "Num_Tweets",
                "correlation": -0.8342136422355905,
                "type": "NUMERICAL"
            },
            "Followers": {
                "impact": 0.6134238506753212,
                "rank": 4,
                "feature": "Followers",
                "correlation": -0.8268301447107524,
                "type": "NUMERICAL"
            },
            "Following": {
                "impact": 0.43755304290933755,
                "rank": 5,
                "feature": "Following",
                "correlation": 0.8109535110359725,
                "type": "NUMERICAL"
            }
        }
    }
}