[
    {
        "test_score_gib": 1.0,
        "train_score": 1.0,
        "test_score": 1.0,
        "num_samples": 480,
        "fit_time": 12,
        "score_time": 384,
        "time": 396,
        "parameters": {
            "C": 0.1,
            "penalty": "l2"
        },
        "done_at": 1745674453345,
        "split_id": 0
    },
    {
        "test_score_gib": 1.0,
        "train_score": 1.0,
        "test_score": 1.0,
        "num_samples": 480,
        "fit_time": 9,
        "score_time": 969,
        "time": 978,
        "parameters": {
            "C": 0.1,
            "penalty": "l2"
        },
        "done_at": 1745674454028,
        "split_id": 1
    },
    {
        "test_score_gib": 1.0,
        "train_score": 1.0,
        "test_score": 1.0,
        "num_samples": 480,
        "fit_time": 78,
        "score_time": 601,
        "time": 679,
        "parameters": {
            "C": 0.1,
            "penalty": "l2"
        },
        "done_at": 1745674453635,
        "split_id": 2
    },
    {
        "test_score_gib": 1.0,
        "train_score": 1.0,
        "test_score": 1.0,
        "num_samples": 480,
        "fit_time": 71,
        "score_time": 209,
        "time": 280,
        "parameters": {
            "C": 0.1,
            "penalty": "l2"
        },
        "done_at": 1745674453236,
        "split_id": 3
    },
    {
        "test_score_gib": 1.0,
        "train_score": 1.0,
        "test_score": 1.0,
        "num_samples": 480,
        "fit_time": 95,
        "score_time": 7,
        "time": 102,
        "parameters": {
            "C": 0.1,
            "penalty": "l2"
        },
        "done_at": 1745674453436,
        "split_id": 4
    },
    {
        "test_score_gib": 1.0,
        "train_score": 1.0,
        "test_score": 1.0,
        "num_samples": 480,
        "fit_time": 210,
        "score_time": 8,
        "time": 218,
        "parameters": {
            "C": 0.01,
            "penalty": "l2"
        },
        "done_at": 1745674453646,
        "split_id": 0
    },
    {
        "test_score_gib": 1.0,
        "train_score": 1.0,
        "test_score": 1.0,
        "num_samples": 480,
        "fit_time": 9,
        "score_time": 199,
        "time": 208,
        "parameters": {
            "C": 0.01,
            "penalty": "l2"
        },
        "done_at": 1745674454027,
        "split_id": 1
    },
    {
        "test_score_gib": 1.0,
        "train_score": 1.0,
        "test_score": 1.0,
        "num_samples": 480,
        "fit_time": 395,
        "score_time": 201,
        "time": 596,
        "parameters": {
            "C": 0.01,
            "penalty": "l2"
        },
        "done_at": 1745674454232,
        "split_id": 2
    },
    {
        "test_score_gib": 1.0,
        "train_score": 1.0,
        "test_score": 1.0,
        "num_samples": 480,
        "fit_time": 103,
        "score_time": 504,
        "time": 607,
        "parameters": {
            "C": 0.01,
            "penalty": "l2"
        },
        "done_at": 1745674454636,
        "split_id": 3
    },
    {
        "test_score_gib": 1.0,
        "train_score": 1.0,
        "test_score": 1.0,
        "num_samples": 480,
        "fit_time": 407,
        "score_time": 206,
        "time": 613,
        "parameters": {
            "C": 0.01,
            "penalty": "l2"
        },
        "done_at": 1745674454643,
        "split_id": 4
    },
    {
        "test_score_gib": 1.0,
        "train_score": 1.0,
        "test_score": 1.0,
        "num_samples": 480,
        "fit_time": 404,
        "score_time": 206,
        "time": 610,
        "parameters": {
            "C": 10.0,
            "penalty": "l2"
        },
        "done_at": 1745674454644,
        "split_id": 0
    },
    {
        "test_score_gib": 1.0,
        "train_score": 1.0,
        "test_score": 1.0,
        "num_samples": 480,
        "fit_time": 9,
        "score_time": 569,
        "time": 578,
        "parameters": {
            "C": 10.0,
            "penalty": "l2"
        },
        "done_at": 1745674455233,
        "split_id": 1
    },
    {
        "test_score_gib": 1.0,
        "train_score": 1.0,
        "test_score": 1.0,
        "num_samples": 480,
        "fit_time": 7,
        "score_time": 575,
        "time": 582,
        "parameters": {
            "C": 10.0,
            "penalty": "l2"
        },
        "done_at": 1745674455238,
        "split_id": 2
    },
    {
        "test_score_gib": 1.0,
        "train_score": 1.0,
        "test_score": 1.0,
        "num_samples": 480,
        "fit_time": 70,
        "score_time": 106,
        "time": 176,
        "parameters": {
            "C": 10.0,
            "penalty": "l2"
        },
        "done_at": 1745674454836,
        "split_id": 3
    },
    {
        "test_score_gib": 1.0,
        "train_score": 1.0,
        "test_score": 1.0,
        "num_samples": 480,
        "fit_time": 270,
        "score_time": 209,
        "time": 479,
        "parameters": {
            "C": 10.0,
            "penalty": "l2"
        },
        "done_at": 1745674455140,
        "split_id": 4
    },
    {
        "test_score_gib": 1.0,
        "train_score": 1.0,
        "test_score": 1.0,
        "num_samples": 480,
        "fit_time": 108,
        "score_time": 298,
        "time": 406,
        "parameters": {
            "C": 1.0,
            "penalty": "l2"
        },
        "done_at": 1745674455727,
        "split_id": 0
    },
    {
        "test_score_gib": 1.0,
        "train_score": 1.0,
        "test_score": 1.0,
        "num_samples": 480,
        "fit_time": 202,
        "score_time": 409,
        "time": 611,
        "parameters": {
            "C": 1.0,
            "penalty": "l2"
        },
        "done_at": 1745674455841,
        "split_id": 1
    },
    {
        "test_score_gib": 1.0,
        "train_score": 1.0,
        "test_score": 1.0,
        "num_samples": 480,
        "fit_time": 196,
        "score_time": 406,
        "time": 602,
        "parameters": {
            "C": 1.0,
            "penalty": "l2"
        },
        "done_at": 1745674455837,
        "split_id": 2
    },
    {
        "test_score_gib": 1.0,
        "train_score": 1.0,
        "test_score": 1.0,
        "num_samples": 480,
        "fit_time": 5,
        "score_time": 299,
        "time": 304,
        "parameters": {
            "C": 1.0,
            "penalty": "l2"
        },
        "done_at": 1745674455731,
        "split_id": 3
    },
    {
        "test_score_gib": 1.0,
        "train_score": 1.0,
        "test_score": 1.0,
        "num_samples": 480,
        "fit_time": 11,
        "score_time": 288,
        "time": 299,
        "parameters": {
            "C": 1.0,
            "penalty": "l2"
        },
        "done_at": 1745674456228,
        "split_id": 4
    },
    {
        "test_score_gib": 1.0,
        "train_score": 1.0,
        "test_score": 1.0,
        "num_samples": 480,
        "fit_time": 12,
        "score_time": 498,
        "time": 510,
        "parameters": {
            "C": 100.0,
            "penalty": "l2"
        },
        "done_at": 1745674456440,
        "split_id": 0
    },
    {
        "test_score_gib": 1.0,
        "train_score": 1.0,
        "test_score": 1.0,
        "num_samples": 480,
        "fit_time": 202,
        "score_time": 396,
        "time": 598,
        "parameters": {
            "C": 100.0,
            "penalty": "l2"
        },
        "done_at": 1745674456529,
        "split_id": 1
    },
    {
        "test_score_gib": 1.0,
        "train_score": 1.0,
        "test_score": 1.0,
        "num_samples": 480,
        "fit_time": 9,
        "score_time": 495,
        "time": 504,
        "parameters": {
            "C": 100.0,
            "penalty": "l2"
        },
        "done_at": 1745674456436,
        "split_id": 2
    },
    {
        "test_score_gib": 1.0,
        "train_score": 1.0,
        "test_score": 1.0,
        "num_samples": 480,
        "fit_time": 107,
        "score_time": 194,
        "time": 301,
        "parameters": {
            "C": 100.0,
            "penalty": "l2"
        },
        "done_at": 1745674456632,
        "split_id": 3
    },
    {
        "test_score_gib": 1.0,
        "train_score": 1.0,
        "test_score": 1.0,
        "num_samples": 480,
        "fit_time": 5,
        "score_time": 6,
        "time": 11,
        "parameters": {
            "C": 100.0,
            "penalty": "l2"
        },
        "done_at": 1745674456654,
        "split_id": 4
    }
]