{
    "startedAt": 1745674452929,
    "gridSize": 5,
    "nThreads": 4,
    "nSplits": 5,
    "metric": "ROC_AUC",
    "timeout": null,
    "gridPoints": [
        {
            "finishedAt": 1745674454028,
            "score": 1.0,
            "testScoreGibMean": 1.0,
            "testScoreMean": 1.0,
            "testScoreStd": 0.0,
            "trainScoreMean": 1.0,
            "trainScoreStd": 0.0,
            "time": 2435,
            "fitTimeMean": 53.0,
            "fitTimeStd": 35.58089374931439,
            "scoreTimeMean": 434.0,
            "scoreTimeStd": 331.53220054769946,
            "parameters": {
                "C": 0.1,
                "penalty": "l2"
            }
        },
        {
            "finishedAt": 1745674454643,
            "score": 1.0,
            "testScoreGibMean": 1.0,
            "testScoreMean": 1.0,
            "testScoreStd": 0.0,
            "trainScoreMean": 1.0,
            "trainScoreStd": 0.0,
            "time": 2242,
            "fitTimeMean": 224.8,
            "fitTimeStd": 157.3459881916282,
            "scoreTimeMean": 223.6,
            "scoreTimeStd": 159.0806084977047,
            "parameters": {
                "C": 0.01,
                "penalty": "l2"
            }
        },
        {
            "finishedAt": 1745674455238,
            "score": 1.0,
            "testScoreGibMean": 1.0,
            "testScoreMean": 1.0,
            "testScoreStd": 0.0,
            "trainScoreMean": 1.0,
            "trainScoreStd": 0.0,
            "time": 2425,
            "fitTimeMean": 152.0,
            "fitTimeStd": 158.50930572051598,
            "scoreTimeMean": 333.0,
            "scoreTimeStd": 198.6423922530133,
            "parameters": {
                "C": 10.0,
                "penalty": "l2"
            }
        },
        {
            "finishedAt": 1745674456228,
            "score": 1.0,
            "testScoreGibMean": 1.0,
            "testScoreMean": 1.0,
            "testScoreStd": 0.0,
            "trainScoreMean": 1.0,
            "trainScoreStd": 0.0,
            "time": 2222,
            "fitTimeMean": 104.4,
            "fitTimeStd": 85.47888628193515,
            "scoreTimeMean": 340.0,
            "scoreTimeStd": 55.255768929587795,
            "parameters": {
                "C": 1.0,
                "penalty": "l2"
            }
        },
        {
            "finishedAt": 1745674456654,
            "score": 1.0,
            "testScoreGibMean": 1.0,
            "testScoreMean": 1.0,
            "testScoreStd": 0.0,
            "trainScoreMean": 1.0,
            "trainScoreStd": 0.0,
            "time": 1924,
            "fitTimeMean": 67.0,
            "fitTimeStd": 77.5345084462396,
            "scoreTimeMean": 317.8,
            "scoreTimeStd": 191.06689927876047,
            "parameters": {
                "C": 100.0,
                "penalty": "l2"
            }
        }
    ]
}