{
    "modelInputNRows": 2400,
    "modelInputNCols": 7,
    "modelInputIsSparse": false,
    "modelInputMemory": 134400,
    "usedGridSearch": true,
    "gridSize": 5,
    "gridBestScore": 1.0,
    "gridCells": [
        {
            "params": {
                "C": 0.1,
                "penalty": "l2"
            },
            "score": 1.0,
            "scoreStd": 0.0,
            "fitTime": 0.053,
            "fitTimeStd": 0.03558089374931439,
            "scoreTime": 0.434,
            "scoreTimeStd": 0.33153220054769944
        },
        {
            "params": {
                "C": 0.01,
                "penalty": "l2"
            },
            "score": 1.0,
            "scoreStd": 0.0,
            "fitTime": 0.2248,
            "fitTimeStd": 0.1573459881916282,
            "scoreTime": 0.2236,
            "scoreTimeStd": 0.1590806084977047
        },
        {
            "params": {
                "C": 10.0,
                "penalty": "l2"
            },
            "score": 1.0,
            "scoreStd": 0.0,
            "fitTime": 0.152,
            "fitTimeStd": 0.15850930572051597,
            "scoreTime": 0.333,
            "scoreTimeStd": 0.1986423922530133
        },
        {
            "params": {
                "C": 1.0,
                "penalty": "l2"
            },
            "score": 1.0,
            "scoreStd": 0.0,
            "fitTime": 0.1044,
            "fitTimeStd": 0.08547888628193515,
            "scoreTime": 0.34,
            "scoreTimeStd": 0.05525576892958779
        },
        {
            "params": {
                "C": 100.0,
                "penalty": "l2"
            },
            "score": 1.0,
            "scoreStd": 0.0,
            "fitTime": 0.067,
            "fitTimeStd": 0.0775345084462396,
            "scoreTime": 0.3178,
            "scoreTimeStd": 0.19106689927876047
        }
    ],
    "lmCoefficients": {
        "variables": [
            "Following",
            "Followers",
            "Tweets_Per_Day",
            "Engagement_Rate",
            "Num_Tweets",
            "dummy:Verified:Not Verified"
        ],
        "coefs": [
            0.9296659028958465,
            -1.1732679743499195,
            2.0008498322878423,
            -1.5280014084452238,
            -1.2686103968068778,
            -0.756048239450827
        ],
        "interceptStderr": null,
        "interceptTstat": null,
        "interceptPvalue": null,
        "interceptCoef": -1.250319982349165,
        "rescaledCoefs": [
            0.0008098865570516022,
            -3.530927294315014e-05,
            0.14932432740665558,
            -10.310640753055873,
            -0.00038206359911689935,
            -0.756048239450827
        ],
        "rescaledInterceptCoef": 1.0588447684907718
    },
    "probaAware": true
}