{
    "metrics": {},
    "processed_feature_names": [
        "Following",
        "Followers",
        "Tweets_Per_Day",
        "Engagement_Rate",
        "Num_Tweets",
        "dummy:Verified:Not Verified",
        "dummy:Verified:N/A"
    ],
    "optimalThreshold": 0.475,
    "usedThreshold": 0.475,
    "perCutData": {
        "cut": [
            0.0,
            0.025,
            0.05,
            0.075,
            0.1,
            0.125,
            0.15,
            0.175,
            0.2,
            0.225,
            0.25,
            0.275,
            0.3,
            0.325,
            0.35,
            0.375,
            0.4,
            0.425,
            0.45,
            0.475,
            0.5,
            0.525,
            0.55,
            0.575,
            0.6,
            0.625,
            0.65,
            0.675,
            0.7,
            0.725,
            0.75,
            0.775,
            0.8,
            0.825,
            0.85,
            0.875,
            0.9,
            0.925,
            0.95,
            0.975
        ],
        "tp": [
            185,
            185,
            185,
            185,
            185,
            185,
            185,
            185,
            185,
            185,
            185,
            185,
            185,
            185,
            185,
            185,
            185,
            185,
            185,
            185,
            185,
            185,
            185,
            185,
            185,
            185,
            185,
            185,
            185,
            185,
            185,
            184,
            183,
            183,
            181,
            179,
            177,
            173,
            170,
            160
        ],
        "tn": [
            0,
            309,
            351,
            366,
            379,
            387,
            395,
            398,
            400,
            403,
            405,
            408,
            411,
            413,
            413,
            413,
            413,
            413,
            413,
            414,
            414,
            414,
            414,
            414,
            414,
            414,
            414,
            414,
            414,
            414,
            414,
            414,
            415,
            415,
            415,
            415,
            415,
            415,
            415,
            415
        ],
        "fp": [
            415,
            106,
            64,
            49,
            36,
            28,
            20,
            17,
            15,
            12,
            10,
            7,
            4,
            2,
            2,
            2,
            2,
            2,
            2,
            1,
            1,
            1,
            1,
            1,
            1,
            1,
            1,
            1,
            1,
            1,
            1,
            1,
            0,
            0,
            0,
            0,
            0,
            0,
            0,
            0
        ],
        "fn": [
            0,
            0,
            0,
            0,
            0,
            0,
            0,
            0,
            0,
            0,
            0,
            0,
            0,
            0,
            0,
            0,
            0,
            0,
            0,
            0,
            0,
            0,
            0,
            0,
            0,
            0,
            0,
            0,
            0,
            0,
            0,
            1,
            2,
            2,
            4,
            6,
            8,
            12,
            15,
            25
        ],
        "precision": [
            0.30833333333333335,
            0.6357388316151202,
            0.7429718875502008,
            0.7905982905982906,
            0.8371040723981901,
            0.8685446009389671,
            0.9024390243902439,
            0.9158415841584159,
            0.925,
            0.9390862944162437,
            0.9487179487179487,
            0.9635416666666666,
            0.9788359788359788,
            0.9893048128342246,
            0.9893048128342246,
            0.9893048128342246,
            0.9893048128342246,
            0.9893048128342246,
            0.9893048128342246,
            0.9946236559139785,
            0.9946236559139785,
            0.9946236559139785,
            0.9946236559139785,
            0.9946236559139785,
            0.9946236559139785,
            0.9946236559139785,
            0.9946236559139785,
            0.9946236559139785,
            0.9946236559139785,
            0.9946236559139785,
            0.9946236559139785,
            0.9945945945945946,
            1.0,
            1.0,
            1.0,
            1.0,
            1.0,
            1.0,
            1.0,
            1.0
        ],
        "recall": [
            1.0,
            1.0,
            1.0,
            1.0,
            1.0,
            1.0,
            1.0,
            1.0,
            1.0,
            1.0,
            1.0,
            1.0,
            1.0,
            1.0,
            1.0,
            1.0,
            1.0,
            1.0,
            1.0,
            1.0,
            1.0,
            1.0,
            1.0,
            1.0,
            1.0,
            1.0,
            1.0,
            1.0,
            1.0,
            1.0,
            1.0,
            0.9945945945945946,
            0.9891891891891892,
            0.9891891891891892,
            0.9783783783783784,
            0.9675675675675676,
            0.9567567567567568,
            0.9351351351351351,
            0.918918918918919,
            0.8648648648648649
        ],
        "accuracy": [
            0.30833333333333335,
            0.8233333333333334,
            0.8933333333333333,
            0.9183333333333333,
            0.94,
            0.9533333333333334,
            0.9666666666666667,
            0.9716666666666667,
            0.975,
            0.98,
            0.9833333333333333,
            0.9883333333333333,
            0.9933333333333333,
            0.9966666666666667,
            0.9966666666666667,
            0.9966666666666667,
            0.9966666666666667,
            0.9966666666666667,
            0.9966666666666667,
            0.9983333333333333,
            0.9983333333333333,
            0.9983333333333333,
            0.9983333333333333,
            0.9983333333333333,
            0.9983333333333333,
            0.9983333333333333,
            0.9983333333333333,
            0.9983333333333333,
            0.9983333333333333,
            0.9983333333333333,
            0.9983333333333333,
            0.9966666666666667,
            0.9966666666666667,
            0.9966666666666667,
            0.9933333333333333,
            0.99,
            0.9866666666666667,
            0.98,
            0.975,
            0.9583333333333334
        ],
        "f1": [
            0.4713375796178344,
            0.7773109243697479,
            0.8525345622119817,
            0.883054892601432,
            0.9113300492610837,
            0.9296482412060302,
            0.9487179487179488,
            0.9560723514211887,
            0.961038961038961,
            0.9685863874345549,
            0.9736842105263158,
            0.9814323607427056,
            0.9893048128342246,
            0.9946236559139785,
            0.9946236559139785,
            0.9946236559139785,
            0.9946236559139785,
            0.9946236559139785,
            0.9946236559139785,
            0.9973045822102425,
            0.9973045822102425,
            0.9973045822102425,
            0.9973045822102425,
            0.9973045822102425,
            0.9973045822102425,
            0.9973045822102425,
            0.9973045822102425,
            0.9973045822102425,
            0.9973045822102425,
            0.9973045822102425,
            0.9973045822102425,
            0.9945945945945946,
            0.9945652173913043,
            0.9945652173913043,
            0.9890710382513661,
            0.9835164835164836,
            0.9779005524861878,
            0.9664804469273743,
            0.9577464788732395,
            0.927536231884058
        ],
        "mcc": [
            0.0,
            0.6880096997233592,
            0.7927124891371558,
            0.8350152936467897,
            0.8743499388205248,
            0.899968889105364,
            0.9267944686230233,
            0.937190045783555,
            0.9442278671275492,
            0.9549513034323264,
            0.9622147760530732,
            0.9732878077046409,
            0.9845818478849524,
            0.9922384183231716,
            0.9922384183231716,
            0.9922384183231716,
            0.9922384183231716,
            0.9922384183231716,
            0.9922384183231716,
            0.9961059042118725,
            0.9961059042118725,
            0.9961059042118725,
            0.9961059042118725,
            0.9961059042118725,
            0.9961059042118725,
            0.9961059042118725,
            0.9961059042118725,
            0.9961059042118725,
            0.9961059042118725,
            0.9961059042118725,
            0.9961059042118725,
            0.9921849560403777,
            0.9921919554860378,
            0.9921919554860378,
            0.9843974048427608,
            0.9766155876467149,
            0.9688457391771101,
            0.9533388646342936,
            0.941734361587088,
            0.9031748533505656
        ],
        "hammingLoss": [
            0.6916666666666667,
            0.17666666666666664,
            0.10666666666666669,
            0.08166666666666667,
            0.06000000000000005,
            0.046666666666666634,
            0.033333333333333326,
            0.02833333333333332,
            0.025000000000000022,
            0.020000000000000018,
            0.01666666666666672,
            0.011666666666666714,
            0.00666666666666671,
            0.0033333333333332993,
            0.0033333333333332993,
            0.0033333333333332993,
            0.0033333333333332993,
            0.0033333333333332993,
            0.0033333333333332993,
            0.0016666666666667052,
            0.0016666666666667052,
            0.0016666666666667052,
            0.0016666666666667052,
            0.0016666666666667052,
            0.0016666666666667052,
            0.0016666666666667052,
            0.0016666666666667052,
            0.0016666666666667052,
            0.0016666666666667052,
            0.0016666666666667052,
            0.0016666666666667052,
            0.0033333333333332993,
            0.0033333333333332993,
            0.0033333333333332993,
            0.00666666666666671,
            0.010000000000000009,
            0.013333333333333308,
            0.020000000000000018,
            0.025000000000000022,
            0.04166666666666663
        ],
        "assertionsMetrics": [],
        "overridesMetrics": []
    },
    "tiMetrics": {
        "auc": 0.999973949853468,
        "logLoss": 0.029538880344911995,
        "lift": 2.5,
        "averagePrecision": 0.9999417202730193,
        "calibrationLoss": 0.02472815614459088
    },
    "probaPercentiles": [
        9.388602783408603e-05,
        0.00015653737090531346,
        0.00024099810481298815,
        0.00025566746397241605,
        0.000308355316369543,
        0.00037171555270542386,
        0.0005056963160673773,
        0.000585217725576518,
        0.0006198884124009608,
        0.0007365729939404824,
        0.0008524822597871979,
        0.0009972289052014559,
        0.0011058151626174054,
        0.0013116855991465036,
        0.001478972678815474,
        0.0015223209270642639,
        0.0018000610658522505,
        0.0019177020102038866,
        0.002087640305881346,
        0.002250268302138445,
        0.0025205870938239333,
        0.002716185260668349,
        0.002944806620058059,
        0.0030675627495460704,
        0.003229431964972162,
        0.0034636374206280904,
        0.00377150849991796,
        0.003976292137678647,
        0.004675177075886847,
        0.004943748930510508,
        0.005370854679104457,
        0.005712011219052484,
        0.005987823363991234,
        0.006557542577724726,
        0.006991828946697042,
        0.008206063411104818,
        0.008807403311479067,
        0.009188818473548637,
        0.009976395160725661,
        0.01035155657918942,
        0.010981592958738878,
        0.012302498744994764,
        0.013056806323990212,
        0.014077343342048758,
        0.014773327319908196,
        0.016254490317715756,
        0.016644509247914992,
        0.018063918347068567,
        0.01922485591958266,
        0.022285937083065768,
        0.02342202887449159,
        0.026031970100873554,
        0.028550889957146556,
        0.03244342565733635,
        0.03609293418427886,
        0.038234805587508004,
        0.04211610510761607,
        0.04724003641091319,
        0.05318024937178806,
        0.061772260341618555,
        0.07303077062797636,
        0.08062571987211836,
        0.09319036085320166,
        0.11832900042643692,
        0.130099010077564,
        0.16207456815037113,
        0.21401360502252256,
        0.2751753415312489,
        0.5566664475453267,
        0.8643509099506688,
        0.9162275917093223,
        0.9535976361114143,
        0.9694644689562004,
        0.9769971068012696,
        0.9819190895023759,
        0.9842410904452923,
        0.9864464397795988,
        0.9897350201817311,
        0.9921221849001218,
        0.9940066115099301,
        0.995804357217321,
        0.9967588278457554,
        0.9975115621050243,
        0.9979063152562584,
        0.9982635988955425,
        0.9984802420832666,
        0.9989088067673594,
        0.9990094619589743,
        0.9991679827110863,
        0.9993271608230684,
        0.9994011054584107,
        0.9995876173869032,
        0.999709119202143,
        0.9997522375146557,
        0.9997816928121767,
        0.9998640469647867,
        0.9999045740411295,
        0.9999247202520558,
        0.9999472341941525
    ],
    "rocVizData": [
        [
            {
                "x": 0.0,
                "y": 0.0,
                "p": 1.9999706114403533
            },
            {
                "x": 0.0,
                "y": 0.9891891891891892,
                "p": 0.8314063126554135
            },
            {
                "x": 1.0,
                "y": 1.0,
                "p": 4.06971036158482e-05
            }
        ]
    ],
    "liftVizData": {
        "bins": [
            {
                "bin_pos_prop": 1.0,
                "bin_lift": 3.2432432432,
                "cum_lift": 0.3243243243,
                "cum_size": 0.1,
                "bin_min": 0.9993271608,
                "bin_max": 0.9999706114,
                "percentile_idx": 0
            },
            {
                "bin_pos_prop": 1.0,
                "bin_lift": 3.2432432432,
                "cum_lift": 0.6486486486,
                "cum_size": 0.2,
                "bin_min": 0.9940066115,
                "bin_max": 0.9993271608,
                "percentile_idx": 1
            },
            {
                "bin_pos_prop": 1.0,
                "bin_lift": 3.2432432432,
                "cum_lift": 0.972972973,
                "cum_size": 0.3,
                "bin_min": 0.86435091,
                "bin_max": 0.9940066115,
                "percentile_idx": 2
            },
            {
                "bin_pos_prop": 0.0833333333,
                "bin_lift": 0.2702702703,
                "cum_lift": 1.0,
                "cum_size": 0.4,
                "bin_min": 0.0617722603,
                "bin_max": 0.86435091,
                "percentile_idx": 3
            },
            {
                "bin_pos_prop": 0.0,
                "bin_lift": 0.0,
                "cum_lift": 1.0,
                "cum_size": 0.5,
                "bin_min": 0.0222859371,
                "bin_max": 0.0617722603,
                "percentile_idx": 4
            },
            {
                "bin_pos_prop": 0.0,
                "bin_lift": 0.0,
                "cum_lift": 1.0,
                "cum_size": 0.6,
                "bin_min": 0.0103515566,
                "bin_max": 0.0222859371,
                "percentile_idx": 5
            },
            {
                "bin_pos_prop": 0.0,
                "bin_lift": 0.0,
                "cum_lift": 1.0,
                "cum_size": 0.7,
                "bin_min": 0.0049437489,
                "bin_max": 0.0103515566,
                "percentile_idx": 6
            },
            {
                "bin_pos_prop": 0.0,
                "bin_lift": 0.0,
                "cum_lift": 1.0,
                "cum_size": 0.8,
                "bin_min": 0.0022502683,
                "bin_max": 0.0049437489,
                "percentile_idx": 7
            },
            {
                "bin_pos_prop": 0.0,
                "bin_lift": 0.0,
                "cum_lift": 1.0,
                "cum_size": 0.9,
                "bin_min": 0.000736573,
                "bin_max": 0.0022502683,
                "percentile_idx": 8
            },
            {
                "bin_pos_prop": 0.0,
                "bin_lift": 0.0,
                "cum_lift": 1.0,
                "cum_size": 1.0,
                "bin_min": 4.06971e-05,
                "bin_max": 0.000736573,
                "percentile_idx": 9
            }
        ],
        "wizard": {
            "positives": 185,
            "total": 600
        }
    },
    "prVizData": [
        {
            "bins": [
                {
                    "x": 1.0,
                    "y": 0.30833333333333335,
                    "p": 4.06971036158482e-05
                },
                {
                    "x": 1.0,
                    "y": 0.35852713178294576,
                    "p": 0.0013121371158878088
                },
                {
                    "x": 1.0,
                    "y": 0.4092920353982301,
                    "p": 0.0031992261007094784
                },
                {
                    "x": 1.0,
                    "y": 0.4601990049751244,
                    "p": 0.0060211722630510904
                },
                {
                    "x": 1.0,
                    "y": 0.511049723756906,
                    "p": 0.010205071858800138
                },
                {
                    "x": 1.0,
                    "y": 0.5623100303951368,
                    "p": 0.015314178556494439
                },
                {
                    "x": 1.0,
                    "y": 0.6125827814569537,
                    "p": 0.021330763593315993
                },
                {
                    "x": 1.0,
                    "y": 0.6630824372759857,
                    "p": 0.03131907824185726
                },
                {
                    "x": 1.0,
                    "y": 0.7142857142857143,
                    "p": 0.04203340922169837
                },
                {
                    "x": 1.0,
                    "y": 0.7644628099173554,
                    "p": 0.0594913908992274
                },
                {
                    "x": 1.0,
                    "y": 0.8149779735682819,
                    "p": 0.08218067074870757
                },
                {
                    "x": 1.0,
                    "y": 0.8685446009389671,
                    "p": 0.12501250473771852
                },
                {
                    "x": 1.0,
                    "y": 0.9203980099502488,
                    "p": 0.19045596211247315
                },
                {
                    "x": 1.0,
                    "y": 0.9736842105263158,
                    "p": 0.288260193366159
                },
                {
                    "x": 0.972972972972973,
                    "y": 1.0,
                    "p": 0.8720679513901493
                },
                {
                    "x": 0.918918918918919,
                    "y": 1.0,
                    "p": 0.9501784655235798
                },
                {
                    "x": 0.8648648648648649,
                    "y": 1.0,
                    "p": 0.9754469855681412
                },
                {
                    "x": 0.8108108108108109,
                    "y": 1.0,
                    "p": 0.9819734022869986
                },
                {
                    "x": 0.7567567567567568,
                    "y": 1.0,
                    "p": 0.9856521756891836
                },
                {
                    "x": 0.7027027027027027,
                    "y": 1.0,
                    "p": 0.9909203496198062
                },
                {
                    "x": 0.6486486486486487,
                    "y": 1.0,
                    "p": 0.9941187868576751
                },
                {
                    "x": 0.5945945945945946,
                    "y": 1.0,
                    "p": 0.9967344672491527
                },
                {
                    "x": 0.5405405405405406,
                    "y": 1.0,
                    "p": 0.9977577739843921
                },
                {
                    "x": 0.4864864864864865,
                    "y": 1.0,
                    "p": 0.9983150776817387
                },
                {
                    "x": 0.43243243243243246,
                    "y": 1.0,
                    "p": 0.9988968206093377
                },
                {
                    "x": 0.3783783783783784,
                    "y": 1.0,
                    "p": 0.999096139751501
                },
                {
                    "x": 0.32432432432432434,
                    "y": 1.0,
                    "p": 0.9993282090696091
                },
                {
                    "x": 0.2702702702702703,
                    "y": 1.0,
                    "p": 0.9995720250175211
                },
                {
                    "x": 0.21621621621621623,
                    "y": 1.0,
                    "p": 0.9997330347973947
                },
                {
                    "x": 0.16216216216216217,
                    "y": 1.0,
                    "p": 0.9997983929870519
                },
                {
                    "x": 0.10810810810810811,
                    "y": 1.0,
                    "p": 0.9999030345183961
                },
                {
                    "x": 0.05405405405405406,
                    "y": 1.0,
                    "p": 0.9999314246333899
                },
                {
                    "x": 0.005405405405405406,
                    "y": 1.0,
                    "p": 0.9999706114403534
                }
            ],
            "positiveRate": 0.30833333333333335
        }
    ],
    "densityData": {
        "Genuine": {
            "actualIsThisClass": [
                5.631900081948038e-23,
                4.723301441689047e-21,
                3.198582312501192e-19,
                1.7490029648959904e-17,
                7.722265093301075e-16,
                2.753087489161585e-14,
                7.925313776998359e-13,
                1.842188490895273e-11,
                3.457584557674891e-10,
                5.240017063725742e-09,
                6.41229861334354e-08,
                6.336010997979216e-07,
                5.055210591481967e-06,
                3.256744799284832e-05,
                0.00016941402100907065,
                0.0007116002939751933,
                0.0024134818288045,
                0.006609568289476554,
                0.014615823871427043,
                0.02609724447086106,
                0.03762592219580804,
                0.043802691650358105,
                0.041175187926827464,
                0.03125298674078901,
                0.01915440260408238,
                0.00947909425320518,
                0.003787792831504322,
                0.0012221562700177983,
                0.00031841125368137284,
                6.698402239683721e-05,
                1.1378242468761027e-05,
                1.560631222582536e-06,
                1.7284091013937625e-07,
                1.545659914276888e-08,
                1.1160984108863257e-09,
                6.507474372001509e-11,
                3.065473548497995e-12,
                1.774179333280851e-13,
                1.67368907785915e-12,
                3.695039342480095e-11,
                6.601019936558602e-10,
                9.521934884753766e-09,
                1.1090739825188259e-07,
                1.0430784518448382e-06,
                7.921265614818325e-06,
                4.857282076003283e-05,
                0.00024049896944944806,
                0.0009615110081217879,
                0.0031039623724283226,
                0.008090954916478366,
                0.017029592691194615,
                0.02894208978265004,
                0.03971702024747529,
                0.04400931171965296,
                0.0393761857340778,
                0.028447489347223312,
                0.016594995964637885,
                0.007817512920696145,
                0.0029789573311453177,
                0.0009515926492886822,
                0.0004305244134337333,
                0.0009254968645128421,
                0.003106896203928101,
                0.008955217025581828,
                0.021375993325318983,
                0.04268982378011412,
                0.07279268173559052,
                0.10929992488776975,
                0.15007384623572226,
                0.19417163444070895,
                0.2381837643110828,
                0.27283471869498255,
                0.2873702724332424,
                0.2793650644692999,
                0.2585897145427024,
                0.2396202435538614,
                0.23097211081782454,
                0.23161291948425375,
                0.23657559714948917,
                0.24431279805356385,
                0.258898879748155,
                0.287296074923439,
                0.33598526659160555,
                0.4082606407437969,
                0.5002757772435569,
                0.5982061926631714,
                0.6846283554530058,
                0.755220162069515,
                0.8303635686407912,
                0.9460996394438724,
                1.1355977438070683,
                1.4329133431533503,
                1.912383705417019,
                2.7376667750167485,
                4.1633376592964275,
                6.407261322273676,
                9.349965267385175,
                12.240019239006624,
                13.839896472826759,
                13.20112665448748
            ],
            "actualIsNotThisClass": [
                22.892451543076678,
                21.398471277122127,
                13.292010739272936,
                6.41948155870894,
                3.0381320165010512,
                1.6259967840320022,
                0.9635727633270865,
                0.714365290068734,
                0.7177348935783138,
                0.7371202489753622,
                0.6533850408193312,
                0.5444325784704629,
                0.5145855263481447,
                0.5141791221503834,
                0.4659830866639729,
                0.3879183565765517,
                0.3086299116012769,
                0.21649042894529327,
                0.11509077437702432,
                0.05715473347354025,
                0.08022117281805989,
                0.161011725447876,
                0.231099514606289,
                0.24352562263685776,
                0.19241439505459848,
                0.10409803239097284,
                0.03490619822136151,
                0.006876274962818345,
                0.0007788813741796753,
                5.034124942916403e-05,
                1.851687011865507e-06,
                3.872711192713368e-08,
                4.604010049506684e-10,
                3.1109083848731733e-12,
                1.1946845922797072e-14,
                2.6075307561907336e-17,
                3.234551651238783e-20,
                2.2803770265260048e-23,
                9.13706998918584e-27,
                2.0807260818382608e-30,
                2.6929637932832836e-34,
                1.9808598730136506e-38,
                8.281035163595723e-43,
                1.967538035410506e-47,
                2.6568637159023205e-52,
                2.0390273546036976e-57,
                8.893740622982855e-63,
                2.2047202959364718e-68,
                3.106205424310491e-74,
                2.487221599581343e-80,
                1.1318957271204562e-86,
                2.9275612730404127e-93,
                4.303414706109571e-100,
                3.5952412577210044e-107,
                1.7070667814325044e-114,
                4.6066012043079147e-122,
                7.065100685651413e-130,
                6.158340916894314e-138,
                3.05082103412116e-146,
                8.589687615740831e-155,
                1.3745028385541129e-163,
                1.2500331929584233e-172,
                6.461079466797487e-182,
                1.898000196421017e-191,
                3.1688016577424788e-201,
                3.0067788954231527e-211,
                1.6214948104636145e-221,
                4.9697811669349364e-232,
                8.656983744116453e-243,
                8.570448925914698e-254,
                4.822232807831324e-265,
                1.542056935026944e-276,
                2.8025945769493677e-288,
                2.8948614232642736e-300,
                1.69942856424e-312,
                0.0,
                0.0,
                0.0,
                0.0,
                0.0,
                0.0,
                0.0,
                0.0,
                0.0,
                0.0,
                0.0,
                0.0,
                0.0,
                0.0,
                0.0,
                0.0,
                0.0,
                0.0,
                0.0,
                0.0,
                0.0,
                0.0,
                0.0,
                0.0,
                0.0
            ],
            "actualIsThisClassMedian": 0.9931696533296857,
            "actualIsNotThisClassMedian": 0.0017942925619846006
        },
        "Fraudulent": {
            "actualIsThisClass": [
                0.0,
                0.0,
                0.0,
                0.0,
                0.0,
                0.0,
                0.0,
                0.0,
                0.0,
                0.0,
                0.0,
                0.0,
                0.0,
                0.0,
                0.0,
                0.0,
                0.0,
                0.0,
                0.0,
                0.0,
                0.0,
                0.0,
                0.0,
                0.0,
                0.0,
                1.69942856424e-312,
                2.894861423265261e-300,
                2.8025945769496864e-288,
                1.5420569350272947e-276,
                4.822232807832421e-265,
                8.570448925915672e-254,
                8.656983744119405e-243,
                4.969781166935501e-232,
                1.6214948104639833e-221,
                3.0067788954236656e-211,
                3.1688016577431993e-201,
                1.8980001964215566e-191,
                6.461079466798222e-182,
                1.2500331929587076e-172,
                1.3745028385543472e-163,
                8.589687615742785e-155,
                3.0508210341215067e-146,
                6.158340916895014e-138,
                7.065100685652618e-130,
                4.6066012043084387e-122,
                1.7070667814328925e-114,
                3.595241257721413e-107,
                4.303414706110305e-100,
                2.927561273040912e-93,
                1.1318957271205528e-86,
                2.487221599581555e-80,
                3.1062054243110204e-74,
                2.204720295936785e-68,
                8.89374062298336e-63,
                2.0390273546039294e-57,
                2.656863715902472e-52,
                1.9675380354107296e-47,
                8.281035163596195e-43,
                1.980859873013735e-38,
                2.6929637932835517e-34,
                2.080726081838379e-30,
                9.137069989186619e-27,
                2.280377026526086e-23,
                3.234551651239036e-20,
                2.6075307561909188e-17,
                1.1946845922797412e-14,
                3.11090838487335e-12,
                4.6040100495067983e-10,
                3.872711192713547e-08,
                1.8516870118655463e-06,
                5.0341249429165634e-05,
                0.0007788813741796961,
                0.006876274962818419,
                0.034906198221362025,
                0.10409803239097316,
                0.192414395054599,
                0.24352562263685731,
                0.23109951460628858,
                0.16101172544787587,
                0.08022117281806007,
                0.05715473347354055,
                0.11509077437702459,
                0.21649042894529452,
                0.3086299116012777,
                0.38791835657655244,
                0.46598308666397414,
                0.5141791221503825,
                0.5145855263481437,
                0.5444325784704623,
                0.6533850408193318,
                0.7371202489753622,
                0.7177348935783138,
                0.7143652900687333,
                0.9635727633270874,
                1.6259967840320109,
                3.0381320165010566,
                6.41948155870894,
                13.292010739272913,
                21.398471277122166,
                22.892451543076678
            ],
            "actualIsNotThisClass": [
                13.201126654487505,
                13.839896472826684,
                12.240019239006603,
                9.34996526738529,
                6.407261322273705,
                4.16333765929642,
                2.7376667750167463,
                1.912383705417019,
                1.4329133431533478,
                1.1355977438070712,
                0.9460996394438691,
                0.830363568640789,
                0.7552201620695117,
                0.6846283554530064,
                0.5982061926631714,
                0.5002757772435569,
                0.4082606407437962,
                0.3359852665916037,
                0.2872960749234392,
                0.25889887974815456,
                0.24431279805356407,
                0.23657559714948898,
                0.23161291948425355,
                0.23097211081782454,
                0.23962024355386163,
                0.2585897145427024,
                0.2793650644692999,
                0.2873702724332424,
                0.27283471869498255,
                0.2381837643110826,
                0.19417163444070895,
                0.15007384623572187,
                0.10929992488776966,
                0.07279268173559025,
                0.042689823780114024,
                0.02137599332531883,
                0.008955217025581748,
                0.0031068962039280897,
                0.0009254968645128315,
                0.0004305244134337322,
                0.0009515926492886872,
                0.0029789573311453203,
                0.007817512920696145,
                0.016594995964637944,
                0.028447489347223298,
                0.039376185734077855,
                0.04400931171965296,
                0.039717020247475254,
                0.028942089782649977,
                0.017029592691194615,
                0.008090954916478366,
                0.003103962372428306,
                0.0009615110081217811,
                0.00024049896944944806,
                4.85728207600324e-05,
                7.921265614818325e-06,
                1.0430784518448233e-06,
                1.1090739825188259e-07,
                9.521934884753766e-09,
                6.601019936558508e-10,
                3.695039342480095e-11,
                1.6736890778591142e-12,
                1.774179333280851e-13,
                3.0654735484980604e-12,
                6.507474372001601e-11,
                1.1160984108863257e-09,
                1.5456599142769103e-08,
                1.7284091013937625e-07,
                1.5606312225825525e-06,
                1.1378242468761027e-05,
                6.698402239683781e-05,
                0.0003184112536813751,
                0.0012221562700177983,
                0.0037877928315043423,
                0.00947909425320518,
                0.019154402604082438,
                0.03125298674078905,
                0.04117518792682744,
                0.043802691650358105,
                0.03762592219580804,
                0.026097244470861005,
                0.014615823871427043,
                0.0066095682894765076,
                0.0024134818288044937,
                0.0007116002939751958,
                0.00016941402100906913,
                3.256744799284832e-05,
                5.055210591481914e-06,
                6.33601099797917e-07,
                6.412298613343403e-08,
                5.240017063725705e-09,
                3.457584557674891e-10,
                1.8421884908952468e-11,
                7.925313776998359e-13,
                2.7530874891615264e-14,
                7.722265093301019e-16,
                1.7490029648960027e-17,
                3.198582312501169e-19,
                4.723301441689047e-21,
                5.631900081948198e-23
            ],
            "actualIsThisClassMedian": 0.9982057074380154,
            "actualIsNotThisClassMedian": 0.006830346670314341
        }
    },
    "calibrationData": [
        {
            "y": 0,
            "x": 0,
            "n": 0
        },
        {
            "y": 0.0,
            "x": 0.014135912441178271,
            "n": 379.0
        },
        {
            "y": 0.0,
            "x": 0.13654993971284185,
            "n": 21.0
        },
        {
            "y": 0.0,
            "x": 0.2512113867730364,
            "n": 11.0
        },
        {
            "y": 0.0,
            "x": 0.3152139698399622,
            "n": 2.0
        },
        {
            "y": 0.0,
            "x": 0.4648339258879227,
            "n": 1.0
        },
        {
            "y": 0.6666666666666666,
            "x": 0.7758088132673125,
            "n": 3.0
        },
        {
            "y": 1.0,
            "x": 0.8642093316192341,
            "n": 6.0
        },
        {
            "y": 1.0,
            "x": 0.9908978725004491,
            "n": 177.0
        },
        {
            "y": 1,
            "x": 1,
            "n": 0
        }
    ],
    "probaDistribData": {
        "bins": [
            0.0,
            0.1,
            0.2,
            0.3,
            0.4,
            0.5,
            0.6,
            0.7,
            0.8,
            0.9,
            1.0
        ],
        "probaDistribs": [
            [
                379.0,
                21.0,
                11.0,
                2.0,
                1.0,
                0.0,
                0.0,
                1.0,
                0.0,
                0.0
            ],
            [
                0.0,
                0.0,
                0.0,
                0.0,
                0.0,
                0.0,
                0.0,
                2.0,
                6.0,
                177.0
            ]
        ]
    },
    "globalMetrics": {
        "testWeight": 600,
        "targetAvg": [
            0.30833333333333335
        ],
        "targetStd": [
            0.46219035266043523
        ],
        "predictionAvg": [
            0.31
        ],
        "predictionStd": [
            0.4624932431938871
        ]
    }
}