{
    "predictedClassCountPerCut": [
        {
            "Fraudulent": 600
        },
        {
            "Genuine": 309,
            "Fraudulent": 291
        },
        {
            "Genuine": 351,
            "Fraudulent": 249
        },
        {
            "Genuine": 366,
            "Fraudulent": 234
        },
        {
            "Genuine": 379,
            "Fraudulent": 221
        },
        {
            "Genuine": 387,
            "Fraudulent": 213
        },
        {
            "Genuine": 395,
            "Fraudulent": 205
        },
        {
            "Genuine": 398,
            "Fraudulent": 202
        },
        {
            "Genuine": 400,
            "Fraudulent": 200
        },
        {
            "Genuine": 403,
            "Fraudulent": 197
        },
        {
            "Genuine": 405,
            "Fraudulent": 195
        },
        {
            "Genuine": 408,
            "Fraudulent": 192
        },
        {
            "Genuine": 411,
            "Fraudulent": 189
        },
        {
            "Genuine": 413,
            "Fraudulent": 187
        },
        {
            "Genuine": 413,
            "Fraudulent": 187
        },
        {
            "Genuine": 413,
            "Fraudulent": 187
        },
        {
            "Genuine": 413,
            "Fraudulent": 187
        },
        {
            "Genuine": 413,
            "Fraudulent": 187
        },
        {
            "Genuine": 413,
            "Fraudulent": 187
        },
        {
            "Genuine": 414,
            "Fraudulent": 186
        },
        {
            "Genuine": 414,
            "Fraudulent": 186
        },
        {
            "Genuine": 414,
            "Fraudulent": 186
        },
        {
            "Genuine": 414,
            "Fraudulent": 186
        },
        {
            "Genuine": 414,
            "Fraudulent": 186
        },
        {
            "Genuine": 414,
            "Fraudulent": 186
        },
        {
            "Genuine": 414,
            "Fraudulent": 186
        },
        {
            "Genuine": 414,
            "Fraudulent": 186
        },
        {
            "Genuine": 414,
            "Fraudulent": 186
        },
        {
            "Genuine": 414,
            "Fraudulent": 186
        },
        {
            "Genuine": 414,
            "Fraudulent": 186
        },
        {
            "Genuine": 414,
            "Fraudulent": 186
        },
        {
            "Genuine": 415,
            "Fraudulent": 185
        },
        {
            "Genuine": 417,
            "Fraudulent": 183
        },
        {
            "Genuine": 417,
            "Fraudulent": 183
        },
        {
            "Genuine": 419,
            "Fraudulent": 181
        },
        {
            "Genuine": 421,
            "Fraudulent": 179
        },
        {
            "Genuine": 423,
            "Fraudulent": 177
        },
        {
            "Genuine": 427,
            "Fraudulent": 173
        },
        {
            "Genuine": 430,
            "Fraudulent": 170
        },
        {
            "Genuine": 440,
            "Fraudulent": 160
        }
    ],
    "cuts": [
        0.0,
        0.025,
        0.05,
        0.075,
        0.1,
        0.125,
        0.15,
        0.175,
        0.2,
        0.225,
        0.25,
        0.275,
        0.3,
        0.325,
        0.35,
        0.375,
        0.4,
        0.425,
        0.45,
        0.475,
        0.5,
        0.525,
        0.55,
        0.575,
        0.6,
        0.625,
        0.65,
        0.675,
        0.7,
        0.725,
        0.75,
        0.775,
        0.8,
        0.825,
        0.85,
        0.875,
        0.9,
        0.925,
        0.95,
        0.975
    ],
    "predictedClassCount": {
        "Genuine": 414,
        "Fraudulent": 186
    },
    "probabilityDensities": {
        "Genuine": {
            "density": [
                0.9101334379158705,
                0.9138754197863973,
                0.9124450522320571,
                0.9058842776818518,
                0.8943226399546086,
                0.8779732143742984,
                0.8571262023596911,
                0.8321404566121632,
                0.8034332806586496,
                0.7714689063617954,
                0.7367460924715729,
                0.699785305006295,
                0.6611159361501859,
                0.6212639936309577,
                0.5807406494993975,
                0.540031979105322,
                0.4995901517444272,
                0.459826258219833,
                0.42110488179267247,
                0.38374044187552103,
                0.3479952681085078,
                0.3140792992830083,
                0.2821512493098336,
                0.25232104259999333,
                0.22465329451868388,
                0.19917159886869681,
                0.17586338283208428,
                0.15468509904722505,
                0.1355675426994229,
                0.11842110657551085,
                0.103140816796518,
                0.0896110242643148,
                0.07770965977429589,
                0.06731199255664655,
                0.058293861340844425,
                0.05053437287880544,
                0.043918084562519784,
                0.03833670502664427,
                0.033690359433097436,
                0.029888474741278905,
                0.02685034511036584,
                0.02450543921997333,
                0.02279351035522701,
                0.021664567210645965,
                0.021078759110371582,
                0.021006224225884728,
                0.02142694379437505,
                0.022330639575510278,
                0.023716745976642417,
                0.025594482447147775,
                0.027983045801829774,
                0.03091193590231174,
                0.03442142136484667,
                0.03856314440696437,
                0.04340085533881861,
                0.04901125734394389,
                0.05548493096583953,
                0.06292729513905329,
                0.0714595478587616,
                0.08121951504630172,
                0.09236232142502628,
                0.10506078307173337,
                0.11950540875862929,
                0.13590388742948417,
                0.15447993346810102,
                0.17547136118180698,
                0.19912726647096293,
                0.22570420818546236,
                0.2554613051261417,
                0.2886541976035965,
                0.32552786499579867,
                0.36630834232588994,
                0.4111934383078562,
                0.4603426226471759,
                0.5138663189731012,
                0.5718149082788727,
                0.6341678122515784,
                0.7008230820858614,
                0.7715879618356496,
                0.8461709217179265,
                0.9241756621213474,
                1.0050975702185452,
                1.0883230659268437,
                1.173132201745759,
                1.2587047825187634,
                1.3441301489073851,
                1.4284206265301629,
                1.5105284871143472,
                1.5893661058331991,
                1.6638288384885251,
                1.732819992163426,
                1.7952771322822507,
                1.8501988660133943,
                1.8966711738645388,
                1.9338923337322254,
                1.961195498051241,
                1.9780680460855193,
                1.9841669382411675,
                1.9793294433904502,
                1.9635787869793793
            ],
            "median": 0.9777140629169343
        },
        "Fraudulent": {
            "density": [
                1.9635787869793864,
                1.9793294433904434,
                1.9841669382411604,
                1.9780680460855193,
                1.961195498051241,
                1.9338923337322151,
                1.8966711738645252,
                1.850198866013404,
                1.7952771322822476,
                1.732819992163429,
                1.663828838488531,
                1.5893661058332047,
                1.5105284871143365,
                1.4284206265301553,
                1.3441301489073731,
                1.2587047825187545,
                1.1731322017457633,
                1.088323065926836,
                1.0050975702185576,
                0.9241756621213507,
                0.846170921717928,
                0.7715879618356551,
                0.7008230820858652,
                0.6341678122515829,
                0.5718149082788706,
                0.5138663189730958,
                0.4603426226471767,
                0.41119343830785327,
                0.3663083423258919,
                0.3255278649958016,
                0.288654197603597,
                0.25546130512614235,
                0.22570420818546275,
                0.1991272664709633,
                0.17547136118180715,
                0.1544799334681009,
                0.13590388742948428,
                0.11950540875862918,
                0.10506078307173292,
                0.09236232142502596,
                0.08121951504630179,
                0.0714595478587621,
                0.06292729513905324,
                0.05548493096583945,
                0.04901125734394365,
                0.043400855338818434,
                0.0385631444069643,
                0.0344214213648467,
                0.030911935902311727,
                0.02798304580182945,
                0.025594482447147775,
                0.02371674597664263,
                0.022330639575510385,
                0.02142694379437506,
                0.021006224225884745,
                0.021078759110371357,
                0.021664567210645927,
                0.02279351035522705,
                0.024505439219973356,
                0.02685034511036602,
                0.029888474741278797,
                0.033690359433097526,
                0.03833670502664461,
                0.04391808456251996,
                0.05053437287880537,
                0.05829386134084458,
                0.06731199255664634,
                0.0777096597742964,
                0.08961102426431478,
                0.10314081679651774,
                0.11842110657551075,
                0.13556754269942264,
                0.15468509904722383,
                0.17586338283208505,
                0.19917159886869648,
                0.22465329451868427,
                0.25232104259999355,
                0.2821512493098331,
                0.31407929928300776,
                0.3479952681085047,
                0.38374044187552037,
                0.4211048817926747,
                0.45982625821983214,
                0.499590151744429,
                0.540031979105323,
                0.5807406494993954,
                0.6212639936309566,
                0.6611159361501836,
                0.699785305006295,
                0.7367460924715754,
                0.7714689063617954,
                0.8034332806586496,
                0.8321404566121602,
                0.8571262023596911,
                0.8779732143742984,
                0.8943226399546118,
                0.9058842776818469,
                0.9124450522320636,
                0.9138754197863957,
                0.9101334379158705
            ],
            "median": 0.022285937083065768
        }
    }
}