{
    "details": {
        "gender": {
            "levels": [
                "Male",
                "Female"
            ],
            "with_others": true
        },
        "has_kids": {
            "levels": [
                "false",
                "true"
            ],
            "with_others": true
        },
        "income_bracket": {
            "levels": [
                "Medium",
                "Low",
                "High"
            ],
            "with_others": true
        },
        "platform_used": {
            "levels": [
                "Mobile",
                "PC",
                "Console"
            ],
            "with_others": true
        },
        "used_lego_before": {
            "levels": [
                "false",
                "true"
            ],
            "with_others": true
        },
        "owns_tablet": {
            "levels": [
                "true",
                "false"
            ],
            "with_others": true
        }
    }
}