{
    "per_feature": {
        "country": {
            "stats": {}
        },
        "entertainment_budget_pct": {
            "stats": {
                "min": 5.0,
                "average": 14.666666666666666,
                "median": 15.0,
                "max": 25.0,
                "p99": 25.0,
                "std": 7.080971574577614
            },
            "missing_impute_with_value": 14.666666666666666
        },
        "respondent_id": {
            "stats": {}
        },
        "hours_playing": {
            "stats": {
                "min": 0.0,
                "average": 10.038356164383561,
                "median": 10.0,
                "max": 20.0,
                "p99": 20.0,
                "std": 5.3620636632370084
            },
            "missing_impute_with_value": 10.038356164383561
        },
        "gender": {
            "stats": {
                "mostFrequentValue": "Male",
                "leastFrequentValue": "Female"
            },
            "category_possible_values": [
                "Male",
                "Female"
            ],
            "category_possible_counts": [
                548,
                547
            ]
        },
        "bio": {
            "stats": {}
        },
        "salary": {
            "stats": {}
        },
        "has_kids": {
            "stats": {}
        },
        "lego_preference": {
            "stats": {}
        },
        "income_bracket": {
            "stats": {}
        },
        "DOB": {
            "stats": {}
        },
        "tech_savvy_score": {
            "stats": {
                "min": 1.0,
                "average": 5.52420091324201,
                "median": 5.0,
                "max": 10.0,
                "p99": 10.0,
                "std": 2.4852597765701554
            },
            "missing_impute_with_value": 5.52420091324201
        },
        "platform_used": {
            "stats": {
                "mostFrequentValue": "Mobile",
                "leastFrequentValue": "Console"
            },
            "category_possible_values": [
                "Mobile",
                "PC",
                "Console"
            ],
            "category_possible_counts": [
                273,
                259,
                256
            ]
        },
        "used_lego_before": {
            "stats": {
                "mostFrequentValue": "false",
                "leastFrequentValue": "true"
            },
            "category_possible_values": [
                "false",
                "true"
            ],
            "category_possible_counts": [
                556,
                539
            ]
        },
        "owns_tablet": {
            "stats": {
                "mostFrequentValue": "true",
                "leastFrequentValue": "false"
            },
            "category_possible_values": [
                "true",
                "false"
            ],
            "category_possible_counts": [
                587,
                508
            ]
        },
        "Age": {
            "stats": {
                "min": 10.0,
                "average": 34.092237442922375,
                "median": 33.0,
                "max": 60.0,
                "p99": 60.0,
                "std": 14.7068143248377
            },
            "missing_impute_with_value": 34.092237442922375
        },
        "grocery_trips_per_week": {
            "stats": {}
        }
    },
    "feature_order": [
        "country",
        "entertainment_budget_pct",
        "respondent_id",
        "hours_playing",
        "gender",
        "bio",
        "salary",
        "has_kids",
        "lego_preference",
        "income_bracket",
        "DOB",
        "tech_savvy_score",
        "platform_used",
        "used_lego_before",
        "owns_tablet",
        "Age",
        "grocery_trips_per_week"
    ]
}