{
  "script": {
    "steps": [],
    "maxProcessedMemTableBytes": -1,
    "columnsSelection": {
      "mode": "ALL",
      "list": [
        {
          "name": "Profile_Creation_Date",
          "d": true
        },
        {
          "name": "Username",
          "d": true
        },
        {
          "name": "Fraud_Status",
          "d": true
        },
        {
          "name": "Followers",
          "d": true
        },
        {
          "name": "Following",
          "d": true
        },
        {
          "name": "Num_Tweets",
          "d": true
        },
        {
          "name": "Verified",
          "d": true
        },
        {
          "name": "Profile_Bio",
          "d": true
        },
        {
          "name": "Profile_Picture",
          "d": true
        },
        {
          "name": "Profile_Creation_Method",
          "d": true
        },
        {
          "name": "Tweets_Per_Day",
          "d": true
        },
        {
          "name": "Engagement_Rate",
          "d": true
        },
        {
          "name": "Tweet_Sentiment",
          "d": true
        }
      ]
    },
    "columnOrder": [],
    "columnWidthsByName": {
      "Profile_Creation_Date": 173,
      "Username": 106,
      "Fraud_Status": 105,
      "Followers": 100,
      "Following": 100,
      "Num_Tweets": 100,
      "Verified": 106,
      "Profile_Bio": 260,
      "Profile_Picture": 128,
      "Profile_Creation_Method": 188,
      "Tweets_Per_Day": 148,
      "Engagement_Rate": 155,
      "Tweet_Sentiment": 128
    },
    "columnUseScientificNotationByName": {},
    "coloring": {
      "scheme": "MEANING_AND_STATUS",
      "individualColumns": [],
      "individualColumnsRules": [],
      "valueColoringMode": "HASH"
    },
    "sorting": [],
    "analysisColumnData": {},
    "explorationSampling": {
      "selection": {
        "maxRecordsForDisplay": -1,
        "maxStoredBytes": 104857600,
        "timeout": -1,
        "filter": {
          "distinct": false,
          "enabled": false
        },
        "partitionSelectionMethod": "ALL",
        "latestPartitionsN": 1,
        "ordering": {
          "enabled": false,
          "rules": []
        },
        "samplingMethod": "HEAD_SEQUENTIAL",
        "maxRecords": 10000,
        "targetRatio": 0.02,
        "ascending": true,
        "withinFirstN": -1,
        "maxReadUncompressedBytes": -1
      },
      "autoRefreshSample": false,
      "_refreshTrigger": 1745592006723
    },
    "vizSampling": {
      "selection": {
        "useMemTable": false,
        "filter": {
          "distinct": false,
          "enabled": false
        },
        "partitionSelectionMethod": "ALL",
        "latestPartitionsN": 1,
        "ordering": {
          "enabled": false,
          "rules": []
        },
        "samplingMethod": "FULL",
        "maxRecords": -1,
        "targetRatio": 0.02,
        "ascending": true,
        "withinFirstN": -1,
        "maxReadUncompressedBytes": -1
      },
      "autoRefreshSample": false,
      "_refreshTrigger": 0
    },
    "exploreUIParams": {
      "autoRefresh": true
    },
    "globalSearchQuery": "",
    "explorationFilters": [],
    "previewMode": "ALL_ROWS"
  },
  "charts": [],
  "interactiveSearch": {
    "savedQueries": []
  },
  "customMeasures": []
}