{
  "trainedWithDSSVersion": "13.4.3",
  "backend": "PY_MEMORY",
  "isValid": true,
  "type": "BINARY_PROBABILISTIC",
  "algorithm_name": "DECISION_TREE",
  "columns": [
    "entertainment_budget_pct",
    "hours_playing",
    "tech_savvy_score",
    "Age",
    "dummy:gender:Female",
    "dummy:gender:Male",
    "dummy:gender:N/A",
    "dummy:gender:__Others__",
    "dummy:platform_used:Mobile",
    "dummy:platform_used:PC",
    "dummy:platform_used:Console",
    "dummy:platform_used:N/A",
    "dummy:platform_used:__Others__",
    "dummy:used_lego_before:true",
    "dummy:used_lego_before:false",
    "dummy:used_lego_before:N/A",
    "dummy:used_lego_before:__Others__",
    "dummy:owns_tablet:true",
    "dummy:owns_tablet:false",
    "dummy:owns_tablet:N/A",
    "dummy:owns_tablet:__Others__"
  ],
  "classes": [
    "Physical",
    "Digital"
  ]
}