{
    "perClassFacts": {
        "unique": {
            "gender": {
                "impact": 0.10353513129596854,
                "rank": 5,
                "feature": "gender",
                "positiveCategoricalValue": "Female",
                "negativeCategoricalValue": "Male",
                "infoGain": 0.5110254061395373,
                "type": "CATEGORICAL"
            },
            "used_lego_before": {
                "impact": 0.0969102028319924,
                "rank": 6,
                "feature": "used_lego_before",
                "positiveCategoricalValue": "false",
                "negativeCategoricalValue": "true",
                "infoGain": 0.6899437584583995,
                "type": "CATEGORICAL"
            },
            "platform_used": {
                "impact": 0.0423923757235116,
                "rank": 7,
                "feature": "platform_used",
                "positiveCategoricalValue": "Mobile",
                "negativeCategoricalValue": "Console",
                "infoGain": 0.6108643020548935,
                "type": "CATEGORICAL"
            }
        }
    }
}