{
    "modelInputNRows": 1078,
    "modelInputNCols": 21,
    "modelInputIsSparse": false,
    "modelInputMemory": 181104,
    "rawImportance": {
        "variables": [
            "entertainment_budget_pct",
            "hours_playing",
            "tech_savvy_score",
            "Age",
            "dummy:gender:Male",
            "dummy:platform_used:Mobile",
            "dummy:used_lego_before:true",
            "dummy:used_lego_before:false"
        ],
        "importances": [
            0.11884862462065503,
            0.27532677000934047,
            0.06685700590834341,
            0.3940447725179328,
            0.031384741278647245,
            0.019629576171946644,
            0.06348222818090081,
            0.03042628131223357
        ]
    },
    "probaAware": true
}