{
    "metrics": {},
    "processed_feature_names": [
        "entertainment_budget_pct",
        "hours_playing",
        "tech_savvy_score",
        "Age",
        "dummy:gender:Female",
        "dummy:gender:Male",
        "dummy:gender:N/A",
        "dummy:gender:__Others__",
        "dummy:platform_used:Mobile",
        "dummy:platform_used:PC",
        "dummy:platform_used:Console",
        "dummy:platform_used:N/A",
        "dummy:platform_used:__Others__",
        "dummy:used_lego_before:true",
        "dummy:used_lego_before:false",
        "dummy:used_lego_before:N/A",
        "dummy:used_lego_before:__Others__",
        "dummy:owns_tablet:true",
        "dummy:owns_tablet:false",
        "dummy:owns_tablet:N/A",
        "dummy:owns_tablet:__Others__"
    ],
    "optimalThreshold": 0.375,
    "usedThreshold": 0.375,
    "perCutData": {
        "cut": [
            0.0,
            0.025,
            0.05,
            0.075,
            0.1,
            0.125,
            0.15,
            0.175,
            0.2,
            0.225,
            0.25,
            0.275,
            0.3,
            0.325,
            0.35,
            0.375,
            0.4,
            0.425,
            0.45,
            0.475,
            0.5,
            0.525,
            0.55,
            0.575,
            0.6,
            0.625,
            0.65,
            0.675,
            0.7,
            0.725,
            0.75,
            0.775,
            0.8,
            0.825,
            0.85,
            0.875,
            0.9,
            0.925,
            0.95,
            0.975
        ],
        "tp": [
            468,
            468,
            468,
            466,
            466,
            466,
            466,
            466,
            466,
            463,
            463,
            463,
            463,
            463,
            455,
            419,
            413,
            363,
            331,
            329,
            329,
            302,
            137,
            137,
            102,
            102,
            102,
            102,
            53,
            51,
            51,
            51,
            43,
            30,
            30,
            30,
            30,
            30,
            30,
            30
        ],
        "tn": [
            12,
            12,
            12,
            48,
            48,
            48,
            48,
            48,
            48,
            63,
            63,
            63,
            63,
            63,
            83,
            165,
            177,
            269,
            323,
            326,
            326,
            360,
            543,
            543,
            574,
            574,
            574,
            574,
            602,
            603,
            603,
            603,
            606,
            610,
            610,
            610,
            610,
            610,
            610,
            610
        ],
        "fp": [
            598,
            598,
            598,
            562,
            562,
            562,
            562,
            562,
            562,
            547,
            547,
            547,
            547,
            547,
            527,
            445,
            433,
            341,
            287,
            284,
            284,
            250,
            67,
            67,
            36,
            36,
            36,
            36,
            8,
            7,
            7,
            7,
            4,
            0,
            0,
            0,
            0,
            0,
            0,
            0
        ],
        "fn": [
            0,
            0,
            0,
            2,
            2,
            2,
            2,
            2,
            2,
            5,
            5,
            5,
            5,
            5,
            13,
            49,
            55,
            105,
            137,
            139,
            139,
            166,
            331,
            331,
            366,
            366,
            366,
            366,
            415,
            417,
            417,
            417,
            425,
            438,
            438,
            438,
            438,
            438,
            438,
            438
        ],
        "precision": [
            0.43902439024390244,
            0.43902439024390244,
            0.43902439024390244,
            0.45330739299610895,
            0.45330739299610895,
            0.45330739299610895,
            0.45330739299610895,
            0.45330739299610895,
            0.45330739299610895,
            0.45841584158415843,
            0.45841584158415843,
            0.45841584158415843,
            0.45841584158415843,
            0.45841584158415843,
            0.46334012219959264,
            0.4849537037037037,
            0.48817966903073284,
            0.515625,
            0.5355987055016181,
            0.5367047308319739,
            0.5367047308319739,
            0.5471014492753623,
            0.6715686274509803,
            0.6715686274509803,
            0.7391304347826086,
            0.7391304347826086,
            0.7391304347826086,
            0.7391304347826086,
            0.8688524590163934,
            0.8793103448275862,
            0.8793103448275862,
            0.8793103448275862,
            0.9148936170212766,
            1.0,
            1.0,
            1.0,
            1.0,
            1.0,
            1.0,
            1.0
        ],
        "recall": [
            1.0,
            1.0,
            1.0,
            0.9957264957264957,
            0.9957264957264957,
            0.9957264957264957,
            0.9957264957264957,
            0.9957264957264957,
            0.9957264957264957,
            0.9893162393162394,
            0.9893162393162394,
            0.9893162393162394,
            0.9893162393162394,
            0.9893162393162394,
            0.9722222222222222,
            0.8952991452991453,
            0.8824786324786325,
            0.7756410256410257,
            0.7072649572649573,
            0.7029914529914529,
            0.7029914529914529,
            0.6452991452991453,
            0.29273504273504275,
            0.29273504273504275,
            0.21794871794871795,
            0.21794871794871795,
            0.21794871794871795,
            0.21794871794871795,
            0.11324786324786325,
            0.10897435897435898,
            0.10897435897435898,
            0.10897435897435898,
            0.09188034188034189,
            0.0641025641025641,
            0.0641025641025641,
            0.0641025641025641,
            0.0641025641025641,
            0.0641025641025641,
            0.0641025641025641,
            0.0641025641025641
        ],
        "accuracy": [
            0.4452690166975881,
            0.4452690166975881,
            0.4452690166975881,
            0.47680890538033394,
            0.47680890538033394,
            0.47680890538033394,
            0.47680890538033394,
            0.47680890538033394,
            0.47680890538033394,
            0.48794063079777367,
            0.48794063079777367,
            0.48794063079777367,
            0.48794063079777367,
            0.48794063079777367,
            0.49907235621521334,
            0.5417439703153989,
            0.5473098330241187,
            0.5862708719851577,
            0.6066790352504638,
            0.6076066790352505,
            0.6076066790352505,
            0.614100185528757,
            0.6307977736549165,
            0.6307977736549165,
            0.62708719851577,
            0.62708719851577,
            0.62708719851577,
            0.62708719851577,
            0.6076066790352505,
            0.6066790352504638,
            0.6066790352504638,
            0.6066790352504638,
            0.6020408163265306,
            0.5936920222634509,
            0.5936920222634509,
            0.5936920222634509,
            0.5936920222634509,
            0.5936920222634509,
            0.5936920222634509,
            0.5936920222634509
        ],
        "f1": [
            0.6101694915254238,
            0.6101694915254238,
            0.6101694915254238,
            0.6229946524064172,
            0.6229946524064172,
            0.6229946524064172,
            0.6229946524064172,
            0.6229946524064172,
            0.6229946524064172,
            0.6265223274695535,
            0.6265223274695535,
            0.6265223274695535,
            0.6265223274695535,
            0.6265223274695535,
            0.6275862068965518,
            0.6291291291291292,
            0.6286149162861492,
            0.6194539249146759,
            0.6095764272559853,
            0.6086956521739131,
            0.6086956521739131,
            0.592156862745098,
            0.4077380952380953,
            0.4077380952380953,
            0.3366336633663366,
            0.3366336633663366,
            0.3366336633663366,
            0.3366336633663366,
            0.20037807183364836,
            0.19391634980988595,
            0.19391634980988595,
            0.19391634980988595,
            0.16699029126213594,
            0.12048192771084336,
            0.12048192771084336,
            0.12048192771084336,
            0.12048192771084336,
            0.12048192771084336,
            0.12048192771084336,
            0.12048192771084336
        ],
        "mcc": [
            0.09293301556415384,
            0.09293301556415384,
            0.09293301556415384,
            0.17537467903557538,
            0.17537467903557538,
            0.17537467903557538,
            0.17537467903557538,
            0.17537467903557538,
            0.17537467903557538,
            0.18878170249271164,
            0.18878170249271164,
            0.18878170249271164,
            0.18878170249271164,
            0.18878170249271164,
            0.1884412594257832,
            0.20600838738604674,
            0.2082123829935552,
            0.2255659550834813,
            0.23727236000953933,
            0.23759877201171603,
            0.23759877201171603,
            0.23347923042217583,
            0.2314346177326742,
            0.2314346177326742,
            0.23577437884639196,
            0.23577437884639196,
            0.23577437884639196,
            0.23577437884639196,
            0.21480290543947292,
            0.21417742665011366,
            0.21417742665011366,
            0.21417742665011366,
            0.2070978167263706,
            0.1931621261223212,
            0.1931621261223212,
            0.1931621261223212,
            0.1931621261223212,
            0.1931621261223212,
            0.1931621261223212,
            0.1931621261223212
        ],
        "hammingLoss": [
            0.5547309833024119,
            0.5547309833024119,
            0.5547309833024119,
            0.5231910946196661,
            0.5231910946196661,
            0.5231910946196661,
            0.5231910946196661,
            0.5231910946196661,
            0.5231910946196661,
            0.5120593692022264,
            0.5120593692022264,
            0.5120593692022264,
            0.5120593692022264,
            0.5120593692022264,
            0.5009276437847867,
            0.4582560296846011,
            0.45269016697588127,
            0.4137291280148423,
            0.39332096474953615,
            0.39239332096474955,
            0.39239332096474955,
            0.385899814471243,
            0.3692022263450835,
            0.3692022263450835,
            0.37291280148423,
            0.37291280148423,
            0.37291280148423,
            0.37291280148423,
            0.39239332096474955,
            0.39332096474953615,
            0.39332096474953615,
            0.39332096474953615,
            0.3979591836734694,
            0.40630797773654914,
            0.40630797773654914,
            0.40630797773654914,
            0.40630797773654914,
            0.40630797773654914,
            0.40630797773654914,
            0.40630797773654914
        ],
        "assertionsMetrics": [],
        "overridesMetrics": []
    },
    "tiMetrics": {
        "auc": 0.6727616645649431,
        "logLoss": 0.6249015141502134,
        "lift": 1.2933349197850357,
        "averagePrecision": 0.6119458986414295,
        "calibrationLoss": 0.058392528860806196
    },
    "probaPercentiles": [
        0.0,
        0.06752269205224704,
        0.06752269205224704,
        0.06752269205224704,
        0.20677966101694914,
        0.20677966101694914,
        0.3426966292134831,
        0.3426966292134831,
        0.36396181384248194,
        0.36396181384248194,
        0.36396181384248194,
        0.36396181384248194,
        0.36396181384248194,
        0.36396181384248194,
        0.36396181384248194,
        0.36396181384248194,
        0.36396181384248194,
        0.36396181384248194,
        0.36396181384248194,
        0.3945666235446313,
        0.39456662354463135,
        0.4118838622552328,
        0.4118838622552328,
        0.4118838622552328,
        0.4118838622552328,
        0.4118838622552328,
        0.4118838622552328,
        0.4118838622552328,
        0.4118838622552328,
        0.4118838622552328,
        0.4118838622552328,
        0.4219367588932806,
        0.4219367588932806,
        0.4219367588932806,
        0.43579210573316646,
        0.43579210573316646,
        0.43579210573316646,
        0.43579210573316646,
        0.43579210573316646,
        0.43579210573316646,
        0.43579210573316646,
        0.43579210573316646,
        0.46493902439024387,
        0.5049668874172184,
        0.5049668874172184,
        0.5049668874172184,
        0.5160744500846024,
        0.5160744500846024,
        0.5377607992947394,
        0.5377607992947394,
        0.5377607992947394,
        0.5377607992947394,
        0.5377607992947394,
        0.5377607992947394,
        0.5377607992947394,
        0.5377607992947394,
        0.5377607992947394,
        0.5377607992947394,
        0.5377607992947394,
        0.5377607992947394,
        0.5377607992947394,
        0.5377607992947394,
        0.5377607992947394,
        0.5377607992947394,
        0.5377607992947394,
        0.5377607992947394,
        0.5377607992947394,
        0.5377607992947394,
        0.5377607992947394,
        0.5377607992947394,
        0.5451039413037344,
        0.5451039413037344,
        0.5451039413037344,
        0.5451039413037344,
        0.5451039413037344,
        0.5451039413037344,
        0.5451039413037344,
        0.5451039413037344,
        0.5451039413037344,
        0.5451039413037344,
        0.5451039413037344,
        0.5945419103313838,
        0.5945419103313838,
        0.5945419103313838,
        0.5945419103313838,
        0.5983325159391859,
        0.5983325159391859,
        0.6952132855747313,
        0.6952132855747313,
        0.6952132855747313,
        0.6952132855747313,
        0.6952132855747313,
        0.6952132855747313,
        0.6952132855747313,
        0.7765754296626353,
        0.8090185676392574,
        0.8090185676392574,
        1.0,
        1.0
    ],
    "rocVizData": [
        [
            {
                "x": 0.0,
                "y": 0.0,
                "p": 2.0
            },
            {
                "x": 0.0,
                "y": 0.0641025641025641,
                "p": 1.0
            },
            {
                "x": 0.013114754098360656,
                "y": 0.11324786324786325,
                "p": 0.7227488151658767
            },
            {
                "x": 0.05901639344262295,
                "y": 0.21794871794871795,
                "p": 0.6952132855747313
            },
            {
                "x": 0.10983606557377049,
                "y": 0.29273504273504275,
                "p": 0.5945419103313838
            },
            {
                "x": 0.21147540983606558,
                "y": 0.41452991452991456,
                "p": 0.5451039413037344
            },
            {
                "x": 0.4098360655737705,
                "y": 0.6452991452991453,
                "p": 0.5377607992947394
            },
            {
                "x": 0.46557377049180326,
                "y": 0.7029914529914529,
                "p": 0.5049668874172184
            },
            {
                "x": 0.559016393442623,
                "y": 0.7756410256410257,
                "p": 0.43579210573316646
            },
            {
                "x": 0.6,
                "y": 0.8055555555555556,
                "p": 0.4219367588932806
            },
            {
                "x": 0.7098360655737705,
                "y": 0.8824786324786325,
                "p": 0.4118838622552328
            },
            {
                "x": 0.8639344262295082,
                "y": 0.9722222222222222,
                "p": 0.36396181384248194
            },
            {
                "x": 0.921311475409836,
                "y": 0.9957264957264957,
                "p": 0.20677966101694914
            },
            {
                "x": 0.980327868852459,
                "y": 1.0,
                "p": 0.06752269205224704
            },
            {
                "x": 1.0,
                "y": 1.0,
                "p": 0.0
            }
        ]
    ],
    "liftVizData": {
        "bins": [
            {
                "bin_pos_prop": 0.7189542484,
                "bin_lift": 1.6560527345,
                "cum_lift": 0.235042735,
                "cum_size": 0.1419294991,
                "bin_min": 0.5945419103,
                "bin_max": 1.0,
                "percentile_idx": 0
            },
            {
                "bin_pos_prop": 0.5294117647,
                "bin_lift": 1.2194570136,
                "cum_lift": 0.2927350427,
                "cum_size": 0.1892393321,
                "bin_min": 0.5451039413,
                "bin_max": 0.5945419103,
                "percentile_idx": 1
            },
            {
                "bin_pos_prop": 0.4789915966,
                "bin_lift": 1.1033182504,
                "cum_lift": 0.4145299145,
                "cum_size": 0.2996289425,
                "bin_min": 0.5377607993,
                "bin_max": 0.5451039413,
                "percentile_idx": 2
            },
            {
                "bin_pos_prop": 0.4655172414,
                "bin_lift": 1.0722811671,
                "cum_lift": 0.702991453,
                "cum_size": 0.5686456401,
                "bin_min": 0.4649390244,
                "bin_max": 0.5377607993,
                "percentile_idx": 3
            },
            {
                "bin_pos_prop": 0.3692307692,
                "bin_lift": 0.8504930966,
                "cum_lift": 0.8055555556,
                "cum_size": 0.6892393321,
                "bin_min": 0.4118838623,
                "bin_max": 0.4649390244,
                "percentile_idx": 4
            },
            {
                "bin_pos_prop": 0.347107438,
                "bin_lift": 0.7995337995,
                "cum_lift": 0.8952991453,
                "cum_size": 0.8014842301,
                "bin_min": 0.3639618138,
                "bin_max": 0.4118838623,
                "percentile_idx": 5
            },
            {
                "bin_pos_prop": 0.2289719626,
                "bin_lift": 0.5274183241,
                "cum_lift": 1.0,
                "cum_size": 1.0,
                "bin_min": 0.0,
                "bin_max": 0.3639618138,
                "percentile_idx": 6
            }
        ],
        "wizard": {
            "positives": 468,
            "total": 1078
        }
    },
    "prVizData": [
        {
            "bins": [
                {
                    "x": 1.0,
                    "y": 0.43413729128014844,
                    "p": 0.0
                },
                {
                    "x": 0.8952991452991453,
                    "y": 0.4849537037037037,
                    "p": 0.3945666235446313
                },
                {
                    "x": 0.8055555555555556,
                    "y": 0.5074024226110363,
                    "p": 0.4219367588932806
                },
                {
                    "x": 0.7072649572649573,
                    "y": 0.5355987055016181,
                    "p": 0.46493902439024387
                },
                {
                    "x": 0.6452991452991453,
                    "y": 0.5471014492753623,
                    "p": 0.5377607992947394
                },
                {
                    "x": 0.41452991452991456,
                    "y": 0.6006191950464397,
                    "p": 0.5451039413037344
                },
                {
                    "x": 0.29273504273504275,
                    "y": 0.6715686274509803,
                    "p": 0.5945419103313838
                },
                {
                    "x": 0.23504273504273504,
                    "y": 0.7189542483660131,
                    "p": 0.5983325159391859
                },
                {
                    "x": 0.11324786324786325,
                    "y": 0.8688524590163934,
                    "p": 0.7227488151658767
                },
                {
                    "x": 0.09188034188034189,
                    "y": 0.9148936170212766,
                    "p": 0.8090185676392574
                },
                {
                    "x": 0.0641025641025641,
                    "y": 1.0,
                    "p": 1.0
                }
            ],
            "positiveRate": 0.43413729128014844
        }
    ],
    "densityData": {
        "Physical": {
            "actualIsThisClass": [
                7.891872998130094e-06,
                1.9887669376319664e-05,
                4.7712769421498594e-05,
                0.00010899077267793265,
                0.0002370915285546969,
                0.0004912374564221366,
                0.0009696329093797303,
                0.001823775813801978,
                0.003269735271649713,
                0.0055896855295258585,
                0.009115715364866751,
                0.01418968238693091,
                0.02109912690498054,
                0.029999960236336196,
                0.04084920578763946,
                0.053380241721207755,
                0.06715224393621656,
                0.08168985128224004,
                0.09669822921674408,
                0.11229944922995738,
                0.12920207169706818,
                0.1487043926693691,
                0.17245804492468667,
                0.201987479680628,
                0.23806013385961317,
                0.2801002874375945,
                0.3258926072615443,
                0.37178953189878966,
                0.41350737084227185,
                0.44739994565177466,
                0.4719066653483676,
                0.48876759001241593,
                0.5036351286378419,
                0.5258806127237214,
                0.5676179134351321,
                0.6421403584933149,
                0.7620181663395732,
                0.9370397409091971,
                1.1720949252530661,
                1.4651151850772846,
                1.8053676978817588,
                2.172678077867699,
                2.5383317380916997,
                2.8682492680269878,
                3.128443779301085,
                3.291884098347768,
                3.345068132817667,
                3.2922803075068825,
                3.1559239994031754,
                2.972414576677992,
                2.7845017617443006,
                2.632031105346893,
                2.5436254576654855,
                2.531420163892739,
                2.5899851246227152,
                2.6992930628466536,
                2.83048265865815,
                2.9525597049096635,
                3.0382251901667834,
                3.067629263399415,
                3.029741211012792,
                2.921829333281715,
                2.7479618592108745,
                2.517373064392035,
                2.2431263983709453,
                1.941034615513817,
                1.6285325897122154,
                1.323246648761748,
                1.0412726407900175,
                0.7954584476517106,
                0.5941058324398646,
                0.4404078502737703,
                0.3327012992060755,
                0.265378830549106,
                0.23017977047849036,
                0.21758476945024682,
                0.21812453000582321,
                0.2235012471802751,
                0.22746569803026118,
                0.22639452792771433,
                0.2195052776743983,
                0.2086645961519992,
                0.19779634730299522,
                0.19196338560299891,
                0.19625426613793817,
                0.21464055469024604,
                0.24898474053454175,
                0.29837995471134043,
                0.3589848775775704,
                0.42445895390874694,
                0.48698566141086774,
                0.5387067103033776,
                0.5732324965562032,
                0.5868229598491803,
                0.5789061305218757,
                0.5518122037551613,
                0.5098679388719232,
                0.45820161876177146,
                0.40166178427381594,
                0.3441401010065534
            ],
            "actualIsNotThisClass": [
                0.5057154551463936,
                0.4960368917468253,
                0.46774685158595236,
                0.4242582732256116,
                0.37057037060910486,
                0.3124568525628025,
                0.25562549763189846,
                0.20502801232701945,
                0.1644283684143268,
                0.13624728961254373,
                0.12162429689969961,
                0.12060074050528807,
                0.13233378193401207,
                0.15529091429591468,
                0.18742479385998076,
                0.2263648045790322,
                0.26966811562090715,
                0.3151452376648624,
                0.3612237052911057,
                0.4072599957270759,
                0.4536797060142093,
                0.5018399633767131,
                0.5535729585950808,
                0.6104731148489161,
                0.6731018293948996,
                0.7403613499416806,
                0.8092951153706065,
                0.8754875454799522,
                0.9340749913925521,
                0.9811865353064967,
                1.0154723546367146,
                1.0393070553576547,
                1.0593045739383653,
                1.0859355527505046,
                1.1322454459633098,
                1.2118655536921434,
                1.3366386687388871,
                1.514230940115002,
                1.7460922978070108,
                2.026093868877064,
                2.3401315789286743,
                2.666926686604346,
                2.9801365239763644,
                3.251678010542575,
                3.455872091898932,
                3.5737117465818913,
                3.5963584153034582,
                3.526995993899282,
                3.3804672117922983,
                3.1806308235107905,
                2.955961497796237,
                2.734378556803134,
                2.538479626475459,
                2.382210768091219,
                2.269581647518164,
                2.1954784552523923,
                2.1481158670062963,
                2.112347020267156,
                2.072984298732547,
                2.0174508471158394,
                1.9373911568021016,
                1.8291992630131433,
                1.6936733032793914,
                1.535123146908193,
                1.3602489321529005,
                1.1770203540797486,
                0.9936803582141559,
                0.8179185257585315,
                0.6562250605782398,
                0.5134346508342913,
                0.39247660427560505,
                0.2943436815758802,
                0.21827110046371748,
                0.16208696114366639,
                0.1226694146216626,
                0.09643478857521459,
                0.07978717440902762,
                0.06947887550092804,
                0.06285463764957748,
                0.05797397401968593,
                0.05362188528879493,
                0.049228726423890444,
                0.044726128324986854,
                0.04036876272139704,
                0.03655158160796857,
                0.03364883913687012,
                0.031894900538018724,
                0.03131839225142601,
                0.0317319510800985,
                0.032771041907677226,
                0.03396815197119101,
                0.03484399001088375,
                0.03499578993744662,
                0.034164860865752496,
                0.03227102811037221,
                0.029409620987463886,
                0.025815361078787877,
                0.021804634154737188,
                0.017711284082849676,
                0.013830440364067338
            ],
            "actualIsThisClassMedian": 0.5642078942668336,
            "actualIsNotThisClassMedian": 0.46223920070526064
        },
        "Digital": {
            "actualIsThisClass": [
                0.013830440364067326,
                0.01771128408284969,
                0.02180463415473723,
                0.025815361078787877,
                0.029409620987463927,
                0.03227102811037224,
                0.034164860865752496,
                0.03499578993744662,
                0.03484399001088374,
                0.033968151971190984,
                0.03277104190767721,
                0.031731951080098485,
                0.031318392251426,
                0.031894900538018724,
                0.03364883913687013,
                0.03655158160796856,
                0.04036876272139704,
                0.044726128324986895,
                0.049228726423890444,
                0.053621885288794975,
                0.057973974019685987,
                0.06285463764957754,
                0.06947887550092807,
                0.07978717440902769,
                0.0964347885752148,
                0.12266941462166271,
                0.16208696114366694,
                0.21827110046371767,
                0.294343681575881,
                0.3924766042756061,
                0.5134346508342913,
                0.6562250605782409,
                0.8179185257585315,
                0.9936803582141577,
                1.1770203540797466,
                1.3602489321529005,
                1.5351231469081958,
                1.6936733032793914,
                1.82919926301314,
                1.9373911568020983,
                2.0174508471158394,
                2.072984298732543,
                2.1123470202671597,
                2.1481158670062963,
                2.1954784552523963,
                2.2695816475181596,
                2.3822107680912143,
                2.5384796264754548,
                2.734378556803129,
                2.955961497796232,
                3.1806308235107847,
                3.380467211792304,
                3.5269959938992756,
                3.596358415303465,
                3.5737117465818975,
                3.455872091898932,
                3.251678010542575,
                2.980136523976359,
                2.666926686604341,
                2.3401315789286743,
                2.026093868877064,
                1.7460922978070046,
                1.514230940115002,
                1.3366386687388847,
                1.2118655536921434,
                1.1322454459633078,
                1.0859355527505063,
                1.059304573938367,
                1.0393070553576527,
                1.0154723546367128,
                0.981186535306495,
                0.9340749913925505,
                0.8754875454799522,
                0.8092951153706051,
                0.7403613499416799,
                0.6731018293948984,
                0.6104731148489155,
                0.5535729585950808,
                0.5018399633767127,
                0.4536797060142093,
                0.4072599957270755,
                0.3612237052911057,
                0.31514523766486185,
                0.26966811562090715,
                0.2263648045790322,
                0.18742479385998043,
                0.15529091429591468,
                0.13233378193401207,
                0.12060074050528818,
                0.12162429689969995,
                0.1362472896125441,
                0.1644283684143268,
                0.20502801232702,
                0.2556254976318989,
                0.3124568525628033,
                0.3705703706091058,
                0.4242582732256124,
                0.4677468515859532,
                0.4960368917468262,
                0.5057154551463936
            ],
            "actualIsNotThisClass": [
                0.3441401010065534,
                0.40166178427381627,
                0.4582016187617719,
                0.5098679388719232,
                0.5518122037551617,
                0.5789061305218761,
                0.5868229598491808,
                0.5732324965562032,
                0.5387067103033776,
                0.4869856614108673,
                0.4244589539087466,
                0.3589848775775698,
                0.29837995471133993,
                0.24898474053454153,
                0.21464055469024565,
                0.196254266137938,
                0.19196338560299875,
                0.1977963473029954,
                0.2086645961519992,
                0.2195052776743983,
                0.22639452792771414,
                0.22746569803026137,
                0.2235012471802751,
                0.21812453000582321,
                0.21758476945024718,
                0.23017977047849036,
                0.2653788305491065,
                0.3327012992060761,
                0.44040785027377183,
                0.5941058324398673,
                0.7954584476517113,
                1.041272640790023,
                1.323246648761748,
                1.6285325897122183,
                1.941034615513817,
                2.2431263983709475,
                2.5173730643920305,
                2.747961859210872,
                2.921829333281715,
                3.029741211012792,
                3.0676292633994175,
                3.0382251901667754,
                2.952559704909666,
                2.8304826586581426,
                2.6992930628466536,
                2.5899851246227152,
                2.531420163892739,
                2.5436254576654855,
                2.632031105346888,
                2.7845017617443006,
                2.972414576677987,
                3.155923999403178,
                3.2922803075068825,
                3.3450681328176644,
                3.2918840983477597,
                3.128443779301085,
                2.8682492680269878,
                2.5383317380916997,
                2.172678077867693,
                1.8053676978817572,
                1.4651151850772832,
                1.1720949252530621,
                0.9370397409091971,
                0.7620181663395725,
                0.6421403584933136,
                0.5676179134351327,
                0.5258806127237214,
                0.5036351286378419,
                0.4887675900124155,
                0.471906665348368,
                0.44739994565177427,
                0.4135073708422711,
                0.37178953189879,
                0.325892607261544,
                0.2801002874375945,
                0.23806013385961317,
                0.201987479680628,
                0.17245804492468667,
                0.14870439266936897,
                0.1292020716970683,
                0.11229944922995738,
                0.09669822921674416,
                0.08168985128223993,
                0.06715224393621651,
                0.053380241721207804,
                0.04084920578763939,
                0.029999960236336196,
                0.021099126904980503,
                0.01418968238693091,
                0.009115715364866718,
                0.005589685529525853,
                0.0032697352716497185,
                0.0018237758138019715,
                0.0009696329093797303,
                0.0004912374564221348,
                0.00023709152855469606,
                0.00010899077267793303,
                4.771276942149851e-05,
                1.9887669376319664e-05,
                7.891872998130152e-06
            ],
            "actualIsThisClassMedian": 0.5377607992947394,
            "actualIsNotThisClassMedian": 0.43579210573316646
        }
    },
    "calibrationData": [
        {
            "y": 0,
            "x": 0,
            "n": 0
        },
        {
            "y": 0.04,
            "x": 0.05131724595970774,
            "n": 50.0
        },
        {
            "y": 0.16666666666666666,
            "x": 0.20677966101694914,
            "n": 18.0
        },
        {
            "y": 0.3048780487804878,
            "x": 0.3636902370438644,
            "n": 164.0
        },
        {
            "y": 0.3605150214592275,
            "x": 0.4235295606185857,
            "n": 233.0
        },
        {
            "y": 0.47789473684210526,
            "x": 0.5438659970640549,
            "n": 475.0
        },
        {
            "y": 0.6363636363636364,
            "x": 0.6952132855747312,
            "n": 77.0
        },
        {
            "y": 0.7142857142857143,
            "x": 0.7650411551276156,
            "n": 14.0
        },
        {
            "y": 0.7647058823529411,
            "x": 0.8090185676392574,
            "n": 17.0
        },
        {
            "y": 1.0,
            "x": 1.0,
            "n": 30.0
        },
        {
            "y": 1,
            "x": 1,
            "n": 0
        }
    ],
    "probaDistribData": {
        "bins": [
            0.0,
            0.1,
            0.2,
            0.3,
            0.4,
            0.5,
            0.6,
            0.7,
            0.8,
            0.9,
            1.0
        ],
        "probaDistribs": [
            [
                48.0,
                0.0,
                15.0,
                114.0,
                149.0,
                248.0,
                28.0,
                4.0,
                4.0,
                0.0
            ],
            [
                2.0,
                0.0,
                3.0,
                50.0,
                84.0,
                227.0,
                49.0,
                10.0,
                13.0,
                30.0
            ]
        ]
    },
    "globalMetrics": {
        "testWeight": 1078,
        "targetAvg": [
            0.43413729128014844
        ],
        "targetStd": [
            0.49587317140355575
        ],
        "predictionAvg": [
            0.8014842300556586
        ],
        "predictionStd": [
            0.39888251281266607
        ]
    }
}