{
    "predictedClassCountPerCut": [
        {
            "Digital": 1066,
            "Physical": 12
        },
        {
            "Digital": 1066,
            "Physical": 12
        },
        {
            "Digital": 1066,
            "Physical": 12
        },
        {
            "Digital": 1028,
            "Physical": 50
        },
        {
            "Digital": 1028,
            "Physical": 50
        },
        {
            "Digital": 1028,
            "Physical": 50
        },
        {
            "Digital": 1028,
            "Physical": 50
        },
        {
            "Digital": 1028,
            "Physical": 50
        },
        {
            "Digital": 1028,
            "Physical": 50
        },
        {
            "Digital": 1010,
            "Physical": 68
        },
        {
            "Digital": 1010,
            "Physical": 68
        },
        {
            "Digital": 1010,
            "Physical": 68
        },
        {
            "Digital": 1010,
            "Physical": 68
        },
        {
            "Digital": 1010,
            "Physical": 68
        },
        {
            "Digital": 982,
            "Physical": 96
        },
        {
            "Digital": 864,
            "Physical": 214
        },
        {
            "Digital": 846,
            "Physical": 232
        },
        {
            "Digital": 704,
            "Physical": 374
        },
        {
            "Digital": 618,
            "Physical": 460
        },
        {
            "Digital": 613,
            "Physical": 465
        },
        {
            "Digital": 613,
            "Physical": 465
        },
        {
            "Digital": 552,
            "Physical": 526
        },
        {
            "Physical": 874,
            "Digital": 204
        },
        {
            "Physical": 874,
            "Digital": 204
        },
        {
            "Physical": 940,
            "Digital": 138
        },
        {
            "Physical": 940,
            "Digital": 138
        },
        {
            "Physical": 940,
            "Digital": 138
        },
        {
            "Physical": 940,
            "Digital": 138
        },
        {
            "Physical": 1017,
            "Digital": 61
        },
        {
            "Physical": 1020,
            "Digital": 58
        },
        {
            "Physical": 1020,
            "Digital": 58
        },
        {
            "Physical": 1020,
            "Digital": 58
        },
        {
            "Physical": 1031,
            "Digital": 47
        },
        {
            "Physical": 1048,
            "Digital": 30
        },
        {
            "Physical": 1048,
            "Digital": 30
        },
        {
            "Physical": 1048,
            "Digital": 30
        },
        {
            "Physical": 1048,
            "Digital": 30
        },
        {
            "Physical": 1048,
            "Digital": 30
        },
        {
            "Physical": 1048,
            "Digital": 30
        },
        {
            "Physical": 1048,
            "Digital": 30
        }
    ],
    "cuts": [
        0.0,
        0.025,
        0.05,
        0.075,
        0.1,
        0.125,
        0.15,
        0.175,
        0.2,
        0.225,
        0.25,
        0.275,
        0.3,
        0.325,
        0.35,
        0.375,
        0.4,
        0.425,
        0.45,
        0.475,
        0.5,
        0.525,
        0.55,
        0.575,
        0.6,
        0.625,
        0.65,
        0.675,
        0.7,
        0.725,
        0.75,
        0.775,
        0.8,
        0.825,
        0.85,
        0.875,
        0.9,
        0.925,
        0.95,
        0.975
    ],
    "predictedClassCount": {
        "Digital": 864,
        "Physical": 214
    },
    "probabilityDensities": {
        "Physical": {
            "density": [
                0.25251456684943163,
                0.2460222410560716,
                0.2274058707798639,
                0.19946719387094133,
                0.16613647015938302,
                0.13162765528721146,
                0.09967409847250623,
                0.07304795829977839,
                0.0534347741233125,
                0.04159872753987328,
                0.03768774464491779,
                0.0415141405152491,
                0.05269721736992243,
                0.07064014771410246,
                0.0944004246463835,
                0.12257197928220519,
                0.15330846463662082,
                0.184574490266975,
                0.21462321194617695,
                0.24258921648911502,
                0.26899230514859707,
                0.295911191975248,
                0.32663701340958723,
                0.3647616306557479,
                0.4128669396019007,
                0.47119364303002775,
                0.5367918089118034,
                0.6036092531266573,
                0.6637273025949534,
                0.7095636646567279,
                0.736470973373909,
                0.7449412056264565,
                0.7416992348076343,
                0.7393216470809877,
                0.7544960778468026,
                0.8054175441183553,
                0.9089291689063171,
                1.0778399457810695,
                1.3185538640251915,
                1.6289728361386169,
                1.9967672209869838,
                2.398503703655378,
                2.800502933913715,
                3.1622908117528574,
                3.4428765929467633,
                3.6089603345739465,
                3.6430288772660107,
                3.5487653297526744,
                3.351673218644031,
                3.0942255262368903,
                2.82664458369944,
                2.5958627680712127,
                2.435743007607278,
                2.361106614145767,
                2.3668033738159315,
                2.4314899826327174,
                2.5244951007564427,
                2.613515958302392,
                2.671036039208748,
                2.6781386523182507,
                2.625472840858736,
                2.512075870557643,
                2.3432250190995885,
                2.128372307180608,
                1.8796825717890293,
                1.6110974841745964,
                1.337509879540325,
                1.0736783413506914,
                0.8328255301274247,
                0.6251967355244272,
                0.456996427921706,
                0.3300137646194008,
                0.24199240150637485,
                0.18755801910700118,
                0.15940519450709015,
                0.14947896972464897,
                0.14999851429270797,
                0.15427339164607207,
                0.15730699515801375,
                0.15617265285551185,
                0.1501266565864369,
                0.14042717091572512,
                0.12986759187447128,
                0.12208745983025288,
                0.12076559873555111,
                0.12881556736140168,
                0.14770042762990632,
                0.17697718409066693,
                0.21417318381766526,
                0.25506936293306187,
                0.29439513112024646,
                0.3268252274862553,
                0.34804703546195254,
                0.3556016275265569,
                0.3492461783173849,
                0.33074100864199535,
                0.30316982774916046,
                0.27006125303557693,
                0.2346183748478458,
                0.19927021585410723
            ],
            "median": 0.46223920070526064
        },
        "Digital": {
            "density": [
                0.19927021585410723,
                0.2346183748478458,
                0.2700612530355774,
                0.30316982774916046,
                0.3307410086419956,
                0.34924617831738525,
                0.3556016275265569,
                0.34804703546195226,
                0.32682522748625503,
                0.29439513112024646,
                0.2550693629330612,
                0.2141731838176649,
                0.17697718409066646,
                0.14770042762990618,
                0.12881556736140146,
                0.120765598735551,
                0.12208745983025276,
                0.1298675918744715,
                0.14042717091572512,
                0.15012665658643717,
                0.15617265285551185,
                0.15730699515801375,
                0.15427339164607218,
                0.14999851429270808,
                0.14947896972464897,
                0.15940519450709015,
                0.1875580191070015,
                0.24199240150637508,
                0.33001376461940196,
                0.45699642792170764,
                0.6251967355244283,
                0.8328255301274275,
                1.0736783413506932,
                1.3375098795403262,
                1.611097484174595,
                1.8796825717890275,
                2.128372307180612,
                2.3432250190995862,
                2.512075870557643,
                2.625472840858736,
                2.6781386523182555,
                2.6710360392087504,
                2.613515958302392,
                2.5244951007564427,
                2.431489982632724,
                2.366803373815936,
                2.3611066141457737,
                2.43574300760728,
                2.595862768071215,
                2.8266445836994345,
                3.094225526236896,
                3.351673218644037,
                3.5487653297526744,
                3.643028877266017,
                3.6089603345739527,
                3.442876592946757,
                3.1622908117528574,
                2.800502933913715,
                2.398503703655376,
                1.9967672209869838,
                1.6289728361386182,
                1.3185538640251915,
                1.0778399457810703,
                0.9089291689063164,
                0.8054175441183539,
                0.7544960778468033,
                0.7393216470809877,
                0.7416992348076343,
                0.7449412056264565,
                0.7364709733739097,
                0.7095636646567279,
                0.6637273025949527,
                0.6036092531266578,
                0.536791808911803,
                0.4711936430300286,
                0.41286693960189996,
                0.36476163065574724,
                0.32663701340958723,
                0.295911191975248,
                0.26899230514859707,
                0.2425892164891148,
                0.21462321194617695,
                0.18457449026697467,
                0.15330846463662068,
                0.1225719792822053,
                0.09440042464638333,
                0.07064014771410246,
                0.05269721736992234,
                0.0415141405152491,
                0.03768774464491782,
                0.041598727539873315,
                0.05343477412331255,
                0.07304795829977859,
                0.09967409847250641,
                0.13162765528721193,
                0.16613647015938332,
                0.1994671938709415,
                0.2274058707798641,
                0.2460222410560718,
                0.2525145668494321
            ],
            "median": 0.5377607992947394
        }
    }
}