{
  "state": "DONE",
  "preSearchDescription": {
    "gridLength": 1,
    "searchStrategy": "GRID",
    "importantParams": [
      {
        "name": "max_depth",
        "vals": [
          "5"
        ]
      },
      {
        "name": "min_samples",
        "vals": [
          "1"
        ]
      },
      {
        "name": "criterion",
        "vals": [
          "gini"
        ]
      }
    ]
  },
  "postSearchDescription": {
    "importantParams": [
      {
        "name": "criterion",
        "val": "gini"
      },
      {
        "name": "max_depth",
        "val": "5"
      },
      {
        "name": "min_samples",
        "val": "1"
      }
    ]
  },
  "resumed": false,
  "timeOrderingEnabled": false,
  "sampleWeightsEnabled": false,
  "modelId": "m1",
  "progress": {
    "top_level_todo": [],
    "stack": [],
    "top_level_done": [
      {
        "name": "Loading train set",
        "time": 144
      },
      {
        "name": "Loading test set",
        "time": 19
      },
      {
        "name": "Collecting statistics",
        "time": 53
      },
      {
        "name": "Preprocessing train set",
        "time": 128
      },
      {
        "name": "Preprocessing test set",
        "time": 37
      },
      {
        "name": "Fitting model",
        "time": 63
      },
      {
        "name": "Saving model",
        "time": 37
      },
      {
        "name": "Scoring model",
        "time": 248
      },
      {
        "name": "Preparing explainability",
        "time": 524
      }
    ]
  },
  "startTime": 1744615015450,
  "endTime": 1744615016723,
  "preprocessingTime": 400,
  "trainingTime": 873,
  "hyperparamsSearchTime": 0,
  "pythonVersion": "3.9.20",
  "packagesVersion": {
    "pandas": "2.2.3",
    "scikit-learn": "1.3.2",
    "scipy": "1.13.1",
    "lightgbm": "4.6.0",
    "flask": "2.2.5",
    "itsdangerous": "2.2.0",
    "jinja2": "3.1.6",
    "xgboost": "1.7.6",
    "werkzeug": "3.1.3",
    "statsmodels": "0.14.4",
    "pillow": "11.1.0",
    "markupsafe": "3.0.2",
    "cloudpickle": "1.5.0"
  }
}