{
    "tree": {
        "leftChild": [
            1,
            2,
            3,
            4,
            5,
            -1,
            -1,
            8,
            -1,
            -1,
            11,
            12,
            -1,
            -1,
            15,
            -1,
            -1,
            18,
            19,
            -1,
            21,
            -1,
            -1,
            24,
            25,
            -1,
            -1,
            28,
            -1,
            -1,
            31,
            32,
            33,
            34,
            -1,
            -1,
            37,
            -1,
            -1,
            40,
            41,
            -1,
            -1,
            44,
            -1,
            -1,
            47,
            48,
            49,
            -1,
            -1,
            52,
            -1,
            -1,
            55,
            56,
            -1,
            -1,
            -1
        ],
        "rightChild": [
            30,
            17,
            10,
            7,
            6,
            -1,
            -1,
            9,
            -1,
            -1,
            14,
            13,
            -1,
            -1,
            16,
            -1,
            -1,
            23,
            20,
            -1,
            22,
            -1,
            -1,
            27,
            26,
            -1,
            -1,
            29,
            -1,
            -1,
            46,
            39,
            36,
            35,
            -1,
            -1,
            38,
            -1,
            -1,
            43,
            42,
            -1,
            -1,
            45,
            -1,
            -1,
            54,
            51,
            50,
            -1,
            -1,
            53,
            -1,
            -1,
            58,
            57,
            -1,
            -1,
            -1
        ],
        "impurity": [
            0.49999999999997935,
            0.4980593630495197,
            0.49886517166676414,
            0.49800804458891723,
            0.49997486423453674,
            0.4821236543817857,
            0.49175469262763627,
            0.3882686129603451,
            0.30901504970836335,
            0.49754145597858423,
            0.4883004681177143,
            0.43811818509679945,
            0.0,
            0.3470120634138575,
            0.48052285318559584,
            0.46298722381394397,
            0.4999506600587703,
            0.49047721017789114,
            0.17803837060269645,
            0.0,
            0.09850923907385267,
            0.40076593068439614,
            3.3306690738754696e-16,
            0.49371103456629273,
            0.47772088194877205,
            0.4959312689577372,
            0.4237835462702464,
            0.499391123927274,
            0.45051129907839926,
            0.49714824407324754,
            0.48285551395343873,
            0.49719975532944083,
            0.4862248141849682,
            0.4764330382822253,
            0.32804366561332987,
            0.48447109253788967,
            0.45737330089420747,
            0.0,
            0.32804366561332976,
            0.48848965590756965,
            0.37630067975190107,
            0.4806614326181402,
            -1.7763568394002505e-15,
            0.48318217089688575,
            0.0,
            0.49948322410895507,
            0.4265729904582394,
            0.33589912483813533,
            0.44776751473971976,
            0.47776760625844106,
            -4.440892098500626e-16,
            0.27624185303507265,
            0.4777676062584413,
            0.12592675622052885,
            0.4893045732186565,
            0.4959138525999086,
            0.4878122607758282,
            6.217248937900877e-15,
            0.0
        ],
        "threshold": [
            45.500000155860846,
            12.500000073228323,
            0.5,
            16.500000093097423,
            8.500000021101101,
            -2.0,
            -2.0,
            36.999999972920655,
            -2.0,
            -2.0,
            1.4999998104709018,
            21.000000260490932,
            -2.0,
            -2.0,
            0.5,
            -2.0,
            -2.0,
            10.49999974726586,
            0.5000000305576986,
            -2.0,
            4.499999995570301,
            -2.0,
            -2.0,
            26.500000002260272,
            19.50000031118785,
            -2.0,
            -2.0,
            28.50000000700634,
            -2.0,
            -2.0,
            17.500000070621414,
            13.500000101734456,
            8.4999999444712,
            46.50000026674682,
            -2.0,
            -2.0,
            0.5,
            -2.0,
            -2.0,
            16.500000093097423,
            0.5,
            -2.0,
            -2.0,
            3.500000022392708,
            -2.0,
            -2.0,
            54.49999941762758,
            1.9999998633333433,
            22.500000028343525,
            -2.0,
            -2.0,
            48.49999962041525,
            -2.0,
            -2.0,
            19.499999758648713,
            17.500000198822306,
            -2.0,
            -2.0,
            -2.0
        ],
        "nSamples": [
            1078,
            800,
            331,
            159,
            137,
            51,
            86,
            22,
            17,
            5,
            172,
            13,
            2,
            11,
            159,
            118,
            41,
            469,
            16,
            1,
            15,
            3,
            12,
            453,
            196,
            119,
            77,
            257,
            28,
            229,
            278,
            176,
            127,
            115,
            12,
            103,
            12,
            6,
            6,
            49,
            23,
            15,
            8,
            26,
            6,
            20,
            102,
            58,
            5,
            3,
            2,
            53,
            15,
            38,
            44,
            41,
            39,
            2,
            3
        ],
        "feature": [
            3,
            0,
            5,
            1,
            1,
            -2,
            -2,
            3,
            -2,
            -2,
            1,
            3,
            -2,
            -2,
            8,
            -2,
            -2,
            3,
            1,
            -2,
            2,
            -2,
            -2,
            3,
            3,
            -2,
            -2,
            3,
            -2,
            -2,
            0,
            1,
            2,
            3,
            -2,
            -2,
            13,
            -2,
            -2,
            1,
            14,
            -2,
            -2,
            2,
            -2,
            -2,
            3,
            1,
            0,
            -2,
            -2,
            3,
            -2,
            -2,
            1,
            1,
            -2,
            -2,
            -2
        ],
        "probas": [
            [
                0.4999999999999985,
                0.5000000000000014
            ],
            [
                0.46885006460311107,
                0.5311499353968889
            ],
            [
                0.523820456893583,
                0.476179543106417
            ],
            [
                0.4684408855393314,
                0.5315591144606685
            ],
            [
                0.5035451209755291,
                0.49645487902447094
            ],
            [
                0.4054580896686162,
                0.5945419103313838
            ],
            [
                0.5642078942668336,
                0.43579210573316646
            ],
            [
                0.263640753259295,
                0.736359246740705
            ],
            [
                0.1909814323607427,
                0.8090185676392574
            ],
            [
                0.5350609756097561,
                0.46493902439024387
            ],
            [
                0.5764837625979844,
                0.42351623740201555
            ],
            [
                0.3240997229916897,
                0.6759002770083102
            ],
            [
                1.0,
                0.0
            ],
            [
                0.2234245703373647,
                0.7765754296626353
            ],
            [
                0.5986842105263158,
                0.40131578947368424
            ],
            [
                0.636038186157518,
                0.36396181384248194
            ],
            [
                0.4950331125827816,
                0.5049668874172184
            ],
            [
                0.4309971383851632,
                0.5690028616148367
            ],
            [
                0.09877585479105107,
                0.9012241452089489
            ],
            [
                1.0,
                0.0
            ],
            [
                0.0519538188277087,
                0.9480461811722912
            ],
            [
                0.27725118483412325,
                0.7227488151658767
            ],
            [
                0.0,
                1.0
            ],
            [
                0.4439243126047101,
                0.5560756873952899
            ],
            [
                0.3944558906162208,
                0.6055441093837791
            ],
            [
                0.4548960586962657,
                0.5451039413037344
            ],
            [
                0.3047867144252686,
                0.6952132855747313
            ],
            [
                0.4825518471933781,
                0.5174481528066219
            ],
            [
                0.6573033707865168,
                0.3426966292134831
            ],
            [
                0.46223920070526064,
                0.5377607992947394
            ],
            [
                0.5925864084154288,
                0.40741359158457124
            ],
            [
                0.5374182086059714,
                0.46258179139402844
            ],
            [
                0.5829915231063714,
                0.41700847689362863
            ],
            [
                0.6085517427722239,
                0.3914482572277762
            ],
            [
                0.7932203389830508,
                0.20677966101694914
            ],
            [
                0.5881161377447672,
                0.4118838622552328
            ],
            [
                0.3540090771558245,
                0.6459909228441756
            ],
            [
                0.0,
                1.0
            ],
            [
                0.7932203389830509,
                0.20677966101694914
            ],
            [
                0.42413714976210276,
                0.5758628502378973
            ],
            [
                0.2513040810064437,
                0.7486959189935563
            ],
            [
                0.4016674840608141,
                0.5983325159391859
            ],
            [
                0.0,
                1.0
            ],
            [
                0.5917001338688086,
                0.4082998661311914
            ],
            [
                1.0,
                0.0
            ],
            [
                0.48392554991539755,
                0.5160744500846024
            ],
            [
                0.6916076845298283,
                0.3083923154701717
            ],
            [
                0.7864444755636466,
                0.2135555244363534
            ],
            [
                0.33839479392624733,
                0.6616052060737527
            ],
            [
                0.6054333764553688,
                0.3945666235446313
            ],
            [
                0.0,
                1.0
            ],
            [
                0.8344832932785488,
                0.16551670672145122
            ],
            [
                0.6054333764553687,
                0.39456662354463135
            ],
            [
                0.9324773079477531,
                0.06752269205224704
            ],
            [
                0.5731280615815256,
                0.4268719384184744
            ],
            [
                0.5452003727865797,
                0.4547996272134202
            ],
            [
                0.5780632411067195,
                0.4219367588932806
            ],
            [
                0.0,
                1.0
            ],
            [
                1.0,
                0.0
            ]
        ],
        "targetClassesProportions": [
            [
                0.5658627087198501,
                0.43413729128014994
            ],
            [
                0.5349999999999989,
                0.46500000000000113
            ],
            [
                0.5891238670694865,
                0.41087613293051345
            ],
            [
                0.5345911949685537,
                0.46540880503144627
            ],
            [
                0.5693430656934306,
                0.4306569343065693
            ],
            [
                0.47058823529411786,
                0.5294117647058821
            ],
            [
                0.6279069767441862,
                0.3720930232558137
            ],
            [
                0.3181818181818181,
                0.6818181818181819
            ],
            [
                0.23529411764705876,
                0.7647058823529412
            ],
            [
                0.6,
                0.4
            ],
            [
                0.6395348837209304,
                0.3604651162790697
            ],
            [
                0.3846153846153846,
                0.6153846153846154
            ],
            [
                1.0,
                0.0
            ],
            [
                0.2727272727272727,
                0.7272727272727273
            ],
            [
                0.660377358490566,
                0.339622641509434
            ],
            [
                0.6949152542372882,
                0.3050847457627118
            ],
            [
                0.5609756097560977,
                0.43902439024390233
            ],
            [
                0.4968017057569289,
                0.503198294243071
            ],
            [
                0.125,
                0.8750000000000001
            ],
            [
                1.0,
                0.0
            ],
            [
                0.06666666666666665,
                0.9333333333333333
            ],
            [
                0.3333333333333333,
                0.6666666666666666
            ],
            [
                0.0,
                1.0
            ],
            [
                0.5099337748344365,
                0.4900662251655636
            ],
            [
                0.4591836734693883,
                0.5408163265306117
            ],
            [
                0.5210084033613446,
                0.4789915966386555
            ],
            [
                0.3636363636363636,
                0.6363636363636364
            ],
            [
                0.5486381322957204,
                0.4513618677042797
            ],
            [
                0.7142857142857142,
                0.2857142857142857
            ],
            [
                0.5283842794759831,
                0.4716157205240169
            ],
            [
                0.6546762589928062,
                0.3453237410071938
            ],
            [
                0.6022727272727275,
                0.3977272727272725
            ],
            [
                0.6456692913385826,
                0.35433070866141736
            ],
            [
                0.6695652173913045,
                0.33043478260869563
            ],
            [
                0.8333333333333333,
                0.16666666666666669
            ],
            [
                0.6504854368932039,
                0.349514563106796
            ],
            [
                0.4166666666666667,
                0.5833333333333334
            ],
            [
                0.0,
                1.0
            ],
            [
                0.8333333333333334,
                0.16666666666666666
            ],
            [
                0.4897959183673471,
                0.5102040816326529
            ],
            [
                0.3043478260869565,
                0.6956521739130435
            ],
            [
                0.4666666666666666,
                0.5333333333333334
            ],
            [
                0.0,
                1.0
            ],
            [
                0.6538461538461539,
                0.34615384615384615
            ],
            [
                1.0,
                0.0
            ],
            [
                0.5499999999999999,
                0.45000000000000007
            ],
            [
                0.7450980392156864,
                0.2549019607843136
            ],
            [
                0.8275862068965518,
                0.17241379310344823
            ],
            [
                0.4,
                0.6
            ],
            [
                0.6666666666666666,
                0.3333333333333333
            ],
            [
                0.0,
                1.0
            ],
            [
                0.8679245283018868,
                0.13207547169811318
            ],
            [
                0.6666666666666666,
                0.33333333333333337
            ],
            [
                0.9473684210526316,
                0.052631578947368404
            ],
            [
                0.6363636363636364,
                0.36363636363636354
            ],
            [
                0.6097560975609757,
                0.39024390243902435
            ],
            [
                0.6410256410256411,
                0.358974358974359
            ],
            [
                0.0,
                1.0
            ],
            [
                1.0,
                0.0
            ]
        ]
    },
    "featureNames": [
        "entertainment_budget_pct",
        "hours_playing",
        "tech_savvy_score",
        "Age",
        "dummy:gender:Female",
        "dummy:gender:Male",
        "dummy:gender:N/A",
        "dummy:gender:__Others__",
        "dummy:platform_used:Mobile",
        "dummy:platform_used:PC",
        "dummy:platform_used:Console",
        "dummy:platform_used:N/A",
        "dummy:platform_used:__Others__",
        "dummy:used_lego_before:true",
        "dummy:used_lego_before:false",
        "dummy:used_lego_before:N/A",
        "dummy:used_lego_before:__Others__",
        "dummy:owns_tablet:true",
        "dummy:owns_tablet:false",
        "dummy:owns_tablet:N/A",
        "dummy:owns_tablet:__Others__"
    ],
    "classes": [
        "Physical",
        "Digital"
    ]
}