{
  "tags": {
    "ANALYSIS.2eutPLpM": {
      "versionNumber": 0,
      "lastModifiedBy": {
        "login": "fs675@live.mdx.ac.uk"
      },
      "lastModifiedOn": 1744611913416
    },
    "ANALYSIS.5XNySuCn": {
      "versionNumber": 0,
      "lastModifiedBy": {
        "login": "fs675@live.mdx.ac.uk"
      },
      "lastModifiedOn": 1744612855638
    },
    "ANALYSIS.PdN4G0Rd": {
      "versionNumber": 0,
      "lastModifiedBy": {
        "login": "fs675@live.mdx.ac.uk"
      },
      "lastModifiedOn": 1744611609199
    },
    "ANALYSIS.k4IQE7aB": {
      "versionNumber": 0,
      "lastModifiedBy": {
        "login": "fs675@live.mdx.ac.uk"
      },
      "lastModifiedOn": 1744611679239
    },
    "ANALYSIS.sQM49O2v": {
      "versionNumber": 0,
      "lastModifiedBy": {
        "login": "fs675@live.mdx.ac.uk"
      },
      "lastModifiedOn": 1744611955096
    },
    "ANALYSIS.vN2CTVgX": {
      "versionNumber": 0,
      "lastModifiedBy": {
        "login": "fs675@live.mdx.ac.uk"
      },
      "lastModifiedOn": 1744614727215
    },
    "DASHBOARD.aXWxwxu": {
      "versionNumber": 0,
      "lastModifiedBy": {
        "login": "fs675@live.mdx.ac.uk"
      },
      "lastModifiedOn": 1744609150706
    },
    "DATASET.lego_preference_survey_final": {
      "versionNumber": 2,
      "lastModifiedBy": {
        "login": "fs675@live.mdx.ac.uk"
      },
      "lastModifiedOn": 1744612246758
    },
    "DATASET.lego_prepared": {
      "versionNumber": 1,
      "lastModifiedBy": {
        "login": "fs675@live.mdx.ac.uk"
      },
      "lastModifiedOn": 1744611491920
    },
    "DATASET.legov1": {
      "versionNumber": 2,
      "lastModifiedBy": {
        "login": "fs675@live.mdx.ac.uk"
      },
      "lastModifiedOn": 1744612807573
    },
    "DATASET.legov2": {
      "versionNumber": 0,
      "lastModifiedBy": {
        "login": "fs675@live.mdx.ac.uk"
      },
      "lastModifiedOn": 1744614636205
    },
    "DATASET.test": {
      "versionNumber": 1,
      "lastModifiedBy": {
        "login": "fs675@live.mdx.ac.uk"
      },
      "lastModifiedOn": 1744614689354
    },
    "DATASET.train": {
      "versionNumber": 1,
      "lastModifiedBy": {
        "login": "fs675@live.mdx.ac.uk"
      },
      "lastModifiedOn": 1744614689371
    },
    "PROJECT.LEGO": {
      "versionNumber": 0,
      "lastModifiedBy": {
        "login": "api:zmzhcqIk7wpOeUGz"
      },
      "lastModifiedOn": 1744609557151
    },
    "RECIPE.compute_lego_prepared": {
      "versionNumber": 2,
      "lastModifiedBy": {
        "login": "fs675@live.mdx.ac.uk"
      },
      "lastModifiedOn": 1744612049215
    },
    "RECIPE.compute_legov1": {
      "versionNumber": 7,
      "lastModifiedBy": {
        "login": "fs675@live.mdx.ac.uk"
      },
      "lastModifiedOn": 1744612808545
    },
    "RECIPE.compute_legov2": {
      "versionNumber": 1,
      "lastModifiedBy": {
        "login": "fs675@live.mdx.ac.uk"
      },
      "lastModifiedOn": 1744614640196
    },
    "RECIPE.split_legov2": {
      "versionNumber": 1,
      "lastModifiedBy": {
        "login": "fs675@live.mdx.ac.uk"
      },
      "lastModifiedOn": 1744614689697
    },
    "RECIPE.train_Predict_lego_preference__binary_": {
      "versionNumber": 0,
      "lastModifiedBy": {
        "login": "fs675@live.mdx.ac.uk"
      },
      "lastModifiedOn": 1744614004269
    },
    "RECIPE.train_Predict_lego_preference__binary__1": {
      "versionNumber": 0,
      "lastModifiedBy": {
        "login": "fs675@live.mdx.ac.uk"
      },
      "lastModifiedOn": 1744615611170
    },
    "SAVED_MODEL.fLpvCTxv": {
      "versionNumber": 0,
      "lastModifiedBy": {
        "login": "fs675@live.mdx.ac.uk"
      },
      "lastModifiedOn": 1744615611162
    },
    "SAVED_MODEL.ltdIoBSP": {
      "versionNumber": 0,
      "lastModifiedBy": {
        "login": "fs675@live.mdx.ac.uk"
      },
      "lastModifiedOn": 1744614004260
    }
  }
}