{
  "starred": false,
  "clusterMetas": {},
  "sessionName": "mod1",
  "customMeta": {
    "kv": {}
  },
  "tags": [],
  "activeClassifierThreshold": 0.475,
  "description": "",
  "name": "Logistic Regression (mod1) - v1",
  "labels": [
    {
      "key": "trainDataset:dataset-name",
      "value": "train1"
    },
    {
      "key": "testDataset:dataset-name",
      "value": "test1"
    },
    {
      "key": "evaluationDataset:dataset-name",
      "value": "test1"
    },
    {
      "key": "model:algorithm",
      "value": "LOGISTIC_REGRESSION"
    },
    {
      "key": "model:session-name",
      "value": "mod1"
    },
    {
      "key": "model:date",
      "value": "2025-04-20T08:09:40.608+0000"
    },
    {
      "key": "evaluation:date",
      "value": "2025-04-20T08:09:40.608+0000"
    },
    {
      "key": "model:name",
      "value": "Logistic Regression (mod1) - v1"
    }
  ]
}