{
  "params": {
    "ttPolicy": "SPLIT_SINGLE_DATASET",
    "ssdSplitMode": "RANDOM",
    "splitBeforePrepare": true,
    "ssdSelection": {
      "useMemTable": false,
      "filter": {
        "distinct": false,
        "enabled": false
      },
      "partitionSelectionMethod": "ALL",
      "latestPartitionsN": 1,
      "ordering": {
        "enabled": false,
        "rules": []
      },
      "samplingMethod": "FULL",
      "maxRecords": 100000,
      "targetRatio": 0.02,
      "ascending": true,
      "withinFirstN": -1,
      "maxReadUncompressedBytes": -1,
      "seed": 1337
    },
    "ssdTrainingRatio": 0.8,
    "ssdStratified": false,
    "ssdGrouped": false,
    "ssdSeed": 1337,
    "testOnLargerValues": true,
    "streamAll": false,
    "kfold": false,
    "nFolds": 5,
    "instanceIdRefresher": 0,
    "subSamplingSeed": 1337
  },
  "generationDate": 1744612974190,
  "policyId": "type\u003dSPLIT_SINGLE_DATASET,split\u003dRANDOM,splitBeforePrepare\u003dtrue,ds\u003dlegov1,sel\u003d(method\u003dfull),r\u003d0.8,s\u003d1337",
  "instanceId": "5a0037984864c4a5e37ec0311856df4c-0",
  "format": "csv1",
  "schema": {
    "columns": [
      {"name":"respondent_id","type":"bigint"},
      {"name":"DOB","type":"string"},
      {"name":"Age","type":"bigint"},
      {"name":"gender","type":"string"},
      {"name":"country","type":"string"},
      {"name":"hours_playing","type":"bigint"},
      {"name":"platform_used","type":"string"},
      {"name":"income_bracket","type":"string"},
      {"name":"has_kids","type":"boolean"},
      {"name":"bio","type":"string"},
      {"name":"used_lego_before","type":"boolean"},
      {"name":"owns_tablet","type":"boolean"},
      {"name":"tech_savvy_score","type":"double"},
      {"name":"lego_preference","type":"string"},
      {"name":"salary","type":"double"},
      {"name":"entertainment_budget_pct","type":"bigint"},
      {"name":"grocery_trips_per_week","type":"bigint"}
    ],
    "userModified": false
  },
  "trainPath": "train.csv.gz",
  "testPath": "test.csv.gz",
  "trainRows": 1095,
  "testRows": 252,
  "fullRows": 0
}