{
  "tags": {
    "ANALYSIS.2T9BctCg": {
      "versionNumber": 0,
      "lastModifiedBy": {
        "login": "fs675@live.mdx.ac.uk"
      },
      "lastModifiedOn": 1744698176733
    },
    "ANALYSIS.8ixOdKYB": {
      "versionNumber": 0,
      "lastModifiedBy": {
        "login": "fs675@live.mdx.ac.uk"
      },
      "lastModifiedOn": 1744700620432
    },
    "ANALYSIS.pMBcPtnb": {
      "versionNumber": 0,
      "lastModifiedBy": {
        "login": "fs675@live.mdx.ac.uk"
      },
      "lastModifiedOn": 1744696481352
    },
    "DASHBOARD.33y9CsF": {
      "versionNumber": 0,
      "lastModifiedBy": {
        "login": "fs675@live.mdx.ac.uk"
      },
      "lastModifiedOn": 1744693908041
    },
    "DATASET.Zing_Customer_Dataset2___Zing_Customer_Dataset2": {
      "versionNumber": 1,
      "lastModifiedBy": {
        "login": "fs675@live.mdx.ac.uk"
      },
      "lastModifiedOn": 1744694182552
    },
    "DATASET.Zing_Customer_Dataset2___Zing_Customer_Dataset2_prepared": {
      "versionNumber": 1,
      "lastModifiedBy": {
        "login": "fs675@live.mdx.ac.uk"
      },
      "lastModifiedOn": 1744695440970
    },
    "DATASET.Zing_prepared": {
      "versionNumber": 2,
      "lastModifiedBy": {
        "login": "fs675@live.mdx.ac.uk"
      },
      "lastModifiedOn": 1744696092843
    },
    "DATASET.test": {
      "versionNumber": 1,
      "lastModifiedBy": {
        "login": "fs675@live.mdx.ac.uk"
      },
      "lastModifiedOn": 1744696347202
    },
    "DATASET.testv2": {
      "versionNumber": 1,
      "lastModifiedBy": {
        "login": "fs675@live.mdx.ac.uk"
      },
      "lastModifiedOn": 1744697178824
    },
    "DATASET.train": {
      "versionNumber": 1,
      "lastModifiedBy": {
        "login": "fs675@live.mdx.ac.uk"
      },
      "lastModifiedOn": 1744696347216
    },
    "DATASET.trainv2": {
      "versionNumber": 1,
      "lastModifiedBy": {
        "login": "fs675@live.mdx.ac.uk"
      },
      "lastModifiedOn": 1744697178838
    },
    "DATASET.unknown": {
      "versionNumber": 1,
      "lastModifiedBy": {
        "login": "fs675@live.mdx.ac.uk"
      },
      "lastModifiedOn": 1744699495248
    },
    "DATASET.unknown_prepared": {
      "versionNumber": 2,
      "lastModifiedBy": {
        "login": "fs675@live.mdx.ac.uk"
      },
      "lastModifiedOn": 1744699639425
    },
    "DATASET.unknown_prepared_scored": {
      "versionNumber": 0,
      "lastModifiedBy": {
        "login": "fs675@live.mdx.ac.uk"
      },
      "lastModifiedOn": 1744699805422
    },
    "DATASET.zingv2": {
      "versionNumber": 0,
      "lastModifiedBy": {
        "login": "fs675@live.mdx.ac.uk"
      },
      "lastModifiedOn": 1744697123944
    },
    "PROJECT.HACKATHON": {
      "versionNumber": 0,
      "lastModifiedBy": {
        "login": "api:zmzhcqIk7wpOeUGz"
      },
      "lastModifiedOn": 1744695963789
    },
    "RECIPE.compute_Zing_Customer_Dataset2___Zing_Customer_Dataset2_prepared": {
      "versionNumber": 6,
      "lastModifiedBy": {
        "login": "fs675@live.mdx.ac.uk"
      },
      "lastModifiedOn": 1744700397888
    },
    "RECIPE.compute_Zing_Customer_Dataset2___Zing_Customer_Dataset2_prepared_1": {
      "versionNumber": 1,
      "lastModifiedBy": {
        "login": "fs675@live.mdx.ac.uk"
      },
      "lastModifiedOn": 1744697127306
    },
    "RECIPE.compute_Zing_Customer_Dataset2___Zing_Customer_Dataset2_prepared_2": {
      "versionNumber": 3,
      "lastModifiedBy": {
        "login": "fs675@live.mdx.ac.uk"
      },
      "lastModifiedOn": 1744699639737
    },
    "RECIPE.score_unknown_prepared": {
      "versionNumber": 1,
      "lastModifiedBy": {
        "login": "fs675@live.mdx.ac.uk"
      },
      "lastModifiedOn": 1744699834353
    },
    "RECIPE.split_Zing_prepared": {
      "versionNumber": 1,
      "lastModifiedBy": {
        "login": "fs675@live.mdx.ac.uk"
      },
      "lastModifiedOn": 1744696347462
    },
    "RECIPE.split_zingv2": {
      "versionNumber": 1,
      "lastModifiedBy": {
        "login": "fs675@live.mdx.ac.uk"
      },
      "lastModifiedOn": 1744697179081
    },
    "RECIPE.train_Predict_rfm_category__binary_": {
      "versionNumber": 0,
      "lastModifiedBy": {
        "login": "fs675@live.mdx.ac.uk"
      },
      "lastModifiedOn": 1744697064291
    },
    "RECIPE.train_Predict_rfm_category__binary__1": {
      "versionNumber": 0,
      "lastModifiedBy": {
        "login": "fs675@live.mdx.ac.uk"
      },
      "lastModifiedOn": 1744699532945
    },
    "SAVED_MODEL.NFxMlVvz": {
      "versionNumber": 0,
      "lastModifiedBy": {
        "login": "fs675@live.mdx.ac.uk"
      },
      "lastModifiedOn": 1744697064284
    },
    "SAVED_MODEL.e6xFuQ0L": {
      "versionNumber": 0,
      "lastModifiedBy": {
        "login": "fs675@live.mdx.ac.uk"
      },
      "lastModifiedOn": 1744699532938
    }
  }
}