{
    "featuresDistribution": {
        "entertainment_budget_pct": {
            "type": "NUMERIC",
            "nbDistinct": 5,
            "count": 1078,
            "missingCount": 0.0,
            "histogram": {
                "scale": [
                    5.0,
                    5.408163265306122,
                    5.816326530612245,
                    6.224489795918368,
                    6.63265306122449,
                    7.040816326530612,
                    7.448979591836735,
                    7.857142857142858,
                    8.26530612244898,
                    8.673469387755102,
                    9.081632653061224,
                    9.489795918367347,
                    9.89795918367347,
                    10.306122448979592,
                    10.714285714285715,
                    11.122448979591837,
                    11.53061224489796,
                    11.938775510204081,
                    12.346938775510203,
                    12.755102040816327,
                    13.16326530612245,
                    13.571428571428571,
                    13.979591836734695,
                    14.387755102040817,
                    14.795918367346939,
                    15.204081632653061,
                    15.612244897959183,
                    16.02040816326531,
                    16.42857142857143,
                    16.836734693877553,
                    17.244897959183675,
                    17.653061224489797,
                    18.06122448979592,
                    18.46938775510204,
                    18.877551020408163,
                    19.285714285714285,
                    19.693877551020407,
                    20.10204081632653,
                    20.510204081632654,
                    20.918367346938776,
                    21.3265306122449,
                    21.73469387755102,
                    22.142857142857142,
                    22.551020408163264,
                    22.95918367346939,
                    23.367346938775512,
                    23.775510204081634,
                    24.183673469387756,
                    24.591836734693878,
                    25.0
                ],
                "distribution": [
                    0.20871985157699444,
                    0.0,
                    0.0,
                    0.0,
                    0.0,
                    0.0,
                    0.0,
                    0.0,
                    0.0,
                    0.0,
                    0.0,
                    0.0,
                    0.21335807050092764,
                    0.0,
                    0.0,
                    0.0,
                    0.0,
                    0.0,
                    0.0,
                    0.0,
                    0.0,
                    0.0,
                    0.0,
                    0.0,
                    0.19109461966604824,
                    0.0,
                    0.0,
                    0.0,
                    0.0,
                    0.0,
                    0.0,
                    0.0,
                    0.0,
                    0.0,
                    0.0,
                    0.0,
                    0.19294990723562153,
                    0.0,
                    0.0,
                    0.0,
                    0.0,
                    0.0,
                    0.0,
                    0.0,
                    0.0,
                    0.0,
                    0.0,
                    0.0,
                    0.19387755102040816
                ]
            },
            "quantiles": {
                "scale": [
                    5.0,
                    5.0,
                    7.5,
                    10.0,
                    12.5,
                    15.0,
                    17.5,
                    20.0,
                    22.5,
                    25.0
                ],
                "distribution": [
                    0.0,
                    0.0,
                    0.20871985157699444,
                    0.0,
                    0.21335807050092764,
                    0.0,
                    0.19109461966604824,
                    0.0,
                    0.19294990723562153,
                    0.19387755102040816
                ]
            },
            "topValues": [
                {
                    "value": 10.0,
                    "count": 230.0
                },
                {
                    "value": 5.0,
                    "count": 225.0
                },
                {
                    "value": 25.0,
                    "count": 209.0
                },
                {
                    "value": 20.0,
                    "count": 208.0
                },
                {
                    "value": 15.0,
                    "count": 206.0
                }
            ]
        },
        "hours_playing": {
            "type": "NUMERIC",
            "nbDistinct": 21,
            "count": 1078,
            "missingCount": 0.0,
            "histogram": {
                "scale": [
                    0.0,
                    0.40816326530612246,
                    0.8163265306122449,
                    1.2244897959183674,
                    1.6326530612244898,
                    2.0408163265306123,
                    2.4489795918367347,
                    2.857142857142857,
                    3.2653061224489797,
                    3.673469387755102,
                    4.081632653061225,
                    4.4897959183673475,
                    4.8979591836734695,
                    5.3061224489795915,
                    5.714285714285714,
                    6.122448979591837,
                    6.530612244897959,
                    6.938775510204081,
                    7.346938775510204,
                    7.755102040816327,
                    8.16326530612245,
                    8.571428571428571,
                    8.979591836734695,
                    9.387755102040817,
                    9.795918367346939,
                    10.204081632653061,
                    10.612244897959183,
                    11.020408163265307,
                    11.428571428571429,
                    11.83673469387755,
                    12.244897959183675,
                    12.653061224489797,
                    13.061224489795919,
                    13.46938775510204,
                    13.877551020408163,
                    14.285714285714286,
                    14.693877551020408,
                    15.10204081632653,
                    15.510204081632654,
                    15.918367346938776,
                    16.3265306122449,
                    16.73469387755102,
                    17.142857142857142,
                    17.551020408163264,
                    17.95918367346939,
                    18.367346938775512,
                    18.775510204081634,
                    19.183673469387756,
                    19.591836734693878,
                    20.0
                ],
                "distribution": [
                    0.04081632653061224,
                    0.0,
                    0.036178107606679034,
                    0.0,
                    0.04638218923933209,
                    0.0,
                    0.0,
                    0.039888682745825604,
                    0.0,
                    0.038033395176252316,
                    0.0,
                    0.0,
                    0.03710575139146568,
                    0.0,
                    0.029684601113172542,
                    0.0,
                    0.0,
                    0.03896103896103896,
                    0.0,
                    0.04267161410018553,
                    0.0,
                    0.0,
                    0.032467532467532464,
                    0.0,
                    0.23191094619666047,
                    0.0,
                    0.03432282003710575,
                    0.0,
                    0.0,
                    0.04730983302411874,
                    0.0,
                    0.025974025974025976,
                    0.0,
                    0.0,
                    0.04730983302411874,
                    0.0,
                    0.038033395176252316,
                    0.0,
                    0.0,
                    0.04359925788497217,
                    0.0,
                    0.03710575139146568,
                    0.0,
                    0.0,
                    0.04452690166975881,
                    0.0,
                    0.030612244897959183,
                    0.0,
                    0.03710575139146568
                ]
            },
            "quantiles": {
                "scale": [
                    1.0,
                    3.0,
                    5.5,
                    8.5,
                    10.0,
                    10.0,
                    11.5,
                    14.0,
                    16.5,
                    19.0
                ],
                "distribution": [
                    0.07699443413729128,
                    0.0862708719851577,
                    0.10482374768089053,
                    0.11410018552875696,
                    0.0,
                    0.0,
                    0.313543599257885,
                    0.07328385899814471,
                    0.11873840445269017,
                    0.11224489795918367
                ]
            },
            "topValues": [
                {
                    "value": 10.0,
                    "count": 250.0
                },
                {
                    "value": 12.0,
                    "count": 51.0
                },
                {
                    "value": 14.0,
                    "count": 51.0
                },
                {
                    "value": 2.0,
                    "count": 50.0
                },
                {
                    "value": 18.0,
                    "count": 48.0
                },
                {
                    "value": 16.0,
                    "count": 47.0
                },
                {
                    "value": 8.0,
                    "count": 46.0
                },
                {
                    "value": 0.0,
                    "count": 44.0
                },
                {
                    "value": 3.0,
                    "count": 43.0
                },
                {
                    "value": 7.0,
                    "count": 42.0
                },
                {
                    "value": 4.0,
                    "count": 41.0
                },
                {
                    "value": 15.0,
                    "count": 41.0
                },
                {
                    "value": 20.0,
                    "count": 40.0
                },
                {
                    "value": 5.0,
                    "count": 40.0
                },
                {
                    "value": 17.0,
                    "count": 40.0
                },
                {
                    "value": 1.0,
                    "count": 39.0
                },
                {
                    "value": 11.0,
                    "count": 37.0
                },
                {
                    "value": 9.0,
                    "count": 35.0
                },
                {
                    "value": 19.0,
                    "count": 33.0
                },
                {
                    "value": 6.0,
                    "count": 32.0
                },
                {
                    "value": 13.0,
                    "count": 28.0
                }
            ]
        },
        "gender": {
            "type": "CATEGORY",
            "nbDistinct": 2,
            "count": 1078,
            "missingCount": 0.0,
            "values": {
                "scale": [
                    "Female",
                    "Male"
                ],
                "distribution": [
                    0.5009276437847866,
                    0.49907235621521334
                ]
            }
        },
        "tech_savvy_score": {
            "type": "NUMERIC",
            "nbDistinct": 10,
            "count": 1078,
            "missingCount": 0.0,
            "histogram": {
                "scale": [
                    1.0,
                    1.183673469387755,
                    1.3673469387755102,
                    1.5510204081632653,
                    1.7346938775510203,
                    1.9183673469387754,
                    2.1020408163265305,
                    2.2857142857142856,
                    2.4693877551020407,
                    2.6530612244897958,
                    2.836734693877551,
                    3.0204081632653064,
                    3.2040816326530615,
                    3.3877551020408165,
                    3.5714285714285716,
                    3.7551020408163267,
                    3.938775510204082,
                    4.122448979591837,
                    4.3061224489795915,
                    4.4897959183673475,
                    4.673469387755102,
                    4.857142857142858,
                    5.040816326530613,
                    5.224489795918368,
                    5.408163265306123,
                    5.591836734693878,
                    5.775510204081633,
                    5.959183673469388,
                    6.142857142857143,
                    6.326530612244898,
                    6.510204081632653,
                    6.6938775510204085,
                    6.877551020408164,
                    7.061224489795919,
                    7.244897959183674,
                    7.428571428571429,
                    7.612244897959184,
                    7.795918367346939,
                    7.979591836734694,
                    8.16326530612245,
                    8.346938775510203,
                    8.53061224489796,
                    8.714285714285715,
                    8.89795918367347,
                    9.081632653061225,
                    9.26530612244898,
                    9.448979591836736,
                    9.63265306122449,
                    9.816326530612246,
                    10.0
                ],
                "distribution": [
                    0.07142857142857142,
                    0.0,
                    0.0,
                    0.0,
                    0.0,
                    0.059369202226345084,
                    0.0,
                    0.0,
                    0.0,
                    0.0,
                    0.08998144712430427,
                    0.0,
                    0.0,
                    0.0,
                    0.0,
                    0.0,
                    0.075139146567718,
                    0.0,
                    0.0,
                    0.0,
                    0.0,
                    0.31539888682745826,
                    0.0,
                    0.0,
                    0.0,
                    0.0,
                    0.0,
                    0.07328385899814471,
                    0.0,
                    0.0,
                    0.0,
                    0.0,
                    0.07792207792207792,
                    0.0,
                    0.0,
                    0.0,
                    0.0,
                    0.0,
                    0.08070500927643785,
                    0.0,
                    0.0,
                    0.0,
                    0.0,
                    0.06771799628942486,
                    0.0,
                    0.0,
                    0.0,
                    0.0,
                    0.08905380333951762
                ]
            },
            "quantiles": {
                "scale": [
                    1.5,
                    2.5,
                    4.0,
                    5.0,
                    5.0,
                    5.0,
                    6.0,
                    7.5,
                    8.5,
                    9.5
                ],
                "distribution": [
                    0.07142857142857142,
                    0.059369202226345084,
                    0.16512059369202226,
                    0.0,
                    0.0,
                    0.0,
                    0.38868274582560297,
                    0.07792207792207792,
                    0.08070500927643785,
                    0.1567717996289425
                ]
            },
            "topValues": [
                {
                    "value": 5.0,
                    "count": 340.0
                },
                {
                    "value": 3.0,
                    "count": 97.0
                },
                {
                    "value": 10.0,
                    "count": 96.0
                },
                {
                    "value": 8.0,
                    "count": 87.0
                },
                {
                    "value": 7.0,
                    "count": 84.0
                },
                {
                    "value": 4.0,
                    "count": 81.0
                },
                {
                    "value": 6.0,
                    "count": 79.0
                },
                {
                    "value": 1.0,
                    "count": 77.0
                },
                {
                    "value": 9.0,
                    "count": 73.0
                },
                {
                    "value": 2.0,
                    "count": 64.0
                }
            ]
        },
        "platform_used": {
            "type": "CATEGORY",
            "nbDistinct": 4,
            "count": 1078,
            "missingCount": 294.0,
            "values": {
                "scale": [
                    "Mobile",
                    "PC",
                    "Console"
                ],
                "distribution": [
                    0.36862244897959184,
                    0.3163265306122449,
                    0.31505102040816324
                ]
            }
        },
        "used_lego_before": {
            "type": "CATEGORY",
            "nbDistinct": 2,
            "count": 1078,
            "missingCount": 0.0,
            "values": {
                "scale": [
                    "false",
                    "true"
                ],
                "distribution": [
                    0.5,
                    0.5
                ]
            }
        },
        "owns_tablet": {
            "type": "CATEGORY",
            "nbDistinct": 2,
            "count": 1078,
            "missingCount": 0.0,
            "values": {
                "scale": [
                    "true",
                    "false"
                ],
                "distribution": [
                    0.538961038961039,
                    0.461038961038961
                ]
            }
        },
        "Age": {
            "type": "NUMERIC",
            "nbDistinct": 51,
            "count": 1078,
            "missingCount": 0.0,
            "histogram": {
                "scale": [
                    10.0,
                    11.020408163265307,
                    12.040816326530612,
                    13.061224489795919,
                    14.081632653061224,
                    15.10204081632653,
                    16.122448979591837,
                    17.142857142857142,
                    18.163265306122447,
                    19.183673469387756,
                    20.20408163265306,
                    21.224489795918366,
                    22.244897959183675,
                    23.26530612244898,
                    24.285714285714285,
                    25.306122448979593,
                    26.3265306122449,
                    27.346938775510203,
                    28.367346938775512,
                    29.387755102040817,
                    30.408163265306122,
                    31.42857142857143,
                    32.44897959183673,
                    33.46938775510204,
                    34.48979591836735,
                    35.51020408163265,
                    36.53061224489796,
                    37.55102040816327,
                    38.57142857142857,
                    39.59183673469388,
                    40.61224489795919,
                    41.63265306122449,
                    42.6530612244898,
                    43.673469387755105,
                    44.69387755102041,
                    45.714285714285715,
                    46.734693877551024,
                    47.755102040816325,
                    48.775510204081634,
                    49.79591836734694,
                    50.816326530612244,
                    51.83673469387755,
                    52.85714285714286,
                    53.87755102040816,
                    54.89795918367347,
                    55.91836734693878,
                    56.93877551020408,
                    57.95918367346939,
                    58.9795918367347,
                    60.0
                ],
                "distribution": [
                    0.04452690166975881,
                    0.017625231910946195,
                    0.022263450834879406,
                    0.02040816326530612,
                    0.025974025974025976,
                    0.022263450834879406,
                    0.01948051948051948,
                    0.022263450834879406,
                    0.015769944341372914,
                    0.01948051948051948,
                    0.023191094619666047,
                    0.017625231910946195,
                    0.026901669758812616,
                    0.027829313543599257,
                    0.01020408163265306,
                    0.013914656771799629,
                    0.022263450834879406,
                    0.01855287569573284,
                    0.025974025974025976,
                    0.022263450834879406,
                    0.02040816326530612,
                    0.021335807050092765,
                    0.021335807050092765,
                    0.014842300556586271,
                    0.021335807050092765,
                    0.016697588126159554,
                    0.014842300556586271,
                    0.01948051948051948,
                    0.02040816326530612,
                    0.022263450834879406,
                    0.016697588126159554,
                    0.025974025974025976,
                    0.01855287569573284,
                    0.025974025974025976,
                    0.023191094619666047,
                    0.022263450834879406,
                    0.016697588126159554,
                    0.012987012987012988,
                    0.015769944341372914,
                    0.021335807050092765,
                    0.012987012987012988,
                    0.014842300556586271,
                    0.01948051948051948,
                    0.01855287569573284,
                    0.016697588126159554,
                    0.02040816326530612,
                    0.021335807050092765,
                    0.016697588126159554,
                    0.027829313543599257
                ]
            },
            "quantiles": {
                "scale": [
                    12.0,
                    16.5,
                    21.5,
                    26.5,
                    31.0,
                    36.0,
                    41.5,
                    46.5,
                    52.0,
                    57.5
                ],
                "distribution": [
                    0.08441558441558442,
                    0.11038961038961038,
                    0.10296846011131726,
                    0.09276437847866419,
                    0.08998144712430427,
                    0.10853432282003711,
                    0.1038961038961039,
                    0.10111317254174397,
                    0.10296846011131726,
                    0.10296846011131726
                ]
            },
            "topValues": [
                {
                    "value": 24.0,
                    "count": 30.0
                },
                {
                    "value": 23.0,
                    "count": 29.0
                },
                {
                    "value": 15.0,
                    "count": 28.0
                },
                {
                    "value": 29.0,
                    "count": 28.0
                },
                {
                    "value": 42.0,
                    "count": 28.0
                },
                {
                    "value": 44.0,
                    "count": 28.0
                },
                {
                    "value": 10.0,
                    "count": 27.0
                },
                {
                    "value": 21.0,
                    "count": 25.0
                },
                {
                    "value": 45.0,
                    "count": 25.0
                },
                {
                    "value": 13.0,
                    "count": 24.0
                },
                {
                    "value": 16.0,
                    "count": 24.0
                },
                {
                    "value": 18.0,
                    "count": 24.0
                },
                {
                    "value": 27.0,
                    "count": 24.0
                },
                {
                    "value": 30.0,
                    "count": 24.0
                },
                {
                    "value": 40.0,
                    "count": 24.0
                },
                {
                    "value": 46.0,
                    "count": 24.0
                },
                {
                    "value": 32.0,
                    "count": 23.0
                },
                {
                    "value": 33.0,
                    "count": 23.0
                },
                {
                    "value": 35.0,
                    "count": 23.0
                },
                {
                    "value": 50.0,
                    "count": 23.0
                },
                {
                    "value": 57.0,
                    "count": 23.0
                },
                {
                    "value": 14.0,
                    "count": 22.0
                },
                {
                    "value": 31.0,
                    "count": 22.0
                },
                {
                    "value": 39.0,
                    "count": 22.0
                },
                {
                    "value": 56.0,
                    "count": 22.0
                },
                {
                    "value": 11.0,
                    "count": 21.0
                },
                {
                    "value": 17.0,
                    "count": 21.0
                },
                {
                    "value": 20.0,
                    "count": 21.0
                },
                {
                    "value": 38.0,
                    "count": 21.0
                },
                {
                    "value": 53.0,
                    "count": 21.0
                },
                {
                    "value": 28.0,
                    "count": 20.0
                },
                {
                    "value": 43.0,
                    "count": 20.0
                },
                {
                    "value": 54.0,
                    "count": 20.0
                },
                {
                    "value": 12.0,
                    "count": 19.0
                },
                {
                    "value": 22.0,
                    "count": 19.0
                },
                {
                    "value": 36.0,
                    "count": 18.0
                },
                {
                    "value": 41.0,
                    "count": 18.0
                },
                {
                    "value": 47.0,
                    "count": 18.0
                },
                {
                    "value": 55.0,
                    "count": 18.0
                },
                {
                    "value": 58.0,
                    "count": 18.0
                },
                {
                    "value": 19.0,
                    "count": 17.0
                },
                {
                    "value": 49.0,
                    "count": 17.0
                },
                {
                    "value": 34.0,
                    "count": 16.0
                },
                {
                    "value": 37.0,
                    "count": 16.0
                },
                {
                    "value": 52.0,
                    "count": 16.0
                },
                {
                    "value": 60.0,
                    "count": 16.0
                },
                {
                    "value": 26.0,
                    "count": 15.0
                },
                {
                    "value": 48.0,
                    "count": 14.0
                },
                {
                    "value": 51.0,
                    "count": 14.0
                },
                {
                    "value": 59.0,
                    "count": 14.0
                }
            ]
        }
    }
}