{
    "perClassFacts": {
        "unique": {
            "Age": {
                "impact": 0.13211435350055073,
                "rank": 1,
                "feature": "Age",
                "correlation": -0.9927389843819524,
                "type": "NUMERICAL"
            },
            "tech_savvy_score": {
                "impact": 0.051871983866997005,
                "rank": 2,
                "feature": "tech_savvy_score",
                "correlation": 0.9213788861910912,
                "type": "NUMERICAL"
            },
            "gender": {
                "impact": 0.040397407254263704,
                "rank": 3,
                "feature": "gender",
                "positiveCategoricalValue": "Female",
                "negativeCategoricalValue": "Male",
                "infoGain": 0.6909233093138181,
                "type": "CATEGORICAL"
            },
            "platform_used": {
                "impact": 0.038750250582545526,
                "rank": 4,
                "feature": "platform_used",
                "positiveCategoricalValue": "Mobile",
                "negativeCategoricalValue": "Console",
                "infoGain": 0.6909233093138181,
                "type": "CATEGORICAL"
            },
            "entertainment_budget_pct": {
                "impact": 0.02424660915514172,
                "rank": 5,
                "feature": "entertainment_budget_pct",
                "correlation": 0.8958089048080373,
                "type": "NUMERICAL"
            },
            "hours_playing": {
                "impact": 0.01563045785289824,
                "rank": 6,
                "feature": "hours_playing",
                "correlation": 0.956022224963236,
                "type": "NUMERICAL"
            },
            "owns_tablet": {
                "impact": 0.007201121616588396,
                "rank": 7,
                "feature": "owns_tablet",
                "positiveCategoricalValue": "false",
                "negativeCategoricalValue": "true",
                "infoGain": 0.6917242833307351,
                "type": "CATEGORICAL"
            },
            "used_lego_before": {
                "impact": 0.000821925362421022,
                "rank": 8,
                "feature": "used_lego_before",
                "positiveCategoricalValue": "true",
                "negativeCategoricalValue": "false",
                "infoGain": 0.6899437584583995,
                "type": "CATEGORICAL"
            }
        }
    }
}