{
    "startedAt": 1744614921465,
    "gridSize": 5,
    "nThreads": 4,
    "nSplits": 5,
    "metric": "ROC_AUC",
    "timeout": null,
    "gridPoints": [
        {
            "finishedAt": 1744614922441,
            "score": 0.5488026683587484,
            "testScoreGibMean": 0.5488026683587484,
            "testScoreMean": 0.5488026683587484,
            "testScoreStd": 0.062008611544981204,
            "trainScoreMean": 0.5798607588273081,
            "trainScoreStd": 0.01469909577865215,
            "time": 1732,
            "fitTimeMean": 15.8,
            "fitTimeStd": 18.192306066026926,
            "scoreTimeMean": 330.6,
            "scoreTimeStd": 140.77158804247398,
            "parameters": {
                "C": 0.1,
                "penalty": "l2"
            }
        },
        {
            "finishedAt": 1744614922646,
            "score": 0.5506632789964973,
            "testScoreGibMean": 0.5506632789964973,
            "testScoreMean": 0.5506632789964973,
            "testScoreStd": 0.06005024575407974,
            "trainScoreMean": 0.5778263886505692,
            "trainScoreStd": 0.01490937531803826,
            "time": 1508,
            "fitTimeMean": 81.2,
            "fitTimeStd": 72.58484690346877,
            "scoreTimeMean": 220.4,
            "scoreTimeStd": 217.8206601771283,
            "parameters": {
                "C": 0.01,
                "penalty": "l2"
            }
        },
        {
            "finishedAt": 1744614923354,
            "score": 0.5480778195549331,
            "testScoreGibMean": 0.5480778195549331,
            "testScoreMean": 0.5480778195549331,
            "testScoreStd": 0.06066997805711685,
            "trainScoreMean": 0.5803114902647145,
            "trainScoreStd": 0.014803413573113183,
            "time": 1990,
            "fitTimeMean": 135.2,
            "fitTimeStd": 129.5428886508248,
            "scoreTimeMean": 262.8,
            "scoreTimeStd": 106.70032802198877,
            "parameters": {
                "C": 10.0,
                "penalty": "l2"
            }
        },
        {
            "finishedAt": 1744614924542,
            "score": 0.5491477614769193,
            "testScoreGibMean": 0.5491477614769193,
            "testScoreMean": 0.5491477614769193,
            "testScoreStd": 0.06133015980097367,
            "trainScoreMean": 0.5802489047373454,
            "trainScoreStd": 0.014788749756477395,
            "time": 2015,
            "fitTimeMean": 122.6,
            "fitTimeStd": 72.06275043321618,
            "scoreTimeMean": 280.4,
            "scoreTimeStd": 266.34609064148094,
            "parameters": {
                "C": 1.0,
                "penalty": "l2"
            }
        },
        {
            "finishedAt": 1744614924550,
            "score": 0.5481651804973443,
            "testScoreGibMean": 0.5481651804973443,
            "testScoreMean": 0.5481651804973443,
            "testScoreStd": 0.060600181406809846,
            "trainScoreMean": 0.5803146318817461,
            "trainScoreStd": 0.014800467157568177,
            "time": 1720,
            "fitTimeMean": 181.0,
            "fitTimeStd": 192.18220521161683,
            "scoreTimeMean": 163.0,
            "scoreTimeStd": 77.60412360177776,
            "parameters": {
                "C": 100.0,
                "penalty": "l2"
            }
        }
    ]
}