[
    {
        "test_score_gib": 0.46581792814788975,
        "train_score": 0.5991551240466381,
        "test_score": 0.46581792814788975,
        "num_samples": 216,
        "fit_time": 7,
        "score_time": 450,
        "time": 457,
        "parameters": {
            "C": 0.1,
            "penalty": "l2"
        },
        "done_at": 1744614922042,
        "split_id": 0
    },
    {
        "test_score_gib": 0.48133937914196023,
        "train_score": 0.5962786008591217,
        "test_score": 0.48133937914196023,
        "num_samples": 216,
        "fit_time": 5,
        "score_time": 254,
        "time": 259,
        "parameters": {
            "C": 0.1,
            "penalty": "l2"
        },
        "done_at": 1744614921842,
        "split_id": 1
    },
    {
        "test_score_gib": 0.5918207185211022,
        "train_score": 0.5678037608486017,
        "test_score": 0.5918207185211022,
        "num_samples": 216,
        "fit_time": 52,
        "score_time": 103,
        "time": 155,
        "parameters": {
            "C": 0.1,
            "penalty": "l2"
        },
        "done_at": 1744614921744,
        "split_id": 2
    },
    {
        "test_score_gib": 0.6099947117927023,
        "train_score": 0.5657322404371584,
        "test_score": 0.6099947117927023,
        "num_samples": 215,
        "fit_time": 5,
        "score_time": 352,
        "time": 357,
        "parameters": {
            "C": 0.1,
            "penalty": "l2"
        },
        "done_at": 1744614921855,
        "split_id": 3
    },
    {
        "test_score_gib": 0.5955402785122511,
        "train_score": 0.570224043715847,
        "test_score": 0.5955402785122511,
        "num_samples": 215,
        "fit_time": 10,
        "score_time": 494,
        "time": 504,
        "parameters": {
            "C": 0.1,
            "penalty": "l2"
        },
        "done_at": 1744614922441,
        "split_id": 4
    },
    {
        "test_score_gib": 0.46084757586327174,
        "train_score": 0.598059305689489,
        "test_score": 0.46084757586327174,
        "num_samples": 216,
        "fit_time": 94,
        "score_time": 204,
        "time": 298,
        "parameters": {
            "C": 0.01,
            "penalty": "l2"
        },
        "done_at": 1744614922148,
        "split_id": 0
    },
    {
        "test_score_gib": 0.49886641088245554,
        "train_score": 0.5936321995266064,
        "test_score": 0.49886641088245554,
        "num_samples": 216,
        "fit_time": 5,
        "score_time": 282,
        "time": 287,
        "parameters": {
            "C": 0.01,
            "penalty": "l2"
        },
        "done_at": 1744614922144,
        "split_id": 1
    },
    {
        "test_score_gib": 0.5959190791768401,
        "train_score": 0.5650916104146576,
        "test_score": 0.5959190791768401,
        "num_samples": 216,
        "fit_time": 3,
        "score_time": 599,
        "time": 602,
        "parameters": {
            "C": 0.01,
            "penalty": "l2"
        },
        "done_at": 1744614922646,
        "split_id": 2
    },
    {
        "test_score_gib": 0.6154591926670192,
        "train_score": 0.5633551912568306,
        "test_score": 0.6154591926670192,
        "num_samples": 215,
        "fit_time": 106,
        "score_time": 5,
        "time": 111,
        "parameters": {
            "C": 0.01,
            "penalty": "l2"
        },
        "done_at": 1744614922340,
        "split_id": 3
    },
    {
        "test_score_gib": 0.5826723074211176,
        "train_score": 0.5688852459016394,
        "test_score": 0.5826723074211176,
        "num_samples": 215,
        "fit_time": 198,
        "score_time": 12,
        "time": 210,
        "parameters": {
            "C": 0.01,
            "penalty": "l2"
        },
        "done_at": 1744614922457,
        "split_id": 4
    },
    {
        "test_score_gib": 0.47026508545517964,
        "train_score": 0.5997249495923556,
        "test_score": 0.47026508545517964,
        "num_samples": 216,
        "fit_time": 102,
        "score_time": 207,
        "time": 309,
        "parameters": {
            "C": 10.0,
            "penalty": "l2"
        },
        "done_at": 1744614922753,
        "split_id": 0
    },
    {
        "test_score_gib": 0.47776421346355075,
        "train_score": 0.5969306127816253,
        "test_score": 0.47776421346355075,
        "num_samples": 216,
        "fit_time": 101,
        "score_time": 217,
        "time": 318,
        "parameters": {
            "C": 10.0,
            "penalty": "l2"
        },
        "done_at": 1744614922763,
        "split_id": 1
    },
    {
        "test_score_gib": 0.5943494942448552,
        "train_score": 0.56775444902253,
        "test_score": 0.5943494942448552,
        "num_samples": 216,
        "fit_time": 384,
        "score_time": 211,
        "time": 595,
        "parameters": {
            "C": 10.0,
            "penalty": "l2"
        },
        "done_at": 1744614923354,
        "split_id": 2
    },
    {
        "test_score_gib": 0.6023268112109994,
        "train_score": 0.5667704918032787,
        "test_score": 0.6023268112109994,
        "num_samples": 215,
        "fit_time": 4,
        "score_time": 476,
        "time": 480,
        "parameters": {
            "C": 10.0,
            "penalty": "l2"
        },
        "done_at": 1744614923341,
        "split_id": 3
    },
    {
        "test_score_gib": 0.596157236030319,
        "train_score": 0.5702677595628416,
        "test_score": 0.596157236030319,
        "num_samples": 215,
        "fit_time": 85,
        "score_time": 203,
        "time": 288,
        "parameters": {
            "C": 10.0,
            "penalty": "l2"
        },
        "done_at": 1744614923053,
        "split_id": 4
    },
    {
        "test_score_gib": 0.47070108126961985,
        "train_score": 0.5995715350223547,
        "test_score": 0.47070108126961985,
        "num_samples": 216,
        "fit_time": 107,
        "score_time": 493,
        "time": 600,
        "parameters": {
            "C": 1.0,
            "penalty": "l2"
        },
        "done_at": 1744614923544,
        "split_id": 0
    },
    {
        "test_score_gib": 0.4778514126264388,
        "train_score": 0.5969141755062681,
        "test_score": 0.4778514126264388,
        "num_samples": 216,
        "fit_time": 202,
        "score_time": 103,
        "time": 305,
        "parameters": {
            "C": 1.0,
            "penalty": "l2"
        },
        "done_at": 1744614923541,
        "split_id": 1
    },
    {
        "test_score_gib": 0.5957446808510637,
        "train_score": 0.5676065135443149,
        "test_score": 0.5957446808510637,
        "num_samples": 216,
        "fit_time": 195,
        "score_time": 12,
        "time": 207,
        "parameters": {
            "C": 1.0,
            "penalty": "l2"
        },
        "done_at": 1744614923645,
        "split_id": 2
    },
    {
        "test_score_gib": 0.6040895469769082,
        "train_score": 0.566672131147541,
        "test_score": 0.6040895469769082,
        "num_samples": 215,
        "fit_time": 5,
        "score_time": 98,
        "time": 103,
        "parameters": {
            "C": 1.0,
            "penalty": "l2"
        },
        "done_at": 1744614923741,
        "split_id": 3
    },
    {
        "test_score_gib": 0.5978318350079324,
        "train_score": 0.5703715846994536,
        "test_score": 0.5978318350079324,
        "num_samples": 215,
        "fit_time": 104,
        "score_time": 696,
        "time": 800,
        "parameters": {
            "C": 1.0,
            "penalty": "l2"
        },
        "done_at": 1744614924542,
        "split_id": 4
    },
    {
        "test_score_gib": 0.47035228461806766,
        "train_score": 0.599735907775927,
        "test_score": 0.47035228461806766,
        "num_samples": 216,
        "fit_time": 306,
        "score_time": 204,
        "time": 510,
        "parameters": {
            "C": 100.0,
            "penalty": "l2"
        },
        "done_at": 1744614924253,
        "split_id": 0
    },
    {
        "test_score_gib": 0.47802581095221486,
        "train_score": 0.5969086964144823,
        "test_score": 0.47802581095221486,
        "num_samples": 216,
        "fit_time": 2,
        "score_time": 198,
        "time": 200,
        "parameters": {
            "C": 100.0,
            "penalty": "l2"
        },
        "done_at": 1744614923949,
        "split_id": 1
    },
    {
        "test_score_gib": 0.5944366934077432,
        "train_score": 0.5676777417375296,
        "test_score": 0.5944366934077432,
        "num_samples": 216,
        "fit_time": 495,
        "score_time": 208,
        "time": 703,
        "parameters": {
            "C": 100.0,
            "penalty": "l2"
        },
        "done_at": 1744614924550,
        "split_id": 2
    },
    {
        "test_score_gib": 0.6023268112109995,
        "train_score": 0.5667704918032787,
        "test_score": 0.6023268112109995,
        "num_samples": 215,
        "fit_time": 3,
        "score_time": 197,
        "time": 200,
        "parameters": {
            "C": 100.0,
            "penalty": "l2"
        },
        "done_at": 1744614924249,
        "split_id": 3
    },
    {
        "test_score_gib": 0.596157236030319,
        "train_score": 0.5703715846994535,
        "test_score": 0.596157236030319,
        "num_samples": 215,
        "fit_time": 99,
        "score_time": 8,
        "time": 107,
        "parameters": {
            "C": 100.0,
            "penalty": "l2"
        },
        "done_at": 1744614924450,
        "split_id": 4
    }
]