{
    "modelInputNRows": 1078,
    "modelInputNCols": 13,
    "modelInputIsSparse": false,
    "modelInputMemory": 112112,
    "usedGridSearch": true,
    "gridSize": 5,
    "gridBestScore": 0.5506632789964973,
    "gridCells": [
        {
            "params": {
                "C": 0.1,
                "penalty": "l2"
            },
            "score": 0.5488026683587484,
            "scoreStd": 0.062008611544981204,
            "fitTime": 0.0158,
            "fitTimeStd": 0.018192306066026925,
            "scoreTime": 0.3306,
            "scoreTimeStd": 0.14077158804247397
        },
        {
            "params": {
                "C": 0.01,
                "penalty": "l2"
            },
            "score": 0.5506632789964973,
            "scoreStd": 0.06005024575407974,
            "fitTime": 0.08120000000000001,
            "fitTimeStd": 0.07258484690346877,
            "scoreTime": 0.2204,
            "scoreTimeStd": 0.2178206601771283
        },
        {
            "params": {
                "C": 10.0,
                "penalty": "l2"
            },
            "score": 0.5480778195549331,
            "scoreStd": 0.06066997805711685,
            "fitTime": 0.1352,
            "fitTimeStd": 0.1295428886508248,
            "scoreTime": 0.26280000000000003,
            "scoreTimeStd": 0.10670032802198877
        },
        {
            "params": {
                "C": 1.0,
                "penalty": "l2"
            },
            "score": 0.5491477614769193,
            "scoreStd": 0.06133015980097367,
            "fitTime": 0.1226,
            "fitTimeStd": 0.07206275043321618,
            "scoreTime": 0.2804,
            "scoreTimeStd": 0.26634609064148096
        },
        {
            "params": {
                "C": 100.0,
                "penalty": "l2"
            },
            "score": 0.5481651804973443,
            "scoreStd": 0.060600181406809846,
            "fitTime": 0.181,
            "fitTimeStd": 0.19218220521161683,
            "scoreTime": 0.163,
            "scoreTimeStd": 0.07760412360177776
        }
    ],
    "lmCoefficients": {
        "variables": [
            "entertainment_budget_pct",
            "hours_playing",
            "tech_savvy_score",
            "Age",
            "dummy:gender:Female",
            "dummy:platform_used:Mobile",
            "dummy:platform_used:PC",
            "dummy:platform_used:N/A",
            "dummy:used_lego_before:true",
            "dummy:owns_tablet:true"
        ],
        "coefs": [
            0.025590140632992045,
            0.0198757934696303,
            0.06301648412633525,
            -0.14834711679711346,
            0.08090268475486723,
            0.07381918771279346,
            -0.06608234174637632,
            0.015938823565527793,
            0.0016282198146217032,
            -0.014341054732982724
        ],
        "interceptStderr": null,
        "interceptTstat": null,
        "interceptPvalue": null,
        "interceptCoef": -0.03322322334930783,
        "rescaledCoefs": [
            0.003604550419495797,
            0.0036361176766977923,
            0.025067002513046235,
            -0.010185625526872232,
            0.08090268475486723,
            0.07381918771279346,
            -0.06608234174637632,
            0.015938823565527793,
            0.0016282198146217032,
            -0.014341054732982724
        ],
        "rescaledInterceptCoef": 0.08651854700614703
    },
    "probaAware": true
}