{
    "metrics": {},
    "processed_feature_names": [
        "entertainment_budget_pct",
        "hours_playing",
        "tech_savvy_score",
        "Age",
        "dummy:gender:Female",
        "dummy:gender:N/A",
        "dummy:platform_used:Mobile",
        "dummy:platform_used:PC",
        "dummy:platform_used:N/A",
        "dummy:used_lego_before:true",
        "dummy:used_lego_before:N/A",
        "dummy:owns_tablet:true",
        "dummy:owns_tablet:N/A"
    ],
    "optimalThreshold": 0.4,
    "usedThreshold": 0.4,
    "perCutData": {
        "cut": [
            0.0,
            0.025,
            0.05,
            0.075,
            0.1,
            0.125,
            0.15,
            0.175,
            0.2,
            0.225,
            0.25,
            0.275,
            0.3,
            0.325,
            0.35,
            0.375,
            0.4,
            0.425,
            0.45,
            0.475,
            0.5,
            0.525,
            0.55,
            0.575,
            0.6,
            0.625,
            0.65,
            0.675,
            0.7,
            0.725,
            0.75,
            0.775,
            0.8,
            0.825,
            0.85,
            0.875,
            0.9,
            0.925,
            0.95,
            0.975
        ],
        "tp": [
            468,
            468,
            468,
            468,
            468,
            468,
            468,
            468,
            468,
            468,
            468,
            468,
            468,
            468,
            468,
            468,
            468,
            459,
            417,
            357,
            269,
            172,
            92,
            27,
            4,
            0,
            0,
            0,
            0,
            0,
            0,
            0,
            0,
            0,
            0,
            0,
            0,
            0,
            0,
            0
        ],
        "tn": [
            0,
            0,
            0,
            0,
            0,
            0,
            0,
            0,
            0,
            0,
            0,
            0,
            0,
            0,
            0,
            0,
            4,
            21,
            94,
            202,
            312,
            451,
            543,
            591,
            607,
            610,
            610,
            610,
            610,
            610,
            610,
            610,
            610,
            610,
            610,
            610,
            610,
            610,
            610,
            610
        ],
        "fp": [
            610,
            610,
            610,
            610,
            610,
            610,
            610,
            610,
            610,
            610,
            610,
            610,
            610,
            610,
            610,
            610,
            606,
            589,
            516,
            408,
            298,
            159,
            67,
            19,
            3,
            0,
            0,
            0,
            0,
            0,
            0,
            0,
            0,
            0,
            0,
            0,
            0,
            0,
            0,
            0
        ],
        "fn": [
            0,
            0,
            0,
            0,
            0,
            0,
            0,
            0,
            0,
            0,
            0,
            0,
            0,
            0,
            0,
            0,
            0,
            9,
            51,
            111,
            199,
            296,
            376,
            441,
            464,
            468,
            468,
            468,
            468,
            468,
            468,
            468,
            468,
            468,
            468,
            468,
            468,
            468,
            468,
            468
        ],
        "precision": [
            0.43413729128014844,
            0.43413729128014844,
            0.43413729128014844,
            0.43413729128014844,
            0.43413729128014844,
            0.43413729128014844,
            0.43413729128014844,
            0.43413729128014844,
            0.43413729128014844,
            0.43413729128014844,
            0.43413729128014844,
            0.43413729128014844,
            0.43413729128014844,
            0.43413729128014844,
            0.43413729128014844,
            0.43413729128014844,
            0.43575418994413406,
            0.43797709923664124,
            0.44694533762057875,
            0.4666666666666667,
            0.47442680776014107,
            0.5196374622356495,
            0.5786163522012578,
            0.5869565217391305,
            0.5714285714285714,
            0.0,
            0.0,
            0.0,
            0.0,
            0.0,
            0.0,
            0.0,
            0.0,
            0.0,
            0.0,
            0.0,
            0.0,
            0.0,
            0.0,
            0.0
        ],
        "recall": [
            1.0,
            1.0,
            1.0,
            1.0,
            1.0,
            1.0,
            1.0,
            1.0,
            1.0,
            1.0,
            1.0,
            1.0,
            1.0,
            1.0,
            1.0,
            1.0,
            1.0,
            0.9807692307692307,
            0.8910256410256411,
            0.7628205128205128,
            0.5747863247863247,
            0.36752136752136755,
            0.19658119658119658,
            0.057692307692307696,
            0.008547008547008548,
            0.0,
            0.0,
            0.0,
            0.0,
            0.0,
            0.0,
            0.0,
            0.0,
            0.0,
            0.0,
            0.0,
            0.0,
            0.0,
            0.0,
            0.0
        ],
        "accuracy": [
            0.43413729128014844,
            0.43413729128014844,
            0.43413729128014844,
            0.43413729128014844,
            0.43413729128014844,
            0.43413729128014844,
            0.43413729128014844,
            0.43413729128014844,
            0.43413729128014844,
            0.43413729128014844,
            0.43413729128014844,
            0.43413729128014844,
            0.43413729128014844,
            0.43413729128014844,
            0.43413729128014844,
            0.43413729128014844,
            0.437847866419295,
            0.4452690166975881,
            0.474025974025974,
            0.5185528756957328,
            0.538961038961039,
            0.577922077922078,
            0.5890538033395176,
            0.5732838589981447,
            0.5667903525046383,
            0.5658627087198516,
            0.5658627087198516,
            0.5658627087198516,
            0.5658627087198516,
            0.5658627087198516,
            0.5658627087198516,
            0.5658627087198516,
            0.5658627087198516,
            0.5658627087198516,
            0.5658627087198516,
            0.5658627087198516,
            0.5658627087198516,
            0.5658627087198516,
            0.5658627087198516,
            0.5658627087198516
        ],
        "f1": [
            0.6054333764553688,
            0.6054333764553688,
            0.6054333764553688,
            0.6054333764553688,
            0.6054333764553688,
            0.6054333764553688,
            0.6054333764553688,
            0.6054333764553688,
            0.6054333764553688,
            0.6054333764553688,
            0.6054333764553688,
            0.6054333764553688,
            0.6054333764553688,
            0.6054333764553688,
            0.6054333764553688,
            0.6054333764553688,
            0.6070038910505837,
            0.6055408970976254,
            0.595289079229122,
            0.5790754257907542,
            0.5198067632850242,
            0.4305381727158949,
            0.2934609250398724,
            0.10505836575875487,
            0.016842105263157898,
            0.0,
            0.0,
            0.0,
            0.0,
            0.0,
            0.0,
            0.0,
            0.0,
            0.0,
            0.0,
            0.0,
            0.0,
            0.0,
            0.0,
            0.0
        ],
        "mcc": [
            0.0,
            0.0,
            0.0,
            0.0,
            0.0,
            0.0,
            0.0,
            0.0,
            0.0,
            0.0,
            0.0,
            0.0,
            0.0,
            0.0,
            0.0,
            0.0,
            0.05345469599786187,
            0.04578892366768467,
            0.06554968783216207,
            0.10260421212237752,
            0.08562568356802468,
            0.1148290034729219,
            0.12124857228640694,
            0.06509505412023459,
            0.02239381860193409,
            0.0,
            0.0,
            0.0,
            0.0,
            0.0,
            0.0,
            0.0,
            0.0,
            0.0,
            0.0,
            0.0,
            0.0,
            0.0,
            0.0,
            0.0
        ],
        "hammingLoss": [
            0.5658627087198516,
            0.5658627087198516,
            0.5658627087198516,
            0.5658627087198516,
            0.5658627087198516,
            0.5658627087198516,
            0.5658627087198516,
            0.5658627087198516,
            0.5658627087198516,
            0.5658627087198516,
            0.5658627087198516,
            0.5658627087198516,
            0.5658627087198516,
            0.5658627087198516,
            0.5658627087198516,
            0.5658627087198516,
            0.5621521335807049,
            0.5547309833024119,
            0.525974025974026,
            0.48144712430426717,
            0.461038961038961,
            0.42207792207792205,
            0.4109461966604824,
            0.4267161410018553,
            0.4332096474953617,
            0.43413729128014844,
            0.43413729128014844,
            0.43413729128014844,
            0.43413729128014844,
            0.43413729128014844,
            0.43413729128014844,
            0.43413729128014844,
            0.43413729128014844,
            0.43413729128014844,
            0.43413729128014844,
            0.43413729128014844,
            0.43413729128014844,
            0.43413729128014844,
            0.43413729128014844,
            0.43413729128014844
        ],
        "assertionsMetrics": [],
        "overridesMetrics": []
    },
    "tiMetrics": {
        "auc": 0.5750595488300407,
        "logLoss": 0.6859601828716791,
        "lift": 1.1811033771590616,
        "averagePrecision": 0.5089209431084868,
        "calibrationLoss": 0.06817158048858711
    },
    "probaPercentiles": [
        0.41119319802172954,
        0.42069960763454534,
        0.4268187597790843,
        0.43200565276462405,
        0.4355359628126903,
        0.4381240183279953,
        0.4408361485641966,
        0.44177086442982383,
        0.4431241643695143,
        0.44431595704007304,
        0.4462691062667249,
        0.44805121658618113,
        0.44925061576763403,
        0.45090114048768676,
        0.4521030760599703,
        0.4538480647331796,
        0.45532434338528105,
        0.4573769312747556,
        0.4588617209328533,
        0.46135602388445796,
        0.4625516643770436,
        0.46356870762852115,
        0.46495278996397293,
        0.467413879069881,
        0.46955832440522743,
        0.47088716957560556,
        0.4721451045920163,
        0.4738332591862748,
        0.4750059228416141,
        0.47623498966234007,
        0.4773131823554614,
        0.47869382866424365,
        0.4800598396229123,
        0.4817849804838767,
        0.48304411068259306,
        0.4849552284109124,
        0.48605851147593504,
        0.4875303725720029,
        0.4884837282043878,
        0.4901359259357931,
        0.49064647446292725,
        0.4918646558630144,
        0.4929766154374194,
        0.49462774789520175,
        0.4960790873717361,
        0.49811664066520267,
        0.4991892182700933,
        0.5008339907066222,
        0.5017858981285516,
        0.5037513441999935,
        0.5050751311336623,
        0.506340249329915,
        0.5074172665219137,
        0.5086856925127493,
        0.5093677071394626,
        0.5103447772249997,
        0.5114716710724588,
        0.512698457582647,
        0.5144224081279346,
        0.5155486712342536,
        0.5163520560913154,
        0.517611014906546,
        0.5192737253083596,
        0.5203878592928788,
        0.5215080383780739,
        0.522072541195045,
        0.5229291290658686,
        0.5240023166531343,
        0.5246914044617709,
        0.526571280858275,
        0.5279693183883292,
        0.5294273537625673,
        0.5307471377391311,
        0.5323049551853261,
        0.5331489608805406,
        0.5341442161836644,
        0.5361273224993252,
        0.5375922345254303,
        0.5404201002219303,
        0.5421496539054836,
        0.5433913222106048,
        0.545616136548198,
        0.546684114237714,
        0.5485655885086903,
        0.54953036626369,
        0.5519932130029825,
        0.5547192350433432,
        0.5558873289354208,
        0.5575987927371494,
        0.5599264877960706,
        0.5622541518165627,
        0.5658737028275022,
        0.5683371525406357,
        0.5703081633731035,
        0.5732902057542297,
        0.5758257577176503,
        0.5807981550247225,
        0.5882637437830259,
        0.597889795397234
    ],
    "rocVizData": [
        [
            {
                "x": 0.0,
                "y": 0.0,
                "p": 1.6216689614507453
            },
            {
                "x": 0.018032786885245903,
                "y": 0.03205128205128205,
                "p": 0.5847172194542108
            },
            {
                "x": 0.03278688524590164,
                "y": 0.07051282051282051,
                "p": 0.5737996389226191
            },
            {
                "x": 0.054098360655737705,
                "y": 0.10256410256410256,
                "p": 0.5673789315153014
            },
            {
                "x": 0.07540983606557378,
                "y": 0.1346153846153846,
                "p": 0.5598664994895163
            },
            {
                "x": 0.09180327868852459,
                "y": 0.16880341880341881,
                "p": 0.5552751875840276
            },
            {
                "x": 0.11311475409836065,
                "y": 0.202991452991453,
                "p": 0.5493086947063816
            },
            {
                "x": 0.13934426229508196,
                "y": 0.23076923076923078,
                "p": 0.5458542329319601
            },
            {
                "x": 0.16721311475409836,
                "y": 0.25427350427350426,
                "p": 0.541241934469786
            },
            {
                "x": 0.1901639344262295,
                "y": 0.28205128205128205,
                "p": 0.5361607212485701
            },
            {
                "x": 0.2098360655737705,
                "y": 0.3141025641025641,
                "p": 0.5327141914816422
            },
            {
                "x": 0.24098360655737705,
                "y": 0.33547008547008544,
                "p": 0.5290167500291211
            },
            {
                "x": 0.25901639344262295,
                "y": 0.36752136752136755,
                "p": 0.5252609488117254
            },
            {
                "x": 0.28524590163934427,
                "y": 0.39316239316239315,
                "p": 0.522879243052379
            },
            {
                "x": 0.30983606557377047,
                "y": 0.42094017094017094,
                "p": 0.5206538476092168
            },
            {
                "x": 0.3344262295081967,
                "y": 0.45085470085470086,
                "p": 0.5171414179188687
            },
            {
                "x": 0.3557377049180328,
                "y": 0.4807692307692308,
                "p": 0.5145831790661805
            },
            {
                "x": 0.38688524590163936,
                "y": 0.5021367521367521,
                "p": 0.5108399549952836
            },
            {
                "x": 0.4278688524590164,
                "y": 0.5213675213675214,
                "p": 0.5076023396669038
            },
            {
                "x": 0.46229508196721314,
                "y": 0.5384615384615384,
                "p": 0.5043165232153017
            },
            {
                "x": 0.48688524590163934,
                "y": 0.5662393162393162,
                "p": 0.5006138507490598
            },
            {
                "x": 0.5147540983606558,
                "y": 0.5961538461538461,
                "p": 0.496129822937662
            },
            {
                "x": 0.5409836065573771,
                "y": 0.6260683760683761,
                "p": 0.49192273885607546
            },
            {
                "x": 0.5655737704918032,
                "y": 0.6517094017094017,
                "p": 0.4899639211968193
            },
            {
                "x": 0.5950819672131148,
                "y": 0.6752136752136753,
                "p": 0.4861694832728846
            },
            {
                "x": 0.6180327868852459,
                "y": 0.7029914529914529,
                "p": 0.4824324434334276
            },
            {
                "x": 0.6377049180327868,
                "y": 0.7393162393162394,
                "p": 0.4784034967021713
            },
            {
                "x": 0.6688524590163935,
                "y": 0.7606837606837606,
                "p": 0.47510755763808554
            },
            {
                "x": 0.7049180327868853,
                "y": 0.7777777777777778,
                "p": 0.47136699325260645
            },
            {
                "x": 0.7295081967213115,
                "y": 0.8055555555555556,
                "p": 0.46714923822287485
            },
            {
                "x": 0.760655737704918,
                "y": 0.8290598290598291,
                "p": 0.4625348898919307
            },
            {
                "x": 0.8098360655737705,
                "y": 0.8504273504273504,
                "p": 0.4558906856479562
            },
            {
                "x": 0.8311475409836065,
                "y": 0.8803418803418803,
                "p": 0.45148212389257725
            },
            {
                "x": 0.860655737704918,
                "y": 0.9017094017094017,
                "p": 0.44809168927034765
            },
            {
                "x": 0.8852459016393442,
                "y": 0.9273504273504274,
                "p": 0.44377254143545314
            },
            {
                "x": 0.9114754098360656,
                "y": 0.9529914529914529,
                "p": 0.4408735782805215
            },
            {
                "x": 0.9459016393442623,
                "y": 0.9700854700854701,
                "p": 0.43314524013263267
            },
            {
                "x": 0.9770491803278688,
                "y": 0.9935897435897436,
                "p": 0.41784549629262485
            },
            {
                "x": 1.0,
                "y": 1.0,
                "p": 0.3869460257830461
            }
        ]
    ],
    "liftVizData": {
        "bins": [
            {
                "bin_pos_prop": 0.5833333333,
                "bin_lift": 1.3436609687,
                "cum_lift": 0.1346153846,
                "cum_size": 0.1001855288,
                "bin_min": 0.5599264878,
                "bin_max": 0.6216689615,
                "percentile_idx": 0
            },
            {
                "bin_pos_prop": 0.4907407407,
                "bin_lift": 1.1303814498,
                "cum_lift": 0.2478632479,
                "cum_size": 0.2003710575,
                "bin_min": 0.5421496539,
                "bin_max": 0.5599264878,
                "percentile_idx": 1
            },
            {
                "bin_pos_prop": 0.4722222222,
                "bin_lift": 1.0877255461,
                "cum_lift": 0.3568376068,
                "cum_size": 0.3005565863,
                "bin_min": 0.5265712809,
                "bin_max": 0.5421496539,
                "percentile_idx": 2
            },
            {
                "bin_pos_prop": 0.5046728972,
                "bin_lift": 1.162473041,
                "cum_lift": 0.4722222222,
                "cum_size": 0.3998144712,
                "bin_min": 0.5155486712,
                "bin_max": 0.5265712809,
                "percentile_idx": 3
            },
            {
                "bin_pos_prop": 0.2962962963,
                "bin_lift": 0.6824944603,
                "cum_lift": 0.5405982906,
                "cum_size": 0.5,
                "bin_min": 0.5037513442,
                "bin_max": 0.5155486712,
                "percentile_idx": 4
            },
            {
                "bin_pos_prop": 0.4722222222,
                "bin_lift": 1.0877255461,
                "cum_lift": 0.6495726496,
                "cum_size": 0.6001855288,
                "bin_min": 0.4901359259,
                "bin_max": 0.5037513442,
                "percentile_idx": 5
            },
            {
                "bin_pos_prop": 0.4392523364,
                "bin_lift": 1.0117820912,
                "cum_lift": 0.75,
                "cum_size": 0.6994434137,
                "bin_min": 0.4762349897,
                "bin_max": 0.4901359259,
                "percentile_idx": 6
            },
            {
                "bin_pos_prop": 0.3888888889,
                "bin_lift": 0.8957739791,
                "cum_lift": 0.8397435897,
                "cum_size": 0.7996289425,
                "bin_min": 0.4613560239,
                "bin_max": 0.4762349897,
                "percentile_idx": 7
            },
            {
                "bin_pos_prop": 0.3611111111,
                "bin_lift": 0.8317901235,
                "cum_lift": 0.9230769231,
                "cum_size": 0.8998144712,
                "bin_min": 0.444315957,
                "bin_max": 0.4613560239,
                "percentile_idx": 8
            },
            {
                "bin_pos_prop": 0.3333333333,
                "bin_lift": 0.7678062678,
                "cum_lift": 1.0,
                "cum_size": 1.0,
                "bin_min": 0.3869460258,
                "bin_max": 0.444315957,
                "percentile_idx": 9
            }
        ],
        "wizard": {
            "positives": 468,
            "total": 1078
        }
    },
    "prVizData": [
        {
            "bins": [
                {
                    "x": 1.0,
                    "y": 0.43413729128014844,
                    "p": 0.3869460257830461
                },
                {
                    "x": 0.967948717948718,
                    "y": 0.4432485322896282,
                    "p": 0.43594563074265746
                },
                {
                    "x": 0.9294871794871795,
                    "y": 0.4452405322415558,
                    "p": 0.4434717359603259
                },
                {
                    "x": 0.8910256410256411,
                    "y": 0.4459893048128342,
                    "p": 0.44965305959484414
                },
                {
                    "x": 0.8525641025641025,
                    "y": 0.4463087248322148,
                    "p": 0.4553278460014386
                },
                {
                    "x": 0.8183760683760684,
                    "y": 0.45271867612293143,
                    "p": 0.46300925772816137
                },
                {
                    "x": 0.7841880341880342,
                    "y": 0.4581772784019975,
                    "p": 0.4706365805578245
                },
                {
                    "x": 0.7521367521367521,
                    "y": 0.46622516556291393,
                    "p": 0.47622203442471994
                },
                {
                    "x": 0.7158119658119658,
                    "y": 0.4659248956884562,
                    "p": 0.4804551401288139
                },
                {
                    "x": 0.6794871794871795,
                    "y": 0.465592972181552,
                    "p": 0.48545149971881657
                },
                {
                    "x": 0.6452991452991453,
                    "y": 0.4682170542635659,
                    "p": 0.49022810150657997
                },
                {
                    "x": 0.6089743589743589,
                    "y": 0.4664484451718494,
                    "p": 0.49369779524699475
                },
                {
                    "x": 0.5790598290598291,
                    "y": 0.47294938917975565,
                    "p": 0.4991214964642828
                },
                {
                    "x": 0.5427350427350427,
                    "y": 0.46863468634686345,
                    "p": 0.5031054453411062
                },
                {
                    "x": 0.5213675213675214,
                    "y": 0.4850894632206759,
                    "p": 0.50772128754792
                },
                {
                    "x": 0.49786324786324787,
                    "y": 0.4989293361884368,
                    "p": 0.5113063240028868
                },
                {
                    "x": 0.47435897435897434,
                    "y": 0.511520737327189,
                    "p": 0.5154029890933665
                },
                {
                    "x": 0.4423076923076923,
                    "y": 0.5085995085995086,
                    "p": 0.5184847387678334
                },
                {
                    "x": 0.41239316239316237,
                    "y": 0.5065616797900262,
                    "p": 0.5210321632939939
                },
                {
                    "x": 0.3888888888888889,
                    "y": 0.5155807365439093,
                    "p": 0.5231459103832733
                },
                {
                    "x": 0.36324786324786323,
                    "y": 0.5182926829268293,
                    "p": 0.5255274590344962
                },
                {
                    "x": 0.33547008547008544,
                    "y": 0.5164473684210527,
                    "p": 0.5290167500291211
                },
                {
                    "x": 0.31837606837606836,
                    "y": 0.5321428571428571,
                    "p": 0.53238307904927
                },
                {
                    "x": 0.2948717948717949,
                    "y": 0.5348837209302325,
                    "p": 0.534522126579592
                },
                {
                    "x": 0.27136752136752135,
                    "y": 0.5336134453781513,
                    "p": 0.5375804710447889
                },
                {
                    "x": 0.25,
                    "y": 0.5342465753424658,
                    "p": 0.5414591615248007
                },
                {
                    "x": 0.23717948717948717,
                    "y": 0.555,
                    "p": 0.5446996747058046
                },
                {
                    "x": 0.2222222222222222,
                    "y": 0.5683060109289617,
                    "p": 0.5468564134687267
                },
                {
                    "x": 0.20512820512820512,
                    "y": 0.5748502994011976,
                    "p": 0.5491435515995577
                },
                {
                    "x": 0.1858974358974359,
                    "y": 0.5723684210526315,
                    "p": 0.5519542186189019
                },
                {
                    "x": 0.17307692307692307,
                    "y": 0.5869565217391305,
                    "p": 0.5550475551341967
                },
                {
                    "x": 0.16025641025641027,
                    "y": 0.6,
                    "p": 0.5565298371966784
                },
                {
                    "x": 0.1388888888888889,
                    "y": 0.5752212389380531,
                    "p": 0.5584810718559282
                },
                {
                    "x": 0.13034188034188035,
                    "y": 0.5922330097087378,
                    "p": 0.5609816525036027
                },
                {
                    "x": 0.11965811965811966,
                    "y": 0.6021505376344086,
                    "p": 0.5639107676531603
                },
                {
                    "x": 0.10683760683760683,
                    "y": 0.5952380952380952,
                    "p": 0.5666645422032652
                },
                {
                    "x": 0.10042735042735043,
                    "y": 0.618421052631579,
                    "p": 0.5683912704942862
                },
                {
                    "x": 0.08547008547008547,
                    "y": 0.5970149253731343,
                    "p": 0.5702033926027038
                },
                {
                    "x": 0.07478632478632478,
                    "y": 0.5833333333333334,
                    "p": 0.5712460066809788
                },
                {
                    "x": 0.07051282051282051,
                    "y": 0.6111111111111112,
                    "p": 0.5735185892113306
                },
                {
                    "x": 0.06196581196581197,
                    "y": 0.6041666666666666,
                    "p": 0.5745472540982316
                },
                {
                    "x": 0.053418803418803416,
                    "y": 0.5813953488372093,
                    "p": 0.5760686513961705
                },
                {
                    "x": 0.042735042735042736,
                    "y": 0.5263157894736842,
                    "p": 0.5786828683193761
                },
                {
                    "x": 0.042735042735042736,
                    "y": 0.5882352941176471,
                    "p": 0.5805741502988984
                },
                {
                    "x": 0.03632478632478633,
                    "y": 0.5666666666666667,
                    "p": 0.5832164813892401
                },
                {
                    "x": 0.03205128205128205,
                    "y": 0.5555555555555556,
                    "p": 0.5842232308829013
                },
                {
                    "x": 0.029914529914529916,
                    "y": 0.5833333333333334,
                    "p": 0.5876728288969258
                },
                {
                    "x": 0.027777777777777776,
                    "y": 0.6190476190476191,
                    "p": 0.5888374679504413
                },
                {
                    "x": 0.021367521367521368,
                    "y": 0.5555555555555556,
                    "p": 0.5914147432693867
                },
                {
                    "x": 0.019230769230769232,
                    "y": 0.5625,
                    "p": 0.5923331716739559
                },
                {
                    "x": 0.019230769230769232,
                    "y": 0.6428571428571429,
                    "p": 0.5944494866304155
                },
                {
                    "x": 0.014957264957264958,
                    "y": 0.5833333333333334,
                    "p": 0.5978414257515164
                },
                {
                    "x": 0.014957264957264958,
                    "y": 0.6363636363636364,
                    "p": 0.598051728558984
                },
                {
                    "x": 0.010683760683760684,
                    "y": 0.5555555555555556,
                    "p": 0.5991266334617789
                },
                {
                    "x": 0.008547008547008548,
                    "y": 0.5,
                    "p": 0.5997876767617832
                },
                {
                    "x": 0.008547008547008548,
                    "y": 0.5714285714285714,
                    "p": 0.6017330015938583
                },
                {
                    "x": 0.008547008547008548,
                    "y": 0.6666666666666666,
                    "p": 0.6017658853602492
                },
                {
                    "x": 0.00641025641025641,
                    "y": 0.6,
                    "p": 0.6025711251219963
                },
                {
                    "x": 0.004273504273504274,
                    "y": 0.5,
                    "p": 0.6025980940334564
                },
                {
                    "x": 0.004273504273504274,
                    "y": 0.6666666666666666,
                    "p": 0.6026355925667847
                },
                {
                    "x": 0.004273504273504274,
                    "y": 1.0,
                    "p": 0.6102093779939056
                },
                {
                    "x": 0.002136752136752137,
                    "y": 1.0,
                    "p": 0.6216689614507453
                }
            ],
            "positiveRate": 0.43413729128014844
        }
    ],
    "densityData": {
        "Physical": {
            "actualIsThisClass": [
                1.264566976481299e-220,
                1.23553241821113e-209,
                6.294246102185916e-199,
                1.6719189840787008e-188,
                2.3156542654931433e-178,
                1.6723403096397515e-168,
                6.297584490726489e-159,
                1.2365972095342986e-149,
                1.26617747507575e-140,
                6.760531683869819e-132,
                1.88233022531856e-123,
                2.7330603770766305e-115,
                2.0694360884430176e-107,
                8.171777396492553e-100,
                1.682893951438889e-92,
                1.8075430970159204e-85,
                1.0125829568772926e-78,
                2.9587196444133036e-72,
                4.509547096023805e-66,
                3.585475809789922e-60,
                1.4872342412019012e-54,
                3.2186285519095817e-49,
                3.6347046346207003e-44,
                2.1420596262671377e-39,
                6.589119716137672e-35,
                1.058134464140214e-30,
                8.873098632946378e-27,
                3.8865045802417574e-23,
                8.895179138748529e-20,
                1.0643179036801856e-16,
                6.661747507231411e-14,
                2.183191147824058e-11,
                3.75098611228189e-09,
                3.385466909492996e-07,
                1.610414498495178e-05,
                0.0004060601449799897,
                0.00548488245945924,
                0.04051103925964337,
                0.17050013480339096,
                0.44421682268783236,
                0.8308286524754304,
                1.339107532970391,
                2.056192456145145,
                3.0072794183778786,
                4.1217028425742335,
                5.261382748440841,
                6.391890809339062,
                7.501591567535526,
                8.256459668057413,
                8.275378183195146,
                7.801100916448692,
                7.416932704574481,
                7.21504861072206,
                6.971885430089135,
                6.523202069681543,
                5.597091051799295,
                4.089464442186003,
                2.53806433331492,
                1.4858553341022493,
                0.8755578655442747,
                0.47868184323121893,
                0.21567987221423113,
                0.0710547824807263,
                0.015297815440512204,
                0.001981400038618094,
                0.00014619929493113777,
                5.93288172253855e-06,
                1.2951357509815455e-07,
                1.5006302961591092e-09,
                9.156726710445058e-12,
                2.9293748086245665e-14,
                4.901017644641711e-17,
                4.2821734571349443e-20,
                1.9524004209713696e-23,
                4.643127866109043e-27,
                5.758159817905363e-31,
                3.723307723750601e-35,
                1.2552005371948843e-39,
                2.2060615277258637e-44,
                2.021305392296923e-49,
                9.654952010436692e-55,
                2.404190143223892e-60,
                3.120944915889929e-66,
                2.1120340063040118e-72,
                7.450966346591549e-79,
                1.3703163362171064e-85,
                1.3137883422711458e-92,
                6.566382716437493e-100,
                1.710894111717621e-107,
                2.3238933082408126e-115,
                1.645528205267549e-123,
                6.074220524563646e-132,
                1.1688851751114756e-140,
                1.1725981733277645e-149,
                6.13228937879223e-159,
                1.6718300665810102e-168,
                2.3760615389851837e-178,
                1.7604321832548312e-188,
                6.799499969011154e-199,
                1.3690859520077208e-209
            ],
            "actualIsNotThisClass": [
                4.460756430638521e-172,
                4.1050929060829044e-163,
                2.1611520962927344e-154,
                6.508719210409572e-146,
                1.1213820545533937e-137,
                1.105247469405074e-129,
                6.231797297126822e-122,
                2.010087532423282e-114,
                3.709065335613768e-107,
                3.915271292228113e-100,
                2.364324596617545e-93,
                8.167708057320715e-87,
                1.6141399292566526e-80,
                1.8248620126681715e-74,
                1.1802303205750731e-68,
                4.3666804688193417e-63,
                9.242384040773684e-58,
                1.1190890237970605e-52,
                7.75163718993119e-48,
                3.071642662632037e-43,
                6.963008326836105e-39,
                9.02969503669033e-35,
                6.698861962488736e-31,
                2.8430480503886723e-27,
                6.902860386953664e-24,
                9.588439856743357e-21,
                7.620157430874939e-18,
                3.4651422720048104e-15,
                9.017858502525484e-13,
                1.3436104020566581e-10,
                1.1469632465019172e-08,
                5.617878519417901e-07,
                1.5837071524823564e-05,
                0.0002586769415328533,
                0.0024855760099314903,
                0.014555307987842894,
                0.05607692112537564,
                0.16139194361509923,
                0.3891154977359095,
                0.8112340754930195,
                1.4886521091812974,
                2.4887417429796685,
                3.7339724295666152,
                4.897159635216115,
                5.7669927517500215,
                6.495015073289079,
                7.284912209101533,
                7.869537454508267,
                7.825117764462355,
                7.445110038320352,
                7.22643073777656,
                6.967773867734191,
                6.378947120050553,
                5.715838199792746,
                5.168701083758793,
                4.3613340872341055,
                3.0882711597888273,
                1.8087316424632072,
                0.9248608073433328,
                0.4183795847041524,
                0.1568664264298031,
                0.044057734598637904,
                0.008383931466514652,
                0.0010027747575522409,
                7.210270411997544e-05,
                3.0458338306296346e-06,
                7.474569641024251e-08,
                1.0597255551613093e-09,
                8.65538441387676e-12,
                4.065931692290818e-14,
                1.097399617822512e-16,
                1.7005112656979145e-19,
                1.5120104131082888e-22,
                7.710569570487273e-26,
                2.254254273160321e-29,
                3.77709700654016e-33,
                3.625998805728107e-37,
                1.993909019846298e-41,
                6.279151810457429e-46,
                1.132239144859264e-50,
                1.168832649314365e-55,
                6.906994758679465e-61,
                2.3361615797944814e-66,
                4.5222577721835375e-72,
                5.009731135236054e-78,
                3.1758022333786943e-84,
                1.151993694977419e-90,
                2.391034217797626e-97,
                2.839520756613439e-104,
                1.9293677033625412e-111,
                7.500409343240587e-119,
                1.66819205171329e-126,
                2.1227109993786022e-134,
                1.5453017960467437e-142,
                6.435885099714116e-151,
                1.533456890791008e-159,
                2.0902569680428688e-168,
                1.6300078900994746e-177,
                7.271755137216801e-187,
                1.8558646732890156e-196
            ],
            "actualIsThisClassMedian": 0.5017870456933573,
            "actualIsNotThisClassMedian": 0.48875250065927694
        },
        "Digital": {
            "actualIsThisClass": [
                1.8558646732888046e-196,
                7.271755137216801e-187,
                1.630007890099567e-177,
                2.0902569680428688e-168,
                1.533456890791008e-159,
                6.435885099715214e-151,
                1.545301796046656e-142,
                2.122710999378723e-134,
                1.66819205171329e-126,
                7.500409343240587e-119,
                1.9293677033629253e-111,
                2.8395207566133584e-104,
                2.391034217797762e-97,
                1.151993694977419e-90,
                3.1758022333787843e-84,
                5.009731135236054e-78,
                4.522257772183666e-72,
                2.336161579794747e-66,
                6.906994758679465e-61,
                1.1688326493144482e-55,
                1.13223914485928e-50,
                6.279151810457608e-46,
                1.9939090198462415e-41,
                3.625998805728159e-37,
                3.777097006540375e-33,
                2.254254273160289e-29,
                7.710569570487437e-26,
                1.5120104131082672e-22,
                1.7005112656979626e-19,
                1.0973996178225353e-16,
                4.0659316922907745e-14,
                8.65538441387716e-12,
                1.0597255551613018e-09,
                7.474569641024489e-08,
                3.045833830629624e-06,
                7.21027041199762e-05,
                0.0010027747575522552,
                0.008383931466514631,
                0.04405773459863824,
                0.15686642642980242,
                0.41837958470415687,
                0.9248608073433335,
                1.8087316424632247,
                3.088271159788841,
                4.3613340872340745,
                5.168701083758821,
                5.715838199792746,
                6.378947120050575,
                6.967773867734179,
                7.226430737776509,
                7.4451100383204185,
                7.825117764462328,
                7.869537454508281,
                7.284912209101481,
                6.495015073289091,
                5.76699275174997,
                4.897159635216062,
                3.733972429566622,
                2.488741742979675,
                1.488652109181292,
                0.8112340754930224,
                0.3891154977359095,
                0.16139194361509923,
                0.056076921125375795,
                0.014555307987842778,
                0.002485576009931506,
                0.00025867694153285055,
                1.5837071524823507e-05,
                5.617878519417743e-07,
                1.1469632465019253e-08,
                1.3436104020566437e-10,
                9.017858502525324e-13,
                3.4651422720048353e-15,
                7.620157430874614e-18,
                9.588439856743492e-21,
                6.902860386953419e-24,
                2.8430480503886116e-27,
                6.69886196248864e-31,
                9.029695036690202e-35,
                6.963008326836105e-39,
                3.071642662631906e-43,
                7.75163718993119e-48,
                1.119089023796949e-52,
                9.242384040773421e-58,
                4.3666804688197136e-63,
                1.1802303205749724e-68,
                1.8248620126682233e-74,
                1.614139929256515e-80,
                8.167708057320948e-87,
                2.364324596617142e-93,
                3.915271292228224e-100,
                3.7090653356138733e-107,
                2.0100875324231677e-114,
                6.231797297126822e-122,
                1.1052474694049482e-129,
                1.1213820545533937e-137,
                6.508719210409572e-146,
                2.1611520962926115e-154,
                4.1050929060829044e-163,
                4.4607564306392815e-172
            ],
            "actualIsNotThisClass": [
                1.3690859520077208e-209,
                6.7994999690127e-199,
                1.7604321832552315e-188,
                2.3760615389851837e-178,
                1.6718300665812004e-168,
                6.132289378793624e-159,
                1.172598173327898e-149,
                1.1688851751117416e-140,
                6.074220524563991e-132,
                1.6455282052679233e-123,
                2.323893308241077e-115,
                1.710894111717767e-107,
                6.566382716438613e-100,
                1.3137883422712579e-92,
                1.3703163362173402e-85,
                7.450966346591972e-79,
                2.112034006304312e-72,
                3.1209449158904616e-66,
                2.4041901432239602e-60,
                9.65495201043834e-55,
                2.021305392297095e-49,
                2.2060615277260832e-44,
                1.2552005371949378e-39,
                3.7233077237509187e-35,
                5.758159817905772e-31,
                4.643127866109208e-27,
                1.9524004209715083e-23,
                4.2821734571350966e-20,
                4.901017644642094e-17,
                2.929374808624754e-14,
                9.156726710445253e-12,
                1.5006302961591838e-09,
                1.2951357509815455e-07,
                5.93288172253874e-06,
                0.00014619929493113958,
                0.00198140003861814,
                0.015297815440512395,
                0.07105478248072598,
                0.21567987221423265,
                0.4786818432312164,
                0.8755578655442755,
                1.485855334102244,
                2.538064333314911,
                4.089464442185981,
                5.597091051799236,
                6.523202069681589,
                6.971885430089048,
                7.215048610722098,
                7.416932704574521,
                7.8011009164486085,
                8.27537818319513,
                8.256459668057444,
                7.501591567535592,
                6.391890809338983,
                5.261382748440841,
                4.1217028425742415,
                3.0072794183778626,
                2.056192456145149,
                1.339107532970392,
                0.8308286524754289,
                0.4442168226878316,
                0.17050013480338946,
                0.04051103925964319,
                0.005484882459459132,
                0.00040606014497998177,
                1.6104144984951725e-05,
                3.3854669094929e-07,
                3.750986112281916e-09,
                2.1831911478239572e-11,
                6.661747507231387e-14,
                1.0643179036801401e-16,
                8.895179138747897e-20,
                3.8865045802417574e-23,
                8.873098632945873e-27,
                1.058134464140214e-30,
                6.589119716137391e-35,
                2.1420596262669857e-39,
                3.634704634620752e-44,
                3.218628551909353e-49,
                1.4872342412019012e-54,
                3.5854758097896165e-60,
                4.509547096023805e-66,
                2.9587196444129673e-72,
                1.0125829568772351e-78,
                1.807543097016023e-85,
                1.6828939514387453e-92,
                8.171777396492089e-100,
                2.0694360884428412e-107,
                2.73306037707632e-115,
                1.8823302253182393e-123,
                6.760531683869819e-132,
                1.2661774750758221e-140,
                1.2365972095340878e-149,
                6.297584490725773e-159,
                1.6723403096393711e-168,
                2.315654265493275e-178,
                1.671918984078511e-188,
                6.294246102184843e-199,
                1.2355324182112001e-209,
                1.2645669764815146e-220
            ],
            "actualIsThisClassMedian": 0.511247499340723,
            "actualIsNotThisClassMedian": 0.4982129543066427
        }
    },
    "calibrationData": [
        {
            "y": 0,
            "x": 0,
            "n": 0
        },
        {
            "y": 0.0,
            "x": 0.39401109968104675,
            "n": 4.0
        },
        {
            "y": 0.39250493096646943,
            "x": 0.46492367128529255,
            "n": 507.0
        },
        {
            "y": 0.4732142857142857,
            "x": 0.5356311356932293,
            "n": 560.0
        },
        {
            "y": 0.5714285714285714,
            "x": 0.6061688625887137,
            "n": 7.0
        },
        {
            "y": 1,
            "x": 1,
            "n": 0
        }
    ],
    "probaDistribData": {
        "bins": [
            0.0,
            0.1,
            0.2,
            0.3,
            0.4,
            0.5,
            0.6,
            0.7,
            0.8,
            0.9,
            1.0
        ],
        "probaDistribs": [
            [
                0.0,
                0.0,
                0.0,
                4.0,
                308.0,
                295.0,
                3.0,
                0.0,
                0.0,
                0.0
            ],
            [
                0.0,
                0.0,
                0.0,
                0.0,
                199.0,
                265.0,
                4.0,
                0.0,
                0.0,
                0.0
            ]
        ]
    },
    "globalMetrics": {
        "testWeight": 1078,
        "targetAvg": [
            0.43413729128014844
        ],
        "targetStd": [
            0.49587317140355575
        ],
        "predictionAvg": [
            0.9962894248608535
        ],
        "predictionStd": [
            0.060801371458901445
        ]
    }
}