{
    "predictedClassCountPerCut": [
        {
            "Digital": 1078
        },
        {
            "Digital": 1078
        },
        {
            "Digital": 1078
        },
        {
            "Digital": 1078
        },
        {
            "Digital": 1078
        },
        {
            "Digital": 1078
        },
        {
            "Digital": 1078
        },
        {
            "Digital": 1078
        },
        {
            "Digital": 1078
        },
        {
            "Digital": 1078
        },
        {
            "Digital": 1078
        },
        {
            "Digital": 1078
        },
        {
            "Digital": 1078
        },
        {
            "Digital": 1078
        },
        {
            "Digital": 1078
        },
        {
            "Digital": 1078
        },
        {
            "Digital": 1074,
            "Physical": 4
        },
        {
            "Digital": 1048,
            "Physical": 30
        },
        {
            "Digital": 933,
            "Physical": 145
        },
        {
            "Digital": 765,
            "Physical": 313
        },
        {
            "Digital": 567,
            "Physical": 511
        },
        {
            "Physical": 747,
            "Digital": 331
        },
        {
            "Physical": 919,
            "Digital": 159
        },
        {
            "Physical": 1032,
            "Digital": 46
        },
        {
            "Physical": 1071,
            "Digital": 7
        },
        {
            "Physical": 1078
        },
        {
            "Physical": 1078
        },
        {
            "Physical": 1078
        },
        {
            "Physical": 1078
        },
        {
            "Physical": 1078
        },
        {
            "Physical": 1078
        },
        {
            "Physical": 1078
        },
        {
            "Physical": 1078
        },
        {
            "Physical": 1078
        },
        {
            "Physical": 1078
        },
        {
            "Physical": 1078
        },
        {
            "Physical": 1078
        },
        {
            "Physical": 1078
        },
        {
            "Physical": 1078
        },
        {
            "Physical": 1078
        }
    ],
    "cuts": [
        0.0,
        0.025,
        0.05,
        0.075,
        0.1,
        0.125,
        0.15,
        0.175,
        0.2,
        0.225,
        0.25,
        0.275,
        0.3,
        0.325,
        0.35,
        0.375,
        0.4,
        0.425,
        0.45,
        0.475,
        0.5,
        0.525,
        0.55,
        0.575,
        0.6,
        0.625,
        0.65,
        0.675,
        0.7,
        0.725,
        0.75,
        0.775,
        0.8,
        0.825,
        0.85,
        0.875,
        0.9,
        0.925,
        0.95,
        0.975
    ],
    "predictedClassCount": {
        "Digital": 1074,
        "Physical": 4
    },
    "probabilityDensities": {
        "Physical": {
            "density": [
                7.407212199101537e-242,
                3.1228726248511893e-229,
                5.995701642227327e-217,
                5.242181029444921e-205,
                2.0872298347741529e-193,
                3.784554744238327e-182,
                3.1249679532245055e-171,
                1.1750669259971441e-160,
                2.01217567962894e-150,
                1.5691174309421154e-140,
                5.572258516241948e-131,
                9.01142193378695e-122,
                6.636539005548256e-113,
                2.2257492524036935e-104,
                3.3993593719040307e-96,
                2.3643087065235863e-88,
                7.488546697457156e-81,
                1.0801328208170243e-73,
                7.094847163086028e-67,
                2.1222433984794069e-60,
                2.8909036246573285e-54,
                1.7933222444961558e-48,
                5.066049348124421e-43,
                6.517289275406626e-38,
                3.8181363166381356e-33,
                1.0186466413554037e-28,
                1.2376146510363433e-24,
                6.847658690092622e-21,
                1.72546370551458e-17,
                1.980189698999314e-14,
                1.0351897321607531e-11,
                2.466236878569946e-09,
                2.680686164792099e-07,
                1.3335674208329336e-05,
                0.0003064668771862926,
                0.0033522417405564557,
                0.01921611791009859,
                0.07295554530180594,
                0.22987576708977245,
                0.5685934885936441,
                1.0700824302312308,
                1.7824859639753345,
                2.7802302609642005,
                3.8589239005903804,
                4.8556674856230115,
                5.775635267052174,
                6.787259792350014,
                7.787360130248867,
                8.180294040884002,
                7.907672089435053,
                7.539703073232065,
                7.265301345357895,
                6.86397727100864,
                6.401725342733881,
                6.0062485358239455,
                5.195614701853794,
                3.651223373645949,
                2.1149978472019657,
                1.1660002133322755,
                0.6374225163679815,
                0.3130504402472282,
                0.12389485872974142,
                0.034525894044578745,
                0.005834092053809191,
                0.0005312210592652014,
                2.4148462321036536e-05,
                5.243749780005129e-07,
                5.311859127342759e-09,
                2.4799136988513832e-11,
                5.303726633979803e-14,
                5.1805994194975505e-17,
                2.3077700330510832e-20,
                4.684925638060848e-24,
                4.3326565245877015e-28,
                1.8250285068331853e-32,
                3.501146135715726e-37,
                3.0588395454875675e-42,
                1.2170245153789004e-47,
                2.205125152065553e-53,
                1.8195164019813986e-59,
                6.83701085862499e-66,
                1.1699397313743728e-72,
                9.116902507292356e-80,
                3.235322406210651e-87,
                5.2284645664160115e-95,
                3.8478406453667897e-103,
                1.2895740018566289e-111,
                1.968166027262928e-120,
                1.3679286893689753e-129,
                4.329636605012673e-139,
                6.24059064100702e-149,
                4.096247633593604e-159,
                1.2244272049090513e-169,
                1.6667328530974563e-180,
                1.0332020993519325e-191,
                2.9166936921876223e-203,
                3.749579993703711e-215,
                2.1951322110324806e-227,
                5.852278701497805e-240,
                7.10518804311911e-253
            ],
            "median": 0.49624865580000654
        },
        "Digital": {
            "density": [
                7.10518804311911e-253,
                5.852278701499136e-240,
                2.195132211033229e-227,
                3.749579993703711e-215,
                2.916693692187954e-203,
                1.033202099352226e-191,
                1.6667328530977406e-180,
                1.2244272049093297e-169,
                4.0962476335940696e-159,
                6.240590641008793e-149,
                4.3296366050136574e-139,
                1.3679286893691309e-129,
                1.9681660272634876e-120,
                1.2895740018567387e-111,
                3.8478406453676646e-103,
                5.228464566416308e-95,
                3.235322406211203e-87,
                9.11690250729417e-80,
                1.1699397313744392e-72,
                6.837010858626351e-66,
                1.8195164019815536e-59,
                2.2051251520658663e-53,
                1.2170245153789522e-47,
                3.0588395454879155e-42,
                3.5011461357162735e-37,
                1.825028506833263e-32,
                4.332656524588101e-28,
                4.684925638061147e-24,
                2.307770033051329e-20,
                5.180599419498029e-17,
                5.3037266339799917e-14,
                2.4799136988515506e-11,
                5.3118591273428915e-09,
                5.243749780005408e-07,
                2.4148462321036838e-05,
                0.0005312210592652164,
                0.005834092053809295,
                0.03452589404457892,
                0.12389485872974251,
                0.3130504402472308,
                0.6374225163679837,
                1.1660002133322795,
                2.1149978472019733,
                3.651223373645962,
                5.195614701853756,
                6.006248535823956,
                6.401725342733813,
                6.8639772710087,
                7.265301345357895,
                7.539703073232186,
                7.907672089435081,
                8.180294040883943,
                7.787360130248812,
                6.787259792350025,
                5.775635267052205,
                4.855667485623028,
                3.85892390059036,
                2.780230260964181,
                1.7824859639753345,
                1.0700824302312282,
                0.5685934885936421,
                0.22987576708977103,
                0.07295554530180678,
                0.019216117910098456,
                0.0033522417405564167,
                0.0003064668771862915,
                1.33356742083291e-05,
                2.680686164792118e-07,
                2.4662368785699107e-09,
                1.0351897321607606e-11,
                1.9801896989992294e-14,
                1.7254637055145185e-17,
                6.84765869009267e-21,
                1.2376146510362994e-24,
                1.0186466413554037e-28,
                3.818136316637973e-33,
                6.517289275406348e-38,
                5.0660493481244925e-43,
                1.7933222444960792e-48,
                2.8909036246573696e-54,
                2.1222433984792258e-60,
                7.094847163086028e-67,
                1.0801328208168402e-73,
                7.48854669745673e-81,
                2.3643087065237208e-88,
                3.3993593719036444e-96,
                2.2257492524036935e-104,
                6.636539005547501e-113,
                9.01142193378695e-122,
                5.572258516240682e-131,
                1.5691174309421154e-140,
                2.01217567962894e-150,
                1.1750669259969437e-160,
                3.1249679532245055e-171,
                3.7845547442376816e-182,
                2.0872298347741529e-193,
                5.242181029444921e-205,
                5.995701642226645e-217,
                3.1228726248511893e-229,
                7.407212199103221e-242
            ],
            "median": 0.5037513441999935
        }
    }
}