{
  "starred": false,
  "clusterMetas": {},
  "sessionName": "imp",
  "customMeta": {
    "kv": {}
  },
  "tags": [],
  "activeClassifierThreshold": 0.4,
  "description": "",
  "name": "Logistic Regression (imp)",
  "labels": [
    {
      "key": "trainDataset:dataset-name",
      "value": "train"
    },
    {
      "key": "testDataset:dataset-name",
      "value": "train"
    },
    {
      "key": "evaluationDataset:dataset-name",
      "value": "train"
    },
    {
      "key": "model:algorithm",
      "value": "LOGISTIC_REGRESSION"
    },
    {
      "key": "model:name",
      "value": "Logistic Regression (imp)"
    },
    {
      "key": "model:session-name",
      "value": "imp"
    },
    {
      "key": "model:date",
      "value": "2025-04-14T07:15:28.679+0000"
    },
    {
      "key": "evaluation:date",
      "value": "2025-04-14T07:15:28.679+0000"
    }
  ]
}