{
  "columns": [
    {"name":"Customer ID","type":"string"},
    {"name":"Gender","type":"string"},
    {"name":"Age","type":"bigint"},
    {"name":"Years with Firm","type":"bigint"},
    {"name":"Active on Social Media","type":"boolean"},
    {"name":"Average Transactions per Month","type":"double"},
    {"name":"RFM Score","type":"int","meaning":"LongMeaning"},
    {"name":"rfm_category","type":"string"},
    {"name":"Credit Balance (AED)","type":"bigint"},
    {"name":"Customer Bio","type":"string"},
    {"name":"tag","type":"boolean"},
    {"name":"Customer Name","type":"string"},
    {"name":"Customer Username","type":"string"},
    {"name":"Profile Picture on Social Media","type":"boolean"},
    {"name":"Number of Referrals","type":"bigint"},
    {"name":"Payback Status","type":"string"}
  ],
  "userModified": true
}