{
  "steps": [],
  "maxProcessedMemTableBytes": -1,
  "columnsSelection": {
    "mode": "ALL"
  },
  "columnOrder": [],
  "columnWidthsByName": {},
  "columnUseScientificNotationByName": {},
  "coloring": {
    "scheme": "MEANING_AND_STATUS",
    "individualColumns": [],
    "individualColumnsRules": [],
    "valueColoringMode": "HASH"
  },
  "sorting": [],
  "analysisColumnData": {
    "RFM Score": {
      "meaning": "LongMeaning"
    }
  },
  "explorationSampling": {
    "selection": {
      "maxRecordsForDisplay": -1,
      "maxStoredBytes": 104857600,
      "timeout": -1,
      "filter": {
        "distinct": false,
        "enabled": false
      },
      "partitionSelectionMethod": "ALL",
      "latestPartitionsN": 1,
      "ordering": {
        "enabled": false,
        "rules": []
      },
      "samplingMethod": "HEAD_SEQUENTIAL",
      "maxRecords": 10000,
      "targetRatio": 0.02,
      "ascending": true,
      "withinFirstN": -1,
      "maxReadUncompressedBytes": -1
    },
    "autoRefreshSample": false,
    "_refreshTrigger": 0
  },
  "vizSampling": {
    "selection": {
      "useMemTable": false,
      "filter": {
        "distinct": false,
        "enabled": false
      },
      "partitionSelectionMethod": "ALL",
      "latestPartitionsN": 1,
      "ordering": {
        "enabled": false,
        "rules": []
      },
      "samplingMethod": "FULL",
      "maxRecords": -1,
      "targetRatio": 0.02,
      "ascending": true,
      "withinFirstN": -1,
      "maxReadUncompressedBytes": -1
    },
    "autoRefreshSample": false,
    "_refreshTrigger": 0
  },
  "exploreUIParams": {},
  "globalSearchQuery": "",
  "explorationFilters": [],
  "previewMode": "ALL_ROWS"
}