Customer ID,Gender,Age,Years with Firm,Active on Social Media,Average Transactions per Month,Credit Balance (AED),Customer Bio,Customer Name,Customer Username,Profile Picture on Social Media,Number of Referrals,Payback Status
CUST0101,Male,37,8,No,16.7,68,Creative thinker who enjoys innovation and challenges,Customer 101,user_101,Yes,1,9
CUST0562,Male,62,1,Yes,6.2,71,Love,Customer 562,user_562,No,2,Default
CUST0110,Female,20,3,Yes,12.58,890,"Avid reader, tech enthusiast, and fitness lover",Customer 110,user_110,Yes,1,3
CUST0373,Female,64,8,No,15.88,865,Passionate about sustainable living and healthy eating,Customer 373,user_373,Yes,0,9
CUST0230,Female,17,9,No,9.17,890,"Avid reader, tech enthusiast, and fitness lover",Customer 230,user_230,Yes,1,10
CUST0316,Male,57,4,Yes,7.94,912,Enjoying the small moments,Customer 316,user_316,Yes,4,Default
CUST0212,Male,19,8,Yes,14.31,550,Food lover,Customer 212,user_212,Yes,2,Default
CUST0019,Male,26,10,No,10.1,301,Shopaholic,Customer 19,customer19,No,3,6
CUST0379,Female,26,9,Yes,15.41,174,Shopaholic,Customer 379,user_379,No,6,2
CUST0470,Female,44,9,Yes,3.14,233,Shopaholic,Customer 470,user_470,No,6,Default
CUST0071,Female,34,5,No,3.0,94,Love,Customer 71,user_71,Yes,3,12
CUST0210,Male,21,3,No,15.3,532,Always learning and sharing my experiences,Customer 210,user_210,Yes,2,3
CUST0521,Male,18,2,Yes,6.81,149,Fitness,Customer 521,user_521,No,6,7
CUST0290,Male,53,0,Yes,17.29,653,"Avid reader, tech enthusiast, and fitness lover",Customer 290,user_290,Yes,8,6
CUST0020,Female,55,7,No,11.04,315,Foodie,Customer 20,customer20,No,2,Default
CUST0051,Female,18,0,No,16.48,887,Fitness fanatic with a love for outdoor adventures,Customer 51,user_51,Yes,5,11
CUST0067,Female,20,8,Yes,18.6,620,Food lover,Customer 67,user_67,No,6,Default
CUST0267,Male,26,0,No,14.94,606,Fitness,Customer 267,user_267,Yes,8,7
CUST0517,Male,64,4,Yes,20.33,279,Enjoying,Customer 517,user_517,No,6,Default
CUST0142,Female,18,8,Yes,3.28,882,Loves exploring new cuisines and traveling the world,Customer 142,user_142,Yes,2,7
CUST0314,Male,58,6,No,20.2,434,Foodie,Customer 314,user_314,No,3,Default
CUST0321,Male,24,5,Yes,14.52,554,Always learning and sharing my experiences,Customer 321,user_321,Yes,10,9
CUST0469,Female,19,6,No,10.14,915,Adventure seeker,Customer 469,customer469,Yes,8,Default
CUST0582,Male,61,6,No,4.86,408,Fitness,Customer 582,user_582,Yes,10,12
CUST0012,Female,56,3,Yes,15.21,491,Fitness fanatic with a love for outdoor adventures,Customer 12,user_12,Yes,9,3
CUST0049,Female,18,9,No,7.16,861,Enjoying the small moments,Customer 49,user_49,No,6,10
CUST0506,Male,41,1,Yes,20.44,549,Traveler,Customer 506,user_506,No,1,Default
CUST0409,Female,32,10,No,7.04,754,Food lover,Customer 409,user_409,No,2,Default
CUST0100,Female,20,4,Yes,19.84,154,Fitness,Customer 100,user_100,No,3,Default
CUST0143,Male,60,6,No,18.83,808,Fitness fanatic with a love for outdoor adventures,Customer 143,user_143,Yes,9,3
CUST0314,Male,58,6,No,20.2,434,Foodie,Customer 314,user_314,No,3,Default
CUST0306,Male,42,1,No,16.33,178,"Foodie, traveler, and passionate about personal growth",Customer 306,user_306,Yes,5,6
CUST0549,Female,20,9,No,4.37,680,Adventure seeker and nature enthusiast,Customer 549,user_549,Yes,9,6
CUST0104,Female,44,1,Yes,20.58,887,Music lover,Customer 104,user_104,No,3,Default
CUST0180,Female,30,10,No,7.08,421,Creative thinker who enjoys innovation and challenges,Customer 180,user_180,Yes,3,3
CUST0228,Female,30,2,No,18.22,-3,Shopaholic,Customer 228,user_228,Yes,2,8
CUST0100,Female,20,4,Yes,19.84,154,Fitness,Customer 100,user_100,No,3,Default
CUST0170,Male,30,2,Yes,6.81,222,Always learning,Customer 170,user_170,Yes,7,Default
CUST0486,Male,21,1,Yes,7.12,138,Tech geek who loves exploring cutting-edge solutions,Customer 486,user_486,Yes,6,12
CUST0510,Male,48,7,No,7.44,210,Passionate about sustainable living and healthy eating,Customer 510,user_510,Yes,6,9
CUST0071,Female,34,5,No,3.0,94,Love,Customer 71,user_71,Yes,3,12
CUST0588,Male,27,10,Yes,3.77,981,Love,Customer 588,user_588,Yes,5,4
CUST0074,Male,60,2,No,16.62,967,Shopaholic,Customer 74,user_74,No,0,Default
CUST0148,Female,29,4,Yes,14.8,570,Foodie,Customer 148,user_148,No,3,8
CUST0462,Female,45,9,No,10.9,727,Passionate about sustainable living and healthy eating,Customer 462,user_462,Yes,2,8
CUST0091,Male,23,2,No,3.04,543,Love,Customer 91,user_91,No,0,Default
CUST0061,Male,33,9,Yes,10.5,280,Tech geek,Customer 61,user_61,Yes,0,Default
CUST0524,Female,28,9,Yes,8.71,857,"Foodie, traveler, and passionate about personal growth",Customer 524,user_524,Yes,5,9
CUST0411,Male,44,7,No,3.14,164,"Foodie, traveler, and passionate about personal growth",Customer 411,user_411,Yes,4,Default
CUST0147,Male,27,9,Yes,7.25,253,Traveler,Customer 147,user_147,No,6,Default
CUST0224,Female,34,5,No,10.55,468,Traveler,Customer 224,user_224,No,7,6
CUST0096,Female,59,3,Yes,8.28,946,Shopaholic,Customer 96,customer96,No,1,Default
CUST0588,Male,27,10,Yes,3.77,981,Love,Customer 588,user_588,Yes,5,4
CUST0190,Female,41,6,No,12.98,749,Music lover,Customer 190,user_190,Yes,2,Default
CUST0235,Female,63,2,Yes,5.12,930,Enjoying,Customer 235,user_235,No,3,Default
CUST0379,Female,26,9,Yes,15.41,174,Shopaholic,Customer 379,user_379,No,6,2
CUST0013,Male,57,5,Yes,2.94,65,Fitness,Customer 13,user_13,No,2,8
CUST0550,Male,55,2,No,19.33,861,Music lover,Customer 550,user_550,No,7,Default
CUST0377,Male,30,1,No,20.21,385,Fitness fanatic with a love for outdoor adventures,Customer 377,user_377,Yes,0,8
CUST0389,Female,21,0,No,17.93,64,Adventure seeker and nature enthusiast,Customer 389,customer389,Yes,3,7
CUST0099,Male,33,0,Yes,3.97,763,Fitness fanatic with a love for outdoor adventures,Customer 99,user_99,Yes,3,7
CUST0444,Male,51,4,Yes,12.74,925,Foodie,Customer 444,user_444,No,8,Default
CUST0183,Female,63,4,Yes,2.42,691,Passionate about photography,Customer 183,user_183,Yes,4,Default
CUST0044,Female,47,1,No,14.03,702,Music lover,Customer 44,customer44,No,0,Default
CUST0173,Male,55,0,Yes,15.14,788,Fitness,Customer 173,user_173,Yes,2,3
CUST0385,Female,42,1,No,7.76,514,Adventure seeker and nature enthusiast,Customer 385,user_385,Yes,2,1
CUST0517,Male,64,4,Yes,20.33,279,Enjoying,Customer 517,user_517,No,6,Default
CUST0102,Male,57,4,No,8.17,769,Shopaholic,Customer 102,user_102,No,10,Default
CUST0381,Female,64,4,No,2.13,922,Fitness fanatic with a love for outdoor adventures,Customer 381,user_381,Yes,0,6
CUST0565,Female,49,5,No,19.5,52,Traveler,Customer 565,customer565,Yes,3,9
CUST0597,Female,28,3,Yes,20.42,84,Shopaholic,Customer 597,user_597,No,10,Default
CUST0562,Male,62,1,Yes,6.2,71,Love,Customer 562,user_562,No,2,Default
CUST0474,Male,59,6,No,9.89,959,Tech geek,Customer 474,user_474,No,0,Default
CUST0268,Female,36,3,No,16.33,895,Always learning,Customer 268,user_268,No,9,10
CUST0216,Male,35,1,Yes,9.67,595,Enjoying,Customer 216,customer216,No,8,Default
CUST0033,Female,31,4,No,5.44,750,Bookworm,Customer 33,user_33,Yes,2,Default
CUST0386,Female,45,9,No,12.23,842,Shopaholic,Customer 386,user_386,No,5,Default
CUST0366,Male,56,8,Yes,6.48,891,Shopaholic and proud,Customer 366,user_366,Yes,5,Default
CUST0431,Male,29,10,Yes,16.31,243,"Foodie, traveler, and passionate about personal growth",Customer 431,user_431,Yes,5,11
CUST0211,Female,58,3,No,10.48,667,Adventure seeker,Customer 211,user_211,Yes,3,Default
CUST0131,Male,49,9,No,14.12,567,Love,Customer 131,user_131,No,8,2
CUST0067,Female,20,8,Yes,18.6,620,Food lover,Customer 67,user_67,No,6,Default
CUST0250,Female,55,1,No,16.11,286,Shopaholic,Customer 250,customer250,No,1,Default
CUST0224,Female,34,5,No,10.55,468,Traveler,Customer 224,user_224,No,7,6
CUST0490,Female,42,2,Yes,19.91,2,Enjoying the small moments,Customer 490,user_490,Yes,7,Default
CUST0382,Female,18,8,No,7.69,709,Passionate about photography,Customer 382,user_382,No,7,Default
CUST0319,Male,59,0,No,20.1,685,Fitness enthusiast,Customer 319,user_319,No,9,Default
CUST0093,Male,34,2,Yes,16.75,543,Adventure seeker and nature enthusiast,Customer 93,user_93,Yes,7,10
CUST0120,Male,29,5,Yes,10.88,259,Fitness,Customer 120,user_120,No,8,Default
CUST0011,Male,44,10,Yes,17.31,187,Love,Customer 11,customer11,Yes,10,11
CUST0444,Male,51,4,Yes,12.74,925,Foodie,Customer 444,user_444,No,8,Default
CUST0346,Male,48,0,Yes,16.46,445,Fitness,Customer 346,user_346,Yes,4,5
CUST0431,Male,29,10,Yes,16.31,243,"Foodie, traveler, and passionate about personal growth",Customer 431,user_431,Yes,5,11
CUST0026,Female,26,3,Yes,4.56,410,"Avid reader, tech enthusiast, and fitness lover",Customer 26,customer26,Yes,4,10
CUST0185,Male,57,4,No,6.61,282,Shopaholic,Customer 185,user_185,No,8,Default
CUST0510,Male,48,7,No,7.44,210,Passionate about sustainable living and healthy eating,Customer 510,user_510,Yes,6,9
CUST0049,Female,18,9,No,7.16,861,Enjoying the small moments,Customer 49,user_49,No,6,10
CUST0582,Male,61,6,No,4.86,408,Fitness,Customer 582,user_582,Yes,10,12
CUST0322,Female,27,5,No,5.7,835,Enjoying,Customer 322,customer322,Yes,10,6
CUST0119,Male,31,3,Yes,15.63,247,Fitness,Customer 119,user_119,No,9,Default
