{
  "tags": {
    "ANALYSIS.iGefaYAZ": {
      "versionNumber": 0,
      "lastModifiedBy": {
        "login": "fs675@live.mdx.ac.uk"
      },
      "lastModifiedOn": 1742883366604
    },
    "ANALYSIS.nfQ3GoEt": {
      "versionNumber": 0,
      "lastModifiedBy": {
        "login": "fs675@live.mdx.ac.uk"
      },
      "lastModifiedOn": 1742882497878
    },
    "DASHBOARD.lqhyyhr": {
      "versionNumber": 0,
      "lastModifiedBy": {
        "login": "fs675@live.mdx.ac.uk"
      },
      "lastModifiedOn": 1742881900451
    },
    "DATASET.Credit_Card_UAE_Signup_2025": {
      "versionNumber": 13,
      "lastModifiedBy": {
        "login": "fs675@live.mdx.ac.uk"
      },
      "lastModifiedOn": 1742882089393
    },
    "DATASET.Credit_Card_UAE_Signup_2025_prepared": {
      "versionNumber": 1,
      "lastModifiedBy": {
        "login": "fs675@live.mdx.ac.uk"
      },
      "lastModifiedOn": 1742885712341
    },
    "DATASET.test": {
      "versionNumber": 2,
      "lastModifiedBy": {
        "login": "fs675@live.mdx.ac.uk"
      },
      "lastModifiedOn": 1742885735512
    },
    "DATASET.train": {
      "versionNumber": 2,
      "lastModifiedBy": {
        "login": "fs675@live.mdx.ac.uk"
      },
      "lastModifiedOn": 1742885735488
    },
    "PROJECT.CREDITCARADANALYSIS": {
      "versionNumber": 0,
      "lastModifiedBy": {
        "login": "api:zmzhcqIk7wpOeUGz"
      },
      "lastModifiedOn": 1742883631523
    },
    "RECIPE.compute_Credit_Card_UAE_Signup_2025_prepared": {
      "versionNumber": 2,
      "lastModifiedBy": {
        "login": "fs675@live.mdx.ac.uk"
      },
      "lastModifiedOn": 1742885713089
    },
    "RECIPE.split_Credit_Card_UAE_Signup_2025_prepared": {
      "versionNumber": 1,
      "lastModifiedBy": {
        "login": "fs675@live.mdx.ac.uk"
      },
      "lastModifiedOn": 1742882423940
    }
  }
}