{
    "details": {
        "gender": {
            "levels": [
                "Female"
            ],
            "with_others": false
        },
        "platform_used": {
            "levels": [
                "Mobile",
                "PC"
            ],
            "with_others": false
        },
        "used_lego_before": {
            "levels": [
                "true"
            ],
            "with_others": false
        },
        "owns_tablet": {
            "levels": [
                "true"
            ],
            "with_others": false
        }
    }
}