{
  "script": {
    "steps": [],
    "maxProcessedMemTableBytes": -1,
    "columnsSelection": {
      "mode": "ALL",
      "list": [
        {
          "name": "respondent_id",
          "d": true
        },
        {
          "name": "DOB",
          "d": true
        },
        {
          "name": "gender",
          "d": true
        },
        {
          "name": "country",
          "d": true
        },
        {
          "name": "hours_playing",
          "d": true
        },
        {
          "name": "platform_used",
          "d": true
        },
        {
          "name": "income_bracket",
          "d": true
        },
        {
          "name": "has_kids",
          "d": true
        },
        {
          "name": "bio",
          "d": true
        },
        {
          "name": "used_lego_before",
          "d": true
        },
        {
          "name": "owns_tablet",
          "d": true
        },
        {
          "name": "tech_savvy_score",
          "d": true
        },
        {
          "name": "lego_preference",
          "d": true
        },
        {
          "name": "salary",
          "d": true
        },
        {
          "name": "entertainment_budget_pct",
          "d": true
        },
        {
          "name": "grocery_trips_per_week",
          "d": true
        }
      ]
    },
    "columnOrder": [],
    "columnWidthsByName": {
      "respondent_id": 113,
      "DOB": 100,
      "gender": 100,
      "country": 100,
      "hours_playing": 113,
      "platform_used": 113,
      "income_bracket": 120,
      "has_kids": 100,
      "bio": 300,
      "used_lego_before": 135,
      "owns_tablet": 100,
      "tech_savvy_score": 135,
      "lego_preference": 128,
      "salary": 134,
      "entertainment_budget_pct": 195,
      "grocery_trips_per_week": 180
    },
    "columnUseScientificNotationByName": {},
    "coloring": {
      "scheme": "MEANING_AND_STATUS",
      "individualColumns": [],
      "individualColumnsRules": [],
      "valueColoringMode": "HASH"
    },
    "sorting": [],
    "analysisColumnData": {},
    "explorationSampling": {
      "selection": {
        "maxRecordsForDisplay": -1,
        "maxStoredBytes": 104857600,
        "timeout": -1,
        "filter": {
          "distinct": false,
          "enabled": false
        },
        "partitionSelectionMethod": "ALL",
        "latestPartitionsN": 1,
        "ordering": {
          "enabled": false,
          "rules": []
        },
        "samplingMethod": "HEAD_SEQUENTIAL",
        "maxRecords": 10000,
        "targetRatio": 0.02,
        "ascending": true,
        "withinFirstN": -1,
        "maxReadUncompressedBytes": -1
      },
      "autoRefreshSample": false,
      "_refreshTrigger": 0
    },
    "vizSampling": {
      "selection": {
        "useMemTable": false,
        "filter": {
          "distinct": false,
          "enabled": false
        },
        "partitionSelectionMethod": "ALL",
        "latestPartitionsN": 1,
        "ordering": {
          "enabled": false,
          "rules": []
        },
        "samplingMethod": "FULL",
        "maxRecords": -1,
        "targetRatio": 0.02,
        "ascending": true,
        "withinFirstN": -1,
        "maxReadUncompressedBytes": -1
      },
      "autoRefreshSample": false,
      "_refreshTrigger": 0
    },
    "exploreUIParams": {
      "autoRefresh": true
    },
    "globalSearchQuery": "",
    "explorationFilters": [
      {
        "column": "gender",
        "type": "columnFilter",
        "currentMode": "FACET",
        "active": true,
        "facet": {
          "type": "facet",
          "column": "gender",
          "columnType": "ALPHANUM",
          "currentMode": "ALPHANUM",
          "sort": "count",
          "selectedValues": {},
          "timezone": "UTC",
          "dateFilterPart": "YEAR"
        },
        "alphanumFilter": {
          "type": "alphanum",
          "column": "gender",
          "selectedValues": [],
          "params": {
            "mode": "full_string",
            "normalization": "exact"
          }
        },
        "validityFilter": {
          "type": "validity",
          "column": "gender",
          "params": {
            "type": "Gender",
            "ok": true,
            "nok": true,
            "empty": true
          }
        }
      },
      {
        "column": "tech_savvy_score",
        "type": "columnFilter",
        "currentMode": "FACET",
        "active": true,
        "facet": {
          "type": "facet",
          "column": "tech_savvy_score",
          "columnType": "NUMERICAL",
          "currentMode": "ALPHANUM",
          "sort": "count",
          "selectedValues": {}
        },
        "alphanumFilter": {
          "type": "alphanum",
          "column": "tech_savvy_score",
          "selectedValues": [],
          "params": {
            "mode": "full_string",
            "normalization": "exact"
          }
        },
        "validityFilter": {
          "type": "validity",
          "column": "tech_savvy_score",
          "params": {
            "type": "LongMeaning",
            "ok": true,
            "nok": true,
            "empty": true
          }
        }
      }
    ],
    "previewMode": "ALL_ROWS"
  },
  "charts": [],
  "interactiveSearch": {
    "savedQueries": []
  },
  "customMeasures": []
}