{
  "params": {
    "ttPolicy": "EXPLICIT_FILTERING_TWO_DATASETS",
    "ssdSplitMode": "RANDOM",
    "splitBeforePrepare": true,
    "ssdSelection": {
      "useMemTable": false,
      "filter": {
        "distinct": false,
        "enabled": false
      },
      "partitionSelectionMethod": "ALL",
      "latestPartitionsN": 1,
      "ordering": {
        "enabled": false,
        "rules": []
      },
      "samplingMethod": "HEAD_SEQUENTIAL",
      "maxRecords": 100000,
      "targetRatio": 0.02,
      "ascending": true,
      "withinFirstN": -1,
      "maxReadUncompressedBytes": -1,
      "seed": 1337
    },
    "ssdTrainingRatio": 0.8,
    "ssdStratified": false,
    "ssdGrouped": false,
    "ssdSeed": 1337,
    "testOnLargerValues": true,
    "streamAll": false,
    "eftdTrain": {
      "datasetSmartName": "TITANIC.train_data",
      "selection": {
        "useMemTable": false,
        "filter": {
          "distinct": false,
          "enabled": false
        },
        "partitionSelectionMethod": "ALL",
        "latestPartitionsN": 1,
        "ordering": {
          "enabled": false,
          "rules": []
        },
        "samplingMethod": "FULL",
        "maxRecords": 100000,
        "targetRatio": 0.02,
        "ascending": true,
        "withinFirstN": -1,
        "maxReadUncompressedBytes": -1
      }
    },
    "eftdTest": {
      "datasetSmartName": "TITANIC.test_data",
      "selection": {
        "useMemTable": false,
        "filter": {
          "distinct": false,
          "enabled": false
        },
        "partitionSelectionMethod": "ALL",
        "latestPartitionsN": 1,
        "ordering": {
          "enabled": false,
          "rules": []
        },
        "samplingMethod": "FULL",
        "maxRecords": 100000,
        "targetRatio": 0.02,
        "ascending": true,
        "withinFirstN": -1,
        "maxReadUncompressedBytes": -1
      }
    },
    "kfold": false,
    "nFolds": 5,
    "instanceIdRefresher": 0,
    "subSamplingSeed": 1337
  },
  "generationDate": 1742794867896,
  "format": "csv1",
  "schema": {
    "columns": [
      {"name":"Survived","type":"boolean"},
      {"name":"PassengerId","type":"bigint"},
      {"name":"Pclass","type":"string"},
      {"name":"Name","type":"string"},
      {"name":"count_name","type":"bigint"},
      {"name":"Sex","type":"string"},
      {"name":"Age","type":"double"},
      {"name":"Age1","type":"bigint"},
      {"name":"SibSp","type":"bigint"},
      {"name":"Parch","type":"bigint"},
      {"name":"Family","type":"string"},
      {"name":"Ticket","type":"string","downcastedToStringFromMeaning":"LongMeaning"},
      {"name":"Fare","type":"double"},
      {"name":"Cabin","type":"string"},
      {"name":"Embarked","type":"string"}
    ],
    "userModified": false
  },
  "trainPath": "train.csv.gz",
  "testPath": "test.csv.gz",
  "trainRows": 692,
  "testRows": 172,
  "fullRows": 0
}