"false"	"253"	"1"	"Stead, Mr. William Thomas"	"25"	"male"	"62.0"	"0.0"	"0.0"	"113514"	"26.55"	"C87"	"S"
"true"	"173"	"3"	"Johnson, Miss. Eleanor Ileen"	"28"	"female"	"1.0"	"1.0"	"1.0"	"347742"	"11.1333"	""	"S"
"false"	"102"	"3"	"Petroff, Mr. Pastcho (""Pentcho"")"	"32"	"male"	"24.0"	"0.0"	"0.0"	"349215"	"7.8958"	""	"S"
"false"	"405"	"3"	"Oreskovic, Miss. Marija"	"23"	"female"	"20.0"	"0.0"	"0.0"	"315096"	"8.6625"	""	"S"
"false"	"617"	"3"	"Danbom, Mr. Ernst Gilbert"	"25"	"male"	"34.0"	"1.0"	"1.0"	"347080"	"14.4"	""	"S"
"false"	"655"	"3"	"Hegarty, Miss. Hanora ""Nora"""	"28"	"female"	"18.0"	"0.0"	"0.0"	"365226"	"6.75"	""	"Q"
"false"	"303"	"3"	"Johnson, Mr. William Cahoone Jr"	"31"	"male"	"19.0"	"0.0"	"0.0"	"LINE"	"0.0"	""	"S"
"false"	"211"	"3"	"Ali, Mr. Ahmed"	"14"	"male"	"24.0"	"0.0"	"0.0"	"SOTON/O.Q. 3101311"	"7.05"	""	"S"
"false"	"657"	"3"	"Radeff, Mr. Alexander"	"21"	"male"	"24.0"	"0.0"	"0.0"	"349223"	"7.8958"	""	"S"
"true"	"540"	"1"	"Frolicher, Miss. Hedwig Margaritha"	"34"	"female"	"22.0"	"0.0"	"2.0"	"13568"	"49.5"	"B39"	"C"
"false"	"689"	"3"	"Fischer, Mr. Eberhard Thelander"	"31"	"male"	"18.0"	"0.0"	"0.0"	"350036"	"7.7958"	""	"S"
"true"	"449"	"3"	"Baclini, Miss. Marie Catherine"	"30"	"female"	"5.0"	"2.0"	"1.0"	"2666"	"19.2583"	""	"C"
"true"	"342"	"1"	"Fortune, Miss. Alice Elizabeth"	"30"	"female"	"24.0"	"3.0"	"2.0"	"19950"	"263.0"	"C23 C25 C27"	"S"
"false"	"19"	"3"	"Vander Planke, Mrs. Julius (Emelia Maria Vandemoortele)"	"55"	"female"	"31.0"	"1.0"	"0.0"	"345763"	"18.0"	""	"S"
"false"	"516"	"1"	"Walker, Mr. William Anderson"	"28"	"male"	"47.0"	"0.0"	"0.0"	"36967"	"34.0208"	"D46"	"S"
"false"	"424"	"3"	"Danbom, Mrs. Ernst Gilbert (Anna Sigrid Maria Brogren)"	"54"	"female"	"28.0"	"1.0"	"1.0"	"347080"	"14.4"	""	"S"
"false"	"355"	"3"	"Yousif, Mr. Wazli"	"17"	"male"	"24.0"	"0.0"	"0.0"	"2647"	"7.225"	""	"C"
"false"	"350"	"3"	"Dimic, Mr. Jovan"	"16"	"male"	"42.0"	"0.0"	"0.0"	"315088"	"8.6625"	""	"S"
"false"	"172"	"3"	"Rice, Master. Arthur"	"20"	"male"	"4.0"	"4.0"	"1.0"	"382652"	"29.125"	""	"Q"
"true"	"248"	"2"	"Hamalainen, Mrs. William (Anna)"	"31"	"female"	"24.0"	"0.0"	"2.0"	"250649"	"14.5"	""	"S"
"true"	"622"	"1"	"Kimball, Mr. Edwin Nelson Jr"	"28"	"male"	"42.0"	"1.0"	"0.0"	"11753"	"52.5542"	"D19"	"S"
"false"	"386"	"2"	"Davies, Mr. Charles Henry"	"25"	"male"	"18.0"	"0.0"	"0.0"	"S.O.C. 14879"	"73.5"	""	"S"
"false"	"558"	"1"	"Robbins, Mr. Victor"	"19"	"male"	"24.0"	"0.0"	"0.0"	"PC 17757"	"227.525"	""	"C"
"false"	"140"	"1"	"Giglio, Mr. Victor"	"18"	"male"	"24.0"	"0.0"	"0.0"	"PC 17593"	"79.2"	"B86"	"C"
"false"	"354"	"3"	"Arnold-Franchi, Mr. Josef"	"25"	"male"	"25.0"	"1.0"	"0.0"	"349237"	"17.8"	""	"S"
"false"	"552"	"2"	"Sharp, Mr. Percival James R"	"27"	"male"	"27.0"	"0.0"	"0.0"	"244358"	"26.0"	""	"S"
"false"	"179"	"2"	"Hale, Mr. Reginald"	"18"	"male"	"30.0"	"0.0"	"0.0"	"250653"	"13.0"	""	"S"
"false"	"491"	"3"	"Hagland, Mr. Konrad Mathias Reiersen"	"36"	"male"	"24.0"	"1.0"	"0.0"	"65304"	"19.9667"	""	"S"
"true"	"349"	"3"	"Coutts, Master. William Loch ""William"""	"38"	"male"	"3.0"	"1.0"	"1.0"	"C.A. 37671"	"15.9"	""	"S"
"true"	"433"	"2"	"Louch, Mrs. Charles Alexander (Alice Adelaide Slow)"	"51"	"female"	"42.0"	"1.0"	"0.0"	"SC/AH 3085"	"26.0"	""	"S"
"false"	"389"	"3"	"Sadlier, Mr. Matthew"	"20"	"male"	"24.0"	"0.0"	"0.0"	"367655"	"7.7292"	""	"Q"
"false"	"298"	"1"	"Allison, Miss. Helen Loraine"	"28"	"female"	"2.0"	"1.0"	"2.0"	"113781"	"151.55"	"C22 C26"	"S"
"true"	"557"	"1"	"Duff Gordon, Lady. (Lucille Christiana Sutherland) (""Mrs Morgan"")"	"65"	"female"	"48.0"	"1.0"	"0.0"	"11755"	"39.6"	"A16"	"C"
"true"	"693"	"3"	"Lam, Mr. Ali"	"12"	"male"	"24.0"	"0.0"	"0.0"	"1601"	"56.4958"	""	"S"
"false"	"675"	"2"	"Watson, Mr. Ennis Hastings"	"26"	"male"	"24.0"	"0.0"	"0.0"	"239856"	"0.0"	""	"S"
"true"	"126"	"3"	"Nicola-Yarred, Master. Elias"	"28"	"male"	"12.0"	"1.0"	"0.0"	"2651"	"11.2417"	""	"C"
"true"	"147"	"3"	"Andersson, Mr. August Edvard (""Wennerstrom"")"	"44"	"male"	"27.0"	"0.0"	"0.0"	"350043"	"7.7958"	""	"S"
"false"	"598"	"3"	"Johnson, Mr. Alfred"	"19"	"male"	"49.0"	"0.0"	"0.0"	"LINE"	"0.0"	""	"S"
"false"	"603"	"1"	"Harrington, Mr. Charles H"	"25"	"male"	"24.0"	"0.0"	"0.0"	"113796"	"42.4"	""	"S"
"false"	"278"	"2"	"Parkes, Mr. Francis ""Frank"""	"27"	"male"	"24.0"	"0.0"	"0.0"	"239853"	"0.0"	""	"S"
"false"	"576"	"3"	"Patchett, Mr. George"	"20"	"male"	"19.0"	"0.0"	"0.0"	"358585"	"14.5"	""	"S"
"false"	"207"	"3"	"Backstrom, Mr. Karl Alfred"	"26"	"male"	"32.0"	"1.0"	"0.0"	"3101278"	"15.85"	""	"S"
"false"	"146"	"2"	"Nicholls, Mr. Joseph Charles"	"28"	"male"	"19.0"	"1.0"	"1.0"	"C.A. 33112"	"36.75"	""	"S"
"false"	"17"	"3"	"Rice, Master. Eugene"	"20"	"male"	"2.0"	"4.0"	"1.0"	"382652"	"29.125"	""	"Q"
"true"	"538"	"1"	"LeRoy, Miss. Bertha"	"19"	"female"	"30.0"	"0.0"	"0.0"	"PC 17761"	"106.425"	""	"C"
"false"	"685"	"2"	"Brown, Mr. Thomas William Solomon"	"33"	"male"	"60.0"	"1.0"	"1.0"	"29750"	"39.0"	""	"S"
"true"	"586"	"1"	"Taussig, Miss. Ruth"	"19"	"female"	"18.0"	"0.0"	"2.0"	"110413"	"79.65"	"E68"	"S"
"false"	"593"	"3"	"Elsbury, Mr. William James"	"26"	"male"	"47.0"	"0.0"	"0.0"	"A/5 3902"	"7.25"	""	"S"
"false"	"203"	"3"	"Johanson, Mr. Jakob Alfred"	"26"	"male"	"34.0"	"0.0"	"0.0"	"3101264"	"6.4958"	""	"S"
"true"	"273"	"2"	"Mellinger, Mrs. (Elizabeth Anne Maidment)"	"41"	"female"	"41.0"	"0.0"	"1.0"	"250644"	"19.5"	""	"S"
"false"	"651"	"3"	"Mitkoff, Mr. Mito"	"17"	"male"	"24.0"	"0.0"	"0.0"	"349221"	"7.8958"	""	"S"
"false"	"116"	"3"	"Pekoniemi, Mr. Edvard"	"21"	"male"	"21.0"	"0.0"	"0.0"	"STON/O 2. 3101294"	"7.925"	""	"S"
"true"	"395"	"3"	"Sandstrom, Mrs. Hjalmar (Agnes Charlotta Bengtsson)"	"51"	"female"	"24.0"	"0.0"	"2.0"	"PP 9549"	"16.7"	"G6"	"S"
"false"	"61"	"3"	"Sirayanian, Mr. Orsen"	"21"	"male"	"22.0"	"0.0"	"0.0"	"2669"	"7.2292"	""	"C"
"false"	"158"	"3"	"Corn, Mr. Harry"	"15"	"male"	"30.0"	"0.0"	"0.0"	"SOTON/OQ 392090"	"8.05"	""	"S"
"false"	"49"	"3"	"Samaan, Mr. Youssef"	"19"	"male"	"24.0"	"2.0"	"0.0"	"2662"	"21.6792"	""	"C"
"false"	"132"	"3"	"Coelho, Mr. Domingos Fernandeo"	"30"	"male"	"20.0"	"0.0"	"0.0"	"SOTON/O.Q. 3101307"	"7.05"	""	"S"
"true"	"636"	"2"	"Davis, Miss. Mary"	"17"	"female"	"28.0"	"0.0"	"0.0"	"237668"	"13.0"	""	"S"
"false"	"679"	"3"	"Goodwin, Mrs. Frederick (Augusta Tyler)"	"39"	"female"	"43.0"	"1.0"	"6.0"	"CA 2144"	"46.9"	""	"S"
"false"	"496"	"3"	"Yousseff, Mr. Gerious"	"21"	"male"	"24.0"	"0.0"	"0.0"	"2627"	"14.4583"	""	"C"
"true"	"110"	"3"	"Moran, Miss. Bertha"	"19"	"female"	"24.0"	"1.0"	"0.0"	"371110"	"24.15"	""	"Q"
"false"	"226"	"3"	"Berglund, Mr. Karl Ivar Sven"	"28"	"male"	"22.0"	"0.0"	"0.0"	"PP 4348"	"9.35"	""	"S"
"true"	"371"	"1"	"Harder, Mr. George Achilles"	"27"	"male"	"25.0"	"1.0"	"0.0"	"11765"	"55.4417"	"E50"	"C"
"false"	"468"	"1"	"Smart, Mr. John Montgomery"	"26"	"male"	"56.0"	"0.0"	"0.0"	"113792"	"26.55"	""	"S"
"false"	"38"	"3"	"Cann, Mr. Ernest Charles"	"24"	"male"	"21.0"	"0.0"	"0.0"	"A./5. 2152"	"8.05"	""	"S"
"true"	"12"	"1"	"Bonnell, Miss. Elizabeth"	"24"	"female"	"58.0"	"0.0"	"0.0"	"113783"	"26.55"	"C103"	"S"
"true"	"216"	"1"	"Newell, Miss. Madeleine"	"23"	"female"	"31.0"	"1.0"	"0.0"	"35273"	"113.275"	"D36"	"C"
"false"	"340"	"1"	"Blackwell, Mr. Stephen Weart"	"28"	"male"	"45.0"	"0.0"	"0.0"	"113784"	"35.5"	"T"	"S"
"true"	"474"	"2"	"Jerwan, Mrs. Amin S (Marie Marthe Thuillard)"	"44"	"female"	"23.0"	"0.0"	"0.0"	"SC/AH Basle 541"	"13.7917"	"D"	"C"
"false"	"41"	"3"	"Ahlin, Mrs. Johan (Johanna Persdotter Larsson)"	"46"	"female"	"40.0"	"1.0"	"0.0"	"7546"	"9.475"	""	"S"
"false"	"740"	"3"	"Nankoff, Mr. Minko"	"18"	"male"	"24.0"	"0.0"	"0.0"	"349218"	"7.8958"	""	"S"
"true"	"377"	"3"	"Landergren, Miss. Aurora Adelia"	"31"	"female"	"22.0"	"0.0"	"0.0"	"C 7077"	"7.25"	""	"S"
"true"	"548"	"2"	"Padro y Manent, Mr. Julian"	"26"	"male"	"24.0"	"0.0"	"0.0"	"SC/PARIS 2146"	"13.8625"	""	"C"
"false"	"563"	"2"	"Norman, Mr. Robert Douglas"	"26"	"male"	"28.0"	"0.0"	"0.0"	"218629"	"13.5"	""	"S"
"true"	"225"	"1"	"Hoyt, Mr. Frederick Maxfield"	"28"	"male"	"38.0"	"1.0"	"0.0"	"19943"	"90.0"	"C93"	"S"
"false"	"168"	"3"	"Skoog, Mrs. William (Anna Bernhardina Karlsson)"	"47"	"female"	"45.0"	"1.0"	"4.0"	"347088"	"27.9"	""	"S"
"true"	"725"	"1"	"Chambers, Mr. Norman Campbell"	"29"	"male"	"27.0"	"1.0"	"0.0"	"113806"	"53.1"	"E8"	"S"
"false"	"564"	"3"	"Simmons, Mr. John"	"17"	"male"	"24.0"	"0.0"	"0.0"	"SOTON/OQ 392082"	"8.05"	""	"S"
"false"	"246"	"1"	"Minahan, Dr. William Edward"	"27"	"male"	"44.0"	"2.0"	"0.0"	"19928"	"90.0"	"C78"	"Q"
"true"	"507"	"2"	"Quick, Mrs. Frederick Charles (Jane Richards)"	"45"	"female"	"33.0"	"0.0"	"2.0"	"26360"	"26.0"	""	"S"
"false"	"277"	"3"	"Lindblom, Miss. Augusta Charlotta"	"33"	"female"	"45.0"	"0.0"	"0.0"	"347073"	"7.75"	""	"S"
"true"	"44"	"2"	"Laroche, Miss. Simonne Marie Anne Andree"	"40"	"female"	"3.0"	"1.0"	"2.0"	"SC/Paris 2123"	"41.5792"	""	"C"
"true"	"674"	"2"	"Wilhelms, Mr. Charles"	"21"	"male"	"31.0"	"0.0"	"0.0"	"244270"	"13.0"	""	"S"
"true"	"646"	"1"	"Harper, Mr. Henry Sleeper"	"25"	"male"	"48.0"	"1.0"	"0.0"	"PC 17572"	"76.7292"	"D33"	"C"
"false"	"499"	"1"	"Allison, Mrs. Hudson J C (Bessie Waldo Daniels)"	"47"	"female"	"25.0"	"1.0"	"2.0"	"113781"	"151.55"	"C22 C26"	"S"
"false"	"235"	"2"	"Leyson, Mr. Robert William Norman"	"33"	"male"	"24.0"	"0.0"	"0.0"	"C.A. 29566"	"10.5"	""	"S"
"true"	"308"	"1"	"Penasco y Castellana, Mrs. Victor de Satode (Maria Josefa Perez de Soto y Vallejo)"	"82"	"female"	"17.0"	"1.0"	"0.0"	"PC 17758"	"108.9"	"C65"	"C"
"false"	"442"	"3"	"Hampe, Mr. Leon"	"15"	"male"	"20.0"	"0.0"	"0.0"	"345769"	"9.5"	""	"S"
"true"	"534"	"3"	"Peter, Mrs. Catherine (Catherine Rizk)"	"38"	"female"	"24.0"	"0.0"	"2.0"	"2668"	"22.3583"	""	"C"
"true"	"616"	"2"	"Herman, Miss. Alice"	"19"	"female"	"24.0"	"1.0"	"2.0"	"220845"	"65.0"	""	"S"
"true"	"550"	"2"	"Davies, Master. John Morgan Jr"	"30"	"male"	"8.0"	"1.0"	"1.0"	"C.A. 33112"	"36.75"	""	"S"
"true"	"432"	"3"	"Thorneycroft, Mrs. Percival (Florence Kate White)"	"49"	"female"	"24.0"	"1.0"	"0.0"	"376564"	"16.1"	""	"S"
"false"	"647"	"3"	"Cor, Mr. Liudevit"	"17"	"male"	"19.0"	"0.0"	"0.0"	"349231"	"7.8958"	""	"S"
"false"	"309"	"2"	"Abelson, Mr. Samuel"	"19"	"male"	"30.0"	"1.0"	"0.0"	"P/PP 3381"	"24.0"	""	"C"
"true"	"438"	"2"	"Richards, Mrs. Sidney (Emily Hocking)"	"37"	"female"	"24.0"	"2.0"	"3.0"	"29106"	"18.75"	""	"S"
"true"	"678"	"3"	"Turja, Miss. Anna Sofia"	"23"	"female"	"18.0"	"0.0"	"0.0"	"4138"	"9.8417"	""	"S"
"false"	"649"	"3"	"Willey, Mr. Edward"	"18"	"male"	"24.0"	"0.0"	"0.0"	"S.O./P.P. 751"	"7.55"	""	"S"
"false"	"220"	"2"	"Harris, Mr. Walter"	"18"	"male"	"30.0"	"0.0"	"0.0"	"W/C 14208"	"10.5"	""	"S"
"false"	"163"	"3"	"Bengtsson, Mr. John Viktor"	"26"	"male"	"26.0"	"0.0"	"0.0"	"347068"	"7.775"	""	"S"
"true"	"359"	"3"	"McGovern, Miss. Mary"	"20"	"female"	"24.0"	"0.0"	"0.0"	"330931"	"7.8792"	""	"Q"
"false"	"378"	"1"	"Widener, Mr. Harry Elkins"	"25"	"male"	"27.0"	"0.0"	"2.0"	"113503"	"211.5"	"C82"	"C"
"false"	"475"	"3"	"Strandberg, Miss. Ida Sofia"	"27"	"female"	"22.0"	"0.0"	"0.0"	"7553"	"9.8375"	""	"S"
"false"	"530"	"2"	"Hocking, Mr. Richard George"	"27"	"male"	"23.0"	"2.0"	"1.0"	"29104"	"11.5"	""	"S"
"false"	"407"	"3"	"Widegren, Mr. Carl/Charles Peter"	"32"	"male"	"51.0"	"0.0"	"0.0"	"347064"	"7.75"	""	"S"
"true"	"484"	"3"	"Turkula, Mrs. (Hedwig)"	"22"	"female"	"63.0"	"0.0"	"0.0"	"4134"	"9.5875"	""	"S"
"true"	"508"	"1"	"Bradley, Mr. George (""George Arthur Brayton"")"	"45"	"male"	"24.0"	"0.0"	"0.0"	"111427"	"26.55"	""	"S"
"false"	"615"	"3"	"Brocklebank, Mr. William Alfred"	"31"	"male"	"35.0"	"0.0"	"0.0"	"364512"	"8.05"	""	"S"
"false"	"705"	"3"	"Hansen, Mr. Henrik Juul"	"23"	"male"	"26.0"	"1.0"	"0.0"	"350025"	"7.8542"	""	"S"
"true"	"665"	"3"	"Lindqvist, Mr. Eino William"	"27"	"male"	"20.0"	"1.0"	"0.0"	"STON/O 2. 3101285"	"7.925"	""	"S"
"false"	"101"	"3"	"Petranec, Miss. Matilda"	"23"	"female"	"28.0"	"0.0"	"0.0"	"349245"	"7.8958"	""	"S"
"false"	"215"	"3"	"Kiernan, Mr. Philip"	"19"	"male"	"24.0"	"1.0"	"0.0"	"367229"	"7.75"	""	"Q"
"false"	"344"	"2"	"Sedgwick, Mr. Charles Frederick Waddington"	"42"	"male"	"25.0"	"0.0"	"0.0"	"244361"	"13.0"	""	"S"
"true"	"307"	"1"	"Fleming, Miss. Margaret"	"23"	"female"	"24.0"	"0.0"	"0.0"	"17421"	"110.8833"	""	"C"
"false"	"624"	"3"	"Hansen, Mr. Henry Damsgaard"	"27"	"male"	"21.0"	"0.0"	"0.0"	"350029"	"7.8542"	""	"S"
"false"	"223"	"3"	"Green, Mr. George Henry"	"23"	"male"	"51.0"	"0.0"	"0.0"	"21440"	"8.05"	""	"S"
"false"	"434"	"3"	"Kallio, Mr. Nikolai Erland"	"26"	"male"	"17.0"	"0.0"	"0.0"	"STON/O 2. 3101274"	"7.125"	""	"S"
"false"	"569"	"3"	"Doharr, Mr. Tannous"	"19"	"male"	"24.0"	"0.0"	"0.0"	"2686"	"7.2292"	""	"C"
"true"	"408"	"2"	"Richards, Master. William Rowe"	"30"	"male"	"3.0"	"1.0"	"1.0"	"29106"	"18.75"	""	"S"
"true"	"212"	"2"	"Cameron, Miss. Clear Annie"	"26"	"female"	"35.0"	"0.0"	"0.0"	"F.C.C. 13528"	"21.0"	""	"S"
"true"	"727"	"2"	"Renouf, Mrs. Peter Henry (Lillian Jefferys)"	"43"	"female"	"30.0"	"3.0"	"0.0"	"31027"	"21.0"	""	"S"
"true"	"588"	"1"	"Frolicher-Stehli, Mr. Maxmillian"	"32"	"male"	"60.0"	"1.0"	"1.0"	"13567"	"79.2"	"B41"	"C"
"false"	"111"	"1"	"Porter, Mr. Walter Chamberlain"	"30"	"male"	"47.0"	"0.0"	"0.0"	"110465"	"52.0"	"C110"	"S"
"false"	"201"	"3"	"Vande Walle, Mr. Nestor Cyriel"	"30"	"male"	"28.0"	"0.0"	"0.0"	"345770"	"9.5"	""	"S"
"true"	"717"	"1"	"Endres, Miss. Caroline Louise"	"29"	"female"	"38.0"	"0.0"	"0.0"	"PC 17757"	"227.525"	"C45"	"C"
"false"	"232"	"3"	"Larsson, Mr. Bengt Edvin"	"24"	"male"	"29.0"	"0.0"	"0.0"	"347067"	"7.775"	""	"S"
"false"	"264"	"1"	"Harrison, Mr. William"	"21"	"male"	"40.0"	"0.0"	"0.0"	"112059"	"0.0"	"B94"	"S"
"true"	"272"	"3"	"Tornquist, Mr. William Henry"	"28"	"male"	"25.0"	"0.0"	"0.0"	"LINE"	"0.0"	""	"S"
"true"	"56"	"1"	"Woolner, Mr. Hugh"	"17"	"male"	"24.0"	"0.0"	"0.0"	"19947"	"35.5"	"C52"	"S"
"false"	"666"	"2"	"Hickman, Mr. Lewis"	"18"	"male"	"32.0"	"2.0"	"0.0"	"S.O.C. 14879"	"73.5"	""	"S"
"false"	"518"	"3"	"Ryan, Mr. Patrick"	"17"	"male"	"24.0"	"0.0"	"0.0"	"371110"	"24.15"	""	"Q"
"true"	"368"	"3"	"Moussa, Mrs. (Mantoura Boulos)"	"30"	"female"	"24.0"	"0.0"	"0.0"	"2626"	"7.2292"	""	"C"
"false"	"202"	"3"	"Sage, Mr. Frederick"	"19"	"male"	"24.0"	"8.0"	"2.0"	"CA. 2343"	"69.55"	""	"S"
"false"	"283"	"3"	"de Pelsmaeker, Mr. Alfons"	"25"	"male"	"16.0"	"0.0"	"0.0"	"345778"	"9.5"	""	"S"
"true"	"338"	"1"	"Burns, Miss. Elizabeth Margaret"	"31"	"female"	"41.0"	"0.0"	"0.0"	"16966"	"134.5"	"E40"	"C"
"false"	"206"	"3"	"Strom, Miss. Telma Matilda"	"26"	"female"	"2.0"	"0.0"	"1.0"	"347054"	"10.4625"	"G6"	"S"
"false"	"545"	"1"	"Douglas, Mr. Walter Donald"	"26"	"male"	"50.0"	"1.0"	"0.0"	"PC 17761"	"106.425"	"C86"	"C"
"false"	"625"	"3"	"Bowen, Mr. David John ""Dai"""	"27"	"male"	"21.0"	"0.0"	"0.0"	"54636"	"16.1"	""	"S"
"false"	"145"	"2"	"Andrew, Mr. Edgardo Samuel"	"26"	"male"	"18.0"	"0.0"	"0.0"	"231945"	"11.5"	""	"S"
"true"	"458"	"1"	"Kenyon, Mrs. Frederick R (Marion)"	"33"	"female"	"24.0"	"1.0"	"0.0"	"17464"	"51.8625"	"D21"	"S"
"false"	"100"	"2"	"Kantor, Mr. Sinai"	"17"	"male"	"34.0"	"1.0"	"0.0"	"244367"	"26.0"	""	"S"
"false"	"494"	"1"	"Artagaveytia, Mr. Ramon"	"23"	"male"	"71.0"	"0.0"	"0.0"	"PC 17609"	"49.5042"	""	"C"
"true"	"441"	"2"	"Hart, Mrs. Benjamin (Esther Ada Bloomfield)"	"43"	"female"	"45.0"	"1.0"	"1.0"	"F.C.C. 13529"	"26.25"	""	"S"
"false"	"333"	"1"	"Graham, Mr. George Edward"	"25"	"male"	"38.0"	"0.0"	"1.0"	"PC 17582"	"153.4625"	"C91"	"S"
"true"	"609"	"2"	"Laroche, Mrs. Joseph (Juliette Marie Louise Lafargue)"	"53"	"female"	"22.0"	"1.0"	"2.0"	"SC/Paris 2123"	"41.5792"	""	"C"
"true"	"227"	"2"	"Mellors, Mr. William John"	"25"	"male"	"19.0"	"0.0"	"0.0"	"SW/PP 751"	"10.5"	""	"S"
"false"	"271"	"1"	"Cairns, Mr. Alexander"	"21"	"male"	"24.0"	"0.0"	"0.0"	"113798"	"31.0"	""	"S"
"false"	"197"	"3"	"Mernagh, Mr. Robert"	"19"	"male"	"24.0"	"0.0"	"0.0"	"368703"	"7.75"	""	"Q"
"false"	"144"	"3"	"Burke, Mr. Jeremiah"	"19"	"male"	"19.0"	"0.0"	"0.0"	"365222"	"6.75"	""	"Q"
"true"	"108"	"3"	"Moss, Mr. Albert Johan"	"22"	"male"	"24.0"	"0.0"	"0.0"	"312991"	"7.775"	""	"S"
"false"	"539"	"3"	"Risien, Mr. Samuel Beard"	"24"	"male"	"24.0"	"0.0"	"0.0"	"364498"	"14.5"	""	"S"
"false"	"239"	"2"	"Pengelly, Mr. Frederick William"	"31"	"male"	"19.0"	"0.0"	"0.0"	"28665"	"10.5"	""	"S"
"true"	"284"	"3"	"Dorking, Mr. Edward Arthur"	"26"	"male"	"19.0"	"0.0"	"0.0"	"A/5. 10482"	"8.05"	""	"S"
"false"	"420"	"3"	"Van Impe, Miss. Catharina"	"25"	"female"	"10.0"	"0.0"	"2.0"	"345773"	"24.15"	""	"S"
"false"	"585"	"3"	"Paulner, Mr. Uscher"	"19"	"male"	"24.0"	"0.0"	"0.0"	"3411"	"8.7125"	""	"C"
"true"	"301"	"3"	"Kelly, Miss. Anna Katherine ""Annie Kate"""	"40"	"female"	"24.0"	"0.0"	"0.0"	"9234"	"7.75"	""	"Q"
"true"	"269"	"1"	"Graham, Mrs. William Thompson (Edith Junkins)"	"45"	"female"	"58.0"	"0.0"	"1.0"	"PC 17582"	"153.4625"	"C125"	"S"
"false"	"181"	"3"	"Sage, Miss. Constance Gladys"	"28"	"female"	"24.0"	"8.0"	"2.0"	"CA. 2343"	"69.55"	""	"S"
"false"	"72"	"3"	"Goodwin, Miss. Lillian Amy"	"26"	"female"	"16.0"	"5.0"	"2.0"	"CA 2144"	"46.9"	""	"S"
"true"	"692"	"3"	"Karun, Miss. Manca"	"18"	"female"	"4.0"	"0.0"	"1.0"	"349256"	"13.4167"	""	"C"
"false"	"314"	"3"	"Hendekovic, Mr. Ignjac"	"22"	"male"	"28.0"	"0.0"	"0.0"	"349243"	"7.8958"	""	"S"
"false"	"50"	"3"	"Arnold-Franchi, Mrs. Josef (Josefine Franchi)"	"45"	"female"	"18.0"	"1.0"	"0.0"	"349237"	"17.8"	""	"S"
"true"	"400"	"2"	"Trout, Mrs. William H (Jessie L)"	"32"	"female"	"28.0"	"0.0"	"0.0"	"240929"	"12.65"	""	"S"
"false"	"73"	"2"	"Hood, Mr. Ambrose Jr"	"20"	"male"	"21.0"	"0.0"	"0.0"	"S.O.C. 14879"	"73.5"	""	"S"
"false"	"584"	"1"	"Ross, Mr. John Hugo"	"19"	"male"	"36.0"	"0.0"	"0.0"	"13049"	"40.125"	"A10"	"C"
"true"	"268"	"3"	"Persson, Mr. Ernst Ulrik"	"24"	"male"	"25.0"	"1.0"	"0.0"	"347083"	"7.775"	""	"S"
"true"	"219"	"1"	"Bazzani, Miss. Albina"	"21"	"female"	"32.0"	"0.0"	"0.0"	"11813"	"76.2917"	"D15"	"C"
"false"	"429"	"3"	"Flynn, Mr. James"	"16"	"male"	"24.0"	"0.0"	"0.0"	"364851"	"7.75"	""	"Q"
"false"	"138"	"1"	"Futrelle, Mr. Jacques Heath"	"27"	"male"	"37.0"	"1.0"	"0.0"	"113803"	"53.1"	"C123"	"S"
"true"	"580"	"3"	"Jussila, Mr. Eiriik"	"19"	"male"	"32.0"	"0.0"	"0.0"	"STON/O 2. 3101286"	"7.925"	""	"S"
"false"	"318"	"2"	"Moraweck, Dr. Ernest"	"20"	"male"	"54.0"	"0.0"	"0.0"	"29011"	"14.0"	""	"S"
"true"	"601"	"2"	"Jacobsohn, Mrs. Sidney Samuel (Amy Frances Christy)"	"51"	"female"	"24.0"	"2.0"	"1.0"	"243847"	"27.0"	""	"S"
"true"	"134"	"2"	"Weisz, Mrs. Leopold (Mathilde Francoise Pede)"	"45"	"female"	"29.0"	"1.0"	"0.0"	"228414"	"26.0"	""	"S"
"true"	"642"	"1"	"Sagesser, Mlle. Emma"	"20"	"female"	"24.0"	"0.0"	"0.0"	"PC 17477"	"69.3"	"B35"	"C"
"true"	"319"	"1"	"Wick, Miss. Mary Natalie"	"24"	"female"	"31.0"	"0.0"	"2.0"	"36928"	"164.8667"	"C7"	"S"
"false"	"375"	"3"	"Palsson, Miss. Stina Viola"	"26"	"female"	"3.0"	"3.0"	"1.0"	"349909"	"21.075"	""	"S"
"false"	"556"	"1"	"Wright, Mr. George"	"18"	"male"	"62.0"	"0.0"	"0.0"	"113807"	"26.55"	""	"S"
"false"	"245"	"3"	"Attalah, Mr. Sleiman"	"20"	"male"	"30.0"	"0.0"	"0.0"	"2694"	"7.225"	""	"C"
"false"	"141"	"3"	"Boulos, Mrs. Joseph (Sultana)"	"29"	"female"	"24.0"	"0.0"	"2.0"	"2678"	"15.2458"	""	"C"
"true"	"554"	"3"	"Leeni, Mr. Fahim (""Philip Zenni"")"	"33"	"male"	"22.0"	"0.0"	"0.0"	"2620"	"7.225"	""	"C"
"true"	"571"	"2"	"Harris, Mr. George"	"18"	"male"	"62.0"	"0.0"	"0.0"	"S.W./PP 752"	"10.5"	""	"S"
"false"	"687"	"3"	"Panula, Mr. Jaako Arnold"	"24"	"male"	"14.0"	"4.0"	"1.0"	"3101295"	"39.6875"	""	"S"
"true"	"415"	"3"	"Sundman, Mr. Johan Julian"	"25"	"male"	"44.0"	"0.0"	"0.0"	"STON/O 2. 3101269"	"7.925"	""	"S"
"false"	"240"	"2"	"Hunt, Mr. George Henry"	"22"	"male"	"33.0"	"0.0"	"0.0"	"SCO/W 1585"	"12.275"	""	"S"
"false"	"503"	"3"	"O'Sullivan, Miss. Bridget Mary"	"30"	"female"	"24.0"	"0.0"	"0.0"	"330909"	"7.6292"	""	"Q"
"false"	"681"	"3"	"Peters, Miss. Katie"	"19"	"female"	"24.0"	"0.0"	"0.0"	"330935"	"8.1375"	""	"Q"
"true"	"573"	"1"	"Flynn, Mr. John Irwin (""Irving"")"	"32"	"male"	"36.0"	"0.0"	"0.0"	"PC 17474"	"26.3875"	"E25"	"S"
"false"	"632"	"3"	"Lundahl, Mr. Johan Svensson"	"27"	"male"	"51.0"	"0.0"	"0.0"	"347743"	"7.0542"	""	"S"
"true"	"11"	"3"	"Sandstrom, Miss. Marguerite Rut"	"31"	"female"	"4.0"	"1.0"	"1.0"	"PP 9549"	"16.7"	"G6"	"S"
"false"	"409"	"3"	"Birkeland, Mr. Hans Martin Monsen"	"33"	"male"	"21.0"	"0.0"	"0.0"	"312992"	"7.775"	""	"S"
"false"	"170"	"3"	"Ling, Mr. Lee"	"13"	"male"	"28.0"	"0.0"	"0.0"	"1601"	"56.4958"	""	"S"
"false"	"105"	"3"	"Gustafsson, Mr. Anders Vilhelm"	"30"	"male"	"37.0"	"2.0"	"0.0"	"3101276"	"7.925"	""	"S"
"true"	"713"	"1"	"Taylor, Mr. Elmer Zebley"	"24"	"male"	"48.0"	"1.0"	"0.0"	"19996"	"52.0"	"C126"	"S"
"true"	"701"	"1"	"Astor, Mrs. John Jacob (Madeleine Talmadge Force)"	"49"	"female"	"18.0"	"1.0"	"0.0"	"PC 17757"	"227.525"	"C62 C64"	"C"
"true"	"707"	"2"	"Kelly, Mrs. Florence ""Fannie"""	"29"	"female"	"45.0"	"0.0"	"0.0"	"223596"	"13.5"	""	"S"
"false"	"13"	"3"	"Saundercock, Mr. William Henry"	"30"	"male"	"20.0"	"0.0"	"0.0"	"A/5. 2151"	"8.05"	""	"S"
"false"	"21"	"2"	"Fynney, Mr. Joseph J"	"20"	"male"	"35.0"	"0.0"	"0.0"	"239865"	"26.0"	""	"S"
"true"	"631"	"1"	"Barkworth, Mr. Algernon Henry Wilson"	"36"	"male"	"80.0"	"0.0"	"0.0"	"27042"	"30.0"	"A23"	"S"
"true"	"514"	"1"	"Rothschild, Mrs. Martin (Elizabeth L. Barrett)"	"46"	"female"	"54.0"	"1.0"	"0.0"	"PC 17603"	"59.4"	""	"C"
"false"	"266"	"2"	"Reeves, Mr. David"	"17"	"male"	"36.0"	"0.0"	"0.0"	"C.A. 17248"	"10.5"	""	"S"
"true"	"287"	"3"	"de Mulder, Mr. Theodore"	"23"	"male"	"30.0"	"0.0"	"0.0"	"345774"	"9.5"	""	"S"
"false"	"688"	"3"	"Dakic, Mr. Branko"	"17"	"male"	"19.0"	"0.0"	"0.0"	"349228"	"10.1708"	""	"S"
"false"	"506"	"1"	"Penasco y Castellana, Mr. Victor de Satode"	"42"	"male"	"18.0"	"1.0"	"0.0"	"PC 17758"	"108.9"	"C65"	"C"
"true"	"196"	"1"	"Lurette, Miss. Elise"	"20"	"female"	"58.0"	"0.0"	"0.0"	"PC 17569"	"146.5208"	"B80"	"C"
"false"	"673"	"2"	"Mitchell, Mr. Henry Michael"	"27"	"male"	"70.0"	"0.0"	"0.0"	"C.A. 24580"	"10.5"	""	"S"
"true"	"570"	"3"	"Jonsson, Mr. Carl"	"17"	"male"	"32.0"	"0.0"	"0.0"	"350417"	"7.8542"	""	"S"
"false"	"14"	"3"	"Andersson, Mr. Anders Johan"	"27"	"male"	"39.0"	"1.0"	"5.0"	"347082"	"31.275"	""	"S"
"false"	"115"	"3"	"Attalah, Miss. Malake"	"21"	"female"	"17.0"	"0.0"	"0.0"	"2627"	"14.4583"	""	"C"
"false"	"222"	"2"	"Bracken, Mr. James H"	"20"	"male"	"27.0"	"0.0"	"0.0"	"220367"	"13.0"	""	"S"
"false"	"411"	"3"	"Sdycoff, Mr. Todor"	"18"	"male"	"24.0"	"0.0"	"0.0"	"349222"	"7.8958"	""	"S"
"false"	"462"	"3"	"Morley, Mr. William"	"19"	"male"	"34.0"	"0.0"	"0.0"	"364506"	"8.05"	""	"S"
"false"	"177"	"3"	"Lefebre, Master. Henry Forbes"	"29"	"male"	"24.0"	"3.0"	"1.0"	"4133"	"25.4667"	""	"S"
"true"	"270"	"1"	"Bissette, Miss. Amelia"	"22"	"female"	"35.0"	"0.0"	"0.0"	"PC 17760"	"135.6333"	"C99"	"S"
"true"	"605"	"1"	"Homer, Mr. Harry (""Mr E Haven"")"	"31"	"male"	"35.0"	"0.0"	"0.0"	"111426"	"26.55"	""	"C"
"false"	"402"	"3"	"Adams, Mr. John"	"15"	"male"	"26.0"	"0.0"	"0.0"	"341826"	"8.05"	""	"S"
"false"	"130"	"3"	"Ekstrom, Mr. Johan"	"18"	"male"	"45.0"	"0.0"	"0.0"	"347061"	"6.975"	""	"S"
"true"	"572"	"1"	"Appleton, Mrs. Edward Dale (Charlotte Lamson)"	"45"	"female"	"53.0"	"2.0"	"0.0"	"11769"	"51.4792"	"C101"	"S"
"false"	"295"	"3"	"Mineff, Mr. Ivan"	"16"	"male"	"24.0"	"0.0"	"0.0"	"349233"	"7.8958"	""	"S"
"true"	"18"	"2"	"Williams, Mr. Charles Eugene"	"28"	"male"	"24.0"	"0.0"	"0.0"	"244373"	"13.0"	""	"S"
"false"	"627"	"2"	"Kirkland, Rev. Charles Leonard"	"30"	"male"	"57.0"	"0.0"	"0.0"	"219533"	"12.35"	""	"Q"
"true"	"191"	"2"	"Pinsky, Mrs. (Rosa)"	"19"	"female"	"32.0"	"0.0"	"0.0"	"234604"	"13.0"	""	"S"
"false"	"182"	"2"	"Pernot, Mr. Rene"	"16"	"male"	"24.0"	"0.0"	"0.0"	"SC/PARIS 2131"	"15.05"	""	"C"
"false"	"237"	"2"	"Hold, Mr. Stephen"	"17"	"male"	"44.0"	"1.0"	"0.0"	"26707"	"26.0"	""	"S"
"false"	"659"	"2"	"Eitemiller, Mr. George Floyd"	"28"	"male"	"23.0"	"0.0"	"0.0"	"29751"	"13.0"	""	"S"
"false"	"443"	"3"	"Petterson, Mr. Johan Emil"	"25"	"male"	"25.0"	"1.0"	"0.0"	"347076"	"7.775"	""	"S"
"false"	"435"	"1"	"Silvey, Mr. William Baird"	"25"	"male"	"50.0"	"1.0"	"0.0"	"13507"	"55.9"	"E44"	"S"
"false"	"63"	"1"	"Harris, Mr. Henry Birkhardt"	"27"	"male"	"45.0"	"1.0"	"0.0"	"36973"	"83.475"	"C83"	"S"
"true"	"384"	"1"	"Holverson, Mrs. Alexander Oskar (Mary Aline Towner)"	"51"	"female"	"35.0"	"1.0"	"0.0"	"113789"	"52.0"	""	"S"
"true"	"513"	"1"	"McGough, Mr. James Robert"	"25"	"male"	"36.0"	"0.0"	"0.0"	"PC 17473"	"26.2875"	"E25"	"S"
"true"	"2"	"1"	"Cumings, Mrs. John Bradley (Florence Briggs Thayer)"	"51"	"female"	"38.0"	"1.0"	"0.0"	"PC 17599"	"71.2833"	"C85"	"C"
"false"	"587"	"2"	"Jarvis, Mr. John Denzil"	"23"	"male"	"47.0"	"0.0"	"0.0"	"237565"	"15.0"	""	"S"
"true"	"238"	"2"	"Collyer, Miss. Marjorie ""Lottie"""	"32"	"female"	"8.0"	"0.0"	"2.0"	"C.A. 31921"	"26.25"	""	"S"
"false"	"313"	"2"	"Lahtinen, Mrs. William (Anna Sylfven)"	"37"	"female"	"26.0"	"1.0"	"1.0"	"250651"	"26.0"	""	"S"
"false"	"672"	"1"	"Davidson, Mr. Thornton"	"22"	"male"	"31.0"	"1.0"	"0.0"	"F.C. 12750"	"52.0"	"B71"	"S"
"false"	"455"	"3"	"Peduzzi, Mr. Joseph"	"19"	"male"	"24.0"	"0.0"	"0.0"	"A/5 2817"	"8.05"	""	"S"
"false"	"64"	"3"	"Skoog, Master. Harald"	"21"	"male"	"4.0"	"3.0"	"2.0"	"347088"	"27.9"	""	"S"
"false"	"171"	"1"	"Van der hoef, Mr. Wyckoff"	"25"	"male"	"61.0"	"0.0"	"0.0"	"111240"	"33.5"	"B19"	"S"
"false"	"640"	"3"	"Thorneycroft, Mr. Percival"	"26"	"male"	"24.0"	"1.0"	"0.0"	"376564"	"16.1"	""	"S"
"true"	"654"	"3"	"O'Leary, Miss. Hanora ""Norah"""	"29"	"female"	"24.0"	"0.0"	"0.0"	"330919"	"7.8292"	""	"Q"
"true"	"205"	"3"	"Cohen, Mr. Gurshon ""Gus"""	"24"	"male"	"18.0"	"0.0"	"0.0"	"A/5 3540"	"8.05"	""	"S"
"false"	"293"	"2"	"Levy, Mr. Rene Jacques"	"22"	"male"	"36.0"	"0.0"	"0.0"	"SC/Paris 2163"	"12.875"	"D"	"C"
"false"	"46"	"3"	"Rogers, Mr. William John"	"24"	"male"	"24.0"	"0.0"	"0.0"	"S.C./A.4. 23567"	"8.05"	""	"S"
"true"	"32"	"1"	"Spencer, Mrs. William Augustus (Marie Eugenie)"	"46"	"female"	"24.0"	"1.0"	"0.0"	"PC 17569"	"146.5208"	"B78"	"C"
"false"	"676"	"3"	"Edvardsson, Mr. Gustaf Hjalmar"	"30"	"male"	"18.0"	"0.0"	"0.0"	"349912"	"7.775"	""	"S"
"false"	"546"	"1"	"Nicholson, Mr. Arthur Ernest"	"28"	"male"	"64.0"	"0.0"	"0.0"	"693"	"26.0"	""	"S"
"false"	"288"	"3"	"Naidenoff, Mr. Penko"	"20"	"male"	"22.0"	"0.0"	"0.0"	"349206"	"7.8958"	""	"S"
"false"	"135"	"2"	"Sobey, Mr. Samuel James Hayden"	"30"	"male"	"25.0"	"0.0"	"0.0"	"C.A. 29178"	"13.0"	""	"S"
"true"	"401"	"3"	"Niskanen, Mr. Juha"	"18"	"male"	"39.0"	"0.0"	"0.0"	"STON/O 2. 3101289"	"7.925"	""	"S"
"false"	"150"	"2"	"Byles, Rev. Thomas Roussel Davids"	"33"	"male"	"42.0"	"0.0"	"0.0"	"244310"	"13.0"	""	"S"
"false"	"362"	"2"	"del Carlo, Mr. Sebastiano"	"25"	"male"	"29.0"	"1.0"	"0.0"	"SC/PARIS 2167"	"27.7208"	""	"C"
"false"	"637"	"3"	"Leinonen, Mr. Antti Gustaf"	"26"	"male"	"32.0"	"0.0"	"0.0"	"STON/O 2. 3101292"	"7.925"	""	"S"
"true"	"485"	"1"	"Bishop, Mr. Dickinson H"	"23"	"male"	"25.0"	"1.0"	"0.0"	"11967"	"91.0792"	"B49"	"C"
"false"	"488"	"1"	"Kent, Mr. Edward Austin"	"23"	"male"	"58.0"	"0.0"	"0.0"	"11771"	"29.7"	"B37"	"C"
"false"	"467"	"2"	"Campbell, Mr. William"	"21"	"male"	"24.0"	"0.0"	"0.0"	"239853"	"0.0"	""	"S"
"false"	"7"	"1"	"McCarthy, Mr. Timothy J"	"23"	"male"	"54.0"	"0.0"	"0.0"	"17463"	"51.8625"	"E46"	"S"
"false"	"343"	"2"	"Collander, Mr. Erik Gustaf"	"26"	"male"	"28.0"	"0.0"	"0.0"	"248740"	"13.0"	""	"S"
"false"	"471"	"3"	"Keefe, Mr. Arthur"	"17"	"male"	"24.0"	"0.0"	"0.0"	"323592"	"7.25"	""	"S"
"false"	"385"	"3"	"Plotcharsky, Mr. Vasil"	"22"	"male"	"24.0"	"0.0"	"0.0"	"349227"	"7.8958"	""	"S"
"false"	"133"	"3"	"Robins, Mrs. Alexander A (Grace Charity Laury)"	"46"	"female"	"47.0"	"1.0"	"0.0"	"A/5. 3337"	"14.5"	""	"S"
"true"	"289"	"2"	"Hosono, Mr. Masabumi"	"20"	"male"	"42.0"	"0.0"	"0.0"	"237798"	"13.0"	""	"S"
"false"	"414"	"2"	"Cunningham, Mr. Alfred Fleming"	"30"	"male"	"24.0"	"0.0"	"0.0"	"239853"	"0.0"	""	"S"
"false"	"737"	"3"	"Ford, Mrs. Edward (Margaret Ann Watson)"	"39"	"female"	"48.0"	"1.0"	"3.0"	"W./C. 6608"	"34.375"	""	"S"
"false"	"583"	"2"	"Downton, Mr. William James"	"26"	"male"	"54.0"	"0.0"	"0.0"	"28403"	"26.0"	""	"S"
"false"	"621"	"3"	"Yasbeck, Mr. Antoni"	"19"	"male"	"27.0"	"1.0"	"0.0"	"2659"	"14.4542"	""	"C"
"false"	"155"	"3"	"Olsen, Mr. Ole Martin"	"21"	"male"	"24.0"	"0.0"	"0.0"	"Fa 265302"	"7.3125"	""	"S"
"true"	"708"	"1"	"Calderhead, Mr. Edward Pennington"	"33"	"male"	"42.0"	"0.0"	"0.0"	"PC 17476"	"26.2875"	"E24"	"S"
"false"	"493"	"1"	"Molson, Mr. Harry Markland"	"26"	"male"	"55.0"	"0.0"	"0.0"	"113787"	"30.5"	"C30"	"S"
"false"	"139"	"3"	"Osen, Mr. Olaf Elon"	"19"	"male"	"16.0"	"0.0"	"0.0"	"7534"	"9.2167"	""	"S"
"true"	"592"	"1"	"Stephenson, Mrs. Walter Bertram (Martha Eustis)"	"47"	"female"	"52.0"	"1.0"	"0.0"	"36947"	"78.2667"	"D20"	"C"
"false"	"700"	"3"	"Humblen, Mr. Adolf Mathias Nicolai Olsen"	"40"	"male"	"42.0"	"0.0"	"0.0"	"348121"	"7.65"	"F G63"	"S"
"true"	"331"	"3"	"McCoy, Miss. Agnes"	"18"	"female"	"24.0"	"2.0"	"0.0"	"367226"	"23.25"	""	"Q"
"true"	"505"	"1"	"Maioni, Miss. Roberta"	"21"	"female"	"16.0"	"0.0"	"0.0"	"110152"	"86.5"	"B79"	"S"
"true"	"3"	"3"	"Heikkinen, Miss. Laina"	"22"	"female"	"26.0"	"0.0"	"0.0"	"STON/O2. 3101282"	"7.925"	""	"S"
"true"	"129"	"3"	"Peter, Miss. Anna"	"17"	"female"	"24.0"	"1.0"	"1.0"	"2668"	"22.3583"	"F E69"	"C"
"false"	"732"	"3"	"Hassan, Mr. Houssein G N"	"24"	"male"	"11.0"	"0.0"	"0.0"	"2699"	"18.7875"	""	"C"
"false"	"604"	"3"	"Torber, Mr. Ernst William"	"25"	"male"	"44.0"	"0.0"	"0.0"	"364511"	"8.05"	""	"S"
"false"	"164"	"3"	"Calic, Mr. Jovo"	"15"	"male"	"17.0"	"0.0"	"0.0"	"315093"	"8.6625"	""	"S"
"true"	"541"	"1"	"Crosby, Miss. Harriet R"	"23"	"female"	"36.0"	"0.0"	"2.0"	"WE/P 5735"	"71.0"	"B22"	"S"
"true"	"57"	"2"	"Rugg, Miss. Emily"	"17"	"female"	"21.0"	"0.0"	"0.0"	"C.A. 31026"	"10.5"	""	"S"
"false"	"70"	"3"	"Kink, Mr. Vincenz"	"17"	"male"	"26.0"	"2.0"	"0.0"	"315151"	"8.6625"	""	"S"
"true"	"328"	"2"	"Ball, Mrs. (Ada E Hall)"	"23"	"female"	"36.0"	"0.0"	"0.0"	"28551"	"13.0"	"D"	"S"
"true"	"619"	"2"	"Becker, Miss. Marion Louise"	"27"	"female"	"4.0"	"2.0"	"1.0"	"230136"	"39.0"	"F4"	"S"
"true"	"633"	"1"	"Stahelin-Maeglin, Dr. Max"	"25"	"male"	"32.0"	"0.0"	"0.0"	"13214"	"30.5"	"B50"	"C"
"false"	"71"	"2"	"Jenkin, Mr. Stephen Curnow"	"26"	"male"	"32.0"	"0.0"	"0.0"	"C.A. 33111"	"10.5"	""	"S"
"true"	"242"	"3"	"Murphy, Miss. Katherine ""Kate"""	"30"	"female"	"24.0"	"1.0"	"0.0"	"367230"	"15.5"	""	"Q"
"true"	"517"	"2"	"Lemore, Mrs. (Amelia Milley)"	"28"	"female"	"34.0"	"0.0"	"0.0"	"C.A. 34260"	"10.5"	"F33"	"S"
"false"	"565"	"3"	"Meanwell, Miss. (Marion Ogden)"	"30"	"female"	"24.0"	"0.0"	"0.0"	"SOTON/O.Q. 392087"	"8.05"	""	"S"
"false"	"5"	"3"	"Allen, Mr. William Henry"	"24"	"male"	"35.0"	"0.0"	"0.0"	"373450"	"8.05"	""	"S"
"false"	"476"	"1"	"Clifford, Mr. George Quincy"	"27"	"male"	"24.0"	"0.0"	"0.0"	"110465"	"52.0"	"A14"	"S"
"true"	"644"	"3"	"Foo, Mr. Choong"	"15"	"male"	"24.0"	"0.0"	"0.0"	"1601"	"56.4958"	""	"S"
"true"	"417"	"2"	"Drew, Mrs. James Vivian (Lulu Thorne Christian)"	"47"	"female"	"34.0"	"1.0"	"1.0"	"28220"	"32.5"	""	"S"
"false"	"254"	"3"	"Lobb, Mr. William Arthur"	"24"	"male"	"30.0"	"1.0"	"0.0"	"A/5. 3336"	"16.1"	""	"S"
"true"	"613"	"3"	"Murphy, Miss. Margaret Jane"	"27"	"female"	"24.0"	"1.0"	"0.0"	"367230"	"15.5"	""	"Q"
"true"	"187"	"3"	"O'Brien, Mrs. Thomas (Johanna ""Hannah"" Godfrey)"	"47"	"female"	"24.0"	"1.0"	"0.0"	"370365"	"15.5"	""	"Q"
"false"	"282"	"3"	"Olsson, Mr. Nils Johan Goransson"	"32"	"male"	"28.0"	"0.0"	"0.0"	"347464"	"7.8542"	""	"S"
"false"	"542"	"3"	"Andersson, Miss. Ingeborg Constanzia"	"36"	"female"	"9.0"	"4.0"	"2.0"	"347082"	"31.275"	""	"S"
"false"	"614"	"3"	"Horgan, Mr. John"	"16"	"male"	"24.0"	"0.0"	"0.0"	"370377"	"7.75"	""	"Q"
"true"	"357"	"1"	"Bowerman, Miss. Elsie Edith"	"27"	"female"	"22.0"	"0.0"	"1.0"	"113505"	"55.0"	"E33"	"S"
"true"	"260"	"2"	"Parrish, Mrs. (Lutie Davis)"	"27"	"female"	"50.0"	"0.0"	"1.0"	"230433"	"26.0"	""	"S"
"false"	"352"	"1"	"Williams-Lambert, Mr. Fletcher Fellows"	"38"	"male"	"24.0"	"0.0"	"0.0"	"113510"	"35.0"	"C128"	"S"
"false"	"495"	"3"	"Stanley, Mr. Edward Roland"	"26"	"male"	"21.0"	"0.0"	"0.0"	"A/4 45380"	"8.05"	""	"S"
"false"	"472"	"3"	"Cacic, Mr. Luka"	"15"	"male"	"38.0"	"0.0"	"0.0"	"315089"	"8.6625"	""	"S"
"false"	"356"	"3"	"Vanden Steen, Mr. Leo Peter"	"27"	"male"	"28.0"	"0.0"	"0.0"	"345783"	"9.5"	""	"S"
"false"	"639"	"3"	"Panula, Mrs. Juha (Maria Emilia Ojala)"	"38"	"female"	"41.0"	"0.0"	"5.0"	"3101295"	"39.6875"	""	"S"
"false"	"36"	"1"	"Holverson, Mr. Alexander Oskar"	"30"	"male"	"42.0"	"1.0"	"0.0"	"113789"	"52.0"	""	"S"
"false"	"704"	"3"	"Gallagher, Mr. Martin"	"21"	"male"	"25.0"	"0.0"	"0.0"	"36864"	"7.7417"	""	"Q"
"false"	"322"	"3"	"Danoff, Mr. Yoto"	"16"	"male"	"27.0"	"0.0"	"0.0"	"349219"	"7.8958"	""	"S"
"true"	"142"	"3"	"Nysten, Miss. Anna Sofia"	"24"	"female"	"22.0"	"0.0"	"0.0"	"347081"	"7.75"	""	"S"
"false"	"247"	"3"	"Lindahl, Miss. Agda Thorilda Viktoria"	"37"	"female"	"25.0"	"0.0"	"0.0"	"347071"	"7.775"	""	"S"
"true"	"292"	"1"	"Bishop, Mrs. Dickinson H (Helen Walton)"	"39"	"female"	"19.0"	"1.0"	"0.0"	"11967"	"91.0792"	"B49"	"C"
"true"	"454"	"1"	"Goldenberg, Mr. Samuel L"	"24"	"male"	"49.0"	"1.0"	"0.0"	"17453"	"89.1042"	"C92"	"C"
"false"	"562"	"3"	"Sivic, Mr. Husein"	"17"	"male"	"40.0"	"0.0"	"0.0"	"349251"	"7.8958"	""	"S"
"false"	"127"	"3"	"McMahon, Mr. Martin"	"19"	"male"	"24.0"	"0.0"	"0.0"	"370372"	"7.75"	""	"Q"
"true"	"37"	"3"	"Mamee, Mr. Hanna"	"16"	"male"	"24.0"	"0.0"	"0.0"	"2677"	"7.2292"	""	"C"
"true"	"597"	"2"	"Leitch, Miss. Jessie Wills"	"26"	"female"	"24.0"	"0.0"	"0.0"	"248727"	"33.0"	""	"S"
"false"	"68"	"3"	"Crease, Mr. Ernest James"	"24"	"male"	"19.0"	"0.0"	"0.0"	"S.P. 3464"	"8.1583"	""	"S"
"true"	"690"	"1"	"Madill, Miss. Georgette Alexandra"	"33"	"female"	"15.0"	"0.0"	"1.0"	"24160"	"211.3375"	"B5"	"S"
"false"	"504"	"3"	"Laitinen, Miss. Kristina Sofia"	"30"	"female"	"37.0"	"0.0"	"0.0"	"4135"	"9.5875"	""	"S"
"false"	"156"	"1"	"Williams, Mr. Charles Duane"	"27"	"male"	"51.0"	"0.0"	"1.0"	"PC 17597"	"61.3792"	""	"C"
"false"	"325"	"3"	"Sage, Mr. George John Jr"	"24"	"male"	"24.0"	"8.0"	"2.0"	"CA. 2343"	"69.55"	""	"S"
"true"	"702"	"1"	"Silverthorne, Mr. Spencer Victor"	"32"	"male"	"35.0"	"0.0"	"0.0"	"PC 17475"	"26.2875"	"E24"	"S"
"false"	"465"	"3"	"Maisner, Mr. Simon"	"18"	"male"	"24.0"	"0.0"	"0.0"	"A/S 2816"	"8.05"	""	"S"
"true"	"430"	"3"	"Pickard, Mr. Berk (Berk Trembisky)"	"34"	"male"	"32.0"	"0.0"	"0.0"	"SOTON/O.Q. 392078"	"8.05"	"E10"	"S"
"true"	"577"	"2"	"Garside, Miss. Ethel"	"20"	"female"	"34.0"	"0.0"	"0.0"	"243880"	"13.0"	""	"S"
"false"	"739"	"3"	"Ivanoff, Mr. Kanio"	"18"	"male"	"24.0"	"0.0"	"0.0"	"349201"	"7.8958"	""	"S"
"false"	"595"	"2"	"Chapman, Mr. John Henry"	"23"	"male"	"37.0"	"1.0"	"0.0"	"SC/AH 29037"	"26.0"	""	"S"
"false"	"684"	"3"	"Goodwin, Mr. Charles Edward"	"27"	"male"	"14.0"	"5.0"	"2.0"	"CA 2144"	"46.9"	""	"S"
"false"	"695"	"1"	"Weir, Col. John"	"15"	"male"	"60.0"	"0.0"	"0.0"	"113800"	"26.55"	""	"S"
"true"	"376"	"1"	"Meyer, Mrs. Edgar Joseph (Leila Saks)"	"37"	"female"	"24.0"	"1.0"	"0.0"	"PC 17604"	"82.1708"	""	"C"
"false"	"638"	"2"	"Collyer, Mr. Harvey"	"19"	"male"	"31.0"	"1.0"	"1.0"	"C.A. 31921"	"26.25"	""	"S"
"true"	"280"	"3"	"Abbott, Mrs. Stanton (Rosa Hunt)"	"32"	"female"	"35.0"	"1.0"	"1.0"	"C.A. 2673"	"20.25"	""	"S"
"true"	"310"	"1"	"Francatelli, Miss. Laura Mabel"	"30"	"female"	"30.0"	"0.0"	"0.0"	"PC 17485"	"56.9292"	"E36"	"C"
"true"	"691"	"1"	"Dick, Mr. Albert Adrian"	"23"	"male"	"31.0"	"1.0"	"0.0"	"17474"	"57.0"	"B20"	"S"
"false"	"374"	"1"	"Ringhini, Mr. Sante"	"19"	"male"	"22.0"	"0.0"	"0.0"	"PC 17760"	"135.6333"	""	"C"
"true"	"623"	"3"	"Nakid, Mr. Sahid"	"16"	"male"	"20.0"	"1.0"	"1.0"	"2653"	"15.7417"	""	"C"
"false"	"241"	"3"	"Zabour, Miss. Thamine"	"21"	"female"	"24.0"	"1.0"	"0.0"	"2665"	"14.4542"	""	"C"
"false"	"525"	"3"	"Kassem, Mr. Fared"	"17"	"male"	"24.0"	"0.0"	"0.0"	"2700"	"7.2292"	""	"C"
"false"	"537"	"1"	"Butt, Major. Archibald Willingham"	"33"	"male"	"45.0"	"0.0"	"0.0"	"113050"	"26.55"	"B38"	"S"
"false"	"489"	"3"	"Somerton, Mr. Francis William"	"29"	"male"	"30.0"	"0.0"	"0.0"	"A.5. 18509"	"8.05"	""	"S"
"true"	"152"	"1"	"Pears, Mrs. Thomas (Edith Wearne)"	"33"	"female"	"22.0"	"1.0"	"0.0"	"113776"	"66.6"	"C2"	"S"
"false"	"345"	"2"	"Fox, Mr. Stanley Hubert"	"23"	"male"	"36.0"	"0.0"	"0.0"	"229236"	"13.0"	""	"S"
"false"	"261"	"3"	"Smith, Mr. Thomas"	"17"	"male"	"24.0"	"0.0"	"0.0"	"384461"	"7.75"	""	"Q"
"false"	"566"	"3"	"Davies, Mr. Alfred J"	"20"	"male"	"24.0"	"2.0"	"0.0"	"A/4 48871"	"24.15"	""	"S"
"true"	"143"	"3"	"Hakkarainen, Mrs. Pekka Pietari (Elin Matilda Dolck)"	"52"	"female"	"24.0"	"1.0"	"0.0"	"STON/O2. 3101279"	"15.85"	""	"S"
"true"	"431"	"1"	"Bjornstrom-Steffansson, Mr. Mauritz Hakan"	"41"	"male"	"28.0"	"0.0"	"0.0"	"110564"	"26.55"	"C52"	"S"
"false"	"486"	"3"	"Lefebre, Miss. Jeannie"	"22"	"female"	"24.0"	"3.0"	"1.0"	"4133"	"25.4667"	""	"S"
"true"	"329"	"3"	"Goldsmith, Mrs. Frank John (Emily Alice Brown)"	"46"	"female"	"31.0"	"1.0"	"1.0"	"363291"	"20.525"	""	"S"
"false"	"643"	"3"	"Skoog, Miss. Margit Elizabeth"	"29"	"female"	"2.0"	"3.0"	"2.0"	"347088"	"27.9"	""	"S"
"false"	"65"	"1"	"Stewart, Mr. Albert A"	"21"	"male"	"24.0"	"0.0"	"0.0"	"PC 17605"	"27.7208"	""	"C"
"false"	"176"	"3"	"Klasen, Mr. Klas Albin"	"22"	"male"	"18.0"	"1.0"	"1.0"	"350404"	"7.8542"	""	"S"
"true"	"335"	"1"	"Frauenthal, Mrs. Henry William (Clara Heinsheimer)"	"50"	"female"	"24.0"	"1.0"	"0.0"	"PC 17611"	"133.65"	""	"S"
"false"	"498"	"3"	"Shellard, Mr. Frederick William"	"31"	"male"	"24.0"	"0.0"	"0.0"	"C.A. 6212"	"15.1"	""	"S"
"false"	"151"	"2"	"Bateman, Rev. Robert James"	"26"	"male"	"51.0"	"0.0"	"0.0"	"S.O.P. 1166"	"12.525"	""	"S"
"true"	"446"	"1"	"Dodge, Master. Washington"	"25"	"male"	"4.0"	"0.0"	"2.0"	"33638"	"81.8583"	"A34"	"S"
"false"	"663"	"1"	"Colley, Mr. Edward Pomeroy"	"26"	"male"	"47.0"	"0.0"	"0.0"	"5727"	"25.5875"	"E58"	"S"
"false"	"39"	"3"	"Vander Planke, Miss. Augusta Maria"	"34"	"female"	"18.0"	"2.0"	"0.0"	"345764"	"18.0"	""	"S"
"true"	"652"	"2"	"Doling, Miss. Elsie"	"19"	"female"	"18.0"	"0.0"	"1.0"	"231919"	"23.0"	""	"S"
"false"	"397"	"3"	"Olsson, Miss. Elina"	"19"	"female"	"31.0"	"0.0"	"0.0"	"350407"	"7.8542"	""	"S"
"false"	"533"	"3"	"Elias, Mr. Joseph Jr"	"20"	"male"	"17.0"	"1.0"	"1.0"	"2690"	"7.2292"	""	"C"
"false"	"198"	"3"	"Olsen, Mr. Karl Siegwart Andreas"	"32"	"male"	"42.0"	"0.0"	"1.0"	"4579"	"8.4042"	""	"S"
"false"	"520"	"3"	"Pavlovic, Mr. Stefo"	"19"	"male"	"32.0"	"0.0"	"0.0"	"349242"	"7.8958"	""	"S"
"false"	"361"	"3"	"Skoog, Mr. Wilhelm"	"18"	"male"	"40.0"	"1.0"	"4.0"	"347088"	"27.9"	""	"S"
"false"	"120"	"3"	"Andersson, Miss. Ellis Anna Maria"	"33"	"female"	"2.0"	"4.0"	"2.0"	"347082"	"31.275"	""	"S"
"false"	"730"	"3"	"Ilmakangas, Miss. Pieta Sofia"	"29"	"female"	"25.0"	"1.0"	"0.0"	"STON/O2. 3101271"	"7.925"	""	"S"
"false"	"594"	"3"	"Bourke, Miss. Mary"	"18"	"female"	"24.0"	"0.0"	"2.0"	"364848"	"7.75"	""	"Q"
"false"	"439"	"1"	"Fortune, Mr. Mark"	"17"	"male"	"64.0"	"1.0"	"4.0"	"19950"	"263.0"	"C23 C25 C27"	"S"
"false"	"464"	"2"	"Milling, Mr. Jacob Christian"	"28"	"male"	"48.0"	"0.0"	"0.0"	"234360"	"13.0"	""	"S"
"false"	"703"	"3"	"Barbara, Miss. Saiide"	"21"	"female"	"18.0"	"0.0"	"1.0"	"2691"	"14.4542"	""	"C"
"true"	"24"	"1"	"Sloper, Mr. William Thompson"	"28"	"male"	"28.0"	"0.0"	"0.0"	"113788"	"35.5"	"A6"	"S"
"false"	"697"	"3"	"Kelly, Mr. James"	"16"	"male"	"44.0"	"0.0"	"0.0"	"363592"	"8.05"	""	"S"
"false"	"683"	"3"	"Olsvigen, Mr. Thor Anderson"	"27"	"male"	"20.0"	"0.0"	"0.0"	"6563"	"9.225"	""	"S"
"false"	"243"	"2"	"Coleridge, Mr. Reginald Charles"	"31"	"male"	"29.0"	"0.0"	"0.0"	"W./C. 14263"	"10.5"	""	"S"
"false"	"393"	"3"	"Gustafsson, Mr. Johan Birger"	"28"	"male"	"28.0"	"2.0"	"0.0"	"3101277"	"7.925"	""	"S"
"false"	"561"	"3"	"Morrow, Mr. Thomas Rowan"	"24"	"male"	"24.0"	"0.0"	"0.0"	"372622"	"7.75"	""	"Q"
"false"	"200"	"2"	"Yrois, Miss. Henriette (""Mrs Harbeck"")"	"38"	"female"	"24.0"	"0.0"	"0.0"	"248747"	"13.0"	""	"S"
"true"	"16"	"2"	"Hewlett, Mrs. (Mary D Kingcome)"	"31"	"female"	"55.0"	"0.0"	"0.0"	"248706"	"16.0"	""	"S"
"false"	"125"	"1"	"White, Mr. Percival Wayland"	"27"	"male"	"54.0"	"0.0"	"1.0"	"35281"	"77.2875"	"D26"	"S"
"true"	"721"	"2"	"Harper, Miss. Annie Jessie ""Nina"""	"33"	"female"	"6.0"	"0.0"	"1.0"	"248727"	"33.0"	""	"S"
"true"	"262"	"3"	"Asplund, Master. Edvin Rojj Felix"	"33"	"male"	"3.0"	"4.0"	"2.0"	"347077"	"31.3875"	""	"S"
"false"	"103"	"1"	"White, Mr. Richard Frasar"	"25"	"male"	"21.0"	"0.0"	"1.0"	"35281"	"77.2875"	"D26"	"S"
"false"	"722"	"3"	"Jensen, Mr. Svend Lauritz"	"25"	"male"	"17.0"	"1.0"	"0.0"	"350048"	"7.0542"	""	"S"
"false"	"699"	"1"	"Thayer, Mr. John Borland"	"24"	"male"	"49.0"	"1.0"	"1.0"	"17421"	"110.8833"	"C68"	"C"
"false"	"529"	"3"	"Salonen, Mr. Johan Werner"	"25"	"male"	"39.0"	"0.0"	"0.0"	"3101296"	"7.925"	""	"S"
"true"	"381"	"1"	"Bidois, Miss. Rosalie"	"21"	"female"	"42.0"	"0.0"	"0.0"	"PC 17757"	"227.525"	""	"C"
"false"	"664"	"3"	"Coleff, Mr. Peju"	"16"	"male"	"36.0"	"0.0"	"0.0"	"349210"	"7.4958"	""	"S"
"false"	"252"	"3"	"Strom, Mrs. Wilhelm (Elna Matilda Persson)"	"42"	"female"	"29.0"	"1.0"	"1.0"	"347054"	"10.4625"	"G6"	"S"
"true"	"461"	"1"	"Anderson, Mr. Harry"	"19"	"male"	"48.0"	"0.0"	"0.0"	"19952"	"26.55"	"E12"	"S"
"false"	"575"	"3"	"Rush, Mr. Alfred George John"	"28"	"male"	"16.0"	"0.0"	"0.0"	"A/4. 20589"	"8.05"	""	"S"
"false"	"373"	"3"	"Beavan, Mr. William Thomas"	"26"	"male"	"19.0"	"0.0"	"0.0"	"323951"	"8.05"	""	"S"
"true"	"22"	"2"	"Beesley, Mr. Lawrence"	"21"	"male"	"34.0"	"0.0"	"0.0"	"248698"	"13.0"	"D56"	"S"
"true"	"48"	"3"	"O'Driscoll, Miss. Bridget"	"25"	"female"	"24.0"	"0.0"	"0.0"	"14311"	"7.75"	""	"Q"
"false"	"213"	"3"	"Perkin, Mr. John Henry"	"22"	"male"	"22.0"	"0.0"	"0.0"	"A/5 21174"	"7.25"	""	"S"
"true"	"107"	"3"	"Salkjelsvik, Miss. Anna Kristine"	"32"	"female"	"21.0"	"0.0"	"0.0"	"343120"	"7.65"	""	"S"
"true"	"711"	"1"	"Mayne, Mlle. Berthe Antonine (""Mrs de Villiers"")"	"48"	"female"	"24.0"	"0.0"	"0.0"	"PC 17482"	"49.5042"	"C90"	"C"
"true"	"367"	"1"	"Warren, Mrs. Frank Manley (Anna Sophia Atkinson)"	"48"	"female"	"60.0"	"1.0"	"0.0"	"110813"	"75.25"	"D37"	"C"
"true"	"184"	"2"	"Becker, Master. Richard F"	"25"	"male"	"1.0"	"2.0"	"1.0"	"230136"	"39.0"	"F4"	"S"
"false"	"159"	"3"	"Smiljanic, Mr. Mile"	"19"	"male"	"24.0"	"0.0"	"0.0"	"315037"	"8.6625"	""	"S"
"false"	"224"	"3"	"Nenkoff, Mr. Christo"	"20"	"male"	"24.0"	"0.0"	"0.0"	"349234"	"7.8958"	""	"S"
"true"	"53"	"1"	"Harper, Mrs. Henry Sleeper (Myna Haxtun)"	"40"	"female"	"49.0"	"1.0"	"0.0"	"PC 17572"	"76.7292"	"D33"	"C"
"false"	"658"	"3"	"Bourke, Mrs. John (Catherine)"	"29"	"female"	"32.0"	"1.0"	"1.0"	"364849"	"15.5"	""	"Q"
"false"	"353"	"3"	"Elias, Mr. Tannous"	"18"	"male"	"15.0"	"1.0"	"1.0"	"2695"	"7.2292"	""	"C"
"false"	"483"	"3"	"Rouse, Mr. Richard Henry"	"24"	"male"	"50.0"	"0.0"	"0.0"	"A/5 3594"	"8.05"	""	"S"
"false"	"244"	"3"	"Maenpaa, Mr. Matti Alexanteri"	"29"	"male"	"22.0"	"0.0"	"0.0"	"STON/O 2. 3101275"	"7.125"	""	"S"
"true"	"45"	"3"	"Devaney, Miss. Margaret Delia"	"29"	"female"	"19.0"	"0.0"	"0.0"	"330958"	"7.8792"	""	"Q"
"false"	"477"	"2"	"Renouf, Mr. Peter Henry"	"23"	"male"	"34.0"	"1.0"	"0.0"	"31027"	"21.0"	""	"S"
"true"	"166"	"3"	"Goldsmith, Master. Frank John William ""Frankie"""	"47"	"male"	"9.0"	"0.0"	"2.0"	"363291"	"20.525"	""	"S"
"true"	"391"	"1"	"Carter, Mr. William Ernest"	"26"	"male"	"36.0"	"1.0"	"2.0"	"113760"	"120.0"	"B96 B98"	"S"
"true"	"413"	"1"	"Minahan, Miss. Daisy E"	"22"	"female"	"33.0"	"1.0"	"0.0"	"19928"	"90.0"	"C78"	"Q"
"false"	"460"	"3"	"O'Connor, Mr. Maurice"	"21"	"male"	"24.0"	"0.0"	"0.0"	"371060"	"7.75"	""	"Q"
"true"	"275"	"3"	"Healy, Miss. Hanora ""Nora"""	"26"	"female"	"24.0"	"0.0"	"0.0"	"370375"	"7.75"	""	"Q"
"false"	"281"	"3"	"Duane, Mr. Frank"	"16"	"male"	"65.0"	"0.0"	"0.0"	"336439"	"7.75"	""	"Q"
"false"	"380"	"3"	"Gustafsson, Mr. Karl Gideon"	"27"	"male"	"19.0"	"0.0"	"0.0"	"347069"	"7.775"	""	"S"
"true"	"600"	"1"	"Duff Gordon, Sir. Cosmo Edmund (""Mr Morgan"")"	"44"	"male"	"49.0"	"1.0"	"0.0"	"PC 17485"	"56.9292"	"A20"	"C"
"true"	"731"	"1"	"Allen, Miss. Elisabeth Walton"	"29"	"female"	"29.0"	"0.0"	"0.0"	"24160"	"211.3375"	"B5"	"S"
"false"	"218"	"2"	"Jacobsohn, Mr. Sidney Samuel"	"28"	"male"	"42.0"	"1.0"	"0.0"	"243847"	"27.0"	""	"S"
"false"	"180"	"3"	"Leonard, Mr. Lionel"	"19"	"male"	"36.0"	"0.0"	"0.0"	"LINE"	"0.0"	""	"S"
"false"	"641"	"3"	"Jensen, Mr. Hans Peder"	"22"	"male"	"20.0"	"0.0"	"0.0"	"350050"	"7.8542"	""	"S"
"false"	"440"	"2"	"Kvillner, Mr. Johan Henrik Johannesson"	"38"	"male"	"31.0"	"0.0"	"0.0"	"C.A. 18723"	"10.5"	""	"S"
"true"	"427"	"2"	"Clarke, Mrs. Charles V (Ada Maria Winfield)"	"43"	"female"	"28.0"	"1.0"	"0.0"	"2003"	"26.0"	""	"S"
"false"	"47"	"3"	"Lennon, Mr. Denis"	"17"	"male"	"24.0"	"1.0"	"0.0"	"370371"	"15.5"	""	"Q"
"false"	"255"	"3"	"Rosblom, Mrs. Viktor (Helena Wilhelmina)"	"40"	"female"	"41.0"	"0.0"	"2.0"	"370129"	"20.2125"	""	"S"
"true"	"312"	"1"	"Ryerson, Miss. Emily Borie"	"26"	"female"	"18.0"	"2.0"	"2.0"	"PC 17608"	"262.375"	"B57 B59 B63 B66"	"C"
"true"	"311"	"1"	"Hays, Miss. Margaret Bechstein"	"30"	"female"	"24.0"	"0.0"	"0.0"	"11767"	"83.1583"	"C54"	"C"
"false"	"626"	"1"	"Sutton, Mr. Frederick"	"21"	"male"	"61.0"	"0.0"	"0.0"	"36963"	"32.3208"	"D50"	"S"
"false"	"279"	"3"	"Rice, Master. Eric"	"18"	"male"	"7.0"	"4.0"	"1.0"	"382652"	"29.125"	""	"Q"
"false"	"296"	"1"	"Lewy, Mr. Ervin G"	"17"	"male"	"24.0"	"0.0"	"0.0"	"PC 17612"	"27.7208"	""	"C"
"false"	"509"	"3"	"Olsen, Mr. Henry Margido"	"24"	"male"	"28.0"	"0.0"	"0.0"	"C 4001"	"22.525"	""	"S"
"false"	"28"	"1"	"Fortune, Mr. Charles Alexander"	"30"	"male"	"19.0"	"3.0"	"2.0"	"19950"	"263.0"	"C23 C25 C27"	"S"
"false"	"612"	"3"	"Jardin, Mr. Jose Neto"	"21"	"male"	"24.0"	"0.0"	"0.0"	"SOTON/O.Q. 3101305"	"7.05"	""	"S"
"true"	"710"	"3"	"Moubarek, Master. Halim Gonios (""William George"")"	"49"	"male"	"24.0"	"1.0"	"1.0"	"2661"	"15.2458"	""	"C"
"true"	"444"	"2"	"Reynaldo, Ms. Encarnacion"	"25"	"female"	"28.0"	"0.0"	"0.0"	"230434"	"13.0"	""	"S"
"false"	"398"	"2"	"McKane, Mr. Peter David"	"23"	"male"	"46.0"	"0.0"	"0.0"	"28403"	"26.0"	""	"S"
"false"	"410"	"3"	"Lefebre, Miss. Ida"	"18"	"female"	"24.0"	"3.0"	"1.0"	"4133"	"25.4667"	""	"S"
"true"	"209"	"3"	"Carr, Miss. Helen ""Ellen"""	"25"	"female"	"16.0"	"0.0"	"0.0"	"367231"	"7.75"	""	"Q"
"false"	"114"	"3"	"Jussila, Miss. Katriina"	"23"	"female"	"20.0"	"1.0"	"0.0"	"4136"	"9.825"	""	"S"
"false"	"31"	"1"	"Uruchurtu, Don. Manuel E"	"24"	"male"	"40.0"	"0.0"	"0.0"	"PC 17601"	"27.7208"	""	"C"
"false"	"321"	"3"	"Dennis, Mr. Samuel"	"18"	"male"	"22.0"	"0.0"	"0.0"	"A/5 21172"	"7.25"	""	"S"
"false"	"404"	"3"	"Hakkarainen, Mr. Pekka Pietari"	"30"	"male"	"28.0"	"1.0"	"0.0"	"STON/O2. 3101279"	"15.85"	""	"S"
"true"	"259"	"1"	"Ward, Miss. Anna"	"16"	"female"	"35.0"	"0.0"	"0.0"	"PC 17755"	"512.3292"	""	"C"
"false"	"667"	"2"	"Butler, Mr. Reginald Fenton"	"27"	"male"	"25.0"	"0.0"	"0.0"	"234686"	"13.0"	""	"S"
"false"	"729"	"2"	"Bryhl, Mr. Kurt Arnold Gottfrid"	"31"	"male"	"25.0"	"1.0"	"0.0"	"236853"	"26.0"	""	"S"
"true"	"4"	"1"	"Futrelle, Mrs. Jacques Heath (Lily May Peel)"	"44"	"female"	"35.0"	"1.0"	"0.0"	"113803"	"53.1"	"C123"	"S"
"true"	"547"	"2"	"Beane, Mrs. Edward (Ethel Clarke)"	"33"	"female"	"19.0"	"1.0"	"0.0"	"2908"	"26.0"	""	"S"
"false"	"118"	"2"	"Turpin, Mr. William John Robert"	"31"	"male"	"29.0"	"1.0"	"0.0"	"11668"	"21.0"	""	"S"
"true"	"671"	"2"	"Brown, Mrs. Thomas William Solomon (Elizabeth Catherine Ford)"	"61"	"female"	"40.0"	"1.0"	"1.0"	"29750"	"39.0"	""	"S"
"false"	"403"	"3"	"Jussila, Miss. Mari Aina"	"24"	"female"	"21.0"	"1.0"	"0.0"	"4137"	"9.825"	""	"S"
"false"	"379"	"3"	"Betros, Mr. Tannous"	"19"	"male"	"20.0"	"0.0"	"0.0"	"2648"	"4.0125"	""	"C"
"true"	"59"	"2"	"West, Miss. Constance Mirium"	"28"	"female"	"5.0"	"1.0"	"2.0"	"C.A. 34651"	"27.75"	""	"S"
"false"	"492"	"3"	"Windelov, Mr. Einar"	"19"	"male"	"21.0"	"0.0"	"0.0"	"SOTON/OQ 3101317"	"7.25"	""	"S"
"true"	"448"	"1"	"Seward, Mr. Frederic Kimber"	"27"	"male"	"34.0"	"0.0"	"0.0"	"113794"	"26.55"	""	"S"
"false"	"734"	"2"	"Berriman, Mr. William John"	"26"	"male"	"23.0"	"0.0"	"0.0"	"28425"	"13.0"	""	"S"
"true"	"728"	"3"	"Mannion, Miss. Margareth"	"24"	"female"	"24.0"	"0.0"	"0.0"	"36866"	"7.7375"	""	"Q"
"false"	"113"	"3"	"Barton, Mr. David John"	"22"	"male"	"22.0"	"0.0"	"0.0"	"324669"	"8.05"	""	"S"
"true"	"320"	"1"	"Spedden, Mrs. Frederic Oakley (Margaretta Corning Stone)"	"56"	"female"	"40.0"	"1.0"	"1.0"	"16966"	"134.5"	"E34"	"C"
"true"	"511"	"3"	"Daly, Mr. Eugene Patrick"	"24"	"male"	"29.0"	"0.0"	"0.0"	"382651"	"7.75"	""	"Q"
"true"	"610"	"1"	"Shutes, Miss. Elizabeth W"	"25"	"female"	"40.0"	"0.0"	"0.0"	"PC 17582"	"153.4625"	"C125"	"S"
"false"	"549"	"3"	"Goldsmith, Mr. Frank John"	"25"	"male"	"33.0"	"1.0"	"1.0"	"363291"	"20.525"	""	"S"
"false"	"189"	"3"	"Bourke, Mr. John"	"16"	"male"	"40.0"	"1.0"	"1.0"	"364849"	"15.5"	""	"Q"
"false"	"406"	"2"	"Gale, Mr. Shadrach"	"18"	"male"	"34.0"	"1.0"	"0.0"	"28664"	"21.0"	""	"S"
"true"	"276"	"1"	"Andrews, Miss. Kornelia Theodosia"	"33"	"female"	"63.0"	"1.0"	"0.0"	"13502"	"77.9583"	"D7"	"S"
"true"	"341"	"2"	"Navratil, Master. Edmond Roger"	"30"	"male"	"2.0"	"1.0"	"1.0"	"230080"	"26.0"	"F2"	"S"
"true"	"418"	"2"	"Silven, Miss. Lyyli Karoliina"	"29"	"female"	"18.0"	"0.0"	"2.0"	"250652"	"13.0"	""	"S"
"false"	"42"	"2"	"Turpin, Mrs. William John Robert (Dorothy Ann Wonnacott)"	"56"	"female"	"27.0"	"1.0"	"0.0"	"11668"	"21.0"	""	"S"
"true"	"369"	"3"	"Jermyn, Miss. Annie"	"19"	"female"	"24.0"	"0.0"	"0.0"	"14313"	"7.75"	""	"Q"
"false"	"421"	"3"	"Gheorgheff, Mr. Stanio"	"22"	"male"	"24.0"	"0.0"	"0.0"	"349254"	"7.8958"	""	"C"
"false"	"190"	"3"	"Turcin, Mr. Stjepan"	"19"	"male"	"36.0"	"0.0"	"0.0"	"349247"	"7.8958"	""	"S"
"false"	"568"	"3"	"Palsson, Mrs. Nils (Alma Cornelia Berglund)"	"43"	"female"	"29.0"	"0.0"	"4.0"	"349909"	"21.075"	""	"S"
"true"	"157"	"3"	"Gilnagh, Miss. Katherine ""Katie"""	"32"	"female"	"16.0"	"0.0"	"0.0"	"35851"	"7.7333"	""	"Q"
"true"	"390"	"2"	"Lehmann, Miss. Bertha"	"21"	"female"	"17.0"	"0.0"	"0.0"	"SC 1748"	"12.0"	""	"C"
"false"	"522"	"3"	"Vovk, Mr. Janko"	"15"	"male"	"22.0"	"0.0"	"0.0"	"349252"	"7.8958"	""	"S"
"false"	"501"	"3"	"Calic, Mr. Petar"	"16"	"male"	"17.0"	"0.0"	"0.0"	"315086"	"8.6625"	""	"S"
"false"	"535"	"3"	"Cacic, Miss. Marija"	"19"	"female"	"30.0"	"0.0"	"0.0"	"315084"	"8.6625"	""	"S"
"false"	"186"	"1"	"Rood, Mr. Hugh Roscoe"	"21"	"male"	"24.0"	"0.0"	"0.0"	"113767"	"50.0"	"A32"	"S"
"true"	"544"	"2"	"Beane, Mr. Edward"	"17"	"male"	"32.0"	"1.0"	"0.0"	"2908"	"26.0"	""	"S"
"false"	"251"	"3"	"Reed, Mr. James George"	"22"	"male"	"24.0"	"0.0"	"0.0"	"362316"	"7.25"	""	"S"
"false"	"714"	"3"	"Larsson, Mr. August Viktor"	"26"	"male"	"29.0"	"0.0"	"0.0"	"7545"	"9.4833"	""	"S"
"true"	"40"	"3"	"Nicola-Yarred, Miss. Jamila"	"27"	"female"	"14.0"	"1.0"	"0.0"	"2651"	"11.2417"	""	"C"
"false"	"469"	"3"	"Scanlan, Mr. James"	"18"	"male"	"24.0"	"0.0"	"0.0"	"36209"	"7.725"	""	"Q"
"true"	"234"	"3"	"Asplund, Miss. Lillian Gertrud"	"30"	"female"	"5.0"	"4.0"	"2.0"	"347077"	"31.3875"	""	"S"
"false"	"30"	"3"	"Todoroff, Mr. Lalio"	"19"	"male"	"24.0"	"0.0"	"0.0"	"349216"	"7.8958"	""	"S"
"false"	"136"	"2"	"Richard, Mr. Emile"	"18"	"male"	"23.0"	"0.0"	"0.0"	"SC/PARIS 2133"	"15.0458"	""	"C"
"false"	"27"	"3"	"Emir, Mr. Farred Chehab"	"23"	"male"	"24.0"	"0.0"	"0.0"	"2631"	"7.225"	""	"C"
"false"	"233"	"2"	"Sjostedt, Mr. Ernst Adolf"	"25"	"male"	"59.0"	"0.0"	"0.0"	"237442"	"13.5"	""	"S"
"false"	"236"	"3"	"Harknett, Miss. Alice Phoebe"	"28"	"female"	"24.0"	"0.0"	"0.0"	"W./C. 6609"	"7.55"	""	"S"
"false"	"451"	"2"	"West, Mr. Edwy Arthur"	"21"	"male"	"36.0"	"1.0"	"2.0"	"C.A. 34651"	"27.75"	""	"S"
"false"	"457"	"1"	"Millet, Mr. Francis Davis"	"25"	"male"	"65.0"	"0.0"	"0.0"	"13509"	"26.55"	"E38"	"S"
"false"	"148"	"3"	"Ford, Miss. Robina Maggie ""Ruby"""	"32"	"female"	"9.0"	"2.0"	"2.0"	"W./C. 6608"	"34.375"	""	"S"
"true"	"217"	"3"	"Honkanen, Miss. Eliina"	"22"	"female"	"27.0"	"0.0"	"0.0"	"STON/O2. 3101283"	"7.925"	""	"S"
"false"	"712"	"1"	"Klaber, Mr. Herman"	"18"	"male"	"24.0"	"0.0"	"0.0"	"113028"	"26.55"	"C124"	"S"
"false"	"630"	"3"	"O'Connell, Mr. Patrick D"	"24"	"male"	"24.0"	"0.0"	"0.0"	"334912"	"7.7333"	""	"Q"
"false"	"315"	"2"	"Hart, Mr. Benjamin"	"18"	"male"	"43.0"	"1.0"	"1.0"	"F.C.C. 13529"	"26.25"	""	"S"
"false"	"250"	"2"	"Carter, Rev. Ernest Courtenay"	"29"	"male"	"54.0"	"1.0"	"0.0"	"244252"	"26.0"	""	"S"
"true"	"510"	"3"	"Lang, Mr. Fang"	"14"	"male"	"26.0"	"0.0"	"0.0"	"1601"	"56.4958"	""	"S"
"true"	"10"	"2"	"Nasser, Mrs. Nicholas (Adele Achem)"	"35"	"female"	"14.0"	"1.0"	"0.0"	"237736"	"30.0708"	""	"C"
"false"	"399"	"2"	"Pain, Dr. Alfred"	"16"	"male"	"23.0"	"0.0"	"0.0"	"244278"	"10.5"	""	"S"
"false"	"502"	"3"	"Canavan, Miss. Mary"	"19"	"female"	"21.0"	"0.0"	"0.0"	"364846"	"7.75"	""	"Q"
"true"	"54"	"2"	"Faunthorpe, Mrs. Lizzie (Elizabeth Anne Wilkinson)"	"50"	"female"	"29.0"	"1.0"	"0.0"	"2926"	"26.0"	""	"S"
"false"	"416"	"3"	"Meek, Mrs. Thomas (Annie Louise Rowley)"	"39"	"female"	"24.0"	"0.0"	"0.0"	"343095"	"8.05"	""	"S"
"false"	"160"	"3"	"Sage, Master. Thomas Henry"	"26"	"male"	"24.0"	"8.0"	"2.0"	"CA. 2343"	"69.55"	""	"S"
"true"	"392"	"3"	"Jansson, Mr. Carl Olof"	"22"	"male"	"21.0"	"0.0"	"0.0"	"350034"	"7.7958"	""	"S"
"false"	"706"	"2"	"Morley, Mr. Henry Samuel (""Mr Henry Marshall"")"	"46"	"male"	"39.0"	"0.0"	"0.0"	"250655"	"26.0"	""	"S"
"true"	"195"	"1"	"Brown, Mrs. James Joseph (Margaret Tobin)"	"41"	"female"	"44.0"	"0.0"	"0.0"	"PC 17610"	"27.7208"	"B4"	"C"
"false"	"634"	"1"	"Parr, Mr. William Henry Marsh"	"29"	"male"	"24.0"	"0.0"	"0.0"	"112052"	"0.0"	""	"S"
"false"	"453"	"1"	"Foreman, Mr. Benjamin Laventall"	"31"	"male"	"30.0"	"0.0"	"0.0"	"113051"	"27.75"	"C111"	"C"
"false"	"334"	"3"	"Vander Planke, Mr. Leo Edmondus"	"31"	"male"	"16.0"	"2.0"	"0.0"	"345764"	"18.0"	""	"S"
"true"	"348"	"3"	"Davison, Mrs. Thomas Henry (Mary E Finck)"	"41"	"female"	"24.0"	"1.0"	"0.0"	"386525"	"16.1"	""	"S"
"true"	"524"	"1"	"Hippach, Mrs. Louis Albert (Ida Sophia Fischer)"	"47"	"female"	"44.0"	"0.0"	"1.0"	"111361"	"57.9792"	"B18"	"C"
"true"	"258"	"1"	"Cherry, Miss. Gladys"	"20"	"female"	"30.0"	"0.0"	"0.0"	"110152"	"86.5"	"B77"	"S"
"false"	"372"	"3"	"Wiklund, Mr. Jakob Alfred"	"25"	"male"	"18.0"	"1.0"	"0.0"	"3101267"	"6.4958"	""	"S"
"false"	"618"	"3"	"Lobb, Mrs. William Arthur (Cordelia K Stanlick)"	"47"	"female"	"26.0"	"1.0"	"0.0"	"A/5. 3336"	"16.1"	""	"S"
"false"	"567"	"3"	"Stoytcheff, Mr. Ilia"	"20"	"male"	"19.0"	"0.0"	"0.0"	"349205"	"7.8958"	""	"S"
"false"	"169"	"1"	"Baumann, Mr. John D"	"19"	"male"	"24.0"	"0.0"	"0.0"	"PC 17318"	"25.925"	""	"S"
"false"	"263"	"1"	"Taussig, Mr. Emil"	"17"	"male"	"52.0"	"1.0"	"1.0"	"110413"	"79.65"	"E67"	"S"
"false"	"366"	"3"	"Adahl, Mr. Mauritz Nils Martin"	"30"	"male"	"30.0"	"0.0"	"0.0"	"C 7076"	"7.25"	""	"S"
"true"	"188"	"1"	"Romaine, Mr. Charles Hallace (""Mr C Rolmane"")"	"45"	"male"	"45.0"	"0.0"	"0.0"	"111428"	"26.55"	""	"S"
"true"	"456"	"3"	"Jalsevac, Mr. Ivan"	"18"	"male"	"29.0"	"0.0"	"0.0"	"349240"	"7.8958"	""	"C"
"true"	"26"	"3"	"Asplund, Mrs. Carl Oscar (Selma Augusta Emilia Johansson)"	"57"	"female"	"38.0"	"1.0"	"5.0"	"347077"	"31.3875"	""	"S"
"false"	"620"	"2"	"Gavey, Mr. Lawrence"	"19"	"male"	"26.0"	"0.0"	"0.0"	"31028"	"10.5"	""	"S"
"true"	"536"	"2"	"Hart, Miss. Eva Miriam"	"22"	"female"	"7.0"	"0.0"	"2.0"	"F.C.C. 13529"	"26.25"	""	"S"
"false"	"611"	"3"	"Andersson, Mrs. Anders Johan (Alfrida Konstantia Brogren)"	"57"	"female"	"39.0"	"1.0"	"5.0"	"347082"	"31.275"	""	"S"
"true"	"698"	"3"	"Mullens, Miss. Katherine ""Katie"""	"32"	"female"	"24.0"	"0.0"	"0.0"	"35852"	"7.7333"	""	"Q"
"true"	"445"	"3"	"Johannesen-Bratthammer, Mr. Bernt"	"33"	"male"	"24.0"	"0.0"	"0.0"	"65306"	"8.1125"	""	"S"
"false"	"500"	"3"	"Svensson, Mr. Olof"	"18"	"male"	"24.0"	"0.0"	"0.0"	"350035"	"7.7958"	""	"S"
"true"	"29"	"3"	"O'Dwyer, Miss. Ellen ""Nellie"""	"29"	"female"	"24.0"	"0.0"	"0.0"	"330959"	"7.8792"	""	"Q"
"true"	"304"	"2"	"Keane, Miss. Nora A"	"19"	"female"	"24.0"	"0.0"	"0.0"	"226593"	"12.35"	"E101"	"Q"
"false"	"365"	"3"	"O'Brien, Mr. Thomas"	"19"	"male"	"24.0"	"1.0"	"0.0"	"370365"	"15.5"	""	"Q"
"false"	"35"	"1"	"Meyer, Mr. Edgar Joseph"	"23"	"male"	"28.0"	"1.0"	"0.0"	"PC 17604"	"82.1708"	""	"C"
"false"	"528"	"1"	"Farthing, Mr. John"	"18"	"male"	"24.0"	"0.0"	"0.0"	"PC 17483"	"221.7792"	"C95"	"S"
"false"	"52"	"3"	"Nosworthy, Mr. Richard Cater"	"28"	"male"	"21.0"	"0.0"	"0.0"	"A/4. 39886"	"7.8"	""	"S"
"true"	"210"	"1"	"Blank, Mr. Henry"	"16"	"male"	"40.0"	"0.0"	"0.0"	"112277"	"31.0"	"A31"	"C"
"true"	"323"	"2"	"Slayter, Miss. Hilda Mary"	"25"	"female"	"30.0"	"0.0"	"0.0"	"234818"	"12.35"	""	"Q"
"true"	"128"	"3"	"Madsen, Mr. Fridtjof Arne"	"25"	"male"	"24.0"	"0.0"	"0.0"	"C 17369"	"7.1417"	""	"S"
"true"	"473"	"2"	"West, Mrs. Edwy Arthur (Ada Mary Worth)"	"39"	"female"	"33.0"	"1.0"	"2.0"	"C.A. 34651"	"27.75"	""	"S"
"true"	"560"	"3"	"de Messemaeker, Mrs. Guillaume Joseph (Emma)"	"44"	"female"	"36.0"	"1.0"	"0.0"	"345572"	"17.4"	""	"S"
"true"	"66"	"3"	"Moubarek, Master. Gerios"	"24"	"male"	"24.0"	"1.0"	"1.0"	"2661"	"15.2458"	""	"C"
"true"	"300"	"1"	"Baxter, Mrs. James (Helene DeLaudeniere Chaput)"	"47"	"female"	"50.0"	"0.0"	"1.0"	"PC 17558"	"247.5208"	"B58 B60"	"C"
"false"	"532"	"3"	"Toufik, Mr. Nakli"	"17"	"male"	"24.0"	"0.0"	"0.0"	"2641"	"7.2292"	""	"C"
"false"	"635"	"3"	"Skoog, Miss. Mabel"	"18"	"female"	"9.0"	"3.0"	"2.0"	"347088"	"27.9"	""	"S"
"true"	"69"	"3"	"Andersson, Miss. Erna Alexandra"	"31"	"female"	"17.0"	"4.0"	"2.0"	"3101281"	"7.925"	""	"S"
"false"	"686"	"2"	"Laroche, Mr. Joseph Philippe Lemercier"	"38"	"male"	"25.0"	"1.0"	"2.0"	"SC/Paris 2123"	"41.5792"	""	"C"
"true"	"738"	"1"	"Lesurer, Mr. Gustave J"	"22"	"male"	"35.0"	"0.0"	"0.0"	"PC 17755"	"512.3292"	"B101"	"C"
"true"	"199"	"3"	"Madigan, Miss. Margaret ""Maggie"""	"32"	"female"	"24.0"	"0.0"	"0.0"	"370370"	"7.75"	""	"Q"
"true"	"137"	"1"	"Newsom, Miss. Helen Monypeny"	"28"	"female"	"19.0"	"0.0"	"2.0"	"11752"	"26.2833"	"D47"	"S"
"false"	"55"	"1"	"Ostby, Mr. Engelhart Cornelius"	"30"	"male"	"65.0"	"0.0"	"1.0"	"113509"	"61.9792"	"B30"	"C"
"true"	"347"	"2"	"Smith, Miss. Marion Elsie"	"25"	"female"	"40.0"	"0.0"	"0.0"	"31418"	"13.0"	""	"S"
"false"	"660"	"1"	"Newell, Mr. Arthur Webster"	"26"	"male"	"58.0"	"0.0"	"2.0"	"35273"	"113.275"	"D48"	"C"
"true"	"447"	"2"	"Mellinger, Miss. Madeleine Violet"	"33"	"female"	"13.0"	"0.0"	"1.0"	"250644"	"19.5"	""	"S"
"false"	"668"	"3"	"Rommetvedt, Mr. Knud Paust"	"26"	"male"	"24.0"	"0.0"	"0.0"	"312993"	"7.775"	""	"S"
"false"	"119"	"1"	"Baxter, Mr. Quigg Edmond"	"24"	"male"	"24.0"	"0.0"	"1.0"	"PC 17558"	"247.5208"	"B58 B60"	"C"
"true"	"256"	"3"	"Touma, Mrs. Darwis (Hanne Youssef Razi)"	"39"	"female"	"29.0"	"0.0"	"2.0"	"2650"	"15.2458"	""	"C"
"false"	"419"	"2"	"Matthews, Mr. William John"	"26"	"male"	"30.0"	"0.0"	"0.0"	"28228"	"13.0"	""	"S"
"false"	"669"	"3"	"Cook, Mr. Jacob"	"15"	"male"	"43.0"	"0.0"	"0.0"	"A/5 3536"	"8.05"	""	"S"
"true"	"302"	"3"	"McCoy, Mr. Bernard"	"18"	"male"	"24.0"	"2.0"	"0.0"	"367226"	"23.25"	""	"Q"
"true"	"317"	"2"	"Kantor, Mrs. Sinai (Miriam Sternin)"	"35"	"female"	"24.0"	"1.0"	"0.0"	"244367"	"26.0"	""	"S"
"false"	"364"	"3"	"Asim, Mr. Adola"	"15"	"male"	"35.0"	"0.0"	"0.0"	"SOTON/O.Q. 3101310"	"7.05"	""	"S"
"false"	"351"	"3"	"Odahl, Mr. Nils Martin"	"22"	"male"	"23.0"	"0.0"	"0.0"	"7267"	"9.225"	""	"S"
"false"	"336"	"3"	"Denkoff, Mr. Mitto"	"18"	"male"	"24.0"	"0.0"	"0.0"	"349225"	"7.8958"	""	"S"
"true"	"23"	"3"	"McGowan, Miss. Anna ""Annie"""	"27"	"female"	"15.0"	"0.0"	"0.0"	"330923"	"8.0292"	""	"Q"
"true"	"20"	"3"	"Masselmani, Mrs. Fatima"	"23"	"female"	"24.0"	"0.0"	"0.0"	"2649"	"7.225"	""	"C"
"true"	"33"	"3"	"Glynn, Miss. Mary Agatha"	"24"	"female"	"24.0"	"0.0"	"0.0"	"335677"	"7.75"	""	"Q"
"false"	"327"	"3"	"Nysveen, Mr. Johan Hansen"	"25"	"male"	"61.0"	"0.0"	"0.0"	"345364"	"6.2375"	""	"S"
"true"	"67"	"2"	"Nye, Mrs. (Elizabeth Ramell)"	"28"	"female"	"29.0"	"0.0"	"0.0"	"C.A. 29395"	"10.5"	"F33"	"S"
"false"	"358"	"2"	"Funk, Miss. Annie Clemmer"	"25"	"female"	"38.0"	"0.0"	"0.0"	"237671"	"13.0"	""	"S"
"true"	"249"	"1"	"Beckwith, Mr. Richard Leonard"	"29"	"male"	"37.0"	"1.0"	"1.0"	"11751"	"52.5542"	"D35"	"S"
"true"	"648"	"1"	"Simonius-Blumer, Col. Oberst Alfons"	"35"	"male"	"56.0"	"0.0"	"0.0"	"13213"	"35.5"	"A26"	"C"
"false"	"653"	"3"	"Kalvik, Mr. Johannes Halvorsen"	"30"	"male"	"21.0"	"0.0"	"0.0"	"8475"	"8.4333"	""	"S"
"false"	"463"	"1"	"Gee, Mr. Arthur H"	"17"	"male"	"47.0"	"0.0"	"0.0"	"111320"	"38.5"	"E63"	"S"
"false"	"596"	"3"	"Van Impe, Mr. Jean Baptiste"	"27"	"male"	"36.0"	"1.0"	"1.0"	"345773"	"24.15"	""	"S"
"false"	"599"	"3"	"Boulos, Mr. Hanna"	"17"	"male"	"24.0"	"0.0"	"0.0"	"2664"	"7.225"	""	"C"
"false"	"286"	"3"	"Stankovic, Mr. Ivan"	"19"	"male"	"33.0"	"0.0"	"0.0"	"349239"	"8.6625"	""	"C"
"true"	"628"	"1"	"Longley, Miss. Gretchen Fiske"	"29"	"female"	"21.0"	"0.0"	"0.0"	"13502"	"77.9583"	"D9"	"S"
"false"	"452"	"3"	"Hagland, Mr. Ingvald Olai Olsen"	"31"	"male"	"24.0"	"1.0"	"0.0"	"65303"	"19.9667"	""	"S"
"false"	"383"	"3"	"Tikkanen, Mr. Juho"	"18"	"male"	"32.0"	"0.0"	"0.0"	"STON/O 2. 3101293"	"7.925"	""	"S"
"false"	"104"	"3"	"Johansson, Mr. Gustaf Joel"	"26"	"male"	"33.0"	"0.0"	"0.0"	"7540"	"8.6542"	""	"S"
"false"	"192"	"2"	"Carbines, Mr. William"	"21"	"male"	"19.0"	"0.0"	"0.0"	"28424"	"13.0"	""	"S"
"false"	"720"	"3"	"Johnson, Mr. Malkolm Joackim"	"28"	"male"	"33.0"	"0.0"	"0.0"	"347062"	"7.775"	""	"S"
"false"	"387"	"3"	"Goodwin, Master. Sidney Leonard"	"31"	"male"	"1.0"	"5.0"	"2.0"	"CA 2144"	"46.9"	""	"S"
"false"	"656"	"2"	"Hickman, Mr. Leonard Mark"	"25"	"male"	"24.0"	"2.0"	"0.0"	"S.O.C. 14879"	"73.5"	""	"S"
"true"	"221"	"3"	"Sunderland, Mr. Victor Francis"	"30"	"male"	"16.0"	"0.0"	"0.0"	"SOTON/OQ 392089"	"8.05"	""	"S"
"true"	"339"	"3"	"Dahl, Mr. Karl Edwart"	"21"	"male"	"45.0"	"0.0"	"0.0"	"7598"	"8.05"	""	"S"
"false"	"602"	"3"	"Slabenoff, Mr. Petco"	"20"	"male"	"24.0"	"0.0"	"0.0"	"349214"	"7.8958"	""	"S"
"true"	"316"	"3"	"Nilsson, Miss. Helmina Josefina"	"31"	"female"	"26.0"	"0.0"	"0.0"	"347470"	"7.8542"	""	"S"
"false"	"131"	"3"	"Drazenoic, Mr. Jozef"	"20"	"male"	"33.0"	"0.0"	"0.0"	"349241"	"7.8958"	""	"C"
"true"	"324"	"2"	"Caldwell, Mrs. Albert Francis (Sylvia Mae Harbaugh)"	"51"	"female"	"22.0"	"1.0"	"1.0"	"248738"	"29.0"	""	"S"
"false"	"274"	"1"	"Natsch, Mr. Charles H"	"21"	"male"	"37.0"	"0.0"	"1.0"	"PC 17596"	"29.7"	"C118"	"C"
"true"	"450"	"1"	"Peuchen, Major. Arthur Godfrey"	"30"	"male"	"52.0"	"0.0"	"0.0"	"113786"	"30.5"	"C104"	"S"
"true"	"231"	"1"	"Harris, Mrs. Henry Birkhardt (Irene Wallach)"	"44"	"female"	"35.0"	"1.0"	"0.0"	"36973"	"83.475"	"C83"	"S"
"true"	"167"	"1"	"Chibnall, Mrs. (Edith Martha Bowerman)"	"38"	"female"	"24.0"	"0.0"	"1.0"	"113505"	"55.0"	"E33"	"S"
"false"	"553"	"3"	"O'Brien, Mr. Timothy"	"20"	"male"	"24.0"	"0.0"	"0.0"	"330979"	"7.8292"	""	"Q"
"true"	"531"	"2"	"Quick, Miss. Phyllis May"	"24"	"female"	"2.0"	"1.0"	"1.0"	"26360"	"26.0"	""	"S"
"false"	"607"	"3"	"Karaic, Mr. Milan"	"17"	"male"	"30.0"	"0.0"	"0.0"	"349246"	"7.8958"	""	"S"
"false"	"267"	"3"	"Panula, Mr. Ernesti Arvid"	"25"	"male"	"16.0"	"4.0"	"1.0"	"3101295"	"39.6875"	""	"S"
"false"	"590"	"3"	"Murdlin, Mr. Joseph"	"19"	"male"	"24.0"	"0.0"	"0.0"	"A./5. 3235"	"8.05"	""	"S"
"true"	"257"	"1"	"Thorne, Mrs. Gertrude Maybelle"	"30"	"female"	"24.0"	"0.0"	"0.0"	"PC 17585"	"79.2"	""	"C"
"false"	"426"	"3"	"Wiseman, Mr. Phillippe"	"22"	"male"	"24.0"	"0.0"	"0.0"	"A/4. 34244"	"7.25"	""	"S"
"false"	"482"	"2"	"Frost, Mr. Anthony Wood ""Archie"""	"32"	"male"	"24.0"	"0.0"	"0.0"	"239854"	"0.0"	""	"S"
"true"	"527"	"2"	"Ridsdale, Miss. Lucy"	"20"	"female"	"50.0"	"0.0"	"0.0"	"W./C. 14258"	"10.5"	""	"S"
"true"	"718"	"2"	"Troutt, Miss. Edwina Celia ""Winnie"""	"35"	"female"	"27.0"	"0.0"	"0.0"	"34218"	"10.5"	"E101"	"S"
"false"	"109"	"3"	"Rekic, Mr. Tido"	"15"	"male"	"38.0"	"0.0"	"0.0"	"349249"	"7.8958"	""	"S"
"false"	"479"	"3"	"Karlsson, Mr. Nils August"	"25"	"male"	"22.0"	"0.0"	"0.0"	"350060"	"7.5208"	""	"S"
"false"	"34"	"2"	"Wheadon, Mr. Edward H"	"21"	"male"	"66.0"	"0.0"	"0.0"	"C.A. 24579"	"10.5"	""	"S"
"true"	"382"	"3"	"Nakid, Miss. Maria (""Mary"")"	"27"	"female"	"1.0"	"0.0"	"2.0"	"2653"	"15.7417"	""	"C"
"false"	"715"	"2"	"Greenberg, Mr. Samuel"	"21"	"male"	"52.0"	"0.0"	"0.0"	"250647"	"13.0"	""	"S"
"true"	"480"	"3"	"Hirvonen, Miss. Hildur E"	"24"	"female"	"2.0"	"0.0"	"1.0"	"3101298"	"12.2875"	""	"S"
"true"	"559"	"1"	"Taussig, Mrs. Emil (Tillie Mandelbaum)"	"38"	"female"	"39.0"	"1.0"	"1.0"	"110413"	"79.65"	"E67"	"S"
"true"	"346"	"2"	"Brown, Miss. Amelia ""Mildred"""	"29"	"female"	"24.0"	"0.0"	"0.0"	"248733"	"13.0"	"F33"	"S"
"false"	"337"	"1"	"Pears, Mr. Thomas Clinton"	"25"	"male"	"29.0"	"1.0"	"0.0"	"113776"	"66.6"	"C2"	"S"
"true"	"388"	"2"	"Buss, Miss. Kate"	"16"	"female"	"36.0"	"0.0"	"0.0"	"27849"	"13.0"	""	"S"
"false"	"412"	"3"	"Hart, Mr. Henry"	"15"	"male"	"24.0"	"0.0"	"0.0"	"394140"	"6.8583"	""	"Q"
"true"	"670"	"1"	"Taylor, Mrs. Elmer Zebley (Juliet Cummins Wright)"	"49"	"female"	"24.0"	"1.0"	"0.0"	"19996"	"52.0"	"C126"	"S"
"false"	"106"	"3"	"Mionoff, Mr. Stoytcho"	"21"	"male"	"28.0"	"0.0"	"0.0"	"349207"	"7.8958"	""	"S"
"false"	"543"	"3"	"Andersson, Miss. Sigrid Elisabeth"	"33"	"female"	"11.0"	"4.0"	"2.0"	"347082"	"31.275"	""	"S"
"false"	"1"	"3"	"Braund, Mr. Owen Harris"	"23"	"male"	"22.0"	"1.0"	"0.0"	"A/5 21171"	"7.25"	""	"S"
"true"	"574"	"3"	"Kelly, Miss. Mary"	"17"	"female"	"24.0"	"0.0"	"0.0"	"14312"	"7.75"	""	"Q"
"false"	"363"	"3"	"Barbara, Mrs. (Catherine David)"	"31"	"female"	"45.0"	"0.0"	"1.0"	"2691"	"14.4542"	""	"C"
"true"	"497"	"1"	"Eustis, Miss. Elizabeth Mussey"	"30"	"female"	"54.0"	"1.0"	"0.0"	"36947"	"78.2667"	"D20"	"C"
"false"	"437"	"3"	"Ford, Miss. Doolina Margaret ""Daisy"""	"36"	"female"	"21.0"	"2.0"	"2.0"	"W./C. 6608"	"34.375"	""	"S"
"true"	"487"	"1"	"Hoyt, Mrs. Frederick Maxfield (Jane Anne Forby)"	"47"	"female"	"35.0"	"1.0"	"0.0"	"19943"	"90.0"	"C93"	"S"
"false"	"466"	"3"	"Goncalves, Mr. Manuel Estanslas"	"31"	"male"	"38.0"	"0.0"	"0.0"	"SOTON/O.Q. 3101306"	"7.05"	""	"S"
"false"	"719"	"3"	"McEvoy, Mr. Michael"	"19"	"male"	"24.0"	"0.0"	"0.0"	"36568"	"15.5"	""	"Q"
"false"	"481"	"3"	"Goodwin, Master. Harold Victor"	"30"	"male"	"9.0"	"5.0"	"2.0"	"CA 2144"	"46.9"	""	"S"
"true"	"330"	"1"	"Hippach, Miss. Jean Gertrude"	"28"	"female"	"16.0"	"0.0"	"1.0"	"111361"	"57.9792"	"B18"	"C"
"false"	"43"	"3"	"Kraeff, Mr. Theodor"	"19"	"male"	"24.0"	"0.0"	"0.0"	"349253"	"7.8958"	""	"C"
"false"	"726"	"3"	"Oreskovic, Mr. Luka"	"19"	"male"	"20.0"	"0.0"	"0.0"	"315094"	"8.6625"	""	"S"
"false"	"214"	"2"	"Givard, Mr. Hans Kristensen"	"27"	"male"	"30.0"	"0.0"	"0.0"	"250646"	"13.0"	""	"S"
"false"	"305"	"3"	"Williams, Mr. Howard Hugh ""Harry"""	"33"	"male"	"24.0"	"0.0"	"0.0"	"A/5 2466"	"8.05"	""	"S"
"true"	"581"	"2"	"Christy, Miss. Julie Rachel"	"27"	"female"	"25.0"	"1.0"	"1.0"	"237789"	"30.0"	""	"S"
"false"	"606"	"3"	"Lindell, Mr. Edvard Bengtsson"	"29"	"male"	"36.0"	"1.0"	"0.0"	"349910"	"15.55"	""	"S"
"false"	"165"	"3"	"Panula, Master. Eino Viljami"	"28"	"male"	"1.0"	"4.0"	"1.0"	"3101295"	"39.6875"	""	"S"
"true"	"208"	"3"	"Albimona, Mr. Nassef Cassem"	"27"	"male"	"26.0"	"0.0"	"0.0"	"2699"	"18.7875"	""	"C"
"false"	"629"	"3"	"Bostandyeff, Mr. Guentcho"	"25"	"male"	"26.0"	"0.0"	"0.0"	"349224"	"7.8958"	""	"S"
"true"	"551"	"1"	"Thayer, Mr. John Borland Jr"	"27"	"male"	"17.0"	"0.0"	"2.0"	"17421"	"110.8833"	"C70"	"C"
"true"	"370"	"1"	"Aubart, Mme. Leontine Pauline"	"29"	"female"	"24.0"	"0.0"	"0.0"	"PC 17477"	"69.3"	"B35"	"C"
"true"	"162"	"2"	"Watt, Mrs. James (Elizabeth ""Bessie"" Inglis Milne)"	"50"	"female"	"40.0"	"0.0"	"0.0"	"C.A. 33595"	"15.75"	""	"S"
"false"	"294"	"3"	"Haas, Miss. Aloisia"	"19"	"female"	"24.0"	"0.0"	"0.0"	"349236"	"8.85"	""	"S"
"false"	"589"	"3"	"Gilinski, Mr. Eliezer"	"21"	"male"	"22.0"	"0.0"	"0.0"	"14973"	"8.05"	""	"S"
"false"	"515"	"3"	"Coleff, Mr. Satio"	"17"	"male"	"24.0"	"0.0"	"0.0"	"349209"	"7.4958"	""	"S"
"false"	"696"	"2"	"Chapman, Mr. Charles Henry"	"26"	"male"	"52.0"	"0.0"	"0.0"	"248731"	"13.5"	""	"S"
"false"	"591"	"3"	"Rintamaki, Mr. Matti"	"20"	"male"	"35.0"	"0.0"	"0.0"	"STON/O 2. 3101273"	"7.125"	""	"S"
"false"	"733"	"2"	"Knight, Mr. Robert J"	"20"	"male"	"24.0"	"0.0"	"0.0"	"239855"	"0.0"	""	"S"
"false"	"175"	"1"	"Smith, Mr. James Clinch"	"23"	"male"	"56.0"	"0.0"	"0.0"	"17764"	"30.6958"	"A7"	"C"
"false"	"15"	"3"	"Vestrom, Miss. Hulda Amanda Adolfina"	"36"	"female"	"14.0"	"0.0"	"0.0"	"350406"	"7.8542"	""	"S"
"false"	"512"	"3"	"Webber, Mr. James"	"17"	"male"	"24.0"	"0.0"	"0.0"	"SOTON/OQ 3101316"	"8.05"	""	"S"
"false"	"579"	"3"	"Caram, Mrs. Joseph (Maria Elias)"	"32"	"female"	"24.0"	"1.0"	"0.0"	"2689"	"14.4583"	""	"C"
"false"	"523"	"3"	"Lahoud, Mr. Sarkis"	"18"	"male"	"24.0"	"0.0"	"0.0"	"2624"	"7.225"	""	"C"
"true"	"394"	"1"	"Newell, Miss. Marjorie"	"22"	"female"	"23.0"	"1.0"	"0.0"	"35273"	"113.275"	"D36"	"C"
"false"	"178"	"1"	"Isham, Miss. Ann Elizabeth"	"26"	"female"	"50.0"	"0.0"	"0.0"	"PC 17595"	"28.7125"	"C49"	"C"
"false"	"423"	"3"	"Zimmerman, Mr. Leo"	"18"	"male"	"29.0"	"0.0"	"0.0"	"315082"	"7.875"	""	"S"
"true"	"193"	"3"	"Andersen-Jensen, Miss. Carla Christine Nielsine"	"47"	"female"	"19.0"	"1.0"	"0.0"	"350046"	"7.8542"	""	"S"
"true"	"578"	"1"	"Silvey, Mrs. William Baird (Alice Munger)"	"41"	"female"	"39.0"	"1.0"	"0.0"	"13507"	"55.9"	"E44"	"S"
"false"	"60"	"3"	"Goodwin, Master. William Frederick"	"34"	"male"	"11.0"	"5.0"	"2.0"	"CA 2144"	"46.9"	""	"S"
"false"	"74"	"3"	"Chronopoulos, Mr. Apostolos"	"27"	"male"	"26.0"	"1.0"	"0.0"	"2680"	"14.4542"	""	"C"
"false"	"396"	"3"	"Johansson, Mr. Erik"	"19"	"male"	"22.0"	"0.0"	"0.0"	"350052"	"7.7958"	""	"S"
"true"	"682"	"1"	"Hassab, Mr. Hammad"	"18"	"male"	"27.0"	"0.0"	"0.0"	"PC 17572"	"76.7292"	"D49"	"C"
"false"	"230"	"3"	"Lefebre, Miss. Mathilde"	"23"	"female"	"24.0"	"3.0"	"1.0"	"4133"	"25.4667"	""	"S"
"false"	"425"	"3"	"Rosblom, Mr. Viktor Richard"	"27"	"male"	"18.0"	"1.0"	"1.0"	"370129"	"20.2125"	""	"S"
"false"	"716"	"3"	"Soholt, Mr. Peter Andreas Lauritz Andersen"	"42"	"male"	"19.0"	"0.0"	"0.0"	"348124"	"7.65"	"F G73"	"S"
"false"	"51"	"3"	"Panula, Master. Juha Niilo"	"26"	"male"	"7.0"	"4.0"	"1.0"	"3101295"	"39.6875"	""	"S"
"false"	"723"	"2"	"Gillespie, Mr. William Henry"	"28"	"male"	"34.0"	"0.0"	"0.0"	"12233"	"13.0"	""	"S"
"true"	"608"	"1"	"Daniel, Mr. Robert Williams"	"27"	"male"	"27.0"	"0.0"	"0.0"	"113804"	"30.5"	""	"S"
"true"	"582"	"1"	"Thayer, Mrs. John Borland (Marian Longstreth Morris)"	"52"	"female"	"39.0"	"1.0"	"1.0"	"17421"	"110.8833"	"C68"	"C"
"false"	"724"	"2"	"Hodges, Mr. Henry Price"	"23"	"male"	"50.0"	"0.0"	"0.0"	"250643"	"13.0"	""	"S"
"true"	"291"	"1"	"Barber, Miss. Ellen ""Nellie"""	"28"	"female"	"26.0"	"0.0"	"0.0"	"19877"	"78.85"	""	"S"
"false"	"422"	"3"	"Charters, Mr. David"	"19"	"male"	"21.0"	"0.0"	"0.0"	"A/5. 13032"	"7.7333"	""	"Q"
"true"	"709"	"1"	"Cleaver, Miss. Alice"	"20"	"female"	"22.0"	"0.0"	"0.0"	"113781"	"151.55"	""	"S"
"true"	"661"	"1"	"Frauenthal, Dr. Henry William"	"29"	"male"	"50.0"	"2.0"	"0.0"	"PC 17611"	"133.65"	""	"S"
"true"	"650"	"3"	"Stanley, Miss. Amy Zillah Elsie"	"31"	"female"	"23.0"	"0.0"	"0.0"	"CA. 2314"	"7.55"	""	"S"
"false"	"662"	"3"	"Badt, Mr. Mohamed"	"17"	"male"	"40.0"	"0.0"	"0.0"	"2623"	"7.225"	""	"C"
"false"	"6"	"3"	"Moran, Mr. James"	"16"	"male"	"24.0"	"0.0"	"0.0"	"330877"	"8.4583"	""	"Q"
"true"	"490"	"3"	"Coutts, Master. Eden Leslie ""Neville"""	"37"	"male"	"9.0"	"1.0"	"1.0"	"C.A. 37671"	"15.9"	""	"S"
"true"	"290"	"3"	"Connolly, Miss. Kate"	"20"	"female"	"22.0"	"0.0"	"0.0"	"370373"	"7.75"	""	"Q"
"true"	"519"	"2"	"Angle, Mrs. William A (Florence ""Mary"" Agnes Hughes)"	"52"	"female"	"36.0"	"1.0"	"0.0"	"226875"	"26.0"	""	"S"
"true"	"680"	"1"	"Cardeza, Mr. Thomas Drake Martinez"	"34"	"male"	"36.0"	"0.0"	"1.0"	"PC 17755"	"512.3292"	"B51 B53 B55"	"C"
"true"	"428"	"2"	"Phillips, Miss. Kate Florence (""Mrs Kate Louise Phillips Marshall"")"	"67"	"female"	"19.0"	"0.0"	"0.0"	"250655"	"26.0"	""	"S"
"false"	"161"	"3"	"Cribb, Mr. John Hatfield"	"24"	"male"	"44.0"	"0.0"	"1.0"	"371362"	"16.1"	""	"S"
"true"	"299"	"1"	"Saalfeld, Mr. Adolphe"	"21"	"male"	"24.0"	"0.0"	"0.0"	"19988"	"30.5"	"C106"	"S"
"false"	"694"	"3"	"Saad, Mr. Khalil"	"16"	"male"	"25.0"	"0.0"	"0.0"	"2672"	"7.225"	""	"C"
"true"	"459"	"2"	"Toomey, Miss. Ellen"	"19"	"female"	"50.0"	"0.0"	"0.0"	"F.C.C. 13531"	"10.5"	""	"S"
"false"	"121"	"2"	"Hickman, Mr. Stanley George"	"27"	"male"	"21.0"	"2.0"	"0.0"	"S.O.C. 14879"	"73.5"	""	"S"
"true"	"194"	"2"	"Navratil, Master. Michel M"	"26"	"male"	"3.0"	"1.0"	"1.0"	"230080"	"26.0"	"F2"	"S"
"false"	"229"	"2"	"Fahlstrom, Mr. Arne Jonas"	"25"	"male"	"18.0"	"0.0"	"0.0"	"236171"	"13.0"	""	"S"
"false"	"122"	"3"	"Moore, Mr. Leonard Charles"	"26"	"male"	"24.0"	"0.0"	"0.0"	"A4. 54510"	"8.05"	""	"S"
"false"	"735"	"2"	"Troupiansky, Mr. Moses Aaron"	"28"	"male"	"23.0"	"0.0"	"0.0"	"233639"	"13.0"	""	"S"
"true"	"521"	"1"	"Perreault, Miss. Anne"	"21"	"female"	"30.0"	"0.0"	"0.0"	"12749"	"93.5"	"B73"	"S"
"false"	"478"	"3"	"Braund, Mr. Lewis Richard"	"25"	"male"	"29.0"	"1.0"	"0.0"	"3460"	"7.0458"	""	"S"
"true"	"360"	"3"	"Mockler, Miss. Helen Mary ""Ellie"""	"33"	"female"	"24.0"	"0.0"	"0.0"	"330980"	"7.8792"	""	"Q"
"false"	"174"	"3"	"Sivola, Mr. Antti Wilhelm"	"25"	"male"	"21.0"	"0.0"	"0.0"	"STON/O 2. 3101280"	"7.925"	""	"S"
"true"	"185"	"3"	"Kink-Heilmann, Miss. Luise Gretchen"	"35"	"female"	"4.0"	"0.0"	"2.0"	"315153"	"22.025"	""	"S"
"false"	"183"	"3"	"Asplund, Master. Clarence Gustaf Hugo"	"37"	"male"	"9.0"	"4.0"	"2.0"	"347077"	"31.3875"	""	"S"
"true"	"436"	"1"	"Carter, Miss. Lucile Polk"	"25"	"female"	"14.0"	"1.0"	"2.0"	"113760"	"120.0"	"B96 B98"	"S"
"true"	"555"	"3"	"Ohman, Miss. Velin"	"18"	"female"	"22.0"	"0.0"	"0.0"	"347085"	"7.775"	""	"S"
"false"	"265"	"3"	"Henry, Miss. Delia"	"18"	"female"	"24.0"	"0.0"	"0.0"	"382649"	"7.75"	""	"Q"
"true"	"326"	"1"	"Young, Miss. Marie Grice"	"24"	"female"	"36.0"	"0.0"	"0.0"	"PC 17760"	"135.6333"	"C32"	"C"
"false"	"285"	"1"	"Smith, Mr. Richard William"	"26"	"male"	"24.0"	"0.0"	"0.0"	"113056"	"26.0"	"A19"	"S"
"false"	"25"	"3"	"Palsson, Miss. Torborg Danira"	"29"	"female"	"8.0"	"3.0"	"1.0"	"349909"	"21.075"	""	"S"
