{
    "featuresDistribution": {
        "Pclass": {
            "type": "CATEGORY",
            "nbDistinct": 3,
            "count": 694,
            "missingCount": 0.0,
            "values": {
                "scale": [
                    "3",
                    "1",
                    "2"
                ],
                "distribution": [
                    0.5345821325648416,
                    0.2478386167146974,
                    0.21757925072046108
                ]
            }
        },
        "Sex": {
            "type": "CATEGORY",
            "nbDistinct": 2,
            "count": 694,
            "missingCount": 0.0,
            "values": {
                "scale": [
                    "male",
                    "female"
                ],
                "distribution": [
                    0.6368876080691642,
                    0.3631123919308357
                ]
            }
        },
        "SibSp": {
            "type": "NUMERIC",
            "nbDistinct": 7,
            "count": 694,
            "missingCount": 0.0,
            "histogram": {
                "scale": [
                    0.0,
                    0.16326530612244897,
                    0.32653061224489793,
                    0.4897959183673469,
                    0.6530612244897959,
                    0.8163265306122448,
                    0.9795918367346939,
                    1.1428571428571428,
                    1.3061224489795917,
                    1.4693877551020407,
                    1.6326530612244896,
                    1.7959183673469385,
                    1.9591836734693877,
                    2.1224489795918364,
                    2.2857142857142856,
                    2.4489795918367343,
                    2.6122448979591835,
                    2.7755102040816326,
                    2.9387755102040813,
                    3.1020408163265305,
                    3.265306122448979,
                    3.4285714285714284,
                    3.591836734693877,
                    3.7551020408163263,
                    3.9183673469387754,
                    4.081632653061225,
                    4.244897959183673,
                    4.408163265306122,
                    4.571428571428571,
                    4.73469387755102,
                    4.897959183673469,
                    5.061224489795918,
                    5.224489795918367,
                    5.387755102040816,
                    5.551020408163265,
                    5.7142857142857135,
                    5.877551020408163,
                    6.040816326530612,
                    6.204081632653061,
                    6.367346938775509,
                    6.530612244897958,
                    6.693877551020408,
                    6.857142857142857,
                    7.020408163265306,
                    7.183673469387754,
                    7.346938775510203,
                    7.5102040816326525,
                    7.673469387755102,
                    7.836734693877551,
                    8.0
                ],
                "distribution": [
                    0.6714697406340058,
                    0.0,
                    0.0,
                    0.0,
                    0.0,
                    0.0,
                    0.24351585014409222,
                    0.0,
                    0.0,
                    0.0,
                    0.0,
                    0.0,
                    0.0345821325648415,
                    0.0,
                    0.0,
                    0.0,
                    0.0,
                    0.0,
                    0.01729106628242075,
                    0.0,
                    0.0,
                    0.0,
                    0.0,
                    0.0,
                    0.020172910662824207,
                    0.0,
                    0.0,
                    0.0,
                    0.0,
                    0.0,
                    0.007204610951008645,
                    0.0,
                    0.0,
                    0.0,
                    0.0,
                    0.0,
                    0.0,
                    0.0,
                    0.0,
                    0.0,
                    0.0,
                    0.0,
                    0.0,
                    0.0,
                    0.0,
                    0.0,
                    0.0,
                    0.0,
                    0.005763688760806916
                ]
            },
            "quantiles": {
                "scale": [
                    0.0,
                    0.0,
                    0.0,
                    0.0,
                    0.0,
                    0.0,
                    0.5,
                    1.0,
                    1.0,
                    4.5
                ],
                "distribution": [
                    0.0,
                    0.0,
                    0.0,
                    0.0,
                    0.0,
                    0.0,
                    0.6714697406340058,
                    0.0,
                    0.0,
                    0.3285302593659942
                ]
            },
            "topValues": [
                {
                    "value": 0.0,
                    "count": 466.0
                },
                {
                    "value": 1.0,
                    "count": 169.0
                },
                {
                    "value": 2.0,
                    "count": 24.0
                },
                {
                    "value": 4.0,
                    "count": 14.0
                },
                {
                    "value": 3.0,
                    "count": 12.0
                },
                {
                    "value": 5.0,
                    "count": 5.0
                },
                {
                    "value": 8.0,
                    "count": 4.0
                }
            ]
        },
        "Parch": {
            "type": "NUMERIC",
            "nbDistinct": 7,
            "count": 694,
            "missingCount": 0.0,
            "histogram": {
                "scale": [
                    0.0,
                    0.12244897959183673,
                    0.24489795918367346,
                    0.36734693877551017,
                    0.4897959183673469,
                    0.6122448979591837,
                    0.7346938775510203,
                    0.8571428571428571,
                    0.9795918367346939,
                    1.1020408163265305,
                    1.2244897959183674,
                    1.346938775510204,
                    1.4693877551020407,
                    1.5918367346938775,
                    1.7142857142857142,
                    1.836734693877551,
                    1.9591836734693877,
                    2.0816326530612246,
                    2.204081632653061,
                    2.326530612244898,
                    2.4489795918367347,
                    2.571428571428571,
                    2.693877551020408,
                    2.816326530612245,
                    2.9387755102040813,
                    3.061224489795918,
                    3.183673469387755,
                    3.306122448979592,
                    3.4285714285714284,
                    3.5510204081632653,
                    3.673469387755102,
                    3.7959183673469385,
                    3.9183673469387754,
                    4.040816326530612,
                    4.163265306122449,
                    4.285714285714286,
                    4.408163265306122,
                    4.530612244897959,
                    4.653061224489796,
                    4.775510204081632,
                    4.8979591836734695,
                    5.020408163265306,
                    5.142857142857142,
                    5.26530612244898,
                    5.387755102040816,
                    5.5102040816326525,
                    5.63265306122449,
                    5.755102040816326,
                    5.877551020408163,
                    6.0
                ],
                "distribution": [
                    0.7723342939481268,
                    0.0,
                    0.0,
                    0.0,
                    0.0,
                    0.0,
                    0.0,
                    0.0,
                    0.12680115273775217,
                    0.0,
                    0.0,
                    0.0,
                    0.0,
                    0.0,
                    0.0,
                    0.0,
                    0.08501440922190202,
                    0.0,
                    0.0,
                    0.0,
                    0.0,
                    0.0,
                    0.0,
                    0.0,
                    0.002881844380403458,
                    0.0,
                    0.0,
                    0.0,
                    0.0,
                    0.0,
                    0.0,
                    0.0,
                    0.005763688760806916,
                    0.0,
                    0.0,
                    0.0,
                    0.0,
                    0.0,
                    0.0,
                    0.0,
                    0.005763688760806916,
                    0.0,
                    0.0,
                    0.0,
                    0.0,
                    0.0,
                    0.0,
                    0.0,
                    0.001440922190201729
                ]
            },
            "quantiles": {
                "scale": [
                    0.0,
                    0.0,
                    0.0,
                    0.0,
                    0.0,
                    0.0,
                    0.0,
                    0.5,
                    1.5,
                    4.0
                ],
                "distribution": [
                    0.0,
                    0.0,
                    0.0,
                    0.0,
                    0.0,
                    0.0,
                    0.0,
                    0.7723342939481268,
                    0.12680115273775217,
                    0.10086455331412104
                ]
            },
            "topValues": [
                {
                    "value": 0.0,
                    "count": 536.0
                },
                {
                    "value": 1.0,
                    "count": 88.0
                },
                {
                    "value": 2.0,
                    "count": 59.0
                },
                {
                    "value": 4.0,
                    "count": 4.0
                },
                {
                    "value": 5.0,
                    "count": 4.0
                },
                {
                    "value": 3.0,
                    "count": 2.0
                },
                {
                    "value": 6.0,
                    "count": 1.0
                }
            ]
        },
        "Age": {
            "type": "NUMERIC",
            "nbDistinct": 69,
            "count": 694,
            "missingCount": 0.0,
            "histogram": {
                "scale": [
                    1.0,
                    2.612244897959184,
                    4.224489795918368,
                    5.836734693877551,
                    7.448979591836735,
                    9.061224489795919,
                    10.673469387755102,
                    12.285714285714286,
                    13.89795918367347,
                    15.510204081632653,
                    17.122448979591837,
                    18.73469387755102,
                    20.346938775510203,
                    21.959183673469386,
                    23.571428571428573,
                    25.183673469387756,
                    26.79591836734694,
                    28.408163265306122,
                    30.020408163265305,
                    31.63265306122449,
                    33.244897959183675,
                    34.857142857142854,
                    36.46938775510204,
                    38.08163265306123,
                    39.69387755102041,
                    41.30612244897959,
                    42.91836734693877,
                    44.53061224489796,
                    46.142857142857146,
                    47.755102040816325,
                    49.36734693877551,
                    50.97959183673469,
                    52.59183673469388,
                    54.204081632653065,
                    55.816326530612244,
                    57.42857142857143,
                    59.04081632653061,
                    60.6530612244898,
                    62.26530612244898,
                    63.87755102040816,
                    65.48979591836735,
                    67.10204081632654,
                    68.71428571428571,
                    70.3265306122449,
                    71.93877551020408,
                    73.55102040816327,
                    75.16326530612245,
                    76.77551020408163,
                    78.38775510204081,
                    80.0
                ],
                "distribution": [
                    0.018731988472622477,
                    0.018731988472622477,
                    0.004322766570605188,
                    0.005763688760806916,
                    0.01440922190201729,
                    0.001440922190201729,
                    0.005763688760806916,
                    0.001440922190201729,
                    0.012968299711815562,
                    0.03025936599423631,
                    0.02881844380403458,
                    0.04755043227665706,
                    0.03025936599423631,
                    0.05043227665706052,
                    0.2723342939481268,
                    0.020172910662824207,
                    0.04610951008645533,
                    0.053314121037463975,
                    0.01440922190201729,
                    0.03314121037463977,
                    0.01729106628242075,
                    0.05187319884726225,
                    0.021613832853025938,
                    0.011527377521613832,
                    0.024495677233429394,
                    0.01585014409221902,
                    0.01585014409221902,
                    0.01729106628242075,
                    0.010086455331412104,
                    0.01585014409221902,
                    0.01440922190201729,
                    0.01440922190201729,
                    0.011527377521613832,
                    0.002881844380403458,
                    0.005763688760806916,
                    0.008645533141210375,
                    0.005763688760806916,
                    0.008645533141210375,
                    0.002881844380403458,
                    0.007204610951008645,
                    0.001440922190201729,
                    0.0,
                    0.001440922190201729,
                    0.001440922190201729,
                    0.0,
                    0.0,
                    0.0,
                    0.0,
                    0.001440922190201729
                ]
            },
            "quantiles": {
                "scale": [
                    8.910000000000004,
                    18.910000000000004,
                    22.5,
                    24.0,
                    24.0,
                    26.0,
                    30.5,
                    35.5,
                    43.0,
                    64.0
                ],
                "distribution": [
                    0.0994236311239193,
                    0.09077809798270893,
                    0.08069164265129683,
                    0.0,
                    0.0,
                    0.30979827089337175,
                    0.11671469740634005,
                    0.09077809798270893,
                    0.10806916426512968,
                    0.1037463976945245
                ]
            },
            "topValues": [
                {
                    "value": 24.0,
                    "count": 172.0
                },
                {
                    "value": 22.0,
                    "count": 25.0
                },
                {
                    "value": 19.0,
                    "count": 22.0
                },
                {
                    "value": 21.0,
                    "count": 21.0
                },
                {
                    "value": 18.0,
                    "count": 20.0
                },
                {
                    "value": 28.0,
                    "count": 20.0
                },
                {
                    "value": 30.0,
                    "count": 20.0
                },
                {
                    "value": 36.0,
                    "count": 20.0
                },
                {
                    "value": 25.0,
                    "count": 17.0
                },
                {
                    "value": 29.0,
                    "count": 17.0
                },
                {
                    "value": 35.0,
                    "count": 16.0
                },
                {
                    "value": 26.0,
                    "count": 14.0
                },
                {
                    "value": 32.0,
                    "count": 14.0
                },
                {
                    "value": 40.0,
                    "count": 13.0
                },
                {
                    "value": 27.0,
                    "count": 12.0
                },
                {
                    "value": 34.0,
                    "count": 12.0
                },
                {
                    "value": 16.0,
                    "count": 11.0
                },
                {
                    "value": 20.0,
                    "count": 11.0
                },
                {
                    "value": 42.0,
                    "count": 11.0
                },
                {
                    "value": 45.0,
                    "count": 11.0
                },
                {
                    "value": 17.0,
                    "count": 10.0
                },
                {
                    "value": 23.0,
                    "count": 10.0
                },
                {
                    "value": 31.0,
                    "count": 10.0
                },
                {
                    "value": 50.0,
                    "count": 10.0
                },
                {
                    "value": 33.0,
                    "count": 9.0
                },
                {
                    "value": 38.0,
                    "count": 9.0
                },
                {
                    "value": 2.0,
                    "count": 8.0
                },
                {
                    "value": 39.0,
                    "count": 8.0
                },
                {
                    "value": 44.0,
                    "count": 8.0
                },
                {
                    "value": 4.0,
                    "count": 7.0
                },
                {
                    "value": 9.0,
                    "count": 7.0
                },
                {
                    "value": 47.0,
                    "count": 7.0
                },
                {
                    "value": 54.0,
                    "count": 7.0
                },
                {
                    "value": 3.0,
                    "count": 6.0
                },
                {
                    "value": 14.0,
                    "count": 6.0
                },
                {
                    "value": 37.0,
                    "count": 6.0
                },
                {
                    "value": 48.0,
                    "count": 6.0
                },
                {
                    "value": 1.0,
                    "count": 5.0
                },
                {
                    "value": 49.0,
                    "count": 5.0
                },
                {
                    "value": 51.0,
                    "count": 5.0
                },
                {
                    "value": 52.0,
                    "count": 5.0
                },
                {
                    "value": 58.0,
                    "count": 5.0
                },
                {
                    "value": 41.0,
                    "count": 4.0
                },
                {
                    "value": 60.0,
                    "count": 4.0
                },
                {
                    "value": 5.0,
                    "count": 3.0
                },
                {
                    "value": 7.0,
                    "count": 3.0
                },
                {
                    "value": 8.0,
                    "count": 3.0
                },
                {
                    "value": 11.0,
                    "count": 3.0
                },
                {
                    "value": 15.0,
                    "count": 3.0
                },
                {
                    "value": 43.0,
                    "count": 3.0
                }
            ]
        }
    }
}