{
    "perClassFacts": {
        "unique": {
            "Sex": {
                "impact": 0.7754441318936331,
                "rank": 1,
                "feature": "Sex",
                "positiveCategoricalValue": "female",
                "negativeCategoricalValue": "male",
                "infoGain": 0.6453587189232539,
                "type": "CATEGORICAL"
            },
            "Pclass": {
                "impact": 0.5794413466323215,
                "rank": 2,
                "feature": "Pclass",
                "positiveCategoricalValue": "1",
                "negativeCategoricalValue": "3",
                "infoGain": 0.6780488171170702,
                "type": "CATEGORICAL"
            },
            "Age": {
                "impact": 0.19357889575424272,
                "rank": 3,
                "feature": "Age",
                "correlation": -0.9817112234009198,
                "type": "NUMERICAL"
            },
            "SibSp": {
                "impact": 0.13435659512649303,
                "rank": 4,
                "feature": "SibSp",
                "correlation": -0.707661919078678,
                "type": "NUMERICAL"
            }
        }
    }
}