{
    "startedAt": 1742625470517,
    "gridSize": 5,
    "nThreads": 4,
    "nSplits": 5,
    "metric": "ROC_AUC",
    "timeout": null,
    "gridPoints": [
        {
            "finishedAt": 1742625470599,
            "score": 0.8408969843577404,
            "testScoreGibMean": 0.8408969843577404,
            "testScoreMean": 0.8408969843577404,
            "testScoreStd": 0.020634273700432373,
            "trainScoreMean": 0.8452516336544884,
            "trainScoreStd": 0.005360020902687392,
            "time": 148,
            "fitTimeMean": 5.6,
            "fitTimeStd": 1.8547236990991407,
            "scoreTimeMean": 24.0,
            "scoreTimeStd": 3.3466401061363023,
            "parameters": {
                "C": 0.1,
                "penalty": "l2"
            }
        },
        {
            "finishedAt": 1742625470663,
            "score": 0.8277155673494035,
            "testScoreGibMean": 0.8277155673494035,
            "testScoreMean": 0.8277155673494035,
            "testScoreStd": 0.02190668492443037,
            "trainScoreMean": 0.8373964301570388,
            "trainScoreStd": 0.004824833820490889,
            "time": 135,
            "fitTimeMean": 5.8,
            "fitTimeStd": 1.9390719429665317,
            "scoreTimeMean": 21.2,
            "scoreTimeStd": 4.874423042781576,
            "parameters": {
                "C": 0.01,
                "penalty": "l2"
            }
        },
        {
            "finishedAt": 1742625470702,
            "score": 0.8398990979385962,
            "testScoreGibMean": 0.8398990979385962,
            "testScoreMean": 0.8398990979385962,
            "testScoreStd": 0.02298322906022566,
            "trainScoreMean": 0.8451693822670766,
            "trainScoreStd": 0.006020959447427209,
            "time": 134,
            "fitTimeMean": 6.4,
            "fitTimeStd": 1.0198039027185568,
            "scoreTimeMean": 20.4,
            "scoreTimeStd": 5.0039984012787215,
            "parameters": {
                "C": 10.0,
                "penalty": "l2"
            }
        },
        {
            "finishedAt": 1742625470744,
            "score": 0.840290364391907,
            "testScoreGibMean": 0.840290364391907,
            "testScoreMean": 0.840290364391907,
            "testScoreStd": 0.022657625274549502,
            "trainScoreMean": 0.845318446139236,
            "trainScoreStd": 0.005752057231242875,
            "time": 160,
            "fitTimeMean": 7.2,
            "fitTimeStd": 1.7204650534085253,
            "scoreTimeMean": 24.8,
            "scoreTimeStd": 4.166533331199932,
            "parameters": {
                "C": 1.0,
                "penalty": "l2"
            }
        },
        {
            "finishedAt": 1742625470771,
            "score": 0.8398551788194102,
            "testScoreGibMean": 0.8398551788194102,
            "testScoreMean": 0.8398551788194102,
            "testScoreStd": 0.023121583564269795,
            "trainScoreMean": 0.8451856788293791,
            "trainScoreStd": 0.005984643103684399,
            "time": 136,
            "fitTimeMean": 7.6,
            "fitTimeStd": 1.3564659966250536,
            "scoreTimeMean": 19.6,
            "scoreTimeStd": 4.31740662898458,
            "parameters": {
                "C": 100.0,
                "penalty": "l2"
            }
        }
    ]
}