[
    {
        "test_score_gib": 0.8342047930283225,
        "train_score": 0.8489897199574621,
        "test_score": 0.8342047930283225,
        "num_samples": 139,
        "fit_time": 6,
        "score_time": 21,
        "time": 27,
        "parameters": {
            "C": 0.1,
            "penalty": "l2"
        },
        "done_at": 1742625470568,
        "split_id": 0
    },
    {
        "test_score_gib": 0.8049019607843138,
        "train_score": 0.8531958116325362,
        "test_score": 0.8049019607843138,
        "num_samples": 139,
        "fit_time": 5,
        "score_time": 19,
        "time": 24,
        "parameters": {
            "C": 0.1,
            "penalty": "l2"
        },
        "done_at": 1742625470566,
        "split_id": 1
    },
    {
        "test_score_gib": 0.8567538126361656,
        "train_score": 0.8394186458702588,
        "test_score": 0.8567538126361656,
        "num_samples": 139,
        "fit_time": 9,
        "score_time": 27,
        "time": 36,
        "parameters": {
            "C": 0.1,
            "penalty": "l2"
        },
        "done_at": 1742625470583,
        "split_id": 2
    },
    {
        "test_score_gib": 0.8636363636363638,
        "train_score": 0.8395676281000765,
        "test_score": 0.8636363636363638,
        "num_samples": 139,
        "fit_time": 4,
        "score_time": 27,
        "time": 31,
        "parameters": {
            "C": 0.1,
            "penalty": "l2"
        },
        "done_at": 1742625470582,
        "split_id": 3
    },
    {
        "test_score_gib": 0.8450176366843034,
        "train_score": 0.8450851650965838,
        "test_score": 0.8450176366843034,
        "num_samples": 138,
        "fit_time": 4,
        "score_time": 26,
        "time": 30,
        "parameters": {
            "C": 0.1,
            "penalty": "l2"
        },
        "done_at": 1742625470599,
        "split_id": 4
    },
    {
        "test_score_gib": 0.8143790849673203,
        "train_score": 0.8401139803124915,
        "test_score": 0.8143790849673203,
        "num_samples": 139,
        "fit_time": 9,
        "score_time": 23,
        "time": 32,
        "parameters": {
            "C": 0.01,
            "penalty": "l2"
        },
        "done_at": 1742625470605,
        "split_id": 0
    },
    {
        "test_score_gib": 0.7944444444444445,
        "train_score": 0.844388242030922,
        "test_score": 0.7944444444444445,
        "num_samples": 139,
        "fit_time": 6,
        "score_time": 21,
        "time": 27,
        "parameters": {
            "C": 0.01,
            "penalty": "l2"
        },
        "done_at": 1742625470613,
        "split_id": 1
    },
    {
        "test_score_gib": 0.8354030501089323,
        "train_score": 0.8347285468873558,
        "test_score": 0.8354030501089323,
        "num_samples": 139,
        "fit_time": 5,
        "score_time": 24,
        "time": 29,
        "parameters": {
            "C": 0.01,
            "penalty": "l2"
        },
        "done_at": 1742625470615,
        "split_id": 2
    },
    {
        "test_score_gib": 0.8593073593073592,
        "train_score": 0.830130831421392,
        "test_score": 0.8593073593073592,
        "num_samples": 139,
        "fit_time": 3,
        "score_time": 12,
        "time": 15,
        "parameters": {
            "C": 0.01,
            "penalty": "l2"
        },
        "done_at": 1742625470618,
        "split_id": 3
    },
    {
        "test_score_gib": 0.8350970017636685,
        "train_score": 0.8376221741908296,
        "test_score": 0.8350970017636685,
        "num_samples": 138,
        "fit_time": 6,
        "score_time": 26,
        "time": 32,
        "parameters": {
            "C": 0.01,
            "penalty": "l2"
        },
        "done_at": 1742625470663,
        "split_id": 4
    },
    {
        "test_score_gib": 0.829193899782135,
        "train_score": 0.8490169879748044,
        "test_score": 0.829193899782135,
        "num_samples": 139,
        "fit_time": 6,
        "score_time": 22,
        "time": 28,
        "parameters": {
            "C": 10.0,
            "penalty": "l2"
        },
        "done_at": 1742625470662,
        "split_id": 0
    },
    {
        "test_score_gib": 0.8001089324618735,
        "train_score": 0.854491042456303,
        "test_score": 0.8001089324618735,
        "num_samples": 139,
        "fit_time": 5,
        "score_time": 19,
        "time": 24,
        "parameters": {
            "C": 10.0,
            "penalty": "l2"
        },
        "done_at": 1742625470660,
        "split_id": 1
    },
    {
        "test_score_gib": 0.8584967320261437,
        "train_score": 0.8416682573010116,
        "test_score": 0.8584967320261437,
        "num_samples": 139,
        "fit_time": 6,
        "score_time": 18,
        "time": 24,
        "parameters": {
            "C": 10.0,
            "penalty": "l2"
        },
        "done_at": 1742625470662,
        "split_id": 2
    },
    {
        "test_score_gib": 0.8623376623376624,
        "train_score": 0.8371503878509778,
        "test_score": 0.8623376623376624,
        "num_samples": 139,
        "fit_time": 7,
        "score_time": 14,
        "time": 21,
        "parameters": {
            "C": 10.0,
            "penalty": "l2"
        },
        "done_at": 1742625470684,
        "split_id": 3
    },
    {
        "test_score_gib": 0.8494268077601412,
        "train_score": 0.8435082854152224,
        "test_score": 0.8494268077601412,
        "num_samples": 138,
        "fit_time": 8,
        "score_time": 29,
        "time": 37,
        "parameters": {
            "C": 10.0,
            "penalty": "l2"
        },
        "done_at": 1742625470702,
        "split_id": 4
    },
    {
        "test_score_gib": 0.8298474945533769,
        "train_score": 0.8485943337059964,
        "test_score": 0.8298474945533769,
        "num_samples": 139,
        "fit_time": 5,
        "score_time": 21,
        "time": 26,
        "parameters": {
            "C": 1.0,
            "penalty": "l2"
        },
        "done_at": 1742625470694,
        "split_id": 0
    },
    {
        "test_score_gib": 0.80119825708061,
        "train_score": 0.8543819703869332,
        "test_score": 0.80119825708061,
        "num_samples": 139,
        "fit_time": 7,
        "score_time": 24,
        "time": 31,
        "parameters": {
            "C": 1.0,
            "penalty": "l2"
        },
        "done_at": 1742625470705,
        "split_id": 1
    },
    {
        "test_score_gib": 0.858714596949891,
        "train_score": 0.8417909633790526,
        "test_score": 0.858714596949891,
        "num_samples": 139,
        "fit_time": 10,
        "score_time": 31,
        "time": 41,
        "parameters": {
            "C": 1.0,
            "penalty": "l2"
        },
        "done_at": 1742625470728,
        "split_id": 2
    },
    {
        "test_score_gib": 0.8629870129870131,
        "train_score": 0.8376693433846827,
        "test_score": 0.8629870129870131,
        "num_samples": 139,
        "fit_time": 6,
        "score_time": 28,
        "time": 34,
        "parameters": {
            "C": 1.0,
            "penalty": "l2"
        },
        "done_at": 1742625470731,
        "split_id": 3
    },
    {
        "test_score_gib": 0.8487654320987654,
        "train_score": 0.8441471935619809,
        "test_score": 0.8487654320987654,
        "num_samples": 138,
        "fit_time": 8,
        "score_time": 20,
        "time": 28,
        "parameters": {
            "C": 1.0,
            "penalty": "l2"
        },
        "done_at": 1742625470744,
        "split_id": 4
    },
    {
        "test_score_gib": 0.8289760348583878,
        "train_score": 0.8490306219834756,
        "test_score": 0.8289760348583878,
        "num_samples": 139,
        "fit_time": 10,
        "score_time": 22,
        "time": 32,
        "parameters": {
            "C": 100.0,
            "penalty": "l2"
        },
        "done_at": 1742625470750,
        "split_id": 0
    },
    {
        "test_score_gib": 0.7998910675381263,
        "train_score": 0.8544365064216182,
        "test_score": 0.7998910675381263,
        "num_samples": 139,
        "fit_time": 8,
        "score_time": 24,
        "time": 32,
        "parameters": {
            "C": 100.0,
            "penalty": "l2"
        },
        "done_at": 1742625470762,
        "split_id": 1
    },
    {
        "test_score_gib": 0.8584967320261437,
        "train_score": 0.8416682573010116,
        "test_score": 0.8584967320261437,
        "num_samples": 139,
        "fit_time": 7,
        "score_time": 23,
        "time": 30,
        "parameters": {
            "C": 100.0,
            "penalty": "l2"
        },
        "done_at": 1742625470764,
        "split_id": 2
    },
    {
        "test_score_gib": 0.8625541125541125,
        "train_score": 0.8372186714738338,
        "test_score": 0.8625541125541125,
        "num_samples": 139,
        "fit_time": 6,
        "score_time": 16,
        "time": 22,
        "parameters": {
            "C": 100.0,
            "penalty": "l2"
        },
        "done_at": 1742625470769,
        "split_id": 3
    },
    {
        "test_score_gib": 0.8494268077601412,
        "train_score": 0.8435626605766486,
        "test_score": 0.8494268077601412,
        "num_samples": 138,
        "fit_time": 7,
        "score_time": 13,
        "time": 20,
        "parameters": {
            "C": 100.0,
            "penalty": "l2"
        },
        "done_at": 1742625470771,
        "split_id": 4
    }
]