{
    "modelInputNRows": 694,
    "modelInputNCols": 8,
    "modelInputIsSparse": false,
    "modelInputMemory": 44416,
    "usedGridSearch": true,
    "gridSize": 5,
    "gridBestScore": 0.8408969843577404,
    "gridCells": [
        {
            "params": {
                "C": 0.1,
                "penalty": "l2"
            },
            "score": 0.8408969843577404,
            "scoreStd": 0.020634273700432373,
            "fitTime": 0.0056,
            "fitTimeStd": 0.0018547236990991407,
            "scoreTime": 0.024,
            "scoreTimeStd": 0.003346640106136302
        },
        {
            "params": {
                "C": 0.01,
                "penalty": "l2"
            },
            "score": 0.8277155673494035,
            "scoreStd": 0.02190668492443037,
            "fitTime": 0.0058,
            "fitTimeStd": 0.0019390719429665318,
            "scoreTime": 0.0212,
            "scoreTimeStd": 0.004874423042781576
        },
        {
            "params": {
                "C": 10.0,
                "penalty": "l2"
            },
            "score": 0.8398990979385962,
            "scoreStd": 0.02298322906022566,
            "fitTime": 0.0064,
            "fitTimeStd": 0.0010198039027185567,
            "scoreTime": 0.020399999999999998,
            "scoreTimeStd": 0.005003998401278721
        },
        {
            "params": {
                "C": 1.0,
                "penalty": "l2"
            },
            "score": 0.840290364391907,
            "scoreStd": 0.022657625274549502,
            "fitTime": 0.0072,
            "fitTimeStd": 0.0017204650534085252,
            "scoreTime": 0.0248,
            "scoreTimeStd": 0.004166533331199932
        },
        {
            "params": {
                "C": 100.0,
                "penalty": "l2"
            },
            "score": 0.8398551788194102,
            "scoreStd": 0.023121583564269795,
            "fitTime": 0.0076,
            "fitTimeStd": 0.0013564659966250536,
            "scoreTime": 0.019600000000000003,
            "scoreTimeStd": 0.00431740662898458
        }
    ],
    "lmCoefficients": {
        "variables": [
            "SibSp",
            "Parch",
            "Age",
            "dummy:Pclass:3",
            "dummy:Pclass:1",
            "dummy:Sex:male"
        ],
        "coefs": [
            -0.18651554724943922,
            -0.04388314124919645,
            -0.27739863865095976,
            -0.6487031405544078,
            0.9059589976604054,
            -1.6965667996505978
        ],
        "interceptStderr": null,
        "interceptTstat": null,
        "interceptPvalue": null,
        "interceptCoef": 1.007318050056458,
        "rescaledCoefs": [
            -0.17524773277368652,
            -0.054515881245648934,
            -0.021400337816644858,
            -0.6487031405544078,
            0.9059589976604054,
            -1.6965667996505978
        ],
        "rescaledInterceptCoef": 1.735676626795452
    },
    "probaAware": true
}