{
    "metrics": {},
    "processed_feature_names": [
        "SibSp",
        "Parch",
        "Age",
        "dummy:Pclass:3",
        "dummy:Pclass:1",
        "dummy:Pclass:N/A",
        "dummy:Sex:male",
        "dummy:Sex:N/A"
    ],
    "optimalThreshold": 0.575,
    "usedThreshold": 0.575,
    "perCutData": {
        "cut": [
            0.0,
            0.025,
            0.05,
            0.075,
            0.1,
            0.125,
            0.15,
            0.175,
            0.2,
            0.225,
            0.25,
            0.275,
            0.3,
            0.325,
            0.35,
            0.375,
            0.4,
            0.425,
            0.45,
            0.475,
            0.5,
            0.525,
            0.55,
            0.575,
            0.6,
            0.625,
            0.65,
            0.675,
            0.7,
            0.725,
            0.75,
            0.775,
            0.8,
            0.825,
            0.85,
            0.875,
            0.9,
            0.925,
            0.95,
            0.975
        ],
        "tp": [
            61,
            61,
            61,
            61,
            61,
            61,
            61,
            61,
            61,
            58,
            54,
            53,
            51,
            50,
            50,
            50,
            50,
            50,
            50,
            48,
            47,
            47,
            47,
            46,
            43,
            35,
            33,
            31,
            27,
            25,
            22,
            21,
            18,
            13,
            7,
            5,
            2,
            0,
            0,
            0
        ],
        "tn": [
            0,
            0,
            0,
            1,
            1,
            2,
            4,
            6,
            16,
            28,
            59,
            68,
            72,
            75,
            77,
            82,
            83,
            86,
            87,
            87,
            90,
            90,
            93,
            97,
            100,
            103,
            107,
            109,
            109,
            109,
            109,
            109,
            109,
            109,
            109,
            109,
            109,
            109,
            109,
            109
        ],
        "fp": [
            109,
            109,
            109,
            108,
            108,
            107,
            105,
            103,
            93,
            81,
            50,
            41,
            37,
            34,
            32,
            27,
            26,
            23,
            22,
            22,
            19,
            19,
            16,
            12,
            9,
            6,
            2,
            0,
            0,
            0,
            0,
            0,
            0,
            0,
            0,
            0,
            0,
            0,
            0,
            0
        ],
        "fn": [
            0,
            0,
            0,
            0,
            0,
            0,
            0,
            0,
            0,
            3,
            7,
            8,
            10,
            11,
            11,
            11,
            11,
            11,
            11,
            13,
            14,
            14,
            14,
            15,
            18,
            26,
            28,
            30,
            34,
            36,
            39,
            40,
            43,
            48,
            54,
            56,
            59,
            61,
            61,
            61
        ],
        "precision": [
            0.3588235294117647,
            0.3588235294117647,
            0.3588235294117647,
            0.3609467455621302,
            0.3609467455621302,
            0.3630952380952381,
            0.3674698795180723,
            0.3719512195121951,
            0.3961038961038961,
            0.4172661870503597,
            0.5192307692307693,
            0.5638297872340425,
            0.5795454545454546,
            0.5952380952380952,
            0.6097560975609756,
            0.6493506493506493,
            0.6578947368421053,
            0.684931506849315,
            0.6944444444444444,
            0.6857142857142857,
            0.7121212121212122,
            0.7121212121212122,
            0.746031746031746,
            0.7931034482758621,
            0.8269230769230769,
            0.8536585365853658,
            0.9428571428571428,
            1.0,
            1.0,
            1.0,
            1.0,
            1.0,
            1.0,
            1.0,
            1.0,
            1.0,
            1.0,
            0.0,
            0.0,
            0.0
        ],
        "recall": [
            1.0,
            1.0,
            1.0,
            1.0,
            1.0,
            1.0,
            1.0,
            1.0,
            1.0,
            0.9508196721311475,
            0.8852459016393442,
            0.8688524590163934,
            0.8360655737704918,
            0.819672131147541,
            0.819672131147541,
            0.819672131147541,
            0.819672131147541,
            0.819672131147541,
            0.819672131147541,
            0.7868852459016393,
            0.7704918032786885,
            0.7704918032786885,
            0.7704918032786885,
            0.7540983606557377,
            0.7049180327868853,
            0.5737704918032787,
            0.5409836065573771,
            0.5081967213114754,
            0.4426229508196721,
            0.4098360655737705,
            0.36065573770491804,
            0.3442622950819672,
            0.29508196721311475,
            0.21311475409836064,
            0.11475409836065574,
            0.08196721311475409,
            0.03278688524590164,
            0.0,
            0.0,
            0.0
        ],
        "accuracy": [
            0.3588235294117647,
            0.3588235294117647,
            0.3588235294117647,
            0.36470588235294116,
            0.36470588235294116,
            0.37058823529411766,
            0.38235294117647056,
            0.3941176470588235,
            0.45294117647058824,
            0.5058823529411764,
            0.6647058823529411,
            0.711764705882353,
            0.7235294117647059,
            0.7352941176470589,
            0.7470588235294118,
            0.7764705882352941,
            0.7823529411764706,
            0.8,
            0.8058823529411765,
            0.7941176470588235,
            0.8058823529411765,
            0.8058823529411765,
            0.8235294117647058,
            0.8411764705882353,
            0.8411764705882353,
            0.8117647058823529,
            0.8235294117647058,
            0.8235294117647058,
            0.8,
            0.788235294117647,
            0.7705882352941177,
            0.7647058823529411,
            0.7470588235294118,
            0.7176470588235294,
            0.6823529411764706,
            0.6705882352941176,
            0.6529411764705882,
            0.6411764705882353,
            0.6411764705882353,
            0.6411764705882353
        ],
        "f1": [
            0.5281385281385281,
            0.5281385281385281,
            0.5281385281385281,
            0.5304347826086956,
            0.5304347826086956,
            0.5327510917030567,
            0.5374449339207048,
            0.5422222222222222,
            0.5674418604651164,
            0.58,
            0.6545454545454545,
            0.6838709677419356,
            0.6845637583892618,
            0.689655172413793,
            0.6993006993006993,
            0.7246376811594203,
            0.7299270072992702,
            0.7462686567164178,
            0.7518796992481204,
            0.732824427480916,
            0.7401574803149605,
            0.7401574803149605,
            0.7580645161290323,
            0.7731092436974789,
            0.7610619469026548,
            0.6862745098039217,
            0.6875,
            0.673913043478261,
            0.6136363636363636,
            0.5813953488372093,
            0.5301204819277109,
            0.5121951219512195,
            0.4556962025316456,
            0.3513513513513513,
            0.2058823529411765,
            0.1515151515151515,
            0.06349206349206349,
            0.0,
            0.0,
            0.0
        ],
        "mcc": [
            0.0,
            0.0,
            0.0,
            0.05754509564402594,
            0.05754509564402594,
            0.08162290087164029,
            0.11612550621342305,
            0.1430887104411706,
            0.24113002959236352,
            0.2580044906479324,
            0.4197970888912494,
            0.47532975749471945,
            0.4767060241812807,
            0.4871193738797498,
            0.5050023236178437,
            0.5511392261128775,
            0.5606453549937717,
            0.5898040368702554,
            0.5997537642024905,
            0.5701937004059583,
            0.5867685685348775,
            0.5867685685348775,
            0.6194320969388674,
            0.6515466083124398,
            0.64784281181245,
            0.5816051512339184,
            0.6199772251998907,
            0.6312796335259693,
            0.5808475940794297,
            0.5550528471114166,
            0.5153814869526135,
            0.501839503234123,
            0.4600052518738345,
            0.38465393659045094,
            0.2770151678125765,
            0.23269730929814192,
            0.14585075729522606,
            0.0,
            0.0,
            0.0
        ],
        "hammingLoss": [
            0.6411764705882352,
            0.6411764705882352,
            0.6411764705882352,
            0.6352941176470588,
            0.6352941176470588,
            0.6294117647058823,
            0.6176470588235294,
            0.6058823529411765,
            0.5470588235294118,
            0.49411764705882355,
            0.33529411764705885,
            0.28823529411764703,
            0.27647058823529413,
            0.2647058823529411,
            0.2529411764705882,
            0.22352941176470587,
            0.21764705882352942,
            0.19999999999999996,
            0.1941176470588235,
            0.20588235294117652,
            0.1941176470588235,
            0.1941176470588235,
            0.17647058823529416,
            0.1588235294117647,
            0.1588235294117647,
            0.18823529411764706,
            0.17647058823529416,
            0.17647058823529416,
            0.19999999999999996,
            0.21176470588235297,
            0.22941176470588232,
            0.23529411764705888,
            0.2529411764705882,
            0.2823529411764706,
            0.3176470588235294,
            0.3294117647058824,
            0.34705882352941175,
            0.35882352941176465,
            0.35882352941176465,
            0.35882352941176465
        ],
        "assertionsMetrics": [],
        "overridesMetrics": []
    },
    "tiMetrics": {
        "auc": 0.8659196871710032,
        "logLoss": 0.4547609707026355,
        "lift": 1.9262295081967213,
        "averagePrecision": 0.8500604823223751,
        "calibrationLoss": 0.13140505877267958
    },
    "probaPercentiles": [
        0.1230791832073444,
        0.1470569605115099,
        0.16662538074343547,
        0.17779418083774617,
        0.18138810470701297,
        0.184979680667778,
        0.18974713852447694,
        0.19384349195707884,
        0.19827712248241924,
        0.20761980347814513,
        0.21151716867573156,
        0.21442613753503895,
        0.21508783524168748,
        0.2151083001192127,
        0.215321846394952,
        0.21874348714528194,
        0.21874348714528194,
        0.22380647857996316,
        0.22614587869106667,
        0.2291595398612718,
        0.23372383015591924,
        0.23524719629935759,
        0.23757838417165575,
        0.24147647468934502,
        0.24147647468934502,
        0.24147647468934502,
        0.24541793579888782,
        0.24541793579888782,
        0.24541793579888782,
        0.24541793579888782,
        0.24541793579888782,
        0.24541793579888782,
        0.24541793579888782,
        0.24541793579888782,
        0.24541793579888782,
        0.24541793579888782,
        0.24541793579888782,
        0.24940257779709676,
        0.2530677020006727,
        0.25996820624847355,
        0.26161332744913873,
        0.26161332744913873,
        0.26858019220733487,
        0.2714909623280914,
        0.278627670713499,
        0.28137563060668447,
        0.2847972133417704,
        0.30006985021394744,
        0.3109882171624137,
        0.3126820063393625,
        0.3305222307863232,
        0.3490101867817455,
        0.35912533327341645,
        0.36481551629750175,
        0.38279901988185505,
        0.4209998918971937,
        0.43194746063310074,
        0.4634848624917907,
        0.4733088130561139,
        0.49207691350290045,
        0.5023482601594411,
        0.5317436217162992,
        0.5448354309964513,
        0.5595269627932461,
        0.5684635636825839,
        0.5764369759072691,
        0.5865803381694427,
        0.595468754211817,
        0.5985520086776505,
        0.6020315818010502,
        0.6044817949041746,
        0.6057580486073876,
        0.6062224202157315,
        0.6062224202157315,
        0.6086364004646312,
        0.6180951459232715,
        0.6400582026633115,
        0.6442909441693343,
        0.6496534500734552,
        0.6571715641192047,
        0.667668159607626,
        0.6767393147213644,
        0.6934554944734137,
        0.6989444972301508,
        0.7228277692694953,
        0.7272811565996362,
        0.7493635940573643,
        0.7781526560749442,
        0.7978871716633573,
        0.8006605954041752,
        0.8049160045208995,
        0.8145875415434427,
        0.8290488100953932,
        0.8309207784614941,
        0.8379503502536777,
        0.8505914222282754,
        0.8724054354537389,
        0.878854590203835,
        0.8949351038712539
    ],
    "rocVizData": [
        [
            {
                "x": 0.0,
                "y": 0.0,
                "p": 1.9041936285852996
            },
            {
                "x": 0.0,
                "y": 0.5081967213114754,
                "p": 0.6826481372513261
            },
            {
                "x": 0.045871559633027525,
                "y": 0.5409836065573771,
                "p": 0.6444578736848984
            },
            {
                "x": 0.05504587155963303,
                "y": 0.6065573770491803,
                "p": 0.6094410605475977
            },
            {
                "x": 0.08256880733944955,
                "y": 0.7540983606557377,
                "p": 0.5959600900113787
            },
            {
                "x": 0.12844036697247707,
                "y": 0.7704918032786885,
                "p": 0.5600248742666617
            },
            {
                "x": 0.2018348623853211,
                "y": 0.7704918032786885,
                "p": 0.4901645901794124
            },
            {
                "x": 0.21100917431192662,
                "y": 0.819672131147541,
                "p": 0.4465563244419481
            },
            {
                "x": 0.3211009174311927,
                "y": 0.819672131147541,
                "p": 0.3137342967250876
            },
            {
                "x": 0.3486238532110092,
                "y": 0.8688524590163934,
                "p": 0.2839486889598547
            },
            {
                "x": 0.4036697247706422,
                "y": 0.8688524590163934,
                "p": 0.269965150399346
            },
            {
                "x": 0.45871559633027525,
                "y": 0.8852459016393442,
                "p": 0.2534301868120154
            },
            {
                "x": 0.6422018348623854,
                "y": 0.9016393442622951,
                "p": 0.24541793579888782
            },
            {
                "x": 0.7064220183486238,
                "y": 0.9016393442622951,
                "p": 0.23757838417165575
            },
            {
                "x": 0.7247706422018348,
                "y": 0.9344262295081968,
                "p": 0.22991295515382307
            },
            {
                "x": 0.7706422018348624,
                "y": 0.9672131147540983,
                "p": 0.21874348714528194
            },
            {
                "x": 0.8348623853211009,
                "y": 1.0,
                "p": 0.21151716867573156
            },
            {
                "x": 1.0,
                "y": 1.0,
                "p": 0.06696859729115753
            }
        ]
    ],
    "liftVizData": {
        "bins": [
            {
                "bin_pos_prop": 1.0,
                "bin_lift": 2.7868852459,
                "cum_lift": 0.2786885246,
                "cum_size": 0.1,
                "bin_min": 0.8006605954,
                "bin_max": 0.9041936286,
                "percentile_idx": 0
            },
            {
                "bin_pos_prop": 0.8823529412,
                "bin_lift": 2.4590163934,
                "cum_lift": 0.5245901639,
                "cum_size": 0.2,
                "bin_min": 0.6571715641,
                "bin_max": 0.8006605954,
                "percentile_idx": 1
            },
            {
                "bin_pos_prop": 0.5882352941,
                "bin_lift": 1.6393442623,
                "cum_lift": 0.6885245902,
                "cum_size": 0.3,
                "bin_min": 0.6020315818,
                "bin_max": 0.6571715641,
                "percentile_idx": 2
            },
            {
                "bin_pos_prop": 0.2941176471,
                "bin_lift": 0.8196721311,
                "cum_lift": 0.7704918033,
                "cum_size": 0.4,
                "bin_min": 0.4920769135,
                "bin_max": 0.6020315818,
                "percentile_idx": 3
            },
            {
                "bin_pos_prop": 0.1764705882,
                "bin_lift": 0.4918032787,
                "cum_lift": 0.8196721311,
                "cum_size": 0.5,
                "bin_min": 0.3126820063,
                "bin_max": 0.4920769135,
                "percentile_idx": 4
            },
            {
                "bin_pos_prop": 0.2352941176,
                "bin_lift": 0.6557377049,
                "cum_lift": 0.8852459016,
                "cum_size": 0.6,
                "bin_min": 0.2599682062,
                "bin_max": 0.3126820063,
                "percentile_idx": 5
            },
            {
                "bin_pos_prop": 0.0,
                "bin_lift": 0.0,
                "cum_lift": 0.8852459016,
                "cum_size": 0.6235294118,
                "bin_min": 0.2454179358,
                "bin_max": 0.2599682062,
                "percentile_idx": 6
            },
            {
                "bin_pos_prop": 0.1,
                "bin_lift": 0.2786885246,
                "cum_lift": 0.9344262295,
                "cum_size": 0.8,
                "bin_min": 0.2291595399,
                "bin_max": 0.2454179358,
                "percentile_idx": 7
            },
            {
                "bin_pos_prop": 0.2352941176,
                "bin_lift": 0.6557377049,
                "cum_lift": 1.0,
                "cum_size": 0.9,
                "bin_min": 0.2076198035,
                "bin_max": 0.2291595399,
                "percentile_idx": 8
            },
            {
                "bin_pos_prop": 0.0,
                "bin_lift": 0.0,
                "cum_lift": 1.0,
                "cum_size": 1.0,
                "bin_min": 0.0669685973,
                "bin_max": 0.2076198035,
                "percentile_idx": 9
            }
        ],
        "wizard": {
            "positives": 61,
            "total": 170
        }
    },
    "prVizData": [
        {
            "bins": [
                {
                    "x": 1.0,
                    "y": 0.3588235294117647,
                    "p": 0.06696859729115753
                },
                {
                    "x": 1.0,
                    "y": 0.41216216216216217,
                    "p": 0.2151083001192127
                },
                {
                    "x": 0.9508196721311475,
                    "y": 0.4142857142857143,
                    "p": 0.2224226977362915
                },
                {
                    "x": 0.9016393442622951,
                    "y": 0.41353383458646614,
                    "p": 0.23473547213226775
                },
                {
                    "x": 0.8852459016393442,
                    "y": 0.5094339622641509,
                    "p": 0.24940257779709676
                },
                {
                    "x": 0.8688524590163934,
                    "y": 0.5578947368421052,
                    "p": 0.27420351686808325
                },
                {
                    "x": 0.8360655737704918,
                    "y": 0.5730337078651685,
                    "p": 0.2985809819937022
                },
                {
                    "x": 0.819672131147541,
                    "y": 0.6024096385542169,
                    "p": 0.3343664695935012
                },
                {
                    "x": 0.819672131147541,
                    "y": 0.6578947368421053,
                    "p": 0.41432938842485334
                },
                {
                    "x": 0.8032786885245902,
                    "y": 0.6901408450704225,
                    "p": 0.46381813970093216
                },
                {
                    "x": 0.7704918032786885,
                    "y": 0.7014925373134329,
                    "p": 0.4998522326623917
                },
                {
                    "x": 0.7704918032786885,
                    "y": 0.7580645161290323,
                    "p": 0.5594321225125956
                },
                {
                    "x": 0.7540983606557377,
                    "y": 0.7931034482758621,
                    "p": 0.5804105654330567
                },
                {
                    "x": 0.7377049180327869,
                    "y": 0.8333333333333334,
                    "p": 0.5982900054793876
                },
                {
                    "x": 0.6885245901639344,
                    "y": 0.8235294117647058,
                    "p": 0.6043355326542686
                },
                {
                    "x": 0.639344262295082,
                    "y": 0.8125,
                    "p": 0.6062224202157315
                },
                {
                    "x": 0.6065573770491803,
                    "y": 0.8604651162790697,
                    "p": 0.6094410605475977
                },
                {
                    "x": 0.5737704918032787,
                    "y": 0.875,
                    "p": 0.639539355505701
                },
                {
                    "x": 0.5409836065573771,
                    "y": 0.8918918918918919,
                    "p": 0.6493460760613202
                },
                {
                    "x": 0.5409836065573771,
                    "y": 0.9428571428571428,
                    "p": 0.6563908329502885
                },
                {
                    "x": 0.5081967213114754,
                    "y": 1.0,
                    "p": 0.6826481372513261
                },
                {
                    "x": 0.4426229508196721,
                    "y": 1.0,
                    "p": 0.7218284023527329
                },
                {
                    "x": 0.3770491803278688,
                    "y": 1.0,
                    "p": 0.7490715170509759
                },
                {
                    "x": 0.3114754098360656,
                    "y": 1.0,
                    "p": 0.7981820519633949
                },
                {
                    "x": 0.2459016393442623,
                    "y": 1.0,
                    "p": 0.8098224333784884
                },
                {
                    "x": 0.18032786885245902,
                    "y": 1.0,
                    "p": 0.8310404413840137
                },
                {
                    "x": 0.11475409836065574,
                    "y": 1.0,
                    "p": 0.8532317947207717
                },
                {
                    "x": 0.04918032786885246,
                    "y": 1.0,
                    "p": 0.8911538967881175
                },
                {
                    "x": 0.01639344262295082,
                    "y": 1.0,
                    "p": 0.9041936285852996
                }
            ],
            "positiveRate": 0.3588235294117647
        }
    ],
    "densityData": {
        "false": {
            "actualIsThisClass": [
                5.878049708137769e-08,
                1.4335644919021508e-07,
                3.4056505042880315e-07,
                7.881281353578656e-07,
                1.7767405136387441e-06,
                3.902112431580792e-06,
                8.349188216657453e-06,
                1.7405228594762606e-05,
                3.535339000993478e-05,
                6.997227835710756e-05,
                0.0001349570908034462,
                0.0002536735156648556,
                0.0004647331989554567,
                0.0008299003263453255,
                0.0014447483098941325,
                0.0024522204640936894,
                0.0040587522728791035,
                0.006551860191786262,
                0.01031712987092155,
                0.015851472358923382,
                0.023768589459343337,
                0.0347921113444958,
                0.04973217672368691,
                0.0694425796941861,
                0.0947580781345336,
                0.12641482759581205,
                0.1649606315684121,
                0.21066498903239728,
                0.26344090092319794,
                0.32279036870582295,
                0.38778320210126005,
                0.45707444527053526,
                0.5289602843526878,
                0.6014669140127599,
                0.6724627152179471,
                0.7397820585912418,
                0.8013493004846672,
                0.8552936236118475,
                0.9000483673960048,
                0.93443136209328,
                0.9577047534550518,
                0.9696136131017311,
                0.9704025377180651,
                0.9608090652941075,
                0.9420327580466054,
                0.9156796825176937,
                0.8836838487659825,
                0.8482096775259552,
                0.8115422409674189,
                0.7759743187086615,
                0.7437007850691927,
                0.7167312376054104,
                0.6968310007387927,
                0.685498699757823,
                0.6839855226387983,
                0.6933570545592559,
                0.7145931380010835,
                0.7487145993862291,
                0.7969181549679303,
                0.8606931063124592,
                0.9418869824496384,
                1.0426842230221982,
                1.165464910107232,
                1.3125218106110945,
                1.485634741143135,
                1.685530404517906,
                1.9112892984611694,
                2.159792119658561,
                2.4253176328968844,
                2.699404058800776,
                2.9710615906117614,
                3.2273750658343756,
                3.454470006913431,
                3.638744850986392,
                3.7682128548985934,
                3.8337635053845487,
                3.8301547448981053,
                3.756585335538856,
                3.616763877343666,
                3.418473109567838,
                3.1727077580303016,
                2.8925253495291985,
                2.591781376260246,
                2.28391965007234,
                1.980959676442867,
                1.6927748231905493,
                1.426699740527256,
                1.1874539843746792,
                0.9773292119166165,
                0.7965637497830894,
                0.643820998625463,
                0.5166943422428701,
                0.4121766861079244,
                0.3270528072151807,
                0.2581932459793405,
                0.20274645136659644,
                0.15823945017425253,
                0.12260572780070662,
                0.09416247882584665,
                0.07155876345414557
            ],
            "actualIsNotThisClass": [
                0.41811640850949433,
                0.4840729741538797,
                0.5557290494291613,
                0.6327006559969455,
                0.7144377933755238,
                0.8002280658913586,
                0.8892081569280803,
                0.9803832619009196,
                1.0726540728452356,
                1.1648503668080439,
                1.2557697298143198,
                1.3442194927485167,
                1.429059607915878,
                1.509243992122598,
                1.5838578306187598,
                1.6521484897623195,
                1.7135480231103992,
                1.7676857582494336,
                1.814390087441334,
                1.8536793088289183,
                1.885742122209937,
                1.9109091154516287,
                1.9296172261782196,
                1.9423696756316193,
                1.949694204832409,
                1.9521025683227382,
                1.950054145068299,
                1.9439262141903901,
                1.9339929370144657,
                1.920414424122354,
                1.9032364973445606,
                1.8824009418057865,
                1.857765246749527,
                1.8291301199449148,
                1.7962724872677247,
                1.7589813039082256,
                1.7170933385896603,
                1.670526160423718,
                1.619305852192986,
                1.563587465901678,
                1.5036668797542323,
                1.4399834491974997,
                1.3731135985656986,
                1.3037562029385947,
                1.232711196832887,
                1.1608532652180508,
                1.0891026899373828,
                1.0183954303568825,
                0.9496543239438822,
                0.8837629351462096,
                0.8215431111792858,
                0.7637367834224352,
                0.7109920480552728,
                0.6638531290079183,
                0.6227535175180239,
                0.5880114250981041,
                0.5598266893634964,
                0.5382784229009074,
                0.523322963592422,
                0.514792025997057,
                0.5123913150449696,
                0.5157001917084043,
                0.5241732270795343,
                0.5371446089241959,
                0.5538363508121291,
                0.573371093092019,
                0.5947899894744616,
                0.6170757707778753,
                0.639180608946792,
                0.660057918250374,
                0.6786967779256131,
                0.6941572902352042,
                0.7056049412177332,
                0.7123419378311546,
                0.713833569501876,
                0.7097278828013132,
                0.6998673474349346,
                0.6842916978760077,
                0.6632317145041593,
                0.6370943108121456,
                0.6064398670450729,
                0.5719532467741226,
                0.5344103107274951,
                0.49464197301785245,
                0.45349791451078275,
                0.4118119776471964,
                0.37037103234969593,
                0.32988875180223687,
                0.2909853067875276,
                0.25417351934223675,
                0.21985155228788794,
                0.18830178822457427,
                0.1596951999650849,
                0.1341002546456385,
                0.11149523578015673,
                0.09178281089472741,
                0.07480570765968934,
                0.06036247233887079,
                0.04822245032086175,
                0.03813932727580731
            ],
            "actualIsThisClassMedian": 0.7545820642011122,
            "actualIsNotThisClassMedian": 0.3173518627486739
        },
        "true": {
            "actualIsThisClass": [
                0.03813932727580726,
                0.04822245032086177,
                0.06036247233887084,
                0.07480570765968934,
                0.09178281089472749,
                0.11149523578015694,
                0.13410025464563854,
                0.1596951999650852,
                0.18830178822457436,
                0.21985155228788822,
                0.2541735193422371,
                0.2909853067875276,
                0.3298887518022372,
                0.37037103234969626,
                0.41181197764719674,
                0.45349791451078275,
                0.4946419730178529,
                0.5344103107274959,
                0.5719532467741224,
                0.6064398670450724,
                0.637094310812146,
                0.6632317145041584,
                0.6842916978760072,
                0.699867347434934,
                0.7097278828013132,
                0.7138335695018754,
                0.7123419378311543,
                0.7056049412177332,
                0.6941572902352049,
                0.6786967779256129,
                0.6600579182503747,
                0.6391806089467905,
                0.6170757707778756,
                0.5947899894744616,
                0.5733710930920193,
                0.5538363508121293,
                0.5371446089241961,
                0.5241732270795353,
                0.5157001917084043,
                0.5123913150449698,
                0.514792025997057,
                0.5233229635924229,
                0.5382784229009074,
                0.5598266893634972,
                0.5880114250981049,
                0.6227535175180247,
                0.6638531290079183,
                0.7109920480552735,
                0.7637367834224369,
                0.8215431111792866,
                0.8837629351462092,
                0.949654323943883,
                1.0183954303568843,
                1.0891026899373828,
                1.1608532652180508,
                1.232711196832887,
                1.3037562029385947,
                1.3731135985656986,
                1.439983449197502,
                1.5036668797542323,
                1.5635874659016793,
                1.6193058521929875,
                1.6705261604237196,
                1.7170933385896603,
                1.7589813039082287,
                1.7962724872677294,
                1.8291301199449148,
                1.857765246749527,
                1.8824009418057899,
                1.9032364973445606,
                1.920414424122359,
                1.9339929370144693,
                1.9439262141903886,
                1.950054145068299,
                1.9521025683227415,
                1.9496942048324055,
                1.9423696756316193,
                1.9296172261782163,
                1.9109091154516287,
                1.885742122209937,
                1.85367930882892,
                1.8143900874413355,
                1.767685758249432,
                1.7135480231103992,
                1.6521484897623209,
                1.5838578306187627,
                1.509243992122598,
                1.4290596079158793,
                1.3442194927485167,
                1.255769729814321,
                1.1648503668080428,
                1.0726540728452376,
                0.9803832619009196,
                0.8892081569280811,
                0.8002280658913591,
                0.7144377933755244,
                0.6327006559969455,
                0.5557290494291608,
                0.48407297415387923,
                0.4181164085094947
            ],
            "actualIsNotThisClass": [
                0.07155876345414547,
                0.09416247882584657,
                0.12260572780070668,
                0.1582394501742524,
                0.20274645136659672,
                0.25819324597934096,
                0.32705280721518054,
                0.4121766861079248,
                0.5166943422428693,
                0.643820998625463,
                0.7965637497830907,
                0.9773292119166165,
                1.1874539843746814,
                1.426699740527257,
                1.692774823190554,
                1.9809596764428685,
                2.28391965007234,
                2.5917813762602484,
                2.8925253495291985,
                3.1727077580303016,
                3.418473109567838,
                3.6167638773436726,
                3.7565853355388494,
                3.8301547448980986,
                3.8337635053845487,
                3.7682128548986,
                3.638744850986392,
                3.454470006913431,
                3.2273750658343756,
                2.971061590611756,
                2.699404058800776,
                2.4253176328968844,
                2.1597921196585594,
                1.9112892984611678,
                1.685530404517903,
                1.485634741143135,
                1.312521810611091,
                1.165464910107232,
                1.0426842230221955,
                0.9418869824496375,
                0.86069310631246,
                0.796918154967929,
                0.7487145993862284,
                0.7145931380010829,
                0.6933570545592553,
                0.6839855226387983,
                0.685498699757823,
                0.6968310007387933,
                0.7167312376054097,
                0.7437007850691927,
                0.7759743187086615,
                0.8115422409674211,
                0.8482096775259537,
                0.8836838487659817,
                0.9156796825176928,
                0.9420327580466037,
                0.9608090652941066,
                0.9704025377180642,
                0.9696136131017311,
                0.95770475345505,
                0.93443136209328,
                0.9000483673960031,
                0.8552936236118452,
                0.8013493004846645,
                0.7397820585912418,
                0.6724627152179471,
                0.6014669140127582,
                0.5289602843526878,
                0.45707444527053487,
                0.3877832021012599,
                0.3227903687058227,
                0.2634409009231973,
                0.210664989032397,
                0.16496063156841165,
                0.12641482759581193,
                0.09475807813453327,
                0.06944257969418591,
                0.04973217672368686,
                0.03479211134449569,
                0.023768589459343275,
                0.015851472358923313,
                0.010317129870921512,
                0.006551860191786221,
                0.004058752272879082,
                0.002452220464093683,
                0.0014447483098941223,
                0.000829900326345321,
                0.0004647331989554534,
                0.00025367351566485516,
                0.00013495709080344476,
                6.997227835710694e-05,
                3.535339000993453e-05,
                1.740522859476242e-05,
                8.34918821665741e-06,
                3.9021124315807505e-06,
                1.7767405136387282e-06,
                7.8812813535786e-07,
                3.4056505042879833e-07,
                1.433564491902138e-07,
                5.8780497081377477e-08
            ],
            "actualIsThisClassMedian": 0.6826481372513261,
            "actualIsNotThisClassMedian": 0.24541793579888782
        }
    },
    "calibrationData": [
        {
            "y": 0,
            "x": 0,
            "n": 0
        },
        {
            "y": 0.0,
            "x": 0.06696859729115753,
            "n": 1.0
        },
        {
            "y": 0.0,
            "x": 0.17098594930559355,
            "n": 15.0
        },
        {
            "y": 0.15151515151515152,
            "x": 0.2427347130865516,
            "n": 66.0
        },
        {
            "y": 0.08333333333333333,
            "x": 0.34131594967539086,
            "n": 12.0
        },
        {
            "y": 0.3,
            "x": 0.4599833520286144,
            "n": 10.0
        },
        {
            "y": 0.2857142857142857,
            "x": 0.5686541624723083,
            "n": 14.0
        },
        {
            "y": 0.64,
            "x": 0.6378027224254786,
            "n": 25.0
        },
        {
            "y": 1.0,
            "x": 0.7543715205899564,
            "n": 9.0
        },
        {
            "y": 1.0,
            "x": 0.8392634616694645,
            "n": 16.0
        },
        {
            "y": 1.0,
            "x": 0.9037724837885412,
            "n": 2.0
        },
        {
            "y": 1,
            "x": 1,
            "n": 0
        }
    ],
    "probaDistribData": {
        "bins": [
            0.0,
            0.1,
            0.2,
            0.3,
            0.4,
            0.5,
            0.6,
            0.7,
            0.8,
            0.9,
            1.0
        ],
        "probaDistribs": [
            [
                1.0,
                15.0,
                56.0,
                11.0,
                7.0,
                10.0,
                9.0,
                0.0,
                0.0,
                0.0
            ],
            [
                0.0,
                0.0,
                10.0,
                1.0,
                3.0,
                4.0,
                16.0,
                9.0,
                16.0,
                2.0
            ]
        ]
    },
    "globalMetrics": {
        "testWeight": 170,
        "targetAvg": [
            0.3588235294117647
        ],
        "targetStd": [
            0.48107230266336887
        ],
        "predictionAvg": [
            0.3411764705882353
        ],
        "predictionStd": [
            0.4741045101084679
        ]
    }
}