{
    "predictedClassCountPerCut": [
        {
            "true": 170
        },
        {
            "true": 170
        },
        {
            "true": 170
        },
        {
            "true": 169,
            "false": 1
        },
        {
            "true": 169,
            "false": 1
        },
        {
            "true": 168,
            "false": 2
        },
        {
            "true": 166,
            "false": 4
        },
        {
            "true": 164,
            "false": 6
        },
        {
            "true": 154,
            "false": 16
        },
        {
            "true": 139,
            "false": 31
        },
        {
            "true": 104,
            "false": 66
        },
        {
            "true": 94,
            "false": 76
        },
        {
            "true": 88,
            "false": 82
        },
        {
            "false": 86,
            "true": 84
        },
        {
            "false": 88,
            "true": 82
        },
        {
            "false": 93,
            "true": 77
        },
        {
            "false": 94,
            "true": 76
        },
        {
            "false": 97,
            "true": 73
        },
        {
            "false": 98,
            "true": 72
        },
        {
            "false": 100,
            "true": 70
        },
        {
            "false": 104,
            "true": 66
        },
        {
            "false": 104,
            "true": 66
        },
        {
            "false": 107,
            "true": 63
        },
        {
            "false": 112,
            "true": 58
        },
        {
            "false": 118,
            "true": 52
        },
        {
            "false": 129,
            "true": 41
        },
        {
            "false": 135,
            "true": 35
        },
        {
            "false": 139,
            "true": 31
        },
        {
            "false": 143,
            "true": 27
        },
        {
            "false": 145,
            "true": 25
        },
        {
            "false": 148,
            "true": 22
        },
        {
            "false": 149,
            "true": 21
        },
        {
            "false": 152,
            "true": 18
        },
        {
            "false": 157,
            "true": 13
        },
        {
            "false": 163,
            "true": 7
        },
        {
            "false": 165,
            "true": 5
        },
        {
            "false": 168,
            "true": 2
        },
        {
            "false": 170
        },
        {
            "false": 170
        },
        {
            "false": 170
        }
    ],
    "cuts": [
        0.0,
        0.025,
        0.05,
        0.075,
        0.1,
        0.125,
        0.15,
        0.175,
        0.2,
        0.225,
        0.25,
        0.275,
        0.3,
        0.325,
        0.35,
        0.375,
        0.4,
        0.425,
        0.45,
        0.475,
        0.5,
        0.525,
        0.55,
        0.575,
        0.6,
        0.625,
        0.65,
        0.675,
        0.7,
        0.725,
        0.75,
        0.775,
        0.8,
        0.825,
        0.85,
        0.875,
        0.9,
        0.925,
        0.95,
        0.975
    ],
    "predictedClassCount": {
        "false": 112,
        "true": 58
    },
    "probabilityDensities": {
        "false": {
            "density": [
                0.1260192446062075,
                0.15023890745627314,
                0.17723103745339921,
                0.20690551431662674,
                0.23908264182397804,
                0.2734911460743141,
                0.30977145410426266,
                0.34748474277428437,
                0.3861278481928487,
                0.4251536638244032,
                0.46399616693462264,
                0.5020987413395639,
                0.5389440559046149,
                0.5740834577814026,
                0.6071636854678866,
                0.6379487268646953,
                0.6663348541919332,
                0.6923572563644175,
                0.7161872379149071,
                0.7381196231993334,
                0.7585507437449527,
                0.7779481352028276,
                0.7968137657196148,
                0.8156432000427853,
                0.834883522164949,
                0.854893055402643,
                0.8759059097841841,
                0.8980041469320265,
                0.9210998939984555,
                0.9449290887354589,
                0.9690577401733156,
                0.9929006986809674,
                1.01575200982677,
                1.0368250487138475,
                1.0552998669660774,
                1.0703746008997088,
                1.0813174440006954,
                1.0875156201907996,
                1.0885180241090147,
                1.084068710773044,
                1.0741291798936983,
                1.0588883419520763,
                1.0387600831762707,
                1.0143693601142891,
                0.9865286447376761,
                0.9562072118123446,
                0.9244961385655187,
                0.892571932230772,
                0.8616614122787996,
                0.8330098890172742,
                0.8078538722676074,
                0.7873986136726354,
                0.7727998502980237,
                0.7651482948461084,
                0.7654548182267541,
                0.7746339809796164,
                0.793483647587187,
                0.822658880726484,
                0.8626391380676501,
                0.9136889171507083,
                0.9758133092852459,
                1.048711292959718,
                1.1317308591861233,
                1.2238310446192437,
                1.3235564909098287,
                1.4290301173283,
                1.5379688047859568,
                1.6477256276560526,
                1.7553602004947535,
                1.857736279042161,
                1.951643093750663,
                2.0339342800964237,
                2.101676008013723,
                2.1522942936877665,
                2.1837107365503208,
                2.194456207345907,
                2.1837533472486585,
                2.151561023509338,
                2.0985769046920377,
                2.026197754769686,
                1.936440532374047,
                1.831830545263705,
                1.715265419234116,
                1.5898652489332457,
                1.4588198733040638,
                1.3252437549668405,
                1.1920475553705185,
                1.0618333984744464,
                0.9368182812308166,
                0.8187874189691076,
                0.7090767917533495,
                0.6085820185431046,
                0.5177890922111121,
                0.4368215404560266,
                0.3654982352381247,
                0.3033962881249847,
                0.24991412335024077,
                0.2043307702548159,
                0.16585851310237318,
                0.13368714373555465
            ],
            "median": 0.6873179936606375
        },
        "true": {
            "density": [
                0.13368714373555488,
                0.16585851310237326,
                0.20433077025481572,
                0.24991412335024032,
                0.3033962881249848,
                0.36549823523812536,
                0.436821540456027,
                0.5177890922111121,
                0.6085820185431051,
                0.7090767917533495,
                0.818787418969109,
                0.9368182812308175,
                1.0618333984744464,
                1.1920475553705185,
                1.3252437549668428,
                1.4588198733040625,
                1.5898652489332525,
                1.7152654192341175,
                1.8318305452636985,
                1.936440532374047,
                2.02619775476967,
                2.0985769046920506,
                2.1515610235093416,
                2.1837533472486625,
                2.194456207345907,
                2.1837107365503208,
                2.15229429368778,
                2.101676008013712,
                2.033934280096422,
                1.9516430937506821,
                1.8577362790421577,
                1.7553602004947504,
                1.6477256276560583,
                1.537968804785954,
                1.4290301173282987,
                1.3235564909098276,
                1.2238310446192449,
                1.1317308591861233,
                1.048711292959717,
                0.9758133092852477,
                0.9136889171507067,
                0.8626391380676501,
                0.8226588807264825,
                0.7934836475871863,
                0.7746339809796178,
                0.7654548182267528,
                0.7651482948461077,
                0.772799850298023,
                0.7873986136726369,
                0.8078538722676089,
                0.8330098890172742,
                0.8616614122787996,
                0.8925719322307697,
                0.9244961385655187,
                0.9562072118123429,
                0.9865286447376779,
                1.0143693601142874,
                1.0387600831762698,
                1.0588883419520783,
                1.074129179893702,
                1.0840687107730402,
                1.0885180241090127,
                1.0875156201908014,
                1.0813174440006916,
                1.0703746008997097,
                1.0552998669660754,
                1.0368250487138446,
                1.015752009826771,
                0.9929006986809683,
                0.9690577401733207,
                0.9449290887354572,
                0.9210998939984546,
                0.8980041469320265,
                0.8759059097841873,
                0.8548930554026454,
                0.8348835221649468,
                0.815643200042786,
                0.7968137657196119,
                0.777948135202829,
                0.7585507437449533,
                0.7381196231993321,
                0.7161872379149077,
                0.6923572563644175,
                0.6663348541919326,
                0.6379487268646971,
                0.6071636854678866,
                0.5740834577814031,
                0.5389440559046139,
                0.5020987413395648,
                0.4639961669346235,
                0.4251536638244032,
                0.3861278481928487,
                0.3474847427742835,
                0.30977145410426254,
                0.27349114607431385,
                0.23908264182397826,
                0.20690551431662674,
                0.177231037453399,
                0.15023890745627294,
                0.12601924460620756
            ],
            "median": 0.3126820063393625
        }
    }
}