{
    "per_feature": {
        "Shopping_Interest": {
            "stats": {}
        },
        "Marital_Status": {
            "stats": {
                "mostFrequentValue": "Married",
                "leastFrequentValue": "Divorced"
            },
            "category_possible_values": [
                "Married",
                "Single",
                "Divorced"
            ],
            "category_possible_counts": [
                958,
                755,
                205
            ]
        },
        "Income": {
            "stats": {
                "min": 20000.0,
                "average": 59982.81604182706,
                "median": 60014.5,
                "max": 101489.0,
                "p99": 92807.41,
                "std": 14646.554948655637
            },
            "missing_impute_with_value": 59982.81604182706
        },
        "Emirate": {
            "stats": {
                "mostFrequentValue": "Dubai",
                "leastFrequentValue": "Ras Al Khaimah"
            },
            "category_possible_values": [
                "Dubai",
                "Sharjah",
                "Abu Dhabi",
                "Ajman",
                "Fujairah",
                "Umm Al Quwain",
                "Ras Al Khaimah"
            ],
            "category_possible_counts": [
                844,
                508,
                255,
                128,
                62,
                61,
                60
            ]
        },
        "Visits_to_Branch": {
            "stats": {
                "min": 0.0,
                "average": 3.0213764337851927,
                "median": 3.0,
                "max": 11.0,
                "p99": 8.0,
                "std": 1.7255820978827805
            },
            "missing_impute_with_value": 3.0213764337851927
        },
        "Avg_Online_Spending_AED": {
            "stats": {
                "min": 50.0,
                "average": 899.2476173096976,
                "median": 896.51,
                "max": 2186.15,
                "p99": 1842.6231999999982,
                "std": 385.1915356059337
            },
            "missing_impute_with_value": 899.2476173096976
        },
        "Job_Type": {
            "stats": {
                "mostFrequentValue": "Sales",
                "leastFrequentValue": "IT"
            },
            "category_possible_values": [
                "Sales",
                "Healthcare",
                "Manager",
                "Engineer",
                "Clerk",
                "IT"
            ],
            "category_possible_counts": [
                340,
                330,
                327,
                321,
                313,
                287
            ]
        },
        "Customer_ID": {
            "stats": {}
        },
        "Has_Loan": {
            "stats": {
                "mostFrequentValue": "false",
                "leastFrequentValue": "true"
            },
            "category_possible_values": [
                "false",
                "true"
            ],
            "category_possible_counts": [
                1339,
                579
            ]
        },
        "Credit_Score": {
            "stats": {
                "min": 511.0,
                "average": 680.8435870698645,
                "median": 682.0,
                "max": 850.0,
                "p99": 801.0,
                "std": 50.745907663177185
            },
            "missing_impute_with_value": 680.8435870698645
        },
        "Total_Years_in_UAE": {
            "stats": {
                "min": 0.0,
                "average": 7.412408759124087,
                "median": 5.0,
                "max": 40.0,
                "p99": 36.0,
                "std": 7.711368105274941
            },
            "missing_impute_with_value": 7.412408759124087
        },
        "Children": {
            "stats": {
                "min": 0.0,
                "average": 1.1261730969760166,
                "median": 1.0,
                "max": 4.0,
                "p99": 4.0,
                "std": 1.007397290679575
            },
            "missing_impute_with_value": 1.1261730969760166
        },
        "Age": {
            "stats": {
                "min": 18.0,
                "average": 43.723149113660064,
                "median": 43.0,
                "max": 69.0,
                "p99": 69.0,
                "std": 14.886494426721985
            },
            "missing_impute_with_value": 43.723149113660064
        },
        "Signed_Up_CC": {
            "stats": {}
        }
    },
    "feature_order": [
        "Shopping_Interest",
        "Marital_Status",
        "Income",
        "Emirate",
        "Visits_to_Branch",
        "Avg_Online_Spending_AED",
        "Job_Type",
        "Customer_ID",
        "Has_Loan",
        "Credit_Score",
        "Total_Years_in_UAE",
        "Children",
        "Age",
        "Signed_Up_CC"
    ]
}